0.011338411823486272	0.9999999999999901	2.24640540906762e-05	0.7472097129935149	0.999999999560013	0.9999245788234417	0.9973400192357034	0.995648123571908	0.988525966548542	0.0019556706418656367	0.9858603352298418	0.999863269876766	0.9999997044263914	0.9943644743456186	0.9999988404105334	1.0	0.8992326820933956	0.9999999999987577	0.9997101247070063
0.014560952507469693	0.9999999995704049	0.7397147838083185	0.9994819031579983	0.9999998882345724	0.9922855055688533	0.9971991934713923	0.9935140257140698	0.9911176896930717	0.9999959929337674	0.8952047441146422	0.9998416019642953	0.9999765212255037	0.9981084748728357	0.9999999896101753	0.9999999999976693	0.8088946308232173	0.9999999999767769	0.9942000626317827
0.002340003201878882	0.9999999999997476	0.0016465948547894627	0.9495535008900052	0.9999974136002149	0.9980735356753828	0.8992326820933956	0.9831280882874952	0.9999999999911269	0.9866428217793064	0.8897893521574998	0.9941345902460088	0.997676774813727	0.9938779240728931	0.9999999999997355	0.9999997567616408	0.926110802852685	0.9999999999999928	0.9877212404060952
0.04465810605409448	0.9999999998612683	0.0010807556467329338	0.9993459806899674	0.9999999995164601	0.9999958850616155	0.9980075344068297	0.9964806845480025	0.9962856824680022	0.002459448020627697	0.7742816361132256	0.9992057788415973	0.9999800046438846	0.9993091312430019	0.999999998008921	0.999999999965809	0.5553423678273215	0.9999999999996954	0.9979743109464861
0.06884474704607801	0.9999999999281282	0.0896354688147788	0.9998887804671369	0.9999999968628291	0.99873563027568	0.9771737289140068	0.9987009869814681	0.9884815552852194	0.9920723661497941	0.9693628481114668	0.9999999980339386	0.9997758956107743	0.9999999871576023	0.9999999975767425	0.9999999997702439	0.885808219464243	0.9999999999808058	0.9995724398371213
0.006893289124816793	0.9999999838895566	0.005695107656092713	0.9866260721889781	0.9999988404105334	0.9940518872933171	0.9885874651333517	0.9849483054513757	0.9663719053474628	0.008670609349043623	0.9143162456746632	0.9963647512582487	0.9999496306629798	0.9959544487122515	0.999999999161829	0.9999999966973327	0.5436352823693864	0.9999999301926719	0.9886175817635845
0.035983816682682704	0.9999998244495588	0.1069624826017038	0.9687998108050873	0.9999774224960009	0.9882390868708713	0.984262894745825	0.9861253965200023	0.9784805053024384	0.06968315639162304	0.9243886212217204	0.9833791460727096	0.999662996866029	0.9812338833689309	0.9999385191587883	0.9999877071139068	0.6974554588159767	0.9999888149438424	0.9614553659304976
0.0908144451284183	0.9999999607586665	0.004961748809950678	0.9736092741993831	0.9999597378059653	0.9863106926126027	0.9898837008499273	0.991949804963614	0.9830325828502832	0.021060942205459066	0.937452521684911	0.9899259795308564	0.9998091678588331	0.9944867271900387	0.9999898060652768	0.9999888619059866	0.05279018092462984	0.9999983843915169	0.9862085677403483
0.9876507975934046	0.9999999995835199	0.007879893323779696	0.9956779797668441	0.9999888149438424	0.9945622194117726	0.9931002043888735	0.9534017451123932	0.9724306201180257	0.9863087325755885	0.8547355088721819	0.9949700812366978	0.9959754071270898	0.9857761938859753	0.9999760754287799	0.9999999864562089	0.8560663141554402	0.9999999938523717	0.9898325306678529
2.7004236458072484e-05	0.9999999999999998	0.00044665277553068705	0.9993234818045346	0.9999999999951689	0.9994356936719905	0.9998738960692708	0.9999945738487229	0.9992197407556533	0.891476877795953	0.9438975851650746	0.9994860744626787	0.9999374562032752	0.9990962215914513	0.9999999994707377	0.9999999999999865	0.9062907573204384	1.0	0.8458709508469375
0.04141373606062071	0.9999999999999802	7.058932951831132e-05	0.9960501189786338	0.9999995385338417	0.9911026232160242	0.9999987661966059	0.9960961980535055	0.9884129368203582	0.9889657015907632	0.9427592833637662	0.9980426959612767	0.9998462770338057	0.8958808387742846	0.9999841477986755	0.9999999985205584	0.8776306345116824	0.9999999999291416	0.9960026247525937
5.91629778352587e-05	0.9999999999921375	0.0013671406590208685	0.9998603351298188	0.9999999999470666	0.9989482255314701	0.9988165216181277	0.9997448854208875	0.9944504473153503	0.0459422462928174	0.9886534037940128	0.9996868070110082	0.9999766913888112	0.9980198843875477	0.9999999990537282	0.9999999999999997	0.674308787695709	0.9999999999747607	0.9997555162115734
0.25100766100564637	0.9999995862392864	0.0036719955172348495	0.986913943151639	0.9999205914803676	0.9909381564460835	0.9812799818658802	0.9947512120210826	0.9649525741536288	0.6088053374550743	0.9205529313669967	0.9915954422888372	0.9974743977797214	0.9604222230262218	0.999814451513534	0.9999999849327509	0.8741755593898612	0.9999999998952731	0.991249858382298
0.14773347897093728	0.9999999999999998	0.0034990227572070792	0.9877541330796328	0.9999999926867517	0.9985458176618649	0.8797873456021842	0.9997554648712448	0.9962845285113838	0.9920439092458467	0.9437363011549865	0.9992780243967204	0.9999990153998127	0.9982285339342857	0.9999999999718259	0.9999999999999976	0.9966254956018255	0.999997669995924	0.9994497923463584
0.03005529372129319	0.9999999999657975	0.03680641278778332	0.9807262783217804	0.9999998763950049	0.08171065907009445	0.6009011869011402	0.048852985416336314	0.9896466998702587	0.016671420266649806	0.9325378479349766	0.9990188939011141	0.9999955678429266	0.9941892480156154	0.9999974684493045	0.9999999999995947	0.5630534766413594	0.9999999999999923	0.9853229917619183
0.006509420571185198	1.0	0.01149653823413671	0.999932246173194	0.9999995436401096	0.9972477507505557	0.9975083727560012	0.997227041632411	0.9956312268955261	0.9897564417812027	0.9717504382204587	0.9998796354002916	0.9999972952945166	0.9991685723665453	0.9999999969436101	0.9999999999999735	0.8962192009772457	1.0	0.9990210333096792
0.0751766797514305	1.0	0.01428590083296015	0.9796554016592873	0.999891391476687	0.9498324026306629	0.9916101221962668	0.9786288370756765	0.991156222975641	0.9550065866935074	0.8545497989638465	0.9579520360214869	0.9985077873038097	0.9896174193319899	0.9999643745781355	0.9999998528162165	0.7803247375492595	0.9999997165752522	0.9683739974419172
0.26425345635428565	1.0	0.004619984686474246	0.9999204237955347	0.9999999994096788	0.9974706733779702	0.971832253842571	0.9434611222811882	0.997262272888708	0.9772254850031569	0.9790298011132778	0.9988288948446189	0.9999986992079074	0.9992489718020289	0.9999999998203349	0.9999999999999962	0.8840838077177079	0.9999999999999992	0.9666821956363246
0.9462879231230006	0.9999999997752372	0.0901092477148589	0.9982910935006383	0.9999993183244086	0.9968317299930753	0.9822412880505188	0.9793360014328225	0.8492225278459853	0.9999635045431845	0.9710871588668492	0.9975579663680469	0.9999442710707022	0.9981325032801328	0.9999949295408636	0.9999999679058958	0.8924984962781621	0.9999999975720197	0.9967718362798614
0.0007652705110735569	0.9999999999996322	0.11043932116501556	0.9382799240811438	0.9999999999881661	0.9984085023057184	0.9982014811780255	0.9997400083211618	0.9970341107324677	0.9874828203187209	0.9655648733610465	0.9990795725638641	0.9999939235765555	0.9984646398380611	0.9999999995622839	0.9999999999981624	0.8421564150213647	0.9999999999996653	0.8750377954370806
0.26614124691907814	0.9999999999718259	0.0016465948547894627	0.99809975261635	0.9999989871386469	0.9712435869765448	0.0009095118061700491	0.06305460504975546	0.9910054719281072	0.9904289230842257	0.9331205766825471	0.9722215724204075	0.9995873861935767	0.9621819278317117	0.9999908726348868	0.999999999314132	0.8519979121604457	0.9999999931757965	0.9864436721007968
0.03320181932589539	0.9999999999933677	0.11161843464132576	0.9985700874709	0.9999962140461007	0.9523757457830515	0.9955483975315812	0.9956356879607162	0.9961617830119626	0.9780814090200103	0.9307546958952027	0.9967305848357607	0.9998185491940843	0.9957653200405846	0.9999982340226815	0.9999999999881661	0.9875175311690025	0.9999999997199064	0.9991277029623562
0.08269869662278295	0.9999999999982542	0.0029204680200861644	0.9993338827436075	0.9999950906330125	0.9941987581213776	0.9807316299508686	0.9867154899916106	0.9954699197013346	0.0005736495071587688	0.886094711898122	0.9994214327969371	0.999742047313315	0.9983441835367804	0.9999999989221143	0.9999999993479353	0.5699432547368704	0.9999999999942332	0.9786399349451248
0.028359276203330563	0.9999999978599394	0.0004135154016541298	0.9962073562993161	0.9999999938523717	0.9926663199084683	0.9984494150802491	0.9923826516467155	0.992530459017334	0.9892666974244717	0.986457855462821	0.9997591486674029	0.9990874118887527	0.9975498089926774	0.9999999997199064	1.0	0.919948388198467	0.999999999998073	0.9807381196175993
0.005975861650197811	0.9999999999998673	0.005078916006506451	0.9989100859641894	0.9999999427949074	0.9992650701520613	0.999055435696789	0.9967298662561918	0.9976256885750265	0.49509060758279344	0.962918474034866	0.9973799112460572	0.9999985928796306	0.9963759707482515	0.9999999982981375	0.9999999999999354	0.09326361213547796	0.9999999999416831	0.9993542137936474
0.022782804436725757	0.9999999999999859	0.00048242467346171214	0.9995079430113711	0.9999999976815139	0.9995599996345117	0.9952266528282283	0.9952753856018123	0.9845522572301996	0.2582531602492291	0.9274027219439613	0.9999639571445469	0.999976450753371	0.9960850496654944	0.9999999780602146	0.9999999999999721	0.7921483837994361	0.999999916447062	0.994302597646014
0.024173333406541153	1.0	8.106808557784007e-10	0.9997732543388564	0.999999992809372	0.998631897052943	0.9986019708287364	0.9863948807468532	0.9990628294978814	0.9756800747439099	0.9485330169728677	0.7309937497712772	0.9999978604872006	0.999093156663547	0.9999999999999085	1.0	0.7753743031571118	1.0	0.9738792444652287
0.13946072200130033	0.9999999998112699	0.004074436083694732	0.9873427298142842	0.9999999832323504	0.9948850033958174	0.9744537173901954	0.9977446150794401	0.9919600660727645	0.2689819289660925	0.8668297726972668	0.9978377206463095	0.999869515102604	0.9956529014134989	0.9999999857153588	0.9999999968628291	0.028359276203330563	0.9999998763950049	0.9542883598973654
0.999376651892743	1.0	3.2879686522324647e-06	0.9999995935679244	0.9999999999999982	0.9999428303921793	0.9997549046219072	0.9999198755711893	0.9999348234954891	0.9525572535874595	0.9582070264411241	0.9999968559955849	0.9999999990588258	0.9999414365170619	0.9999999999998858	0.9999999999999987	0.8699049908294296	1.0	0.9999930000375703
0.0005847881221539009	1.0	0.00042156356660560945	0.9998479612604583	0.9999999988042605	0.9955983094306523	0.999794256778314	0.9999069098001645	0.9999999995843022	0.9983795934347273	0.9903330222325258	0.999913066746765	0.999998869586552	0.9997860245182925	0.9999999990506436	0.9999999999996482	0.8746146276549303	0.9999996197830535	0.999767142050482
0.00374272978161172	0.9999999999999998	0.00030365517991182145	0.9985216268163843	0.9999984715115069	0.9661741860976643	0.9997587764332639	0.9963681475782781	0.9980834532310038	0.0062655101680149095	0.9744140591487432	0.9997859705982747	0.9998419357444522	0.9841370375475099	0.9999999999970433	0.9999999987804303	0.9781917981247108	0.999999999770135	0.9976299075330303
0.019036002180787825	0.9999954494262804	0.002748698903212679	0.9346610679831769	0.9999999261378804	0.9503925949089048	0.9955275518376779	0.7219661078210844	0.9982770570501063	0.9965799133584629	0.7907885033986296	0.9954360046483395	0.9999990462371715	0.998604269405051	0.9999999989975588	0.9999999999875837	0.7881706948908395	0.9999999890578429	0.9969186187224981
0.27037962221282297	0.9999999986808905	0.03632932285393353	0.9846573925136024	0.9999999947410608	0.9700126056801712	0.9999983625368556	0.9986779686460007	0.9974011465182351	0.9669399983726467	0.9557651665160071	0.9996061975176669	0.999891698732848	0.9900843518237021	0.9999824453029225	0.9999999998726081	0.7790762681486494	0.9999999472555626	0.9639543459915513
0.0010203809876495606	0.9999999999999855	0.0035345092765538544	0.7695560802571486	0.9999999995879614	0.9984106066922526	0.9988645934367748	0.9998900230320791	0.9976140005216344	0.0012840387100068185	0.9834743448724285	0.9987933474648711	0.9998482224591541	0.9904818870985626	0.9999999988042605	0.9999999999999323	0.9069848459222052	0.999999999791727	0.9997965405513262
0.07231603560739419	0.9999999999493325	0.0007952192058522378	0.9977641369334811	0.9999934487250477	0.9608558548608888	0.988492737245953	0.952596205301897	0.9907412286680967	0.6184803855496599	0.9546440080975878	0.9887798542595837	0.9997744786694934	0.9818561238196897	0.9999989164953109	0.9999999999962477	0.9589340511976949	0.9999999999834293	0.9975150549326943
0.02425386733897983	1.0	2.202147753371797e-05	0.9999173286415547	0.9999999999998	0.9997463595727735	0.9999999999929025	0.9999999999999958	0.9995701385322998	0.9953890366573737	0.9703537286336475	0.9999599082235001	0.9999931344639247	0.9998259471784469	0.9999999997064687	0.9999999999999989	0.8649141458818043	0.9999999999999969	0.999937295832416
0.3744993686773145	0.9999999999988105	0.001060246023307676	0.999999999998868	0.9999999999989094	0.9514339064721465	0.9987811281379984	0.9878698512746028	0.9916499321100607	0.9923326424131447	0.9674830535969238	0.9992570827590811	0.9999703064451276	0.9965548859828315	0.9999988887910525	0.9999999997651524	0.8606566216965299	0.9999999999555641	0.9986545033602741
0.004705685341455101	0.9999999351146369	0.0019556706418656367	0.9982029706407165	0.9999999072887844	0.9932494284905773	0.9955968477662042	0.9965458136154018	0.9894480985151789	0.010105903170244401	0.9205468050261949	0.9985270005150642	0.9999965012066041	0.9962271908353734	0.9999614929118998	0.9999999985403623	0.04334111758510173	0.9999999679058958	0.9781318618014403
0.010073267365209637	0.9999999998969294	0.0028110845366754456	0.028937640008218746	0.9999999970198741	0.9948394466259588	0.9962271911999019	0.993748845347886	0.9973795499173673	0.05902244016244684	0.9809066759666077	0.9887519603582615	0.04765783023956227	0.9972249902655254	0.9999999996411746	0.9999999979168007	0.9882160322630565	0.9999998137551327	0.9986678991703556
0.9945473807497963	1.0	0.00010038279738755485	0.9997151779267407	0.9999999948569622	0.996823941470823	0.9991819741109974	0.9977869246161511	0.9996971463431592	0.989082686272536	0.9853055919013589	0.9999913362241495	0.9999996900094417	0.998034833389584	0.9999999998017418	0.9999999999999969	0.7807571856489524	0.9999999999999998	0.9983063779464209
0.9658601619564917	0.999999999999998	0.0026038353924958957	0.999974616505748	0.9999997629783328	0.9990875031247762	0.9996246804562167	0.9996883052281036	0.9959662150754734	0.9965704142639242	0.901621519438583	0.9996559235968238	0.9999927921605091	0.998934901412941	0.99999999999999	0.9999999999990536	0.7992971464211119	0.9999999999978808	0.9999984106842298
0.04272250675037215	0.9999999534651247	0.010464581713752197	0.8651305215742199	0.9999999978077951	0.9768526647024957	0.9931394924981385	0.9898942954664853	0.9972883841228265	0.0029767424390008124	0.9740082745968921	0.9979488746368878	0.9992709701404118	0.9968285546784704	0.9999999995622839	0.9999999992789101	0.5595056430792088	0.9999999768418641	0.9985883939855313
0.0029376791028896676	1.0	5.055294920908171e-05	0.9999661773906054	1.0	0.9955402852196386	0.6400032651105416	0.9998084906015536	0.9997578333487789	0.989142822759489	0.9441974256977018	0.9999788262096553	0.9999999901242008	0.9999769677910476	0.9999999999133602	1.0	0.8760615572272158	1.0	0.0015194122495489903
0.002340003201878882	0.9999999999999829	0.09189506027224921	0.9990356992439413	0.9999999995399499	0.9986633134312974	0.9990636645436554	0.9996457177513078	0.999180981308527	0.9791128097281999	0.9900712461269358	0.9998442841620311	0.9999999601584821	0.9991851242125173	0.9999999999997228	0.9999999999998912	0.8704230170008196	0.9999996595115086	0.998802055845919
0.025566057224950423	0.9999999990209271	0.0011016598644493225	0.9989185923989017	0.9999997803334625	0.9951996693106625	0.990482041113078	0.998483988528862	0.9957451405545914	0.006147017386140652	0.9301334458696076	0.9992738386617938	0.999993633744413	0.9959765987608704	0.9999999999623302	0.9999999985403623	0.7720519170528141	0.9999999929839667	0.9985168432027605
0.996342065975754	0.9999999999999758	0.00785129595552797	0.9994239004272658	0.9999999996943678	0.9989323026678901	0.9918120759869407	0.9991637433450524	0.999005360795087	0.9963666398836203	0.9667279402010416	0.9987447223875807	0.008838113196724562	0.9987884737639471	0.9999999999387749	0.9999999999998348	0.7717185127053925	0.9999999996356518	0.9985335533951447
0.00031561849417416354	0.9999999999984556	0.002193187211204206	0.999931512382895	0.9999999776722523	0.9997308893099942	0.9998160280407163	0.9994598222839922	0.9985878038688549	0.0008752855392755166	0.988894591213993	0.999856039397923	0.9999944165057808	0.9991385982613797	0.9999999988558363	0.9999999995256936	0.44506581888253566	0.9999999999725294	0.9982372306465035
0.005587435389442286	0.9999999999808524	0.003633280150540638	0.9983367206596919	0.9999994726687832	0.9892928222477662	0.993676777606285	0.9982563616039437	0.9929003691447255	0.8488902970834105	0.9584966311140248	0.7272712658698476	0.9999562521208551	0.9977557178117474	0.9999999931757965	0.999999997692974	0.8801769089531077	0.9999996595115086	0.9966894729257743
0.04026078703011293	0.9999999964954179	0.100712584834956	0.9993430951451173	0.9999998439399624	0.986664626750908	0.9999982443120081	0.9999946775351053	0.9936832824281325	0.003888309907980614	0.9338887463101042	0.9957824332296747	0.99998118576408	0.9985281930031269	0.9999999957257912	0.9999999954972982	0.7962003480778848	0.9999999999095607	0.9881976360158709
0.017054253982033307	0.9999999999999958	0.0061373593199461896	0.9997764941050219	0.999999998497319	0.9991155817864146	0.9618638261405973	0.9984934869438943	0.9976727256708556	0.00834514721154922	0.9601420818558203	0.9995624568241079	0.9998272774988508	0.9586954769692952	0.9999999666080751	0.9999999999564307	0.858774490978846	0.9999999999952365	0.9983120117569171
0.00936049196682509	0.9999999999967362	0.006762869553536444	0.9994988679875135	0.9999999849327509	0.9809768735928639	0.995748152879193	0.9986672552781648	0.9738771815229632	0.9903701286997173	0.8717912504871188	0.9985296396882487	0.9991336580186483	0.9982780700405172	0.9999999129451643	0.9999999999923151	0.8709366548892892	0.9999999864562089	0.9951520680210497
0.08807401699963446	0.9999999996516059	0.17897990486297682	0.9990752984875364	0.9999999772492781	0.9977634437428601	0.998906703095353	0.9888148477437743	0.9977838722110562	0.7439309821818298	0.9740952037686217	0.9642021329858711	0.9998780358141787	0.999038446885284	0.9999990338147535	0.9999999999982476	0.9807457575870258	0.9999999755535297	0.9990354617435314
0.07384896917723982	0.9999999999979792	0.0075843276341746035	0.9985197212293729	0.9999999727498904	0.993390399319418	0.9897669213791296	0.9954324467768242	0.9925839728065737	0.9875180765771164	0.8983654509082496	0.9878474626075535	0.9997711089716832	0.9950559295522816	0.9999999261378804	0.9999998589743806	0.8678381873821568	0.9999999920148336	0.9873122470760867
0.0019933967104912576	0.999999999770135	0.09179337412195417	0.9968376640707111	0.9999999978077951	0.9965141289714449	0.9951963827996504	0.9979822119986762	0.9941513058578549	0.972905174964541	0.9821909158861322	0.9983864206984273	0.9998807331221128	0.9982438969262684	0.9999995168348409	0.9999999982118526	0.9292737722364066	0.9999999124294895	0.9978190676125072
0.028937640008218746	0.9999999999998391	2.636841855974126e-10	0.9978064579240453	0.9999999995835199	0.9995726105811074	0.9934888053382229	0.9656758196029382	0.9813091949366523	0.016038053315110212	0.9559487473007606	0.9976786846683383	0.9999998454927777	0.9010760086860476	0.9999491926715247	1.0	0.04141373606062071	0.9999999999623302	0.9919727859093117
0.013024026901882535	0.9999999999850968	0.0005520005545682771	0.9994789612597431	0.9999991125918081	0.9972408660705292	0.9982709329209435	0.9422392296526415	0.9960412088608944	0.9234522250614251	0.9331416195687227	0.9923230373697414	0.9999893885473987	0.9979691213523185	0.9999999668307858	0.9999999956924382	0.858380994721859	0.9999999975720197	0.9970213372126937
0.01949912412153522	0.9999999963917234	0.11602496308664202	0.9852977733599253	0.9999074716479712	0.9224805556802982	0.9883430057393117	0.9657212368576451	0.9765425524232365	0.961052896824936	0.9399147749071558	0.99497178028147	0.9999779107567396	0.9997635745437449	0.9999597378059653	0.9999999752149887	0.048852985416336314	0.9999999985403623	0.9764200253409392
0.26206966278855026	0.9999999999435429	0.003673344246910959	0.9999175834393561	0.9999593618307068	0.9983312720697968	0.8852407395716599	0.9912070167989091	0.9946138614112451	0.9771200081408669	0.959632137130599	0.9717633411937273	0.9999988244970902	0.9994459568714026	0.9999603421284261	0.9999999999945024	0.9389105172115715	0.999999999999989	0.9986376968360793
0.994192036218243	1.0	0.0023187712440820296	0.9999738142124	0.9999999997941234	0.9956767934969457	0.9999200133327004	0.9746672565255058	0.9979875723834029	0.9964798627581495	0.980217391221996	0.999991129566041	0.9999999999904283	0.9999945142998982	0.9999999999993819	0.999999999841152	0.8334175550195058	0.9999999999996045	0.9999775618912308
0.013653867885821902	0.9999999999999863	0.0017463346536899238	0.9996251164477753	0.9999999501115885	0.9975183894138203	0.9993497461745722	0.9997758563794812	0.9994104691997439	0.9924590960623668	0.9647799354575184	0.9990607914779913	0.9999709841044476	0.9991514064776292	0.9999913134987398	0.9999999999369404	0.9542183072103306	0.999999943772006	0.9997414415200022
0.09717028567677322	1.0	1.6215385478801636e-08	0.9999380770503191	1.0	0.9998821362206275	0.9999632016237884	0.9907419470479726	0.9985430553756586	0.9991441189769584	0.9821584169171593	0.9999999158435925	0.9999999975354457	0.9999932842112035	0.9999999999885307	1.0	0.884507839893055	1.0	0.9995401762191336
0.9965967713525826	0.9999999999964667	0.005250406467565888	0.9996330166761676	0.9999999999856571	0.9976636527352335	0.9979875971408105	0.9989397267316729	0.9987271127175888	0.9937268714322777	0.8163699243151179	0.997914833022802	0.999998480313548	0.9991857814737006	0.9999999999767769	0.999999999354648	0.9303007484883464	0.9999999995164601	0.9993788927347363
0.258405682377585	0.9999997773280502	0.19419741501477317	0.9892928222477662	0.99999796812631	0.8064925533422753	0.7819467917680338	0.9951809934599891	0.972968321150802	0.8414448440462747	0.8959947080219499	0.9929631069132571	0.9993069674161558	0.9929905476451595	0.9999643745781355	0.9999999999987429	0.7400552763013883	0.9999999970198741	0.9964937076464497
0.008838113196724562	0.9999999999999988	0.0006077138576757735	0.9996387854735163	0.9999999871576023	0.9928344179968049	0.9972270840785489	0.9717412448018458	0.9955082660494359	0.022782804436725757	0.9755075747549022	0.9994263359349428	0.9999995335247797	0.9991897798583715	0.9999999915843596	0.9999999985735455	0.6464984552425659	0.9999999999993028	0.9522337988114467
0.07328040131763425	0.9999999999999978	0.10178340772615976	0.09737273921560974	0.9999999998989059	0.9993418317369774	0.9999501661053772	0.9999904901368761	0.9974856722115665	0.9253242881663506	0.915120025087653	0.8957634962489176	0.9999999999824046	0.9964363352369917	0.9999999999952365	1.0	0.8651583558556581	1.0	0.9996016517424501
0.267751443589824	0.9999999999999959	0.0038013963599876216	0.9999096564537905	0.9999999998900202	0.9990023306557387	0.991832146167519	0.9800862193700242	0.995783368468369	0.9911243365665092	0.7987263485133219	0.9999893601489239	0.9999597120906617	0.9995027811972816	0.9999999999932053	0.9999999999999936	0.872078952653658	0.9999999999999928	0.9987325451417702
0.9905726081019537	1.0	6.0787326701117195e-06	0.9947955650948987	0.9999999992406798	0.9861702096084339	0.9991277571487684	0.7243791231429445	0.9966725206004285	0.9863396047776332	0.9144630144609931	0.9999637870957313	0.9999999996340149	0.9997007848092314	0.9999999951306007	1.0	0.8029760075720227	1.0	0.9995784621766873
0.018256349030564403	0.999999999998957	0.002124294864581544	0.999929524042125	0.9999999994096788	0.9986143940943183	0.9961025838796308	0.9765217421981652	0.9950874265519792	0.9128435914562865	0.9542065460605422	0.9999354543910886	1.0	0.9999990237804501	0.9999999776722523	0.9999999999999113	0.8453492282888464	1.0	0.995262995997047
0.02025244401362869	0.9999999999968997	0.0019933967104912576	0.9996504420732392	0.9999999980202915	0.9924122029626028	0.997343560671866	0.9999989962273357	0.9657589375648	0.9048457527375537	0.9259176887717129	0.9998598797844795	0.998813260645526	0.9809327858308531	0.9999999878217078	0.9999999999988566	0.851293867481084	0.9999999999998693	0.9980998371785592
0.04768626337226989	0.9999999999995774	0.7896058572985682	0.9996200333664697	0.9999999895339454	0.998649027790376	0.9979880837863419	0.9988178195942581	0.9937958543651276	0.004039550578581297	0.9408209553256172	0.9992381771812674	0.9999479627421807	0.9980137930802963	0.9999999999799065	0.999999999491754	0.6557563768596146	0.9999999999808058	0.9988082637088554
0.05087289054991129	0.9999999999999891	0.008628467588897001	0.9993847500919052	0.9999529976781948	0.0313778606574413	0.9958233083931991	0.9987137917573302	0.9964902082397471	0.048252054282101	0.946358551800039	0.9998018474247826	0.9999833688350713	0.9943168441181937	0.9999999124294895	0.9999999999444519	0.6818563341937703	0.9999999962283832	0.9997652569452073
0.9968958248223628	1.0	0.0	0.9999877363137122	0.9999999999999992	0.9999999779373947	0.9995267320750849	0.999999853496442	0.9993276874531982	0.9924506708886458	0.9524534655158612	0.9999999440652951	0.9999999999996303	0.9999934087019158	0.9999999999949668	1.0	0.7217941360156859	1.0	0.9999998984797812
0.9967027241480587	0.9999999999966366	0.09387684456922253	0.9996595088662984	0.9999999998923824	0.9992399971572393	0.9994360082136171	0.9989566484017669	0.9990758007659327	0.995864946071109	0.9106006699027804	0.9996786901586726	0.9999828549075833	0.9993788927347363	0.9999999999574657	0.9999999999999997	0.820509721576405	0.9999999995835199	0.9998243320141861
4.070157900393223e-05	1.0	0.10470669890227467	0.005158888856087396	0.9999999998787017	0.9403601021023577	0.9996255836038418	0.9996649486815554	0.9707260371791172	0.8481045426890625	0.9426611187552687	0.9999942972216499	0.9999999964218336	0.9996979840226228	0.9999999999999998	0.9999999999998789	0.743973125994617	1.0	0.9806807347712418
0.377689798455705	0.9999999999291416	0.002506857971982246	0.9875094632558667	0.999979711895311	0.9831077283253622	0.9422035009073791	0.9846537743707406	0.9815333704049254	0.6165636641677469	0.9255807000960703	0.9706661816481909	0.9999808247840763	0.9468563209482294	0.9999543182250437	0.9999999966973327	0.9014526480469608	0.9999999999218826	0.984439355727976
0.00625411467420689	0.9999999999985213	9.283844394425422e-05	0.9998452562733828	0.9999999999997593	0.017756298802389936	0.9914988606318182	0.9997846994902133	0.9996117894135673	0.996593759284572	0.9592989037695538	0.9985700129011161	0.9999999991591646	0.9992790201181373	0.9999999999970318	0.9999999999998918	0.8226683780139155	0.9999999999999002	0.9996951241434371
0.050103110653903715	0.9999999999601461	0.0004918033506743358	0.9973409915147465	0.9999997773280502	0.9436350657126897	0.9906696921711989	0.9410646385370649	0.977597391992888	0.9711616413683871	0.9564474633116014	0.9973469039331071	0.9999891126084989	0.9979989241068697	0.9999996033676527	0.9999999999999576	0.798460157269231	0.9999999983845806	0.9934306735262067
0.00374272978161172	0.9999999999999841	0.002865255415869239	0.7556922260573595	0.9999747945232751	0.9872187355810268	0.9943808448482915	0.7069237555818059	0.9885846167337553	0.9877972445129053	0.9249321442063548	0.9921424774050672	0.9999552448296692	0.9957640947531722	0.9999999989221143	0.9999999911300592	0.9492109900063856	0.9999991193383213	0.9959477058532634
0.013480319077982639	0.9999999999890492	0.010076542887087259	0.9999154111437898	0.9999943662324057	0.7452324675940424	0.9997972921399997	0.9931068563314537	0.9882373553044611	0.0009633616856681293	0.9403628877938464	0.9999004050308621	0.9999982080537871	0.9999086376520149	0.999999945308813	0.9999999999999938	0.04339231022061052	0.9999999999997939	0.9980703965303671
0.042360531340591145	0.999999999314132	0.011189040453218058	0.9995606989372644	0.9999718125779663	0.9901090106667274	0.9927066001897049	0.9926572947091866	0.996558941829302	0.7157473562691452	0.9424313932316072	0.9999061948653256	0.9984031331343578	0.9929207960839911	0.9999999973103515	0.999998758413411	0.9241031590600074	0.9999999998662051	0.957170136990028
0.0027257718597859526	0.9999999999998614	0.09294027391570846	0.9996147461466202	0.9999999837243436	0.9989519926718705	0.9999999965355066	0.9999999999995558	0.9982715563463419	0.9940972107768288	0.9672687748575386	0.9998661755310225	0.9999549321724195	0.9996351632272625	0.9999999986351076	0.9999999994096788	0.8543025314492957	0.9999999920075794	0.9994518994963266
0.017324890206602883	0.9999999999967932	0.005636721494496816	0.9998317836127795	0.9999999997585031	0.9972162442552848	0.8849776925446722	0.9989989424424934	0.9980399108329765	0.9817149093526203	0.8488902970834105	0.9985952532108985	0.9999292281695704	0.9975130252224411	0.9999999999987429	0.9999999998933473	0.8819556767008919	0.9999999999959732	0.9947097985034226
0.003888309907980614	0.9999999999999994	0.0025417368987475097	0.7806933268310281	0.999999992809372	0.9985265759274379	0.9992298568077431	0.992719227541244	0.9936965786168538	0.00936049196682509	0.9864480185649794	0.9999013197560543	0.9999937006729704	0.9983602696989802	0.9999999986124342	0.9999999999894894	0.6597906816218546	0.9999999999999717	0.9954596605242482
0.021566659781499076	0.9999999999999221	0.0007801020284101678	0.7300148122683034	0.999999827691878	0.9950633842430615	0.9999999634786844	0.9999999998594766	0.9860155196004594	0.6136119200894743	0.9556147922938897	0.9941060989092253	0.999257372024908	0.9674372570662902	0.9999991592581825	0.9999999999002727	0.776381704565292	0.9999999984644796	0.9708942885551459
0.9945007661583144	0.9999999999999817	0.0016465948547894627	0.8828722764985141	0.9999999999994635	0.9438011022254549	0.9993070904749152	0.998596718872178	0.9888163083539688	0.991640120221376	0.9219206413654417	0.9998145171880499	0.9999990798198436	0.9992151536997108	0.9999999998729132	0.999999999884501	0.877303679304427	0.9999999998486859	0.9991157143829553
0.0751766797514305	0.999999999998073	0.002933285229060917	0.9644050448160006	0.9999995050488409	0.9823391167127139	0.9898377892036335	0.9673727995292635	0.9878057543553193	0.8609838642265993	0.9155935225348933	0.999464606142383	0.9999967021510139	0.9962461268132913	0.9999999947410608	0.9999999999933433	0.9420124208369172	0.9999906948378209	0.028937640008218746
0.06982103741069134	1.0	0.0017840545121723672	0.999718100833304	0.999999842902794	0.9997747833150642	0.9983175678929843	0.9773442102951408	0.9900442472750886	0.0012596926271033482	0.920961023965514	0.9999669441250407	0.9999980815397458	0.9994037306507075	0.999999999968964	1.0	0.5828369600793829	0.9999999995784146	0.9994609419850263
0.150622997732694	0.9999999999983289	0.00022280864444357285	0.9623717424834971	0.9999833194163872	0.9333195988310732	0.9854467652282691	0.9376531528570896	0.9873546770239225	0.37913035218532937	0.9388131776597239	0.9934483456187108	0.9997332113945196	0.9929295071782821	0.9999543182250437	0.9999999600224602	0.9511112419144374	0.9999671980126839	0.9770220130350388
0.010301467399853492	0.9999961923498147	0.014282731410103167	0.9958374186201743	0.9999999218365055	0.9908790676946649	0.9854350312578252	0.995385783509871	0.9999466215927432	0.9999981093411018	0.9506752321242611	0.9942518735190428	0.9994865989610002	0.9970197128647257	0.9999999878217078	0.9999996147249101	0.779623986320964	0.9999999340157218	0.9822003405638703
0.018732054580822055	0.9999998898810251	0.012196063117840411	0.9886927351051851	0.9999962956528679	0.9866265840881294	0.9882748746397423	0.9924396841283412	0.9820908198417583	0.024657112109568446	0.9702007541062219	0.9847670447539266	0.9979003007641473	0.9898764406281836	0.9999921299876874	0.9999995635693518	0.8854120456729342	0.9999959929337674	0.9029535488201019
0.25348340303388434	0.9999989918178416	0.01899972773715468	0.8280112045629746	0.999940401512426	0.96923679411176	0.989553892471635	0.9571903932498653	0.9683238941680093	0.9033119592120542	0.921030318183725	0.9902302499504991	0.06968315639162304	0.9775048040508373	0.9998714537026383	0.9999985745614861	0.8499748418556351	0.9999998898810251	0.9335374052198891
0.05322238534197943	0.9999998831710932	0.007730688277595599	0.9725518796964006	0.9999999841059447	0.9964954651874659	0.9948996448780375	0.9958342506085086	0.9894246711825763	0.9874000221099721	0.9499433114962426	0.9900622610490676	0.9999871442145656	0.9963021534235306	0.9999952326631257	0.9999995592451548	0.8870861812756965	0.9999999911300592	0.9914494147413637
0.024411362870837006	0.9999999999655046	0.0017062585670194336	0.9914973862609674	0.9999999999050313	0.9982759411845438	0.998463376761786	0.9967404431867795	0.9854678104403043	0.49746389595456353	0.9405520947920263	0.9991560815967113	0.9999991369865293	0.9987965075526474	0.9999921299876874	0.9999999869254547	0.8706446199167424	0.9999999999906911	0.9988302549038477
0.06820753996507778	0.9999999237850877	0.01110118546923107	0.9679041803012598	0.9999999920148336	0.979903325314278	0.9502678374038386	0.995041930813981	0.9916842223603799	0.9910385899211619	0.941096519397025	0.9947549124672348	0.999970016050788	0.9801159565750514	0.9999999696125198	0.9999999986808905	0.9053644850848931	0.9999998823271878	0.997539608609522
0.013446399106382456	1.0	0.011716712885662048	0.9280185564132116	0.999999998595083	0.9965001406300676	0.9999995790145275	0.9999999975720197	0.9997524517463799	0.0008752855392755166	0.9443909536859052	0.9987311137691633	0.9999997382241168	0.9782328506575705	0.9999999975197071	0.9999999999993207	0.005378174432212224	0.9999999999988011	0.9995953242637766
0.024657112109568446	0.9999999988042605	0.005481804036928661	0.998843316461797	0.9999996060015642	0.99789583418973	0.9924447292084062	0.9317190722431503	0.9966573428371222	0.0016783798244645043	0.9764839592819652	0.9982552966196401	0.9999740276042082	0.9197925737496918	0.9999985291029753	0.9999995352983939	0.8760258961246858	0.9999999142172846	0.9914698451406783
0.023236453908564214	1.0	0.003583629804470273	0.9983182838325743	0.999999999167857	0.9898993631488943	0.9996372752369621	0.9602766516848572	0.99997489788111	0.004039550578581297	0.9478169399078002	0.9980029628823688	0.999992503029322	0.9483973725114816	0.9999999345323345	0.9999999999999896	0.8031235794523828	0.9999999999999997	0.9989324646588594
0.0019933967104912576	0.9999999966772671	0.10423333119561562	0.9982784969739825	0.9999999997585031	0.9587739079517276	0.9928019311660713	0.9976766167685849	0.999999997692974	0.9880593097065276	0.9694434628330336	0.9986898586094689	0.9999687607951525	0.9957848614811483	0.9999999999050313	0.999999999161829	0.8445923339611752	0.9999999991186536	0.9989463065213688
0.9679918968255636	0.9999999999515014	0.7874477944671121	0.998595053311683	0.999998758413411	0.9960738484849568	0.9936702205303962	0.9969574110671572	0.9946630119488473	0.9865907162323061	0.9503566914553396	0.9186149497779658	0.999743570747994	0.9986202335779819	0.9999999966973327	0.9999999345323345	0.9043203473527831	0.9999999999002727	0.9831716521635602
0.0009390571264779046	1.0	0.00476218634741199	0.9998553229540412	0.9999999999997095	0.9353350860968087	0.9997328892130348	0.9999833653973715	0.9949704738234162	0.7044685046449903	0.8372129270153681	0.9927427223202231	0.999999999972724	0.9999583628037143	0.9999999999676472	0.9999999999999999	0.7881398118090354	0.9999999999997098	0.9997184680552302
0.0018467078952628668	0.9999999999990006	0.002252308152850588	0.9994592590024198	0.9999999999973398	0.9986857180449251	0.9995886786188917	0.9914856312067817	0.9898486461778854	0.01072339566826519	0.930134007399573	0.9985407535682179	0.9999643700928275	0.8868627998140268	0.999999329905516	0.9999999999994883	0.786936587698696	1.0	0.9999101956370393
0.08599000044554062	0.9999999998571325	0.00039787376196642743	0.9999015952286535	0.9999999871576023	0.7152034756335629	0.9992427367125387	0.9972207550497834	0.9966416591123001	0.4980881796944663	0.9652064174145732	0.9999464302107134	0.9999139001756423	0.9993422650263524	0.9999998851662226	0.9999999999998753	0.9003220416125487	0.9999999998195129	0.9993091312430019
0.9142820029285299	0.9999999999357203	0.006030773633980524	0.9971773042310801	0.9999941338869529	0.9910579910754324	0.9976425887195116	0.9973222837109991	0.9928031965891463	0.9936082067399729	0.9093782742528999	0.9962222267665293	0.9997995793375192	0.9972286213447311	0.9999413701645959	0.9999999982118526	0.911877348255679	0.9999999938523717	0.0019556706418656367
0.005176767672457228	0.9999999999998268	0.7048119936066507	0.998618637672368	0.9999999813336344	0.9946365569343035	0.9985079149484971	0.9990506870234411	0.9287785343632595	0.9563203083867801	0.9733682716304939	0.9992269750355803	0.9999905435117704	0.9927023105832075	0.9999654039845783	0.9999999982981375	0.9006827635084667	0.9999999992303891	0.995129073306095
0.004529496253749432	0.9999999999875837	0.005695107656092713	0.9993300799238432	0.9999999871576023	0.9627650531663077	0.9966337623188471	0.9989821682397907	0.9982715073426585	0.9927736581246337	0.9183579799191455	0.9992080756676102	0.9999583634422986	0.9968262211716482	0.99999992506563	0.9999999999799065	0.9683001725398579	0.9999997080805666	0.998609331774642
0.00023161014366157584	0.999999999989597	0.0013341444773374844	0.9993187566952814	0.9999999837243436	0.9979821139866557	0.9130330286542289	0.999481378335792	0.9994081625944572	0.969225588399462	0.8541523786717766	0.9997291419656835	0.9999996997172482	0.9991650368082479	0.9999999885599681	0.9999999996806439	0.9883301086671668	0.9999946775351053	0.8130482644786384
0.08171065907009445	0.9999999999999993	0.0074970001307664985	0.92790766006901	0.9999981093411018	0.9692642353021022	0.980217391221996	0.9749159759619457	0.96027512419565	0.9747946180786636	0.9226464906445713	0.9990079603107248	0.999801368981268	0.9985169590094948	0.9999817245428595	0.9999999995656206	0.9295120636959758	1.0	0.9769343161992688
0.03410189679213649	0.9999999999997515	0.10427823622655008	0.9983737201101691	0.999999999999791	0.9425293109368404	0.9858712328647711	0.9620477850076757	0.9788432394088434	0.9852708122573702	0.9647668956111725	0.9990502738851039	0.9999947658354656	0.9956163007154889	0.9999997399788918	0.9999999999997289	0.9699213619824981	0.9999999999998511	0.9987068665671376
0.03572295616315768	0.9999999944988797	0.0019556706418656367	0.9983133437790844	0.9999894044668934	0.9968885083641305	0.9964043078546433	0.9954596605242482	0.9949700812366978	0.9945428399234744	0.8704439376569933	0.9973915840321297	0.9999873984086859	0.9975605081069392	0.9999953894178178	0.9999999999952365	0.8844624093934956	0.9999999996356518	0.9967069849657102
0.2515143637729095	0.9999999999992303	0.004202287354997558	0.9998972902818216	0.9999999975197071	0.9993571081477431	0.998613868578759	0.988419786405448	0.9953006784915139	0.7443091923485678	0.9511112419144374	0.9999868369859448	0.9999978129257812	0.9439608805385539	0.9999999998524061	0.9999976298357978	0.9323439510297292	1.0	0.9993776210938002
0.004616749637025186	0.9999999999985506	0.0036025971355646558	0.9954785203516054	0.9999999979168007	0.9946892775593841	0.9980781089669369	0.9976982800010628	0.9930146957579926	0.8922781861172469	0.8964563055544376	0.9973278144777481	0.9999412970001396	0.9968332976488279	0.9999847731250129	0.9999999998524061	0.8424413567005473	0.999999945308813	0.9958131901399743
0.004796336103489396	1.0	0.09442917297905366	0.9994183713396466	0.9999999935231222	0.9978475302133644	0.9986933718219975	0.9981250096828588	0.9984179764425997	0.9944884747119567	0.9502327247899128	0.9998413685595613	0.9993045212704104	0.9975125450062297	0.9999995168348409	0.999999999354648	0.7846403666085648	0.9999999999604591	0.9912637493266218
0.03556641802046889	0.9999999999993028	0.0033472995855959448	0.9869039614566331	0.9999597378059653	0.9967854470659594	0.9562184633797961	0.9897554250992693	0.9878528564552662	0.02515150456155102	0.8968344891370738	0.9996596076018783	0.9986571136097668	0.992985445551554	0.9999999501115885	1.0	0.5465970573952075	1.0	0.9822960293891232
0.9946011129933063	0.9999999999999999	0.06890942922689158	0.9206719198518332	0.9999999999988011	0.9559951518695304	0.9994162401520845	0.9991571027723174	0.9977636407672923	0.9854678104403043	0.9596727886638016	0.7169890574010785	0.9999873283980936	0.9996910879176497	0.9999999999954434	1.0	0.9938732085763817	0.9999999999996322	0.9997403544781251
0.0016154093793807611	0.9999999999939507	0.0013354068746893183	0.8738602916218963	0.9999999999674251	0.9999999997056983	0.9967318400734497	0.9977830877102953	0.9970517332206092	0.989157711257493	0.9531079290169935	0.9981480711744043	0.999273128649686	0.9914491783145022	0.999989605939826	0.999999999988721	0.8433093619542359	0.9999999660998342	0.9981889650713172
0.00411736251664796	0.9999999965479628	0.014282731410103167	0.998697826321341	0.9999980497056802	0.9933835162583227	0.9687887689291089	0.9981655064819859	0.9961330753082395	0.0033378625215244595	0.977699708968616	0.9982777700427438	0.9992223468166036	0.9969176427763875	0.9999998384320345	0.9999999996585395	0.5494367377272834	0.9999998062570363	0.9985582789264668
0.034824279539396596	0.999999976652235	0.0019556706418656367	0.9970639131501221	0.999986595604541	0.9948596301809407	0.9985850871639418	0.9939711121125746	0.9815333704049254	0.015429514505833297	0.9628498971057559	0.999247341598948	0.9999467102406026	0.9979882442121151	0.9999849329971978	1.0	0.5701688569350786	0.9999999730998683	0.9765806798528569
0.02617338311389239	0.9999999999859499	2.74010449955453e-05	0.9983382903767555	0.9999999992585337	0.9601725455370672	0.9989782859786235	0.9262357934222275	0.9947891683854625	0.9954116872999275	0.9392987436428849	0.9998723931716842	0.9999968107703193	0.99737254952526	0.9998828334544297	0.9999999999999999	0.7677217246077861	0.9999999999999512	0.9965423774916521
0.021060942205459066	0.9999998363339303	0.010911486988076646	0.9979109993305498	0.9999994379933438	0.9986034592480983	0.995842087391493	0.9946190210950369	0.9927693634409227	0.010105903170244401	0.9284869464643668	0.9999454118966739	0.999959243908733	0.00394609608726304	0.9999999792125227	0.99999999999998	0.6891619567764921	0.9999999777019145	0.9969516191587896
0.005378174432212224	0.9999999980339386	0.004705685341455101	0.9888958648926641	0.9999985964238852	0.9937634386572974	0.9872141214763517	0.9960356585713976	0.0028110845366754456	0.9866595291372003	0.8676338837893258	0.9951421444690143	0.9998680079342562	0.9949312672442445	0.9999913134987398	0.9999999780602146	0.9416300681408943	0.9999998230820464	0.9761113612584544
0.1543833321574261	0.9999999999958721	0.003034099154558989	0.978694287604366	0.999891391476687	0.9805908302587377	0.9927032122739073	0.9671390390032857	0.8679246072530945	0.5012718029395082	0.9270214876223051	0.9965244938848308	0.999716062354614	0.9249321442063548	0.9998714537026383	0.9999999999974367	0.7584901446162513	0.9999965725820364	0.9469599314883375
0.14638258615395192	0.9999999997334207	0.09444895941997597	0.9937851520527765	0.9999999577540283	0.9750053982080941	0.9950857821471712	0.985575990470752	0.9736089115099688	0.9846307018359939	0.9693040724768309	0.9983038545348161	0.9997681664991044	0.9898204123154473	0.9999004632807661	0.9999999999718259	0.8891894108472825	0.999999997168909	0.9717961079298967
0.010301467399853492	0.9999999549148966	0.09660368631529725	0.9994136105344128	0.9999998363339303	0.9981480750801923	0.9961142460259164	0.9998430589584277	0.9942725900117123	0.0949061827926484	0.983955398426109	0.9108545232241343	0.9999891109319761	0.9984909267552892	0.9999999965229184	0.999999999434456	0.6929239621284573	0.9999999999778713	0.9949370101554129
0.03632932285393353	0.9999999999999993	4.4752593905128535e-06	0.9985105562729438	0.9999999999984063	0.9994618062199323	0.998255151458347	0.9861317877539316	0.9812940028258454	0.008670609349043623	0.9496100177351608	0.9998873969648235	0.9982069147368757	0.9919567890183643	0.9999999984419354	1.0	0.5949506785079316	1.0	0.9957617951920948
0.020582627422910615	1.0	0.0937687328210256	0.9990514108550321	0.999999986329994	0.9971333885374678	0.9994127514648368	0.9859148863108634	0.9991413174362831	0.9514406095192783	0.9546378256902447	0.9971719155729352	0.9999915844351929	0.9936375387485099	0.9999999999985506	0.9999999999999729	0.9055190478062969	1.0	0.9993523869141225
0.014449784293040446	1.0	0.10273590113121439	0.9896341570885947	0.9999999997462753	0.0043599086970365075	0.999760333449652	0.9997354806586677	0.99961106159415	0.9840120613183307	0.9919335969685904	0.999948908397673	0.9999971674904804	0.9992491682541472	0.9999999969035368	0.9999999999999987	0.884253977480446	0.9999999999899382	0.9998029171173842
0.0030158980887209363	0.9999999987577316	0.004982917034273782	0.9998438100929163	0.9999999999999512	0.9991964109445185	0.9983478867567745	0.9998629588992834	0.9992493730994532	0.016330883558847153	0.984146166188763	0.9995599626169793	0.9999735378070098	0.9992743552446935	0.999999999992586	0.9999999999999987	0.45130613070133263	0.9999999999999938	0.9995358355387945
0.8492075080853076	1.0	0.011457829995955848	0.9906280815616502	0.9999986699866784	0.8628108359577279	0.9828649738838113	0.9746224089267506	0.9854653278713501	0.722112423472739	0.8907384703144627	0.9944727284790486	0.9996111028357181	0.9813742117914657	0.99999796812631	0.9999946775351053	0.9343300554873812	0.9999999621647728	0.9905726081019537
0.05824363000823418	0.9999999999256014	0.0038666370674271117	0.9914871748086165	0.9999999944604534	0.995869298425439	0.9931068563314537	0.9980207903754439	0.9934638888992294	0.37374594086573953	0.9628642029563276	0.9490412046989418	0.9999797948910885	0.997977519634652	0.9999997972469844	0.9999999989221143	0.8963241536845085	0.9999991592581825	0.9961780049600535
0.0015547919450613623	0.9999999999999751	0.00020222878941378308	0.7886613736457975	0.9999999999999948	0.9985331886682351	0.9991825136097975	0.9876008639270015	0.9946567446702367	0.9953215756187023	0.9864408037465785	0.9999782721669203	0.9999824722109822	0.9992677528715335	0.9999999958332902	0.9999999999885943	0.8308718878589367	0.9999999996356518	0.992631344224414
0.9862333761097604	0.9999999999999997	0.00374272978161172	0.9990463380600938	0.9999999712254004	0.9999999950071485	0.9920623546167716	0.989460978294244	0.9956816720391115	0.9925839728065737	0.9461174401691628	0.9995615607358553	0.999970414199755	0.9968698649851704	0.9999974091662961	0.9999999999950034	0.9777354902801901	0.9999999944604534	0.9986202221337902
0.038574866384744916	0.999999998830296	0.00863342168721938	0.9712446253084946	0.9999999577540283	0.9689485478937837	0.9694209942612911	0.9611125561931884	0.9397311354092817	0.03556641802046889	0.9108664014575515	0.9984728483077977	0.9995440509734351	0.9936621729147196	0.9999998833425023	0.999999999965169	0.8605041276085251	0.9999999999256014	0.9061282346685787
0.013480319077982639	1.0	5.2581700421661104e-05	0.999849882613197	0.9999999997436015	0.9996337082628833	0.9993423342992934	0.9965313184285716	0.9918240357871692	0.7368541967443658	0.9180258448512465	0.9998315633658322	0.9999984773298296	0.9993656044881654	0.9999999997075005	0.9999999948974028	0.7307984772869833	0.9999999999863307	0.9995214989742024
0.025175597279202266	0.9999999999940385	0.0007086949958581279	0.9985358280678925	0.9999615715003902	0.9937188522047853	0.996688712487797	0.9984632188644146	0.9883503585079454	0.9424508689513335	0.9698105523694807	0.9976145339591638	0.9999635727443408	0.9977909079108583	0.9999922826069758	0.9999998972465625	0.7820391403683881	0.9999999993476095	0.9986057725811506
0.0034511103610512794	0.9999999999999999	6.275244513131994e-05	0.9997673905559185	0.999999999999352	0.9951321523552978	0.9990820063281369	0.9987821620430958	0.9979952499016875	0.99583625635443	0.9777157709623797	0.9984730423331694	0.9999999908235788	0.9989990371483286	0.999999999975628	0.9999999998327705	0.8450756312945429	0.9999999999996911	0.9994477445253072
0.00024546256291280155	0.9999999962728698	0.013178822552468522	0.9991044455708858	0.9999999985735455	0.9989605048144073	0.960748267505332	0.9979486559107642	0.999999917998924	0.004529496253749432	0.8895987595267326	0.9995469726952939	0.9999899991617204	0.9982820114180131	0.9999999926487683	0.9999999916199459	0.9190109207164362	0.999999999791727	0.997539348554165
0.3931936986761434	0.9999999999999916	0.09178349467796167	0.9980820484329038	0.9999999991957407	0.9999833194163872	0.9998243193087041	0.9972864665565343	0.9892571996186141	0.9974114530390188	0.9914632019508293	0.9995638074977056	0.9999971581243583	0.9991776946164025	0.9999999975643591	0.999999999968964	0.8138392944981847	0.9999999999622183	0.9997820370665981
0.0010203809876495606	0.9999999998398648	0.0041327646520364775	0.9985600632604718	0.9999997431044652	0.9948376638570176	0.999520015482761	0.9971707639120487	0.9949781468899312	0.0018823395226792439	0.9509540567873389	0.9992220984115636	0.9999458643990197	0.9958109144495362	0.9999999999256014	0.9999999999926745	0.9923894015705058	0.9999997332558475	0.9966895234161347
0.013052371767510174	0.9999999999999984	0.002296540952124365	0.9993683716457574	0.9999999712254004	0.9993228094997094	0.99907913560032	0.9992570790651726	0.9971891516191265	0.9832771867691648	0.9617197945083177	0.9801654001311658	0.9999874762535824	0.9747115351561344	0.9999999990254026	0.9999999999994635	0.7756998545636418	0.99999999999999	0.9992371346433793
0.0029767424390008124	1.0	0.12385278607870377	0.9943839675963935	0.999999999904316	0.9992766932016417	0.009038212162873371	0.6098428873809939	0.9998488651250581	0.0008922355209622923	0.9511494584607999	0.9999008528989265	0.999993247007845	0.8939760540571171	1.0	1.0	0.6786485769452494	0.9999997333375042	0.9992198185047992
6.526413017904353e-05	1.0	0.0008423400332039366	0.9994521518663908	0.9999999889947648	0.9989303665518069	0.9988928923350336	0.9990505333259705	0.9669423718700627	0.00021853304680641283	0.9399665247840566	0.9984012693161385	0.9999829746599594	0.9231503913488328	0.9999999999856571	0.9999999999999183	0.6388015535195538	0.9999999999950034	0.9994704563198507
0.04026078703011293	0.9999999996762091	0.06182191423702421	0.9999537409439423	0.9999999999799065	0.9997126158840032	0.9994307917339571	0.9953338530443331	0.9917904859761558	0.0008922355209622923	0.9828420457287506	0.8454345507861124	0.9999793232884856	0.9985890346638465	0.9999994516241065	0.9999999999999983	0.9978589063969192	0.9999999999999103	0.998125161749774
0.024657112109568446	0.9999999977184773	1.2581544803769162e-06	0.9999999999994635	0.9999998827450258	0.999681106948744	0.9589445252426506	0.9689108227017308	0.9571109980775971	0.01910055155500634	0.9615832414589529	0.9998707607036457	0.02617338311389239	0.9998017823282852	0.9999962037626986	0.9999999938523717	0.7941234274447992	0.9999999999999648	0.9968558022916764
0.007440755939376875	0.9999997454202718	0.09744288291920597	0.9947273157906736	0.9999995050488409	0.99135985003605	0.987084377593078	0.9940018603187188	0.9916697132982109	0.04049843505266837	0.9262674438673519	0.08960001474987012	0.9999952985059491	0.03711410375328417	0.9999999755535297	0.9999999660998342	0.04541426848936203	0.9999948419514649	0.00936049196682509
0.014560952507469693	0.9999999999325118	0.006634929359438324	0.9901308817823177	0.999996826220302	0.9817225428437321	0.997982946062912	0.9743792063339305	0.9961016508511045	0.007730688277595599	0.9746117414659309	0.9984146592347749	0.9992206053455184	0.9863208117914157	0.9999904821668331	0.999999999975628	0.9277544212536153	0.9999999901444524	0.005783876012518063
0.9853802546352296	1.0	0.0018363282005400827	0.9979486067002704	0.9999999199591265	0.9990140434255929	0.9993577078225916	0.9973894974215903	0.9864354299620428	0.9969288476559608	0.985357978872094	0.9999897396763421	0.9997097620315096	0.9955027196055879	0.999999999928091	1.0	0.8289751920485622	1.0	0.9981012382239794
0.9960026247525937	1.0	0.4094832240057995	0.9999999999248727	0.9999999994189903	0.9991930660452769	0.9822985134989565	0.9988265915061619	0.9974251994188358	0.9970093677304626	0.9875785173532273	0.7605963851193838	0.9998932033880167	0.9995677956283027	0.9999999991623815	0.9999999999999952	0.8928595559985778	0.9999999999996911	0.9985372088659574
0.008395590306986	0.9999999999996497	0.012330080066301582	0.8740255413686754	0.9999999995622839	0.9966972981335858	0.9995926536882126	0.9993527029174016	0.9995916765023288	0.9537864349926526	0.9850014355736705	0.9997459101999909	0.9999718614837803	0.9990911387880427	0.9999999990506436	0.9999999999988011	0.817849214099726	0.9999999999996301	0.9996050448860491
0.02025244401362869	0.9999833194163872	0.06290018127210073	0.9928430746835428	0.9999962956528679	0.8396268063629274	0.9918079470091207	0.981319740741459	0.9883901893692016	0.3955612608791624	0.9242922616601588	0.9999718125779663	0.9995372800700291	0.9999060868236183	0.9999939800921219	0.9999989871386469	0.47243531267888333	0.9999995352983939	0.9838258118454094
0.0028110845366754456	0.9999999994001513	0.006509420571185198	0.9988683433842861	0.9999999995164601	0.9915343932216361	0.9979080849204801	0.9982132749171644	0.9958973129064472	0.006762869553536444	0.9557651665160071	0.9461517070758604	0.9998441102152619	0.9964604200927739	0.9999999990732182	0.9999999999138721	0.701052891558839	0.9999999999416831	0.9973282855476171
7.939235222986785e-05	0.9999999999998245	0.08977290641805494	0.9996007941755131	0.9999999992303891	0.9997805139923158	0.9996839144408247	0.9992201923934154	0.9997099083497597	0.9781935181456813	0.963844004632651	0.9991116046497723	0.9999982369994269	0.9908515419543521	0.9999999999947589	0.9999999999986178	0.7518720535902692	0.9999999974672181	0.9976500136368542
0.018732054580822055	1.0	1.620453726092208e-06	0.9997926801144165	0.9999994379933438	0.9969817151004237	0.998660056766409	0.9897375825068966	0.9806487360912701	0.015429514505833297	0.9628498971057559	0.998725051805808	0.9999997545975401	0.9979728536856004	0.9999999857153588	0.9999999999983289	0.46149584498370183	0.9999999999999837	0.9589113689876201
0.873397199298539	0.999999999229464	1.286227008234775e-07	0.9934329827113658	0.9999984715115069	0.9898030441347706	0.9930281302240587	0.9857526007526867	0.8647370515040292	0.9375074043548968	0.9333195988310732	0.9886885545799753	0.9999806021626976	0.9705884677394254	0.999996826220302	0.9999999999996653	0.7909507234516351	0.9999999998371668	0.9931447573635567
0.0036025971355646558	0.9999999999767769	0.002322516328557067	0.9965214651196574	0.9963343278976606	0.9950636511510532	0.8037545845817655	0.9915925527806589	0.9902438193876217	0.97411882761627	0.8912936692104203	0.9939612514241233	0.9997663505573003	0.9960267519363205	0.9999999218365055	0.9999999857153588	0.7710231058543602	0.999999990650571	0.9967761489108071
0.009914097621340212	0.9999875231656946	0.7506990413606487	0.9973732854137086	0.9999999911300592	0.9844377107483071	0.9939995628452961	0.9957466016204485	0.9935908206697566	0.005481804036928661	0.9790298011132778	0.9311417426924209	0.9998714451082222	0.9968350257220704	0.9999999803024984	0.9999999965229184	0.4801868114045613	0.9999999340157218	0.9932247764241803
0.00411736251664796	0.9999999978159166	0.0010401235662754749	0.9985213432583648	0.9999189431200453	0.9917256154412043	0.9977636870363883	0.8153933448733532	0.9951963827996504	0.9999990527697176	0.9696506969170564	0.9912716102057924	0.9999828772704553	0.971627060674203	0.999642081375616	0.9999999999325118	0.9355394644416927	0.9999999993476095	0.9917050999477497
0.0992767181721399	0.9999951692310056	0.004588958891408604	0.9830193171343337	0.9998464044752676	0.9748798374833816	0.994263976118577	0.9777632185374319	0.9633461271987765	0.7585288139699456	0.9406276591707599	0.9699015702541423	0.9968067202729183	0.9781630265319683	0.9999774224960009	0.9999997902442187	0.8907384703144627	0.9999253411457437	0.9515313145317761
0.0751766797514305	0.9999996495138873	0.011338411823486272	0.9969393897299942	0.9999951036663689	0.9724074025482616	0.9353947561335615	0.9717701014533311	0.9755297353958005	0.9773649321921435	0.8787428407969529	0.99999796812631	0.9996063624059878	0.999999998807686	0.9997179682058435	0.9999996147249101	0.7716991007802	0.9999996147249101	0.990217143449298
0.2673850295288184	1.0	0.00010643622095329874	0.9999252324488309	0.9999999966973327	0.9966443377503617	0.9999247174234707	0.9767287365894426	0.9915157028126477	0.9823484125077533	0.9815384207187984	0.9998682793575174	0.9999978065072669	0.999591693575909	0.9999999988042605	0.9999999999993244	0.8493781982657337	0.9999999999999002	0.9967627774456252
0.06473340582918563	0.999999999999084	0.0009689478528959877	0.9962824671204893	0.999999361024386	0.9675069095255846	0.9939425851991295	0.9800351741328683	0.9977208178986705	0.010105903170244401	0.941096519397025	0.9990475530265879	0.999987068123216	0.9981459023295283	0.9999998309329489	0.9999999954988052	0.7751578489919013	0.9999999727498904	0.7690176052900818
0.007161763284168621	0.9999999911300592	0.011069911991902173	0.985820602271338	0.99994179039714	0.996184589576142	0.9991462069242086	0.9986867638591337	0.9835596984582285	0.9705577716950828	0.9249321442063548	0.994167173990589	0.9999945487863865	0.9954109677552637	0.9999999813336344	0.9999999966973327	0.8609838642265993	0.9999999968628291	0.9965749954830238
0.00023161014366157584	0.9999999999999999	0.09267381774436413	0.9964219316031758	0.9999999607764329	0.9991797713594321	0.9990634949811497	0.9995156387130268	0.9973450673869643	0.9921409752973056	0.9734668425820956	0.9985540946023279	0.9999933103623425	0.9962133941172291	0.999999999770135	0.9999999996192838	0.8442288319417492	0.9999999999856571	0.9997857173284382
0.043852871490414724	1.0	1.3973615597961953e-09	0.7928437611950192	0.9999999999999931	0.9998713987573536	0.9998080961899811	0.9992322860638714	0.9993141336814366	0.0005627216410653002	0.9859986644988014	0.999995533212795	0.9999978025199942	0.9635437927120276	0.9999999999899382	1.0	6.357567805537201e-10	1.0	0.9826864173001326
0.9891649952204244	0.9999999958518594	0.0038079663521655566	0.9994743856941125	0.999999997444597	0.9979426504580116	0.9920677782036518	0.9299326021250451	0.9437216473220864	0.9896829047000807	0.9518016199274659	0.9992809129845404	0.999907759503017	0.9878260789612471	0.9999999990732182	0.9999999768418641	0.772086496576684	0.9999999999964224	0.9961289717945359
0.0116300706742537	1.0	1.4192478258179264e-05	0.9999751458860289	0.9999999999877698	0.9992796673152169	0.999868632468977	0.9795918506423595	0.9985559472027976	0.0007086949958581279	0.9646631568912236	0.9998695999266394	0.9999199922394816	0.9988114566973586	0.9999999999897536	0.9999999999999923	0.8331501210599789	0.9999999999994104	0.9993590365259455
0.007879893323779696	0.9999999999999978	0.002256926330302958	0.9999714868525281	0.9999999999950034	0.9922206994876576	0.9919035285270953	0.9939057168711024	0.991261309582505	0.9666874306737279	0.9684440299498828	0.999354173557197	0.9999807305153572	0.9985957198050145	0.9999999970198741	0.9999999999837368	0.789689295463752	0.9999999957257912	0.9989811522637468
0.0012189876499268948	1.0	0.09174798992438851	0.9989777399082713	0.999999999999906	0.9989136135506148	0.9992086854488	0.9874283661625008	0.9910889389929426	0.9883043954407646	0.9789189075491861	0.9996278867657102	0.999564258815736	0.9902476203601206	0.9999999999975558	0.9999999999999237	0.8422659367023236	0.9999999997796315	0.9994920282522943
0.01787840701957899	0.9999999999999999	0.0008586557189013133	0.9997419756618985	0.9999999999998631	0.9999778812145497	0.8789290704892737	0.9989734716349672	0.9952551282218093	0.999685332041951	0.9903423052862769	0.9999819535210073	0.9999986083255782	0.9995105595813115	0.9999999999922555	0.9999999999999841	0.8777087407901192	0.9999999821384502	0.9992118730087275
0.02840711046584564	0.9999999294322109	0.0186598570476426	0.9736637051931005	0.9999633390929781	0.9274027219439613	0.9943650263280105	0.9672936991725969	0.9945980453864942	0.0751766797514305	0.921602623693017	0.9948181583741854	0.9991308377126883	0.9748656959443984	0.9999748086728656	0.9999521712044309	0.7938510873351876	0.9999906948378209	0.8763565238022725
0.26746019152312456	0.9999999999291416	0.01767049690073841	0.9949863289890231	0.9999990336110618	0.9941967054174029	0.9991682311887311	0.9641910446432732	0.9642930843853245	0.49183050273736606	0.8098030277381925	0.9962174722244783	0.9999971489721914	0.9894480985151789	0.9999999660998342	0.9999999963390933	0.9315318643857936	0.9999999999718259	0.9678166351441909
0.027622239877908822	0.9999999992028589	0.0007801020284101678	0.9827413312800312	0.9999654039845783	0.9759091569090768	0.9899662907771171	0.9769836172363295	0.0992767181721399	0.04049843505266837	0.8907384703144627	0.9716028914715085	0.9997352935333416	0.9419900667674593	0.9998463354519042	0.9999998524378736	0.5538360378876878	0.9999999376209264	0.967309770427581
0.0016154093793807611	1.0	0.009136651431194548	0.005789445438635243	0.9999999999999534	0.9976722399352189	0.9999999872796246	0.9999953894178178	0.9929273287899272	0.00020222878941378308	0.9469555187407136	0.9999640726317762	0.9999999180394246	0.9905759890875037	0.9999999979871482	0.9999999999999917	0.006030773633980524	0.9999999999999868	0.9998053787387561
0.005176767672457228	0.9999999978159166	0.004888735314389936	0.9976744926242089	0.999999694438987	0.991341098070967	0.9953943908194952	0.9979260325569692	0.9944867271900387	0.005078916006506451	0.9227793011040786	0.9986302396142309	0.9999694012349636	0.998803110343627	0.999998835750282	0.999999999884501	0.4480185831594277	0.9999999983004481	0.9984019787191668
0.04653240053563555	0.9999999094862702	0.010182123297586165	0.9720122212143087	0.9999995635693518	0.98245077061449	0.9810804868262895	0.9865588510309913	0.966394386633143	0.042360531340591145	0.9146283910590931	0.9599983445180926	0.9988569798789587	0.9889498468533091	0.9999643745781355	0.9999999999906911	0.899023637681285	0.9999747945232751	0.9492317734279677
0.02596217491572017	0.9999999991957407	0.006386296190071583	0.9986580237371875	0.9973191210591745	0.9332180347338034	0.9979112942117992	0.9987779879830988	0.9953145239960991	0.0030925590488941612	0.9623063437350263	0.9983619747368321	0.999865423629464	0.9972438181148613	0.9999999871576023	0.9999999911300592	0.7221123309971975	0.9999999102597062	0.9979218462234449
0.004877671639797798	1.0	0.0001800062302457217	0.9999555731626142	0.9999999999999997	0.9995337764841371	0.9997388841417285	0.9987495667689411	0.99954966608964	0.99933984161304	0.979511129045462	0.9999975943754235	0.999999999648742	0.9657945956609438	0.999999998497319	1.0	0.832022938762273	1.0	0.9999997917698015
0.0040801871402044165	0.9999999999724983	0.0003280491932843299	0.9999073590202422	0.999999999999999	0.9987551280119061	0.009984496500567985	0.006511965111160589	0.9990505333259705	0.9977875610776132	0.9865011143349499	0.9999649387319164	0.9999996156172429	0.9970482197542971	0.9999999999997043	0.9999999999999896	0.8576347885473338	0.9999999999918319	0.9999281619673288
0.04435806737652492	0.9999999995460971	0.01316390178445316	0.7807485322932286	0.9999921299876874	0.8518281506341803	0.993437393148152	0.9969468373145347	0.9836615383959866	0.012723964162133283	0.9793209781486952	0.9982900166710936	0.9999970766089781	0.9977823885085031	0.9999820997499386	0.9999999999994104	0.8200945033832512	0.9999999999519882	0.9542764774089899
0.7272870527989777	0.9999999999995229	0.0014964397003539576	0.999646554195353	0.9999999999444519	0.9843986371727961	0.9988616164921843	0.9993793263594944	0.996969254710383	0.9962003395508313	0.926119270590502	0.9881030090836824	0.04435806737652492	0.9888288405251362	0.9999993815457338	0.999999999999791	0.8583601670481589	0.9999999999967476	0.9997646963286174
0.9857524449964523	1.0	0.1974029449923243	0.9999892770152857	0.9999999935231222	0.9315407454529209	0.9946885107592511	0.9920093079603886	0.9843483001880945	0.9613680398531115	0.9365601065520616	0.9999842686368434	0.9999998326215876	0.9997617680570148	0.9999992336657567	1.0	0.876399716281364	1.0	0.9985745813185486
0.005975861650197811	0.9999999999997657	0.011354861261737903	0.9995626304309307	0.9999999986808905	0.9978550569186221	0.9993516942241929	0.9994729392125165	0.9954245045054457	0.8830022720610969	0.8969566261143106	0.9999005963113841	0.9999927735930735	0.9996234434082805	0.9999998295905479	0.9999999998979192	0.8396647772098681	0.9999999999767769	0.9987733783816952
0.16028531309021693	1.0	4.0955236857431743e-07	0.9997117441011584	0.9999748086728656	0.9852682687250361	0.9928483605274212	0.9263499892168394	0.9710398148263101	0.8064925533422753	0.8952047441146422	0.9999768660257109	0.9996319846337764	0.9958250791746932	0.9999998617674918	1.0	0.8812965410603623	1.0	0.9869585989287571
0.06290018127210073	0.9999999999758382	0.014050320049492096	0.8543212573484882	0.9999999924227665	0.9991495113857242	0.9973151899343758	0.9895759355700642	0.9902041543573398	0.9929207960839911	0.9805970013760499	0.9996796199190061	0.09418202360161088	0.9999999884505709	0.9999333137261741	1.0	0.9110377223681393	0.9999999999759046	0.9974954884590974
0.0031521434124216485	0.9999999937428005	0.0014129745170802233	0.9999999968403653	0.9999998435370925	0.9999999741910225	0.9984896301559151	0.9979956245488606	0.9935003558254893	0.012243922602987567	0.924291717662939	0.9999999999966174	0.014560952507469693	0.9985794385291927	0.9999996788945029	0.9999999999993207	0.7941234274447992	0.999999999791727	0.999069067712945
0.9969191479304504	1.0	0.09293709290176153	0.9995123652015622	0.9999999998114191	0.9996819831512386	0.9998080379927922	0.9999125906027062	0.9971995249737545	0.9696319981503431	0.9568712245157784	0.9999999818919076	0.9999956495652049	0.9998131510691648	0.9999643745781355	1.0	0.842982672244512	0.9999999999999999	0.9999289201106315
0.016997762532532046	0.9999999999542638	0.001003897247502758	0.9974271580314203	0.9999898060652768	0.9747918775600488	0.9965473236767599	0.9939113233426874	0.9864139522611175	0.014282731410103167	0.8425939783407103	0.998374717628514	0.9994418292423897	0.9965533025233825	0.9999999832323504	0.9999999993794307	0.5506049250536803	0.9999999992418517	0.997860894276991
0.9467952055982546	0.999999999992586	0.0019933967104912576	0.999789959387807	0.9999999679058958	0.9906259300192674	0.9852676602353541	0.9630619913780278	0.9766368188932093	0.9852370466469017	0.8949447649335085	0.998293986916194	0.9968932935333469	0.9653257258775065	0.999999964188276	0.9999999999797679	0.9517080715501774	0.9999999999830109	0.9900928367335166
0.2779339794546828	0.9999999218365055	0.015429514505833297	0.9869014605523191	0.9999928619659995	0.9726774362797257	0.9729281918647534	0.9629467187711258	0.9755075747549022	0.9784114965613154	0.941428653940525	0.9956991012645386	0.9918878858972183	0.9846227349723667	0.9999922129006675	0.9999999986808905	0.9032574385903729	0.9999997902442187	0.9325378479349766
0.006509420571185198	0.9999999999999987	0.0016904786538115002	0.99959748416568	0.9999999999915422	0.9942214641638166	0.9925720464197095	0.9359838577374247	0.990816676143355	0.9943422349388663	0.9676928310159293	0.9985500550617121	0.9999769562876581	0.996766833481172	0.9999999999623302	0.9999999999998496	0.7551842764767589	0.9999999999995118	0.9988166091733025
0.035213244234639285	1.0	1.7257811034676607e-06	0.9933661820241109	0.9999998528162165	0.9811618726767934	0.9915791699522404	0.9937393568831431	0.9841469379617163	0.028937640008218746	0.9862670674887295	0.6045292678820788	0.9998221157779786	0.0041966733634403175	0.9998906772524662	1.0	0.6847927309371222	0.9999884016120024	0.9857524449964523
0.09767524829646057	0.9999999999999996	0.17673966897551963	0.9997025804537277	0.9999999999718259	0.9993342737769568	0.9983627665920984	0.9987164727320975	0.9990577935411648	0.9941599157945018	0.9357185148194005	0.999530578835971	0.9999996270522632	0.9991401241886917	0.9999999999998006	0.9999999999422253	0.8577249695080349	0.9999999985487908	0.998569876558343
0.036348137935444655	0.9999999999999997	0.0972137473709884	0.9989622719317466	0.9999999999564307	0.9976274857868974	0.9953392545678904	0.993571563025156	0.9844166417812673	0.006762869553536444	0.9693781295790922	0.9459366748299252	0.9999754989468752	0.9892599442691069	0.9999999984644796	0.9999999999416831	0.7905700455579807	0.9999999999998496	0.9646845966486282
0.029529641374517412	1.0	0.018056918895002758	0.9990026796584549	0.999999964188276	0.0609434725389294	0.9958917222105736	0.8979551419292681	0.9670440250504966	0.9903634980043426	0.7971446856487503	0.9999999361877252	0.9998370961968303	0.9973244556490504	0.9999984715115069	0.9999999999999987	0.9779117253313313	0.9999999999999325	0.9736311404839675
0.037921982547677646	0.999999983662584	0.003390399003925973	0.9843213808198127	0.9999999553516922	0.9873748045695624	0.9638178158890883	0.9224491724634264	0.9363143291772841	0.9468884934739793	0.8474295854486735	0.9999999986124342	0.9994453533727343	0.9999999975720197	0.9999999072887844	0.9999999999778713	0.8514368890716592	0.9999999982127749	0.9883349160635283
0.004443893096287566	0.9999999999999777	0.003912386943083393	0.9996094381748466	0.9999999999996653	0.9973521997250326	0.8735869119793753	0.998880083479039	0.9975182450539777	0.03320181932589539	0.9682418874940638	0.9997056960555933	0.9999520083431496	0.9973923139919817	0.9999999994090183	0.9999999988663663	0.9230903470640268	0.9999999999992877	0.9994263730711781
0.012689565961943705	1.0	0.0005627216410653002	0.9999616008321704	0.9999999831445304	0.9999999571521855	0.9998373874005858	0.9928498729630233	0.9997504427440702	0.9967269128791478	0.9883688990799561	0.9999478322391911	0.9999999757590584	0.9998552851739644	1.0	0.9999999999989115	0.8639573730979317	0.99999999999999	0.9999210554756449
0.05372321764525513	0.9999998617674918	0.009665434047958651	0.9891075347558674	0.999675969387476	0.918015261157846	0.9792160725197915	0.8787470052970211	0.9638473321521673	0.9362088124208741	0.9397770558890615	0.992789186408776	0.9956446276844857	0.9877642720636268	0.9999888149438424	0.9999899194715547	0.7949898332660421	0.9999999999674251	0.9647450102866307
0.06638249652436645	1.0	0.006283189426121744	0.9995201098965354	0.9999999999817534	0.8081129050953062	0.9996737280383152	0.9984783113886881	0.9994962769945809	0.5002245810241259	0.957084572515409	0.999999999999906	0.04541426848936203	0.9999999999999708	0.9999994702792753	1.0	0.9882160322630565	0.9999999884505709	0.035001798397302886
0.08062723101050073	0.9999999999979792	0.01104228991248253	0.9985244908668647	0.999980643606541	0.016671420266649806	0.9897440682482914	0.9941938965540629	0.9961699482908788	0.3785164279816692	0.9573523401500487	0.9991168345880662	0.9998231451160313	0.997272026205891	0.999999361024386	0.9999999931757965	0.7020016038329209	0.9999999727498904	0.9972703215779374
0.9999939800921219	1.0	5.1073338558360604e-08	0.9853284529660205	0.9999970361020943	0.9347833615678443	0.9913506936054015	0.772086496576684	0.9965426773646116	0.9998198656981255	0.9323317978276506	0.9999604800021361	0.9999978019302436	0.9857049273302396	0.9999999975197071	1.0	0.979543238504122	1.0	0.99803302141078
0.0017437945195895033	0.9999999911300592	0.019502420527164527	0.9862266155462753	0.9999999938523717	0.9999921299876874	0.9926542459334555	0.9971284112048447	0.9982767780404064	0.919948388198467	0.8896092641612092	0.9958516557842526	0.021060942205459066	0.9955951615026498	0.999998835750282	0.9999998244495588	0.9232490478681937	0.999999990650571	0.999998167528237
0.03907924297067711	0.9999999999999593	0.09220891817852073	0.9946911976877073	0.9999999999997228	0.997518855659059	0.9976193851228856	0.9981356601345481	0.9991738440998751	0.0031521434124216485	0.9787421097983902	0.998156415994989	0.999999996374463	0.9991747309082516	0.999999997621169	0.9999999999999917	0.4360436638383743	0.9999999907896644	0.9993340336858283
0.018740139340945317	0.9999999999999997	0.08883243574213073	0.9998423036395169	0.9999999999999464	0.9994597113706116	0.9996552941228822	0.9993506129898164	0.8778247181735984	0.004796336103489396	0.9750249234237198	0.9986685759092747	0.9999999968660742	0.9988225799836408	0.999999999852792	1.0	0.009958628558605964	1.0	0.9982957015673452
0.021283094812172387	0.999999999999998	0.09199373406328747	0.9994425735934672	0.9999999999996807	0.9958544760229423	0.9992194336043162	0.9986560096143833	0.9989307631184902	0.990199944038205	0.9826591796176097	0.9997325079832222	0.9999955184169479	0.9996254993176986	0.999999999928091	1.0	0.8813706490528392	0.9999999999999758	0.8731492556320625
0.018370992608890524	0.9999999999988612	0.0014891907863408965	0.9978413376368328	0.9999999999881661	0.9989296896451046	0.9989237297618749	0.9981530982184651	0.9910780326663509	0.04435806737652492	0.9402682315783224	0.9995470726338749	0.999998687104469	0.9981553590730776	0.9999987801258733	0.9999999999938701	0.7472102714901101	0.9999999999979792	0.9985181322131622
0.016266174295090585	0.9999999996688714	0.0018191304553002857	0.975042567141479	0.9999999999778713	0.9956364148025707	0.9999958480555232	0.9999993681320399	0.9906699546538151	0.0032128739521115612	0.9692710273758103	0.998272931417218	0.9979072085124929	0.9972857825994138	0.9999999999291416	0.999999986329994	0.35690904354408126	0.9999998477290156	0.9982969765221238
0.36912067839059537	0.9999999935799597	0.004632904087991177	0.9997468487833472	0.999999999998073	0.9999934487250477	0.991034810629309	0.7577565338163674	0.9818824950205317	0.9719452125242104	0.9244064426635192	0.0	0.08546219097312568	0.0362632487287341	0.999999802369361	1.0	0.9277357574118636	0.9999999992789101	0.9747163669022718
0.08960001474987012	0.9999999999998687	0.01386140621916071	0.8317970025368512	0.9999999926654335	0.9942611197374571	0.9910137447888555	0.9498324026306629	0.9775749538171177	0.8509676336435336	0.9284730571109673	0.9986740379919452	0.9989487489398559	0.7919167642104249	0.9999996987793055	1.0	0.8261134319132123	0.9999999999996954	0.9486474445960643
0.9630860298775152	0.9999999999470666	0.0023338953638182003	0.998307703902257	0.9999998898810251	0.9925018894796228	0.9859042690033072	0.9950105493866531	0.9808192095609052	0.9762942256373183	0.9718520995698452	0.9992395996605866	0.9999340916669276	0.8363601870276678	0.9999999849327509	0.9999999999444519	0.8618183789391152	0.9999999983845806	0.9944079935406578
0.014844742356273088	0.9999999998371668	0.004982917034273782	0.9980153489200667	0.9999999553516922	0.9890742763108008	0.9971367235342402	0.9872460453115	0.9966773262192452	0.9826468796879461	0.8600207045014896	0.9954354919956866	0.9997565375476797	0.9967950917211401	0.999999999491754	0.9999997454202718	0.9322859055203988	0.9999999142172846	0.9866979367396207
0.002043008327265783	1.0	0.014413186983117901	0.8909655623403605	0.9999999999994271	0.9987970784808394	0.9999873066173792	0.9993752562390528	0.9995681326870641	0.9995121863282233	0.8311022008652715	0.9999293541074057	0.0018823395226792439	0.999697122802892	0.9999999999999624	1.0	0.9387257167109523	0.9999999999999892	0.9998980189120741
0.9922152469303023	0.9999999999958721	0.012790779254978124	0.9987355383105123	0.999999979683043	0.9973097847216871	0.9980768879252901	0.9969003687049582	0.9999985202908642	0.9932233809503432	0.9429836060653817	0.9990345114776453	0.007879893323779696	0.996921030763754	0.9999999999050313	0.9999999999995558	0.9382082198116314	0.9999999998524061	0.9990994403831959
0.010744424687974208	0.9999999999999999	0.00019066791520729043	0.9993698878300412	0.9999999999998006	0.9989383170500716	0.9987812166856601	0.9569519854745616	0.9992794021650484	0.0232233331374746	0.9809773072350018	0.9996988157841301	0.9998580402632052	0.9983327575062264	0.9999999998594766	0.999999999999998	0.6594338951571297	0.9999999999999999	0.999813112055786
0.2587485883824454	0.9999999528071583	0.003402166124962247	0.9966954232436485	0.9995447945899807	0.9883042662018703	0.9988999842119096	0.9507927004162304	0.9768506891953191	0.9799411934993411	0.9517934597848172	0.9850066311967878	0.9992885174490526	0.9446193115924968	0.9999933618514107	0.9999999920148336	0.9257101322689218	0.9999999813336344	0.9914269255925774
0.9927552020210915	0.9999944721526236	0.0020737226884007948	0.9984815724112965	0.9999999993794307	0.9780304053237474	0.9999100410289739	0.9999974684493045	0.9910758090541767	0.9490471333798524	0.8841829551544447	0.9935149174419421	0.9999469559002535	0.8562078929774937	0.9999999294322109	0.9999999869254547	0.9277357574118636	0.9999999999881661	0.9967912872277421
0.005276508186637718	0.9999999999999315	5.2581700421661104e-05	0.999746513057147	0.9999999999999833	0.9992603308516328	0.9993437817319178	0.9999999999050313	0.998049671862476	0.9944933596824153	0.9847277072848728	0.9999264707167059	0.9999998989450346	0.9991094771289246	0.999999999999352	1.0	0.8438969428003291	0.9999999999983868	0.9959690011361156
0.014282731410103167	1.0	0.0	0.999950945235517	0.9999999999999183	0.9980660789430386	0.9830300930359813	0.9820855055953402	0.9983400298981654	0.0005736495071587688	0.944891895392919	0.9999772913648928	0.9999999937170039	0.9994921894926443	0.9999999998393596	1.0	0.6933503792988234	1.0	0.9988051398401636
0.15667429782649955	0.9999999999952062	0.0007224366471959565	0.9999261703020963	0.9999999999998185	0.9891220976370785	0.9997920480493288	0.9813473703048224	0.9913758721765893	0.0005520005545682771	0.929618873250645	0.999850313186993	0.9999986857366395	0.9965648456788032	0.9999999999817534	0.9999999999958993	0.7735462736210776	1.0	0.9914856312067817
0.17468055276632172	0.9999999999979583	0.00015409735827243143	0.9674791728769219	0.999983499972614	0.9873546770239225	0.9952915977764165	0.9673815825578996	0.922680828164773	0.9185123428584538	0.8664608136863658	0.9974380605221221	0.9995248532969683	0.8864360795841327	0.9999989871386469	0.9999999993479353	0.8814052765864138	0.9999999999804459	0.989512364492967
0.04541426848936203	0.9999999934682903	0.010211439931929425	0.9970209474150931	0.9999928669576945	0.8729291769805647	0.996506904517625	0.9878877670085332	0.999979711895311	0.0992767181721399	0.934033548320643	0.9989830352570407	0.0609434725389294	0.8746373916283784	0.9999294500000349	0.9999999999911269	0.666896440119274	0.9999999991186536	0.971585830362328
0.029529641374517412	0.9999999999999221	0.0003280491932843299	0.9988267775754766	0.999999999965809	0.998658733577948	0.9981924004147276	0.9904983074641692	0.963078290349726	0.03139258042052573	0.9725791600612644	0.9999552712721812	0.999991527045788	0.9974613093570105	0.9999550681451955	0.9999999999999354	0.914983143449571	0.9999999999980799	0.9979133548857246
0.09418202360161088	0.9999998137551327	0.0009633616856681293	0.7335003868664604	0.9999996378580703	0.9853480247576039	0.9795896789930377	0.8702426796937355	0.9872903974514071	0.03711410375328417	0.9284730571109673	0.9936316014492282	0.6409909447058374	0.051413504495745666	0.9999774675436581	0.9999999999999861	0.051413504495745666	0.9999952985059491	0.9999314059262487
0.029126887704749582	0.9999999999859499	0.0901945896061485	0.9998903756164722	0.9999999988663663	0.9966442547448124	0.9986851938212259	0.9996667937097682	0.9974595475597521	0.989780692612182	0.9711836912209187	0.9994420386751154	0.9999912200207839	0.9992731760948258	0.9999999199591265	0.9999999999940465	0.9668879639771493	0.9999999999952494	0.9988914501989636
4.956776367626148e-05	1.0	6.921907963253204e-05	0.9997272655283285	0.9999999966973327	0.7932305387206909	0.9999285696687062	0.9995304237372836	0.9989770936771738	0.0009359987485330068	0.9277982179860823	0.9998130845924909	0.9999996804910466	0.9996047421785924	0.999999999998073	0.9999999999797679	0.5684427908040248	0.9999999999999576	0.9999061411563198
0.1540705426316074	0.9999999999999984	3.340444230526263e-05	0.9999680872051321	0.9997729651723497	0.998874885751746	0.06150946237241495	0.8718184353036239	0.9990039731552134	0.9910385899211619	0.9224491724634264	0.9999999038859306	0.022782804436725757	0.9999388489977501	0.9999906948378209	0.9999999956924382	0.8030769098578014	1.0	0.9962037416772733
0.030345662434098614	0.9999999999998977	0.0033232427910345336	0.9996128093154988	0.9999999989750793	0.9654049016032908	0.9993374321104412	0.9861755619233753	0.9949936206113531	0.0043599086970365075	0.9858057066959292	0.999469172793692	0.9995477812398001	0.9992547400604135	0.9999999919841053	0.9999999999997289	0.5748349234356107	0.9999802810176244	0.9842363780291394
0.057391158295373446	0.9999999999999758	0.0021109818606619424	0.9583592026433808	0.9999999980202915	0.986457855462821	0.9924129908966218	0.9584966311140248	0.9786917063785463	0.6159806488163824	0.951217758426763	0.9955833485627247	0.9985616673349554	0.9886832391828713	0.9999999996229146	0.9999999999789136	0.8884757611114509	0.9997729651723497	0.9785557784621204
0.07593821966091585	0.9999999993959435	0.7756434146024669	0.9958559098890382	0.9999999996907603	0.9812786600435721	0.9963423780735953	0.9907612836248869	0.9954121630608952	0.00936049196682509	0.9560014510664439	0.9467803409861154	0.9995675835095507	0.9914752036690201	0.9999999871576023	0.9999999954988052	0.04651296915595282	0.9999984715115069	0.0062655101680149095
0.003888309907980614	0.9999999999906911	0.11567019753754586	0.9969892706721042	0.9999999878217078	0.9944703666978286	0.9957007478356499	0.9243424845310267	0.9775446988087243	0.01070418007433327	0.8968915204750475	0.8804011976796418	0.9999674206320471	0.9959795069747107	0.999999999491754	0.9999999941645112	0.5850126559937228	0.9999999501115885	0.9143008282912801
0.023236453908564214	0.9999999982376414	0.008031999401317158	0.9983369621849597	0.9999999999911269	0.9927138063382164	0.9933082514070454	0.9880390217672338	0.9786917063785463	0.3911381051359541	0.9567156128533456	0.9995042387736018	0.9989075915031103	0.9729913716820556	0.9999863832774766	0.9999999999940385	0.9538321860809064	0.9999998579027999	0.9974462266836807
0.06614318268603595	0.9999253411457437	0.014672337563789148	0.9704989750366838	0.9999643745781355	0.9393649101683494	0.9753741518125737	0.9746606471868691	0.9999074716479712	0.8787470052970211	0.9335194606317094	0.971476803898284	0.9962393985353708	0.9610637504185693	0.9999597378059653	0.9999962956528679	0.8125539403005899	0.999983499972614	0.9420124208369172
0.0011260491370047587	0.9999999999903468	0.00030365517991182145	0.9973857882267698	0.9999999680700974	0.9943532498306697	0.9982654861993929	0.9895680514527546	0.9962680911076018	0.000810627524105545	0.9476393963740548	0.021390597044742776	0.7656012764046025	0.7528126843129315	0.9999999999542638	0.9999999999444519	0.5809185875435277	1.0	0.998905286505215
0.024411362870837006	0.9999999999997095	0.015555804778082286	0.9981415290244546	0.9999999999928735	0.9947459412286958	0.8794141067427896	0.9366551353879433	0.992720315360377	0.9586974266594959	0.9249321442063548	0.9985827004663363	0.9997240124599455	0.9988333822852512	0.9999999573457111	0.9999999999993207	0.9308123466342287	0.9999999720810111	0.999297855439106
0.9917232858011533	0.9999998144018274	0.00242395145752837	0.9994246145852048	0.9999521712044309	0.9714959582230935	0.86367760902668	0.878193312767132	0.9931706806986522	0.9975129283020853	0.9107871393634936	0.9924543724735324	0.9988454953024527	0.9149837136079609	0.9999996378580703	0.9999999621647728	0.814326915836184	1.0	0.9819237030138275
0.05981035229109577	0.9999999970686587	0.002177727795657905	0.9983410955664717	0.9999999528071583	0.9963950456924062	0.9870660084860031	0.9962824671204893	0.9916499321100607	0.9907159272774938	0.9704989750366838	0.9989378422904724	0.999872842468485	0.9982683257046977	0.9999997675922023	0.9999999998017418	0.8569637851470175	0.9999999999325118	0.9951934751301029
0.009008884199174672	0.9999999792125227	0.011558199386905943	0.9975868747622851	0.999894776829649	0.9860006900609204	0.9673936436151841	0.9943236660913308	0.9951902528637626	0.9733862929262795	0.9317190722431503	0.9950113253030216	0.9996139228952001	0.9919740473407324	0.9999999965229184	0.9999999994096788	0.9886755372122775	0.999999944229037	0.9963827233754631
0.09418202360161088	0.9999999999604591	0.0962529184555031	0.9929473953848497	0.9999999124294895	0.9940734884810951	0.9945487763927456	0.9865332909749316	0.9840722949743552	0.7348762487697174	0.9911945583311915	0.9993883683228554	0.9999324173191477	0.9963963622611419	0.9999683635382897	0.9999999999880191	0.8772622723052177	0.9999997972469844	0.9498891737864983
0.030500701484259984	0.9999999999999994	0.0015547919450613623	0.999953540788491	0.9999999999291416	0.0009095118061700491	0.9847159540294572	0.9981176816463718	0.9716341147965936	0.9868299040826825	0.9544522953010413	0.9999999999998865	0.06725119585354267	0.9999999730894393	0.9999999999999665	0.9999999999592859	0.9515231859047459	0.9999999997941234	0.005783876012518063
0.0033378625215244595	0.9999999999776599	0.09494525779326635	0.9997463998630318	0.9999999989051808	0.999241989339081	0.9988836179821378	0.9969005657094999	0.9980146318035306	0.001212369982633854	0.9713088683286062	0.9998324343398233	0.9998335672691406	0.9617115321811003	0.9999999995835199	0.9999999932384643	0.04541426848936203	0.9999998898810251	0.9968974133839086
0.06414171601739549	0.9999999999998619	0.021545878688238915	0.9998371190058936	0.9999999999997704	0.023952073576872568	0.9996794353615037	0.9990731768529958	0.9960356585713976	0.9787305072114104	0.9262739322102154	0.9999627006086772	0.999999983228925	0.9998033717142935	0.9999999999179967	0.9999999999880191	0.917713225468897	0.9999998894402448	0.9994233911569855
0.033045765127693874	0.9999999999996775	0.0026181990474197503	0.9908515419543521	0.9999999999930169	0.9983369555111833	0.9998298843107544	0.997921911027442	0.9978656131871919	0.008670609349043623	0.9500859983574399	0.024073379331049805	0.999702673935801	0.9981435067233012	0.999995714475553	0.9999999999999998	0.9331179441069696	0.9999999999759487	0.9961694043194802
0.050103110653903715	1.0	9.493176564956407e-06	0.9999262802007362	0.9999997635652682	0.9950534823298731	0.9996466709901248	0.992157231264621	0.9515040430497715	0.6145007673464855	0.9379969484905523	0.9998096055554336	0.9992987609676917	0.994874956597433	0.9999995790145275	0.9999999999999962	0.9086310866579247	0.9999997217658882	0.7486648542568832
0.09022372924084676	0.9999999999959532	0.002193187211204206	0.9996382538540962	0.9999974091662961	0.8425225225037609	0.9995470238429323	0.998432283710122	0.9993647705561564	0.9892911300476603	0.9490954467690331	0.9996107393488233	0.9999858274454463	0.9997717940209943	0.9999998384320345	0.9999999998096117	0.8729242799750865	0.9999999996344715	0.021148926491597386
0.0673242406686474	0.999999999988069	1.877672363581606e-05	0.9991308815679778	0.9999999999564307	0.9882686181883532	0.9968903647892485	0.9966642289322385	0.9791301652951937	0.9999441875600645	0.9811868618595796	0.9875234586338584	0.9999719794651597	0.9824993353977705	0.999999961844547	0.9999999999995229	0.8888423039799641	0.9999999999897536	0.9472612297755818
0.013881466084678662	0.9999999999996482	0.0014129745170802233	0.9945262070290717	0.999999999975628	0.9967069849657102	0.9975543120571344	0.9795059029038546	0.9977876237088488	0.938479808789687	0.9718520995698452	0.9960457329779899	0.9999965681717694	0.9928476961600793	0.9999999165259958	0.9999999999767769	0.05423997689568871	0.9999956616103033	0.7653583223710323
0.00031254086757859234	0.9999999999999782	0.010073734880325924	0.9999133090132084	0.9999999999998185	0.765950535924678	0.9995012941558898	0.9998815022735644	0.9998508676671439	0.00075097748668429	0.9385941227402194	0.9986127156658647	0.9999999984780906	0.9997065265220204	0.9999984425429128	0.9999999999927381	0.0510994418166949	0.999999999999263	0.9999999849613871
0.020652503680099965	0.9999999993794307	0.010584850329307158	0.987541104374947	0.9997746803076034	0.9995211204326648	0.9979080165958276	0.9999814549256044	0.9906222410917531	0.9850940273300605	0.9277544212536153	0.9998565319650193	0.9992189048346983	0.990674595896647	0.9999999780602146	0.9999999954988052	0.9553974769507496	0.9999995635693518	0.8364409862568436
0.025119387769248144	0.9999999999138721	0.004277512203078704	0.986905142783308	0.9999996797871544	0.9943903593095403	0.957664105858425	0.7687977140834831	0.9912555589080299	0.023699874211677185	0.9564474633116014	0.9980962846857941	0.8779476787909115	0.9963950093542094	0.9998452312934516	0.9999999904246216	0.6999323049566941	0.9999922129006675	0.7476075760735192
0.021904391632402542	1.0	0.0007176594890890842	0.9999431995043503	0.9999999999999144	0.9994351071630407	0.9961020364647385	0.9631243256729606	0.9999961677058731	0.0021109818606619424	0.9523929068959474	0.9971225649975293	0.9999996713377772	0.9985449080941882	0.9999999991319893	0.9999999999999014	0.6367384116273926	0.9999999999999999	0.9902768401369814
0.013233528357472824	1.0	0.003334189607305138	0.9999324138302473	1.0	0.9995553669214193	0.9999349175510601	0.9918344144304564	0.9984457601500866	0.9990900950588301	0.9238618494617903	7.349310204851633e-08	0.999998755978415	0.8377843247958532	0.9999999988558363	1.0	0.8496891949722507	1.0	0.8733315458910694
0.021060942205459066	0.9999999999674251	0.0081870643421732	0.999470147994129	0.9999999776722523	0.9517279066254009	0.98657901381482	0.9718018055512416	0.9671465521032208	0.9976350183057093	0.979264800750033	0.9995348242770395	0.999322632530229	0.9973152966524098	0.9999999864562089	0.9999999999604591	0.9455909443523882	0.9999999999325118	0.9919353236351562
0.0244871140354834	0.9999999999999873	0.010253674865606854	0.9235288345057776	0.9999999017832254	0.992060727475906	0.9988265523355258	0.9932819843728176	0.9707055850464856	0.0036025971355646558	0.9382082198116314	0.9994498524392563	0.9998574404187519	0.9966497000468308	0.999998835750282	0.999999999990779	0.4669608176030673	1.0	0.9973409915147465
0.025566057224950423	1.0	0.01212779537526798	0.9997024136382339	0.9999999990254026	0.9979894646068729	0.9987938249884697	0.9929699064070919	0.9960627136804113	0.9891126353725929	0.9077315801702281	0.999866721389578	0.9999519419859918	0.9990152833973558	0.9999998344973116	0.9999999999992533	0.8594096146806989	0.9999999999998097	0.9975820789313922
0.06725119585354267	1.0	0.002931061582141556	0.9842981158477434	0.9999997332558475	0.9980469373137136	0.9934093413538991	0.9824563060419254	0.9467952055982546	0.991500099344977	0.968600650888458	0.9953976174552938	0.999943987490629	0.9974600559391341	0.9999999124294895	1.0	0.7844258406178406	0.9999999999999609	0.9918638653956655
0.05169359047323929	1.0	0.0004732235923043948	0.9996392281937403	0.9999998972465625	0.9949978070672535	0.9605426976997015	0.7633683503397322	0.9993501017480036	0.0027579356773475006	0.9586367623821859	0.9995444513090679	0.999967329025732	0.9939917443964348	0.999999999196623	1.0	0.7515722409428074	0.9999999999939507	0.012475939215448428
0.7454518882218275	0.9999999999999961	5.15574695502119e-05	0.9999325294532025	0.9999999999999998	0.9995771258009267	0.9990027484799207	0.9998783950949187	0.9995092971083154	0.6949026992166566	0.9895709140100691	0.999848998590563	0.010301467399853492	0.999734509934032	0.9999999999758382	0.9999999999999696	0.8758085957903231	0.9999999999999987	0.9998557074761188
0.01609022092971768	1.0	0.00012440212415421037	0.999696093850979	0.9999999998959918	0.9978745232172376	0.9999220502900765	0.9991756197958714	0.9987607899425965	0.0005210393901697863	0.9806684166675294	0.9992934920497594	0.9998740044180182	0.9991557936499962	0.9999999999979792	1.0	0.7513922856450508	0.999999999999998	0.9994463544172323
0.01801719511510902	0.9999998972465625	0.002803447891040853	0.9971936621459143	0.9999999577540283	0.9972825090902943	0.9904081827994015	0.9967852039013514	0.9969386723875311	0.36396496444992293	0.892540230242372	0.9906672545574534	0.9999042374075067	0.9968596865140814	0.9999999996585395	0.9999999999817534	0.8880967531346645	0.9999999958332902	0.9952909700734915
0.0029204680200861644	0.9999999999714275	0.008031999401317158	0.9990537423387851	0.9999997773280502	0.9587757714207724	0.9981868649177041	0.9978377421251283	0.9872359591819753	0.9910646669918614	0.8344234120774693	0.9996099275481016	0.9997685294643749	0.9971361414067733	0.9999999172726908	0.9999999999998496	0.9433176428048946	0.9999999999923151	0.9981916630166162
0.016330883558847153	0.9999999996513145	0.001189376285894772	0.9999667932134074	0.9999999989221143	0.9895509793906476	0.999066970265361	0.99882465335398	0.9929354147795387	0.9922159438226129	0.9782187001599723	0.9976966256634915	0.9999944074383172	0.9928594714802964	0.999999999491754	0.9999999995808546	0.9015610612566868	0.9999999999956702	0.9906184655000184
0.006147017386140652	0.9999999999999679	0.0024188375792960487	0.9986808768139094	0.9999999931757965	0.9951569890967724	0.9989636043172558	0.9968594779188176	0.9859106645870187	0.009725975828536182	0.8912936692104203	0.9996938671682492	0.9999987781446732	0.999058612020035	0.9999999957257912	0.9999999999936543	0.8617496573347415	0.9999999999960644	0.9999948419514649
0.08717491470182692	0.9999999999998088	8.393000293649422e-07	0.9999295779862871	0.9999999999999976	0.9999593618307068	0.997952193146008	0.9962533666139308	0.9956077993582824	0.9898400749048525	0.9666188194038208	0.0018789177648312894	0.9996731152482415	0.725574626466621	0.9999999885599681	0.9999999999999993	0.9033872870193927	1.0	0.999830650579659
0.014560952507469693	0.9999999999856571	0.007440755939376875	0.854847478984676	0.9999989164953109	0.9971186913632352	0.9964370175180289	0.9884702357757646	0.9216947048417643	0.9333508632861734	0.9651937642590984	0.99779392510973	0.9990224017541384	0.9905758647422624	0.9999959929337674	0.9999998898810251	0.8921175236218514	0.999999998745916	0.9242986630336857
0.03711410375328417	0.9999999999998065	0.09263407648879525	0.9956521305379206	0.9999999528071583	0.9958597812698782	0.9944052170030248	0.9800712267208603	0.9613289855052504	0.9864738922451565	0.9514840546441673	0.9985736378607869	0.9999644362550486	0.9963702820174106	0.9999999755535297	0.9999999999488148	0.9561174496813151	0.9999999999970433	0.9887873702171099
0.1535036482983714	0.9999999999509056	0.00454060121585384	0.9851783130968964	0.9999999998726081	0.9128435914562865	0.8396660901851698	0.9987230488125178	0.9644098065010905	0.9434611222811882	0.9575488429276847	0.9999065060890773	0.9999592246989333	0.9985800719691358	0.9999999864562089	0.9999999999999997	0.8400604177372326	0.9999999999999886	0.9965931846703114
0.08717491470182692	0.9999999916199459	0.014560952507469693	0.9927954292158991	0.9999999172726908	0.9616917778024685	0.9878190938713581	0.9942375354362093	0.9956586404863846	0.010105903170244401	0.9570623990730622	0.9961391234052319	0.9999612406473825	0.9946118043597326	0.9999999985403623	0.9999999963390933	0.4567703626652692	0.9999999992789101	0.9966168538528477
0.028359276203330563	0.999999999998863	0.003603019894150586	0.9961790622093779	0.9999999952594872	0.9912361683240271	0.9942000626317827	0.9075093403387913	0.9861451144117747	0.9532615915038339	0.9730919032658979	0.715100917093514	0.9999670701574146	0.9967505242899508	0.9984830284297784	1.0	0.8914751914860087	0.9999999986742266	0.9977229603747024
0.00048680460142258575	1.0	0.09294027391570846	0.9999704452112975	0.9999999995043702	0.9991117464183819	0.9999666955789244	0.9999505561028845	0.9998110853373111	0.9975473935959797	0.9675676142990806	0.9999593131423603	0.9999999982372377	0.9999287447101325	0.9999999997344586	1.0	0.9330470260680204	0.9999999999999268	0.9999879550595787
0.09030442159477292	1.0	0.000455340895894607	0.9994466835884096	0.9999999999997704	0.9914578169593194	0.9994196155277818	0.9998334527115428	0.9835810266969893	0.9744836409539359	0.9774563578774491	0.9998393704447587	0.9999984398956094	0.9985700858017973	0.9999999916199459	0.999999999999998	0.8433093619542359	0.9999999999982476	0.9990469929140231
0.15556871215417004	0.9999999999999999	0.001189376285894772	0.9982629789279829	0.9999999999998496	0.9387557432091818	0.998480223162035	0.999563002197637	0.9955252050732226	0.001212369982633854	0.950936722725707	0.9989069986622261	0.9999992565585509	0.9983001766644579	0.9999999999584942	0.9999999993676792	0.5921008847130703	0.9999999999992171	0.9999934596467008
0.14384023639150167	0.9999999999999997	0.002078662487402891	0.993094293470245	0.999888072008022	0.9971308698925886	0.9982519879920178	0.9987450296742576	0.9835251445070753	0.010911486988076646	0.9587743578400936	0.9993602677429786	0.9989056985587348	0.9866707060834574	0.9999998763950049	0.9999999999982476	0.5899609286228644	0.999999999968964	0.9976296801237663
0.09205629023509498	0.9999999999985225	6.399611086949086e-05	0.9999999999387749	0.999999998807686	0.7804668447277354	0.9728350743536396	0.7969328772210746	0.9969219914642479	0.9954184953589738	0.9681154827232609	0.9985222158924197	0.9997707640572505	0.9985264225702963	0.9999999994657673	0.9999999999995959	0.9879162164724046	0.9999997534256349	0.9990006636076166
0.007440755939376875	0.9999999999834293	0.0093953261922302	0.9979947855697334	0.9999999901444524	0.9876052956072161	0.9998977908416007	0.9999981395154787	0.9959936742162635	0.008031999401317158	0.9555900906487781	0.9983543522530551	0.06968315639162304	0.9997978855189497	0.9999999679058958	0.9999999947410608	0.6829298781963788	0.999999964188276	0.9954819486354147
0.000541482352959477	0.9999999999999992	0.0007652705110735569	0.9985358280678925	0.9999999553516922	0.9898488434829569	0.9974871431822695	0.9422919773676477	0.9923670651023463	0.0007507192762156167	0.9821692237003007	0.9996469425132023	0.9999970225813943	0.9964751877451975	0.9998915568190473	0.9999999999789136	0.55780554082173	0.9999999985403623	0.8769303076570834
0.01601124446942992	0.9999999999988105	0.009623280771116405	0.9987965625820545	0.9999988232342419	0.9909963487085423	0.9994417791636226	0.9988518344688603	0.994865729844192	0.9969673539477286	0.9282305658059601	0.9995017697529013	0.9999890753466025	0.9984522159591792	0.9999999998017418	0.9999999999983289	0.9217378562565632	0.9999999999897536	0.9991516343420707
0.05021557141808497	0.9999999999999998	8.4095752032054e-06	0.9816519897560033	0.99999999999999	0.9983410955664717	0.9998647959360573	0.9777355044212818	0.9971588524120739	0.9831451539811764	0.9325378479349766	0.999935661352533	0.9999999877082416	0.9994701104461248	0.999999999965809	0.9999999999999608	0.9489206566736327	0.999999999999998	0.9995932083977364
0.06968315639162304	0.9999999999985506	0.0006819860957621993	0.9913079921575103	0.9999906948378209	0.9918046683166171	0.9589446154682943	0.978602059224908	0.952596205301897	0.9748798374833816	0.8787470052970211	0.9986161513706725	0.9993743255569313	0.9841052271893799	0.999996826220302	0.999998225098279	0.8558274635307116	0.9999999345323345	0.9992272988247637
0.02427605529163468	0.9999996355153992	0.019476659676670893	0.9999125299378436	0.9999999999488148	0.9593403943259411	0.9877883017078932	0.9690767806104296	0.9974489696551201	0.98728105134477	0.8855444611507114	0.9996678000365306	0.9998525157550967	0.9918638609690095	0.9999999850522505	0.9999999998729132	0.863614306837782	0.99999796812631	0.9995042069549126
8.585544220995889e-05	1.0	0.09294027391570846	0.9993163299441814	0.9999999999999997	0.9999999979693373	0.9999931369189902	0.9996989813852171	0.9918028236430687	0.9951200863972022	0.9730179914295272	0.9999126865962839	0.9999987780634536	0.9932033843146008	0.9999999999890602	1.0	0.8896739648366858	0.9999999999999868	0.9997918095369726
0.04526546419175803	1.0	0.001626566158842005	0.9999999999985506	0.9999999963917234	0.9985555428005877	0.9932576122437529	0.9663392349759805	0.9999998763950049	0.018732054580822055	0.95810334896825	0.8694246335067785	0.9997526839879547	0.9924114951828172	0.9999999989750793	0.9999999999958721	0.8225538366882807	0.9999999999641122	0.9982661310543978
0.0027057895096611606	0.9999999999856571	0.009008884199174672	0.9988475564653351	0.9999998439399624	0.9955860095449468	0.9957816188229198	0.9611756491475655	0.9979711118517473	0.9888774900074166	0.9640792993184765	0.835256079047017	0.7728592131607395	0.9768668406382806	0.9999999999704299	0.99999992506563	0.9315318643857936	0.999999999770135	0.8632567576000033
0.06141379915729783	0.9999999932886057	0.1059922833228276	0.9829131918216595	0.9999974091662961	0.995374620473029	0.9960758812315175	0.9977132336050825	0.9956188683206113	0.9898024672107274	0.8255202921126468	0.9593948899203623	0.99980426892371	0.9956765493685307	0.9999996330965958	0.999999997168909	0.9021573195578753	0.9999979554532882	0.0018823395226792439
0.26518578395160103	0.9999999999789136	0.007730688277595599	0.9980297509069748	0.9999999963390933	0.9961373535489075	0.821442885725789	0.9979913771642747	0.9945584128982381	0.9951949255370459	0.9641644139175869	0.995182929235111	0.9999030887617913	0.9954535559630895	0.9999999959410962	0.9999999989750793	0.9836346816165091	0.9999998763950049	0.8971670266151445
0.06598769975278496	0.9999999999999512	0.09131095092644642	0.9997190912952502	0.999999964188276	0.9985670120686263	0.9988536817826036	0.9955618031253404	0.9823875915618142	0.9908750900580766	0.9645587115475837	0.9997587557953389	0.999987897688755	0.999478811225073	0.9999998833425023	0.9999999999958721	0.9408209553256172	0.9999999999285429	0.9975473935959797
0.048852985416336314	0.9999999999999808	0.0011668165180993562	0.9989409457420826	0.9999999824408857	0.9961042165917458	0.9999999708037701	0.9972869512419631	0.9919060080094124	0.9881559698239692	0.9628642029563276	0.9782652486430481	0.999883924874555	0.9967680084565084	0.9997546139907044	0.9999999999991791	0.7621675508524536	0.9999999999095607	0.9995426839648889
0.02025244401362869	0.9999999623529223	0.11783474333368689	0.9990786796309674	0.9999999600224602	0.9972016289866001	0.9906222410917531	0.9857526007526867	0.9849666661695471	0.987480132747444	0.9343572320941822	0.9996238841117845	0.9999944074383172	0.9961435333415477	0.9999998690112816	0.999999999968964	0.9181461607733806	0.9999999999998811	0.8909062828348114
0.009008884199174672	0.9999999999248727	0.0019556706418656367	0.9985538377022383	0.9999999660998342	0.9902203964168393	0.9958934266591131	0.9982893292360939	0.9817324067217594	0.9930556020768707	0.9683140065231284	0.9991318607330466	0.9998810843849818	0.9980543409629307	0.9997168886136139	0.9999999963390933	0.9993669660784269	0.9999999621647728	0.998308909616957
0.06473340582918563	0.9999999999998268	0.00374272978161172	0.9724226108886189	0.9999999841059447	0.9958082725992606	0.9532633957170892	0.9969501906653907	0.9928075161846746	0.9441351936463362	0.8174428514181782	0.9924807153707755	0.9999895897950509	0.9938863074544807	0.9999999864562089	0.9999999992418517	0.9217662431232552	0.999999999770135	0.9972545923137686
0.03907924297067711	0.9999999838060429	0.0033378625215244595	0.9982970515590474	0.9999999978077951	0.9970786247631532	0.9974041472894039	0.9980596978398544	0.9846385279437654	0.9907294986344429	0.9299630582978478	0.9976837257457408	0.999988487690623	0.9910719789874247	0.9999999901444524	0.999999997692974	0.04765783023956227	0.999999964188276	0.9962483719096473
0.04028044938069049	0.9999999985403623	0.008506308338742663	0.9518222262429578	0.9999999990254026	0.9925839728065737	0.9776103609154573	0.9929820391081717	0.9753741518125737	0.0751766797514305	0.9294134627098456	0.9991113742511785	0.9991684326511485	0.9867483871940018	0.9999748086728656	0.999999999999084	0.9442447589817077	0.9999999989750793	0.9631768813580783
0.008670609349043623	0.9999999999999996	0.0004641967609170239	0.9853284259905934	0.9999999843914762	0.9958934266591131	0.9981206048392883	0.984320578672712	0.9956652572116854	0.9768859247768188	0.9055217847521799	0.9997767784504547	0.9997330259190657	0.8269112449266662	0.9999999988663663	0.9999999831445304	0.8428260167439664	0.9999999999325118	0.9988095939902498
0.039612573364910975	0.9999999999143258	0.0028135901776363686	0.9927113839300105	0.9999999634786844	0.9967487175110356	0.9153103848882217	0.9976624970947484	0.9913720092326235	0.008031999401317158	0.9355394644416927	0.9991527962998783	0.9999999427899909	0.9670897907047924	0.9999987801258733	0.9999999999939507	0.6673743099019087	0.9999999952594872	0.9952123331562428
0.0609434725389294	0.9999999999509056	4.856995477475756e-06	0.9975607707839508	0.9999934487250477	0.9999999600538598	0.9985219806552765	0.9832399772959836	0.9901156674539223	0.9821983038357753	0.9249321442063548	0.9993630658565749	0.9997280808886837	0.9989878389133221	0.999996712052064	0.9999999999248727	0.7753936831961832	0.9999999991595274	0.9820885047891046
0.027185206364546244	0.9999999999947589	0.013480319077982639	0.9985422539160207	0.9999999983004481	0.9961402913261335	0.9948871166183655	0.9990614887760055	0.8673666614349508	0.9328548186890582	0.8964563055544376	0.998533371970622	0.9999298718844458	0.9978423857229036	0.9999999935231222	0.9999987544885218	0.9495511855932677	0.999999998807686	0.9981495205518433
0.03410189679213649	0.9999999871576023	0.009969233501152239	0.9970542562072601	0.9999914935803159	0.05423997689568871	0.9941201590665	0.9830470793648072	0.8546007512734258	0.9808899624385432	0.8787470052970211	0.9970110768663368	0.9959428472341197	0.9783262948439323	0.9999817245428595	0.9999999957257912	0.8802819340236396	0.9999999172726908	0.038754308093637446
0.02628664721566952	0.9999999999999927	0.10114874823532219	0.9986806280069898	0.9999999895339454	0.9988004088929782	0.9990264789947862	0.9998119557596505	0.9800931469959231	0.030500701484259984	0.9700232621939495	0.9990635575661672	0.9999992323095789	0.9989730837661133	0.9999999996411746	0.9999999999623302	0.9326185385866759	0.9999999999999909	0.9988661050293617
0.0609434725389294	0.9999870527282472	0.007406903662709449	0.9626194285687059	0.9999999755535297	0.9953692417981083	0.9913205940606877	0.9521038365903233	0.9913244682837273	0.9466484376750188	0.97484835378459	0.9975924194877658	0.9976779776269953	0.9860148884688756	0.9999988404105334	0.9999999999179761	0.8327541539174256	0.9999999660998342	0.9523523793038775
0.03556641802046889	0.9999460111274837	0.9835464795360374	0.9875849349475397	0.9999999410213005	0.9999999600224602	0.06038677667691594	0.022782804436725757	0.9263351983016623	0.00834514721154922	0.9515806761854433	0.976050557700477	0.999352584000148	0.7948909887158371	0.999999944229037	0.9999998690112816	0.7904712155911497	0.9999999999992877	0.9889379887082212
0.3867067605856621	0.9999999999999976	2.481182083391431e-05	0.9986034416091631	0.9999875254570345	0.9970897921738872	0.9641580755052819	0.9884850399790549	0.9998959022991697	0.9756883836946251	0.9531530110360833	0.9988699811734256	0.9998051927677913	0.9811233872295979	0.9999951692310056	0.9999999999218826	0.9146998985489143	0.9999991137800917	0.9920035200194461
0.013052371767510174	1.0	0.0002102243223667255	0.9999077783064918	0.9999999950799756	0.9992908438875094	0.999533841296272	0.9923396871513318	0.9946748374164783	0.9810554291788967	0.9915882463366883	0.9994959919677722	0.9999993797493665	0.9990404917370985	0.9999998579027999	0.9999999999984802	0.9292737722364066	0.9999999999987429	0.9995805675992495
0.9903000785426699	0.9999999999996632	0.0016350304191131287	0.9993536389513903	0.9999999956924382	0.9988178195942581	0.9971107756922087	0.9996955508484324	0.9979999093693661	0.9969679575630725	0.9551177109316424	0.9998327817980447	0.9992649256869168	0.9991442371714784	0.9999999999999789	0.9999999981410179	0.7917011389035974	0.9999999999993207	0.9995092971083154
0.07231603560739419	0.9999997454202718	0.004542777376042265	0.9981900996897026	0.9999999996750539	0.9961352781127896	0.9986727573915449	0.9896255712298258	0.987655916989793	0.005078916006506451	0.8314494621970845	0.9831846455801246	0.9999756463007825	0.9984015105520827	0.9999991705273985	0.9999999999996492	0.6617073715429705	0.9999999999947589	0.9996201475998283
0.024568657112185158	0.9999999755853258	0.004529496253749432	0.9979098335793936	0.9999870527282472	0.9940702583491825	0.9982264843750812	0.9895910515829063	0.9936263795195819	0.008031999401317158	0.9304847638782197	0.9985335533951447	0.999950310246963	0.9849913189805145	0.999999992809372	0.999999997692974	0.012243922602987567	0.9999999998112699	0.9978912474432947
0.1586894884190489	0.9999999999999931	0.11329489685854378	0.9997401186357998	0.9999999995256936	0.006893289124816793	0.8858567872945716	0.9923224509017045	0.9927487004372519	0.3878029746252772	0.9515313145317761	0.5545488820502638	0.9996655156291174	0.9811888083583011	0.9999932081912903	0.9999999999933677	0.6716731301764847	0.999999959097103	0.9962179953386524
0.06692819240408032	0.9999999996806439	0.002200870549808498	0.9957519189077371	0.9999991705273985	0.9996373769581944	0.9904592395760747	0.999131491671943	0.9964679452202903	0.09727873306093393	0.9448276516285232	0.9975137442837947	0.9999123694803501	0.9946689446072138	0.9999999999095607	0.9999999996585395	0.7810805957616461	0.9999999985735455	0.9986656854857946
0.01635156461128695	1.0	0.009676432255653122	0.9999327506795984	0.9999992298335476	0.9996998516409602	0.9423211574921133	0.9711330604668407	0.9926868426388299	0.840815654990132	0.928404129589685	0.9999998042597567	0.9999999930087881	0.9998349899141463	0.9999999999731555	1.0	0.8960105745540612	1.0	0.9986302033027211
0.24743376944951584	0.9999999999999634	0.010986886106897714	0.9998348861992615	0.9999999999999999	0.88058045594206	0.9995867466017068	0.9887630348283498	0.9996746111811697	0.9862201568991872	0.9560033454125936	0.9999938376736711	0.9999997569938099	0.9953768852619456	0.9999999999924646	1.0	0.8807531020451815	0.9999999999999831	0.9998712019029494
0.9628141187712358	1.0	8.950258523210408e-07	0.9999241477893193	0.999999999968216	0.9995454210175787	0.9999983243152742	0.9996758139542354	0.9986952062034692	0.7159438551096371	0.9941608368254551	2.423274914065132e-10	0.9999999958041249	1.4435008743873823e-11	0.9999999999999993	1.0	0.8723598517423807	1.0	0.9999990127558899
0.00670496527581288	0.9999999999999999	0.09182894668523178	0.9969052953241445	0.9999999979693373	0.9935223859319396	0.9975025904190732	0.9990635486886322	0.9968690854554862	0.9957940113612582	0.980915083353851	0.9801221583479177	0.9999995489526899	0.999276255310312	0.9999999837243436	0.999999999491754	0.9797489956191501	0.9999999989750793	0.9993946951109002
0.05911155854015837	0.9999999528071583	0.026701537317209034	0.9460230046618368	0.9999643745781355	0.9773754163658539	0.9832180394690636	0.9652262010878272	0.048852985416336314	0.9584966311140248	0.9126116426494078	0.9892265229832916	0.999665548202246	0.9865833956582791	0.9999314059262487	0.9999999301926719	0.9039135282125894	0.9998071921524662	0.9420124208369172
0.05911155854015837	0.9999993917570962	0.004616749637025186	0.9974076029888873	0.9999774224960009	0.8676338837893258	0.9912324656518444	0.9954339536109604	0.9893368935254501	0.7260473075428202	0.8602338034244532	0.9959130549923132	0.9999354646215833	0.9955401156840626	0.99999796812631	0.9999977648630803	0.7976472240919109	0.9999999857153588	0.9940740123450897
0.005916735589236666	0.9999999451406125	0.008506308338742663	0.9939467660515983	0.9999999792125227	0.9918222275921462	0.9938688252465798	0.9977106973786973	0.9878984417546496	0.26630620280662143	0.9364124304586773	0.9970542562072601	0.9995475167268822	0.9932609178882684	0.9999999963390933	0.9999999970198741	0.8193373067800295	0.999991732226821	0.9969072104954813
0.9864052763223252	0.999994322606501	0.008334234928141088	0.9954277279908896	0.9999994726687832	0.9919318288069662	0.9901185711879347	0.9980848388494297	0.9949643447432386	0.9890600470863262	0.9211017135556677	0.9964308072386167	0.9972130329090709	0.9871899994449043	0.9999998611621248	0.9999996801516607	0.8445219616137523	0.9998663029171139	0.7391431148353251
0.09418202360161088	0.9999102151744171	0.0023901661889765002	0.9874654100683848	0.9999333137261741	0.991156222975641	0.9859699682735396	0.9955731319256699	0.9999718125779663	0.04049843505266837	0.8377811502113574	0.9651422474737915	0.9983946127939124	0.90236936118895	0.99999446209997	0.9999718125779663	0.7743505105582864	0.9999962956528679	0.9928994502720829
0.09458371796462439	0.9999999999999493	0.08925908120574905	0.9940320842497323	0.9999999999998348	0.9917017633378578	0.9998075686203604	0.9798331765996625	0.9983009583272319	0.976883296764743	0.9834167108282823	0.9999830168548768	0.9999993289678064	0.918606129421676	0.9999999294322109	0.9999999999979792	0.9215528245648846	0.9999999999999997	0.9999702893176432
0.38590143323814485	0.9999999999999927	0.18405404127626274	0.9998777263383062	0.9999999738114498	0.9980583196540812	0.9991489195575997	0.9987165031035482	0.945481161261237	0.9891125308976393	0.9802731346238271	0.9997567551225647	0.9999999823088085	0.9996918278650787	0.9999999994090183	0.9999999999999998	0.8408074250348357	0.9999999999907411	0.9984536565487452
0.9877839272754834	0.9999999990964427	0.0016783798244645043	0.9996794290709747	0.9999999998371668	0.8527763917582448	0.9566524817541966	0.9992254331050828	0.9940734884810951	0.9864953114947316	0.9541249239840904	0.9997306311019226	0.998522655887319	0.997311602759607	0.9999999679058958	0.9999999448194019	0.7535647683967098	0.9999999995256936	0.9992098004173527
0.004982131931726919	1.0	1.1380277459061006e-05	0.9995791581012899	0.9999999999995763	0.99998045297128	0.9967765591954488	0.9999494672853262	0.9992410131972553	0.9976012654541943	0.9689787794157609	0.9995325290841406	0.005481804036928661	0.9996091427274406	0.9999999992400049	0.9999999999997439	0.8435284242934905	0.9999999999997228	0.9998257586805273
0.08481901564838712	0.9999999999779207	0.005004214383865252	0.9992955134096182	0.9999999776722523	0.971540619794409	0.9937771859827741	0.9956743403662647	0.9941753632755651	0.0036719955172348495	0.9760761668223167	0.9995326941387443	0.9999973622101632	0.9979310567512804	0.999999999161829	0.9999999999999934	0.6904571742170045	0.9999999883545587	0.9936482464541094
0.9895998344491201	0.9999999999998502	0.3075774923506007	0.9998363613176305	0.9999619856486435	0.962323718307946	0.9999998317408779	0.9999999584024515	0.9950193562801323	0.9952993409549359	0.9353556985677678	0.9214034431623774	0.9999999567129005	0.9949479943258521	0.9987129825706343	0.9999999999578982	0.8776716908141838	0.99999999999998	0.9977157084861598
0.016038053315110212	0.999999998745916	0.0012743290407987579	0.9937320511772946	0.9999996378580703	0.977829247498511	0.9924600227474548	0.983587783312968	0.9887696342664402	0.013742527904754498	0.8954608897034435	0.9951054903356507	0.9993083133603	0.9938400291408185	0.999997815025689	0.9999999018311999	0.7581913196634955	0.9999999340157218	0.9961540170094905
0.00023161014366157584	1.0	0.00839609781714433	0.9948628710880288	0.9999999999999595	0.9869082139598923	0.981231872031694	0.9869327747719514	0.9926322169827947	0.9926467016219376	0.9654852716503133	0.8056702034325081	0.0992767181721399	0.9997028447561795	0.999999997764403	0.9999999869254547	0.8815991561644974	0.9999999999564307	0.9989415839973659
0.028937640008218746	0.9999999999999721	0.028245241388773948	0.9984671410186438	0.9999999553516922	0.9946011129933063	0.9855915807007568	0.9917234910174261	0.978641501545571	0.9442447589817077	0.9374597710753412	0.9913598001515007	0.998395501893308	0.988257307692208	0.9999205914803676	0.9999999577540283	0.95971485182266	0.9999999884505709	0.9646631568912236
0.006656354337761461	1.0	0.014356139239914814	0.9981962020085947	0.9999999999849503	0.9990718854651648	0.9999500901524054	0.9909572379687609	0.9995126841594896	4.5813101216429786e-05	0.9920723661497941	0.999759095614278	0.9999999999575725	0.9999638029864345	0.9999999999999991	0.9999999999998564	0.08907088524687601	0.9999999999184513	0.6428353536012069
0.0022354787616116756	0.9999999999325118	0.012971142222352516	0.9986211463361644	0.9999999072887844	0.9752163901296964	0.9607838202863214	0.9713673404241988	0.9968220862462929	0.9579520360214869	0.9615361805858217	0.9978632758041204	0.9996423635180774	0.9974076029888873	0.9999997080805666	0.9999999999674251	0.9375737730447861	0.9999999935231222	0.9964265619371955
1.2087723144427187e-05	0.9999999999999963	0.013465997547143088	0.9999023902203107	0.9999998538887407	0.9985244908668647	0.9998282207051877	0.9998708185863171	0.9995004107737282	0.9467803409861154	0.9499344975570667	0.9999330733426562	0.9999999192868018	0.9998014054276083	0.9999999999814603	0.9999999999942929	0.9084915519445693	0.9999999999999999	0.999861919743184
0.9856355505794152	0.9999999995164601	0.09142800297786433	0.9955256271177118	0.9998447369423131	0.9952878878438554	0.995999328032645	0.9964496350447399	0.884602686230285	0.9636414816065998	0.8823546506585661	0.9945856643990709	0.999633718033453	0.9948655958558854	0.999999997692974	0.9999999998203349	0.9497577938515277	0.9999999992789101	0.9961645607074103
0.0032747727999377085	0.9999999897280056	0.009725975828536182	0.996355894025557	0.9999949295408636	0.9938968875883845	0.9957760271406699	0.996452902833293	0.024173333406541153	0.011338411823486272	0.9381565251505107	0.9982126058723069	0.9997039017315376	0.9936020910370778	0.9999999931757965	0.9999999983845806	0.5699855070541128	0.9999999901444524	0.9980212223956366
0.01910055155500634	0.9999999999999998	0.003400570111837628	0.9990542445210701	0.9999999999704299	0.998867688879175	0.9761972431463369	0.9663074819944765	0.9125712482947023	0.9858057066959292	0.8670667133253694	0.9999078514809405	0.9999969247466486	0.9996760541151293	0.9999888149438424	0.9999999999998841	0.8547854810303905	0.9999999997752372	0.9971353666482907
0.04147495598855033	0.999999999965809	0.0030295833498807656	0.9865125194699401	0.9999999218365055	0.9655627238310962	0.9970734571366988	0.9972959071019541	0.9752184285834054	0.011338411823486272	0.9534955710537366	0.9974813664812191	0.999751257958802	0.9845223695234755	0.9999999884505709	0.9999999980202915	0.6868885511568072	0.9999999968628291	0.995230435694703
0.06968315639162304	0.999999917998924	0.002654627074898497	0.9968011464688309	0.9999995352983939	0.8737581180886755	0.9420124208369172	0.8569792904481766	0.9999898060652768	0.9717701014533311	0.9109753621797093	0.9966418148016141	0.9987625475326786	0.9920750591039719	0.9999922129006675	0.9999999884505709	0.7950266342290523	0.9999995653313647	0.9934500740762248
0.06968315639162304	0.9999999993256092	0.005157735968475061	0.8861943566248225	0.9999998611621248	0.9055217847521799	0.9942828331989081	0.9923894015705058	0.8474295854486735	0.07829618294414808	0.9129068241285897	0.9954612851741822	0.9961764033072967	0.9360844797543384	0.9999209712132457	0.9999999999982476	0.5570253013781479	0.9999999218365055	0.9713188375733431
0.002071038245653578	1.0	0.0009633616856681293	0.03678258146770297	0.999999986329994	0.00039027459102791706	0.999575458602965	0.970420293103837	0.9965490432857759	0.0001698202487704359	0.9455200604856807	0.00241067410625595	0.03711410375328417	0.0043269927621191195	0.9994922363272211	0.999999999992139	0.6552673610018461	0.9999999999980799	0.9995418938167774
0.001468086482634079	0.9999999999968652	0.012971142222352516	0.9987244711588992	0.9999999980570796	0.9967702758409598	0.9943621917119938	0.9993716516580676	0.9958802931539245	0.004796336103489396	0.9375074043548968	0.9966487832846734	0.9999895627947056	0.9966863803987267	0.9999999999387749	0.9999999999930169	0.5791089138699386	0.9999999996750539	0.9982591796715657
0.9174985924677177	1.0	0.0007801020284101678	0.9980760745975095	0.9999999999939507	0.9957000109579272	0.9947693845096098	0.9993768357363175	0.9973420090352727	0.9966136855929162	0.9743792063339305	0.99966745421426	0.06499692039816118	0.9999999999936543	0.9999999973527244	0.9999998972465625	0.9239184333617161	0.999999999354648	0.9988254720797874
0.007896733821083135	1.0	3.662561365302963e-10	0.7981345687274676	0.9999999999999595	0.9976259332973745	0.9985003615842396	0.998139703018811	0.999812915556877	0.9967786667881248	0.9654968865638905	0.9972014152164558	0.9999999202485602	0.9991963937037945	0.9999999968132223	1.0	0.8529585872918378	1.0	0.9972175969044044
0.009638230381105228	0.999999999971628	0.003633280150540638	0.9996940288076184	0.9999999999789136	0.9999877071139068	0.9999987700197722	0.9999990578212206	0.9703266720357139	0.9875841464496186	0.924434948291836	0.702385002402258	0.9999464949153983	0.9976016700185689	0.9999999999143258	0.9999999999952365	0.9898196999422461	0.9999999999179761	0.9994979304844941
0.9930031971352375	1.0	4.86015443391663e-05	1.0	0.999999999965809	0.9997982933843879	0.9998019536766204	0.9996355050968434	0.9994584342968693	0.8387508379197551	0.9662931532445282	0.999982994969951	0.9999996803202059	0.9996582770564615	0.9999999982477529	1.0	0.883874965155514	0.9999999999992877	0.999892784791018
0.003034099154558989	0.9999999997871103	0.005176767672457228	0.9986983116734888	0.999999590001779	0.9943723214048735	0.9896559470018658	0.9985161234092751	0.9931788626076087	0.010105903170244401	0.8896092641612092	0.9953933369378011	0.9998047374202834	0.9937322865455642	0.9999999966973327	0.9999999993476095	0.6986019178401544	0.9999999993476095	0.9984046475207636
0.013223225953980178	0.9999999807576998	0.002031847931952546	0.9970198118304422	0.9999999938523717	0.9583592026433808	0.9964586540324879	0.9939836577844255	0.9861378998224967	0.6253538180930656	0.9798998154190102	0.9987339397018062	0.9981751941634024	0.9850892982002846	0.9999849329971978	0.9999991848968744	0.024173333406541153	0.9999997803334625	0.9960381873470973
0.008849427663286225	0.9999999956924382	0.0038148257885364245	0.992321263127295	0.9999999501115885	0.996866557642132	0.9971749732352543	0.9968603941935422	0.9999999997585031	0.0043599086970365075	0.9606055361168957	0.9989124434640836	0.9999862477899544	0.998650945332018	0.9999999992418517	0.9999990378826817	0.7870390089931389	0.9999999929497859	0.9990269108799319
0.04026078703011293	1.0	3.6153804849226034e-05	0.9998704193316327	0.9999999999555641	0.019017904389622586	0.9997155687384675	0.9982941556382908	0.9967822691911807	0.008267327157953752	0.9777837521002829	0.9999182887457858	0.9999997614085958	0.9996537463541396	0.9999995385338417	1.0	0.023168922358710486	0.999999999999974	0.9994671183547594
0.45655835316679977	0.999999999314132	0.010500866920186702	0.9958919796531231	0.9999999172726908	0.9926122954537626	0.9900818668220989	0.9978606921442532	0.9932010697180157	0.9770577160148769	0.902544461517948	0.9117789319775642	0.06968315639162304	0.9917552198152866	0.9999935325137592	0.9999999172726908	0.9260597035858945	0.9999998148625912	0.9999999911300592
0.0062655101680149095	0.9999999999995763	0.0029204680200861644	0.9975742362250943	0.9999999998112699	0.9831716521635602	0.9993851863245438	0.9999807004373877	0.9968447284579213	0.0017437945195895033	0.9540625917836986	0.9991404686641937	0.9995768519340646	0.9953613967367516	0.9999994816217666	0.9999999999641122	0.9604814759085977	0.9999999988042605	0.9961726903946279
0.14562948746164	0.9999999999999999	0.0029767424390008124	0.9981879645003479	0.9999999999179761	0.8892978900134633	0.9895258792081123	0.9959966694077886	0.9962944519223278	0.006386296190071583	0.9194069719186813	0.9895020606155367	0.9999265668215548	0.9973203946318917	0.9999999799349781	0.9999999947410608	0.0348961832060094	0.9999999999999113	0.9953541102178844
0.04049843505266837	0.9999999974672181	0.0007652705110735569	0.9985168597668638	0.9999996797871544	0.9906380696474546	0.9976110452940856	0.9532168640626594	0.9742163540620554	0.9821557406106936	0.9517080715501774	0.9928096414571222	0.9997931890200316	0.9647983761186338	0.9999984715115069	0.9999999997812002	0.8942731684987102	0.9999876550351663	0.9793474288626706
0.0070562203731632245	0.9999999999999999	0.003467707069859327	0.9995296560356803	0.999999997692974	0.9886125732102249	0.9996036724502289	0.9997121976048283	0.9696713154313078	6.153266945008173e-05	0.9287034322454709	0.9999133725707663	0.9995484135587596	0.9940464921492077	0.9999999993441155	0.9999999992288436	0.6681439979187128	0.9999999919036073	0.9996453622900443
0.003467707069859327	0.9999999999996089	0.0038330056012057245	0.9979077850727113	0.9999999999357203	0.9986202335779819	0.9626684299724477	0.9996999016135947	0.9896885125015655	0.0006952131089386082	0.970152463917754	0.999772441003161	0.9999526118635311	0.9977186643700541	0.9999999943800082	0.9999999999626954	0.54927172449864	0.9999999708037701	0.9997085952983956
0.020264125329274463	0.9999999994001513	0.005695107656092713	0.9979423091013396	0.9999999968628291	0.9964959291473124	0.9979997286234742	0.9986576230523144	0.997707148374997	0.9928888119322371	0.7551842764767589	0.998982784663011	0.9991941515834228	0.9983328681916965	0.9999998652186456	0.9999999995835199	0.8835161875759885	0.9999999963390933	0.9275254093117506
0.09586954731090536	1.0	0.70003309261314	0.9978482366704441	0.9999999999989599	0.9977214467366065	0.9978192924096223	0.9893014470564251	0.9984041802571576	0.9864047422766705	0.9861572357774135	0.9998983141285992	0.9999772721977952	0.9893566371070432	0.9999999998550064	1.0	0.8942019991127003	1.0	0.9997418097737447
0.023699874211677185	0.9999999992585337	0.006893289124816793	0.9994620675242372	0.9999999472555626	0.9989183441768399	0.9942540769260944	0.9967253552906977	0.9237866132191105	0.9692487355140307	0.9796200776764746	0.9994321615137802	0.9999933461633038	0.9987757602978304	0.9999999997812002	0.9999999999988011	0.756699622641798	0.9999999999952365	0.9991522805697024
0.020974772564420485	1.0	7.701849432661945e-07	0.9998550156458987	0.9999999998672187	0.9998399067919554	0.9990480163697771	0.9935119099527902	0.9991559699942661	0.15910828879979225	0.9522612921453106	0.9999942284112502	0.9999999510134687	0.9998018688796064	0.9999999991266797	0.9999999999999525	0.8049533104111853	1.0	0.9999926555521663
0.009725975828536182	0.999999999999521	0.0001196474207678655	0.9944588649521008	0.9999999998417651	0.9994647254919592	0.9853744498896296	0.9986878757971487	0.9831908926519083	0.9957474130418293	0.9675466021255021	0.9999514179662256	0.9999799771944777	0.9973720623118874	0.9999999989221143	0.999999997901307	0.8519979121604457	0.9999999999996144	0.997070947286745
0.9944117304256088	0.9999999999999124	0.0061831008974790325	0.9996490652886709	0.9999999999992171	0.9481510119267629	0.9993217648673418	0.9981982918055937	0.9964864859533564	0.9900938808486524	0.9464838288335233	0.9985122724744473	0.999361155632444	0.9993519010364821	0.9999999996585395	0.9999999999999595	0.8056464292567415	0.9999999999984063	0.9981788416740976
0.34887822438234983	1.0	1.5866795288754787e-07	0.9981106073385241	0.9999996197830535	0.9983132104272223	0.9973294750942773	0.9937376069834095	0.9841032966239104	0.981319740741459	0.8823546506585661	0.9999841728374488	0.9999579256883534	0.9981227570814442	0.9996294126809674	0.9999999999999999	0.8560023325278434	0.9999999975367091	0.9978585420206656
0.00011285064725052862	1.0	0.007520409408809076	0.9250809358931269	0.9999999999999808	0.9991533463544798	0.9999609219445654	0.9995856352064234	0.9998815527221449	0.9991622762891571	0.9332831598017586	0.9999698546014334	0.999995823085399	0.9998858481342792	0.9999999990101764	0.9999999999999999	0.8684205243231914	0.9999999999999905	0.012615681082587149
0.013223225953980178	0.9999999997693506	0.002852326424095719	0.9993540231400667	0.9999941338869529	0.8151033321821276	0.9973875091630386	0.9962387944505694	0.9853431728371561	0.9931095449836903	0.9538321860809064	0.052127692539956416	0.9992447093262656	0.9857708803977276	0.999999983662584	0.9999999998729132	0.8570101937795694	0.9999999965229184	0.992662759982248
0.9904764990957841	0.9999999999519882	0.02025244401362869	0.9967240264182224	0.9999823972339436	0.9946583604625003	0.9960385757533942	0.9958667681458544	0.9919600660727645	0.9867717724899879	0.8954608897034435	0.9973312517375332	0.03139258042052573	0.9975222979112249	0.9999904083967992	0.9999986606022212	0.8492075080853076	0.9999999924227665	0.9924903414167244
0.01635156461128695	0.9999999999997515	3.6153804849226034e-05	0.9942214980589295	0.9999847924023078	0.998382317467468	0.9997027037826612	0.9985812254830219	0.9860021986086434	0.2540157106367807	0.962918474034866	0.9997455703083717	0.9997770914659797	0.991332684228367	0.999999748896024	0.9999999999994635	0.8022770824258206	0.9999999983716283	0.9960693118852045
0.038754308093637446	0.9999999850560057	0.0030974436160139257	0.9807262783217804	0.9999999543003733	0.9488121222758283	0.9909705671263728	0.9908124751850421	0.9881707922371061	0.012243922602987567	0.9676172639040188	0.9996919523902073	0.9997785725584148	0.9960170533574189	0.999974557628061	0.9999999999982476	0.029529641374517412	0.9999999998662051	0.9973832323101194
0.998477660103512	0.9999999999999984	0.008030571140066348	0.9998926283191792	0.9999999998113388	0.9995529721787973	0.9037502851580661	0.07810162908515639	0.9986697655065264	0.9982184951914692	0.9168473481750883	0.9999123281341251	0.9999986691672119	0.9995600493000039	0.9999999999942929	0.9999999999797679	0.9243511109097612	1.0	0.9997500095670413
0.9902359815319054	0.9999994159972407	0.0003828194775865601	0.998008229890981	0.9999999941645112	0.9400699199384169	0.9918086390742185	0.9969681144748047	0.9168465933736452	0.9494553314057003	0.9489435763457532	0.9999977142632818	0.9995083745373367	0.9998227257529524	0.9999988404105334	0.9999999999291416	0.8305503924301658	0.9999999985403623	0.968600650888458
0.037921982547677646	0.9999999999999936	7.298147664647203e-06	0.9674652670660735	0.9999999999977776	0.9976008822437014	0.998409192578085	0.9454804437542722	0.9824466714848094	0.008670609349043623	0.9859062010687129	0.9979608138725756	0.9996162606007086	0.99499291298616	0.9999998960360079	1.0	0.6516735848917357	1.0	0.9896636835699449
0.02515150456155102	0.9999999499399906	0.008796830114545254	0.9938978909150189	0.9999999999973118	0.018112442414883634	0.9954905560903943	0.9754829140187641	0.9754115750599516	0.008031999401317158	0.9810473677461369	0.9979948311448601	0.999619945002403	0.9369737153213276	0.999998225098279	0.9999999999999962	0.0072999188855099595	0.9999999345323345	0.9798502617549982
0.0008423400332039366	1.0	0.0037433843250404553	0.9999595089250986	0.9999999978776176	0.9992667500160459	0.9984721894340942	0.99882465335398	0.9993146389920252	0.9878657777095102	0.9478818109369511	0.7845469129877769	0.9999958965049095	0.6863118952235813	0.9999997048923416	0.9999999999999998	0.9450852718493674	0.9999999996291238	0.9980993451687936
0.002322516328557067	0.9999999999911269	0.11082076433081446	0.9978515243434518	0.9999999841059447	0.9917386618295222	0.9979848152246882	0.9780997874790446	0.9954299237993196	0.9855026103181042	0.9313630053385044	0.9896875516867103	0.9999990707133103	0.9960986164535672	0.9999999315188187	0.9999999986124342	0.8834818491880884	0.9999999878217078	0.9808768496564096
0.15154414859585974	0.9999993352819232	0.006252260227716758	0.9964741320910434	0.9999999940057465	0.9988191096432067	0.9898943810547713	0.9864776108861312	0.9821983038357753	0.9893190220475964	0.8704439376569933	0.9999140132428285	0.9994524629527678	0.9910998146637645	0.9999998924984	0.9999999999880191	0.8242312795393747	0.9999999999994376	0.9902978979307923
0.008773314712265279	1.0	1.2780205782547682e-09	0.9997337116180267	0.9999999998610626	0.9995904946647477	0.9999412406091523	0.9998668271943836	0.9995316780172603	0.8523791686713644	0.8950992306779134	0.9999999109117944	0.9999999998206189	0.9999673003671521	0.9999999999999954	1.0	0.7760594234811324	1.0	0.999984578125225
0.08375113110303178	1.0	4.9785731093265895e-12	0.9898121185180393	0.9999999992418517	0.995935721347913	0.9999783993873558	0.9962235530309472	0.9976786846683383	0.9782440596302032	0.9801920876822461	0.9999910944855184	0.9999971643104648	0.998792208173905	0.9999999999939507	1.0	0.8732048382144197	1.0	0.002340003201878882
0.005587435389442286	0.9999999999256014	0.011174664554817984	0.9924657310002316	0.999999998745916	0.9948007527493121	0.9930944587072171	0.9965310261258434	0.9923056696900702	0.08481901564838712	0.8939922002826811	0.9935298503170015	0.9992430092940306	0.9689430355225771	0.9999998898810251	0.9999940447723542	0.7661821722243697	0.9999999995399499	0.9969232493881384
0.012010863850211217	0.9999999998550507	0.0027057895096611606	0.998045694066884	0.9999992233385994	0.992867530911578	0.9950731908801795	0.9980806123893612	0.002151693261025045	0.9948175247262293	0.9515353330891838	0.998638756185944	0.9999902998485893	0.9849573174613305	0.9999953688696773	0.999999998745916	0.872035671481934	0.9999999992028589	0.9591092732678403
0.2714115271077166	0.9999999998449756	0.008415615083711761	0.9890102941899688	0.999998758413411	0.9934340382266135	0.9753270138116076	0.8499748418556351	0.9765425524232365	0.9466427432958002	0.8545497989638465	0.9968342748500258	0.9998739593887769	0.9785931115406794	0.9999888149438424	0.9999999803024984	0.9526673373975836	0.9999998528162165	0.048852985416336314
0.07282333949572972	0.9999999999992181	0.10318254436691185	0.9979388474606016	0.9999999993476095	0.9865226097206655	0.9995175690264044	0.9896198521595448	0.9936217008154312	0.0014402681126051142	0.9593521210470719	0.9984944026367482	0.9997948141393702	0.9864022969453685	0.9999999998662051	0.9999999999994104	0.8655353472816479	0.9999999999973954	0.9964514406439535
0.030756563838781004	0.9999998649536356	0.015429514505833297	0.9964009626529939	0.99999796812631	0.9656232360319419	0.9961719102778077	0.9683456664974268	0.9958589306040527	0.030135773267167654	0.9246243122286267	0.9964975740980102	0.9999832082521408	0.9968062608209906	0.9999989164953109	0.9999999712254004	0.961817975550846	0.9999999999826117	0.9877091159743913
0.920948722957466	1.0	1.3634754926883375e-05	0.7705658655185157	0.9999999991595274	0.0013088529984591757	0.9821194844487563	0.9988284098863401	0.9962533666139308	0.9943500078556244	0.9795941034720764	0.9999365818518349	0.9999999775080698	0.9953094942880722	0.9999999997598933	1.0	0.8702898956297344	1.0	0.9973709472464961
0.009725975828536182	0.9999999999325118	0.7596432565348017	0.9962149117197031	0.9999999340157218	0.9935254115869705	0.9979027532423371	0.991512593966654	0.9852566551614758	0.009914097621340212	0.9416356983185687	0.9853880533633357	0.9999701316113343	0.9966937004473436	0.9999999340157218	0.9999999957257912	0.9061963139437486	0.9999999998017418	0.9977005039599559
0.9972264046648589	1.0	9.104173968643714e-05	0.999018978029734	0.9999999999574657	0.9995609981136108	0.9999011256865225	0.9387212411200976	0.9972157953309895	0.9982555646978225	0.9930613255200937	0.9996937886875413	0.9999997661788228	0.9993171317861356	0.9999999990537282	0.9999999999991347	0.9078095534367746	0.9999999999999999	0.9999999977817396
0.0005961415313854301	1.0	0.0875166587751375	0.9992253011087832	0.9999999999984802	0.9972778946748558	0.9983917598293754	0.9209047323546512	0.9999994516241065	0.7565446879176605	0.9752007637300444	0.9997454807351326	0.9999999875067586	0.9996186469321212	0.999999950054006	0.9999999998550507	0.8885313673822597	0.9999999999999896	0.9996717503026301
0.03182504927731944	0.9999999999995154	0.001189376285894772	0.9989879925365011	0.9999879177961962	0.9894458683057896	0.9977190259685476	0.9987718230130666	0.9999574085219549	0.0017774479409237154	0.9390764841898562	0.9993039436858346	0.99984913797445	0.9981581030855684	0.9999997111078965	0.9999999998869433	0.9804086742048175	0.9999999999897536	0.9958890955131713
0.9588241361794922	0.999999999867204	0.005804860798098277	0.9990355911915625	0.999999973960105	0.99746072803265	0.9999998267802903	0.9999921299876874	0.9882334578085062	0.9665116782369116	0.8994591829161671	0.9997472733321348	0.9999675802208993	0.9976743256987632	0.9999999536141985	0.9999999999986178	0.7346414357211668	0.9999999998726081	0.9530500736450229
0.0025660316388459448	1.0	0.0054232823223223925	0.9997901980219611	0.9999999999991229	0.997877478939351	0.9994258262644446	0.9974387643282594	0.9993314437765448	0.9956318596452881	0.8661660892539325	0.9999295393589147	0.9999999645005805	0.9994169436027027	0.9999999999999412	1.0	0.7486147898958981	0.9999999999999576	0.9997276284004665
0.01433008181851525	1.0	0.07929327716853263	0.999909055194325	0.9999999999991543	0.8863457182571319	0.999993963747288	0.999898022388104	0.9987757602978304	0.9976061076213174	0.9686164343347705	0.9993827706079107	0.9999999999464166	0.9993944020890985	0.9999999403383887	0.9999999999999295	0.892285632753691	0.9999999999999813	0.9997973863900588
0.005611805569898154	1.0	2.2383529851843775e-07	0.9999830587861731	0.999999999981333	0.8846955157017452	0.9999761097024162	0.9999757884736731	0.9997348545707568	0.8741219424988441	0.988435302214955	0.9999788596641762	0.9999999967733079	0.9998805102311499	0.9999999994657673	0.9999999999999998	0.7832656074255466	0.9999999999999999	0.9919185694661473
0.019860561034631186	0.9999999999975558	0.0072999188855099595	0.9939105802547985	0.9999999999947589	0.9975221645157054	0.999254789699584	0.9546535107853695	0.8081397836476052	0.994190323476404	0.9891558422665395	0.9998061576395674	0.9998613380163709	0.9974969692979309	0.9999998652186456	0.9999999998594766	0.9552777577700485	0.9999999999999957	0.9985161234092751
0.001212369982633854	0.9999999999999988	0.00881246209984704	7.600086985082299e-06	0.9999999996021783	0.9923509058858082	0.9969971138893746	0.9996366313400135	0.9981896051312747	0.001060246023307676	0.9707055850464856	0.9999374544141454	0.9998877001860542	0.9973312517375332	0.9999999912391605	0.999999999998315	0.4738941676053853	0.9999999999997355	0.9999994597222094
0.013223225953980178	0.9999999998449756	0.003673076860688282	0.9964115103504176	0.999999590001779	0.9961916018725006	0.9985197341216624	0.997338563225691	0.99385375731068	0.00834514721154922	0.9039393306988717	0.9935589988064711	0.9992482734840111	0.9941193074200315	0.9999999931757965	0.999999997444597	0.6986019178401544	0.9999870271866621	0.9896571921012396
0.005916735589236666	0.9999966552467631	0.00918298807223894	0.9747076585141511	0.9999996987793055	0.9384306598289889	0.985180145400028	0.9950501547775903	0.989124761975505	0.007161763284168621	0.9652392684661557	0.9964735922602099	0.9990971729635402	0.9933893747412432	0.9999969316980492	0.9999958205138724	0.69170491214592	0.9999990527697176	0.9921141764080765
0.052455857977153464	0.9999999999448884	0.002327467725338289	0.9911489816662532	0.9999999990732182	0.9992128706752036	0.8942916406811197	0.9805154662982063	0.9985510840314358	0.07381602689476774	0.8707771295629432	0.9997930993194923	0.9991973480423385	0.9999998537018682	0.9999999997585031	0.999999999999998	0.7075793789017728	0.9999999965479628	0.9824919404503484
0.023699874211677185	1.0	0.09216564779436046	0.9999999999996653	0.9999999999564307	0.9990890766700997	0.9993563931962196	0.9982390657225423	0.9977429313831832	0.9936429338629763	0.990889882414099	0.9999800046850316	0.9999984658795719	0.9997520113097591	0.9999999995784146	0.999999999999996	0.9674121335041698	0.999999999968964	0.9999764563601768
0.9870261180706514	0.9999999999998765	0.0025551793733421535	0.998427640277115	0.9999999999995558	0.9969971138893746	0.9987230484218939	0.9995825273939726	0.9979433044040427	0.9973420090352727	0.9346815862327478	0.9998863202220045	0.9999490270569092	0.9992396006352208	0.9999999748466992	0.9999999999997216	0.7971055317337041	0.9999999999958721	0.0011260491370047587
0.16239559248475008	0.9999999993256092	0.003591190547226175	0.9914458442206833	0.999988290221826	0.9980516066853614	0.9877571596296181	0.9967978818503568	0.991937030027971	0.9876507975934046	0.8723352482760727	0.9402864299445627	0.9998510881020622	0.8900890036999195	0.9999954720521806	0.9999999996585395	0.8350007647164599	0.9999999999138721	0.9984377035366618
0.0018747474535866226	1.0	0.6950858911702521	0.9999810845964098	0.9999999999999982	0.9999245440458996	0.9994270838197239	0.9999655347866206	0.9892850279025447	0.9961520644127592	0.9676340862784983	0.9999632857028486	0.9998159292820767	0.9994792867905556	0.9999999999995991	0.9999999999493325	0.9234522250614251	0.9999999999999998	0.9998107427648043
0.00018353427744899342	0.9999999999999997	0.0009960133154305328	0.9999315910365154	0.9999999999996322	0.9985982666877287	0.9994764819973807	0.999776975421512	0.9966377150676528	0.9921141764080765	0.9727380171656332	0.9994397850737279	0.999856264973088	0.9961866697498447	0.9999999997978053	0.9999999999903468	0.8547124424224166	0.999999999999008	0.9987111194485568
0.006762869553536444	0.9999998771964597	0.00918298807223894	0.9944504507492296	0.9999995050488409	0.9940517397835807	0.9883652270814508	0.9858982312910334	0.9908339313275616	0.009008884199174672	0.8912936692104203	0.9671827114202672	0.999194342128369	0.990514482590487	0.9999999849327509	0.9999999832323504	0.49249198967608004	0.9999999871576023	0.9403706560335876
0.09727873306093393	1.0	0.0011229662469653956	0.7932096306392198	0.9999999985144474	0.9978590093591081	0.9990317936542158	0.9988206136949724	0.9999733738802429	0.999719042066475	0.9382667290025316	0.9948094123511312	0.9997387540755536	0.9980965106400045	0.999999999999008	0.9999999999926745	0.8727099532313403	0.9999999999982476	0.9982803850853819
0.02590644119017796	0.9999999999999171	0.002193187211204206	0.9994734809352158	0.999999999161829	0.9981029351349598	0.9989907897580371	0.9991872426809382	0.9940018603187188	0.0041966733634403175	0.9436871398020932	0.999598718398869	0.9999640747206476	0.9932778044843036	0.9999997741962032	0.9999999999999488	0.9548649041887518	0.9999991125918081	0.994898407511541
0.024790722962059752	0.9999999999999288	0.0024187334006064015	0.9997490012307985	0.9999999996021783	0.9982474610454071	0.9992612602918717	0.9988919060313022	0.9759155328939846	0.9946420099528799	0.9686495147928397	0.9998372021137168	0.9999917890866705	0.9988701961248609	0.999999997621169	1.0	0.8465659096084439	0.9999999999713022	0.9988380344387595
0.14519816518922202	1.0	0.0020149318801048477	0.9999328869876224	0.9999999999778713	0.9994618062199323	0.8121481843028159	0.8557067654107177	0.9978846926216053	0.9963065612923727	0.9292745523173136	0.9999926653543801	0.999997671133962	0.9960457329779899	0.9999999999999648	0.9999999999902337	0.8811942434942958	0.9999999999999982	0.9973506280012496
0.019210540346293326	1.0	0.00037550570558397833	1.0	0.9999999999992303	0.9999999998885702	0.9999206758112881	0.9996598698781543	0.9995029469534878	0.9956636993721196	0.9576179201428922	0.9999712421765359	0.9999999336502555	0.9994264043625352	0.9999999999997818	0.9999999999947975	0.9620997863335237	1.0	0.9999521336258897
0.014454701640729498	0.9999999999915422	0.010105903170244401	0.9824996071677714	0.9999999218365055	0.9733726407701455	0.9979396930505294	0.9912862547927058	0.995331264054393	0.04632057511319365	0.9620973105993841	0.9998567133695683	0.998963708374115	0.9922062119637209	0.9999993121955508	0.9999999983004481	0.6724535555307102	0.9999999857153588	0.9996768882684045
0.011923608093234561	0.9999999999999235	0.10359975683177072	0.9990732948031287	0.9999999999767769	0.9539111621017389	0.9995332711702833	0.9986593761623365	0.9873308533115296	0.9932677065616166	0.9803795641252749	0.9999333696606436	0.999299477380272	0.9979114739320346	0.9999999984777147	0.999999999999988	0.8421564150213647	0.9999999999990976	0.9925769637786401
0.9881155358364728	0.9999999998777538	0.0027057895096611606	0.995193820102995	0.9999999959410962	0.9964258452960749	0.9970955074792682	0.9984041249908244	0.9969047911647184	0.9922558658460952	0.9008025369307974	0.9971129819734065	0.9998089130537525	0.9899596944340893	0.9999999959410962	0.9999999998017418	0.8482329001415148	0.999999999884501	0.9941528832680211
0.029879606903017927	1.0	0.00456362303706595	0.9946668670411244	0.9999984715115069	0.9712500986086101	0.9927076967409132	0.9841469379617163	0.9941176927689871	0.048852985416336314	0.965341257877677	0.9978853084966917	0.996183552404129	0.9536808333012882	0.999995397232785	0.9999999999869723	0.8197942371598832	0.9999999999999679	0.9999999727498904
0.008838113196724562	0.9999999999826117	0.09318981651656376	0.9991869425064916	0.9999999849327509	0.9801830529788079	0.9986293204558012	0.9912732250459698	0.9818707824525603	0.9820156300744272	0.955562735629721	0.9995072838291948	0.9999913565043591	0.9880430528560997	0.9999993681320399	0.9999999477114552	0.7912145416998064	0.9999999999325118	0.9983206882914549
0.15854801008783395	0.9999999712254004	0.006132967959247962	0.9738703054257029	0.9999748086728656	0.9931348064239869	0.9921292220264836	0.9515313145317761	0.9766190203740416	0.9999074716479712	0.915100355963423	0.9984808320989629	0.9938079757345358	0.9798694632367876	0.9998714537026383	0.9999941338869529	0.9049406632950837	0.9999996147249101	0.9559487473007606
0.0043599086970365075	0.9999999776722523	0.016382663632236366	0.9756633539888601	0.999999590001779	0.9907159272774938	0.9947123768630757	0.8449605072420341	0.9949059416173821	0.9122238293377213	0.9333508632861734	0.9982470245970233	0.023236453908564214	0.9860454896139197	0.9999908922300568	0.999999999770135	0.8806805971279057	0.9999999999416831	0.9887327634872831
0.0016783798244645043	1.0	0.00032177430255031503	0.9999544675164683	0.9999999999999992	0.9994678368840895	0.9982719536426138	0.991642518396591	0.9990385265300977	0.0007086949958581279	0.9495208770293584	0.00443700610867781	0.9999915844351929	0.04349302041077652	0.9999999999999988	1.0	0.006459929345661197	0.9999999999996424	0.9955858671574548
0.06820753996507778	0.9999999999998628	4.318273864944988e-05	0.9977874779539803	0.9999998924984	0.9954461331191972	0.9066072557717779	0.9999086664472162	0.9939467660515983	0.49391032215784825	0.8769137438563356	0.9998769531486366	0.9999966252624473	0.9996467703886882	0.9999999992635404	1.0	0.7978671300415174	1.0	0.9997124128758722
0.043852871490414724	0.9999999999999988	0.00010236176190525637	0.99977158566353	0.9999999999977776	0.9878235190283126	0.9998627650811764	0.9999830462199829	0.9977223150517498	0.006509420571185198	0.9572744298482356	0.9999724691249466	0.9999965700825818	0.9926576232495757	0.9999999999444519	0.9999999938071483	0.962243004556189	1.0	0.9998489693063316
0.0751766797514305	0.9999999999999974	0.009187027546130322	0.0018467078952628668	0.999998584962043	0.02425386733897983	0.9860155196004594	0.9854653278713501	0.9571319897012391	0.40773906553054584	0.9492735292103767	0.999529356552261	0.024173333406541153	0.00012511558284589164	0.9999257737171325	1.0	0.7872280095132387	0.9999999999945024	0.9935999801470567
0.003888309907980614	0.99999944408697	0.10695766788104868	0.926024118410802	0.9999989605191689	0.9654391880313017	0.9961144154637228	0.9984213415430516	0.9877361183239916	0.9999996378580703	0.8417424209758437	0.9967242226589511	0.9999954763271551	0.9961780049600535	0.9999999996750539	0.9999999679058958	0.9033555570110675	0.9999999780602146	0.7459210355510304
0.008428344133938004	0.9999999999999981	0.10276117892358513	0.9982612033395026	0.9999999999999855	3.912620392099164e-05	0.9995696765089702	0.9995060219406386	0.9997049705089303	0.9781383331888047	0.9837919103367351	0.9999469521497518	0.9999866527619885	0.9964679452202903	0.9999999999956295	0.9999999999999913	0.8903110624774373	0.9999999999999983	0.9999451369995858
0.012243922602987567	0.9999999998668954	0.0006735813429654819	0.9993163299441814	0.9999999340157218	0.9972962043130487	0.9906535375527048	0.9909152912048583	0.9933338005854916	0.013223225953980178	0.9690079029847083	0.9990954110347583	0.9994222608470205	0.9882097638299541	0.999999997444597	0.9999999999718259	0.6604679756123557	0.9999793052972369	0.9540112317222373
0.029529641374517412	0.9999999998929535	0.09147761197224921	0.9956643975875951	0.9999999821384502	0.9938041128412612	0.9918548825045849	0.9738106366150375	0.9909152912048583	0.9931612844355964	0.9709657575810702	0.9994693132162171	0.9999006521035964	0.9972639290169406	0.9999992683225053	0.9999999999999799	0.944483783641412	0.9999999477114552	0.9890944784675542
0.03698033132911405	0.9999928619659995	0.018200534462305212	0.9683140065231284	0.9999314059262487	0.9831823775704646	0.9603700906401526	0.9695129975194197	0.9584153569202726	0.08960001474987012	0.9184572613028577	0.8984902586547879	0.8841552576774441	0.9957845551624723	0.9999597378059653	0.9999928619659995	0.5743696062127253	0.999891391476687	0.9274061834875311
0.08960001474987012	0.9999999999999982	0.00943836816592028	0.9981529916726508	0.9999999995399499	0.995468274881274	0.9999193768769717	0.9705745794040616	0.899023637681285	0.8787428407969529	0.9312529267924401	0.9988366089279296	0.9999849329971978	0.9573470020934773	0.9999996987793055	0.9999999999952365	0.8618183789391152	0.999999999996145	0.9933987704666496
0.034824279539396596	0.9999998611621248	0.05279018092462984	0.9776291510487868	0.9999989164953109	0.9734803676587338	0.9894038721921595	0.9697030952592687	0.9817522729717455	0.023699874211677185	0.9263499892168394	0.9887505169515314	0.9997226589755515	0.982801655960204	0.9999982397036102	0.9999992725129091	0.5666711641661317	0.9999888149438424	0.9587991685000761
0.03204443405605151	0.9999985745614861	0.018034140296997264	0.9844714489380489	0.9999850711620817	0.9729281918647534	0.981720855298249	0.982891295557422	0.965428298733037	0.048852985416336314	0.9289410630136784	0.9797757190303032	0.9974477124422022	0.9861297241978872	0.999996826220302	0.9999965725820364	0.07231603560739419	0.9998714537026383	0.9719367153330462
0.9875740094531356	0.9999999950071485	0.09340957081548389	0.996874185957196	0.9991957738785154	0.9938132483689159	0.9972075778715406	0.9805524817525655	0.9810952878063496	0.9540097291000772	0.914983143449571	0.9989258911532031	0.9999444506963723	0.9964460074736053	0.9999998611621248	0.999999999770135	0.8606810532056857	0.9999999803024984	0.9853055919013589
0.05596102195723729	0.9999999999986178	0.08956340717950506	0.9993313599807654	0.9999999823630896	0.9758777153305258	0.9980235974391429	0.9985405905225359	0.9965881155583663	0.9881011443510612	0.9791179114247097	0.9990617903759805	0.9999996570256066	0.9956882497012257	0.9999999997462753	0.999999717087115	0.8873859847606897	0.9999999983845806	0.9898927592485051
0.02565681982302137	0.9999999999919101	0.0010807556467329338	0.9991610335112269	0.99999796812631	0.9509058980082506	0.9980757236722329	0.9976489998508661	0.9829203854580856	0.6242087021300821	0.9548649041887518	0.9997986692391058	0.9999997431044652	0.8415134365730175	0.9999995635693518	0.9999999999942929	0.9077587880893319	0.999999999988721	0.8732169415494444
0.03556641802046889	0.99999999999183	0.09066589721674519	0.9960199116183924	0.9999002809593119	0.9999935863510587	0.9953555841423767	0.9836454500441529	0.9777906188596893	0.9584238743516892	0.9623717424834971	0.9993590325887316	0.9990206716371092	0.9847906696067079	0.9999993858711828	0.9999999995330149	0.917651776481224	0.9999999999968989	0.9901665217525397
0.14118260823008888	0.9999999999985213	0.00020222878941378308	0.9993037517995591	0.999947945326126	0.9974192091819843	0.9993827640817646	0.9972646601295544	0.9832180394690636	0.25144879268225373	0.9468884934739793	0.9997965001213334	0.9999453599147918	0.99891357481827	0.9999992233385994	0.9999999999849503	0.9199736374548745	0.9999999999971807	0.9991701997880618
0.030756563838781004	0.9999999986940044	0.7922569411093339	0.9982474672525218	0.9999999997812002	0.9987137464801614	0.9918930431287332	0.9926913121073853	0.9846932635089231	0.03204443405605151	0.9666627638371533	0.9998349899141463	0.9999915831001788	0.9970615250331447	0.9999986699866784	0.9999999999996807	0.9417178120832259	0.9999999999998348	0.9924976163649136
0.0001268491399096794	1.0	0.008954335953785753	0.9998124653787811	0.9999999999999799	0.012106881722683926	0.9998445431389765	0.9999502468942608	0.9995718020404171	5.2581700421661104e-05	0.9507906865536464	0.9999798315780978	0.9999996482000911	0.9979518580602684	0.9999999991216785	0.9999999999996113	0.672429101241057	0.9999999999999264	0.999882386193047
0.042699020296817713	0.9999999376209264	0.00039027459102791706	0.9932307367153678	0.9999718125779663	0.998351175476655	0.9673780824620034	0.9579520360214869	0.972911138464472	0.8475504122590991	0.9075677487922104	0.991501034383618	0.9991308377126883	0.9835150051547646	0.9999914935803159	0.9999987764094294	0.7953793542205521	0.99999796812631	0.970653994440634
0.0024623057300749984	1.0	0.00016334897924685787	0.9981076550904965	0.9999888619059866	0.03249659908378977	0.9996071134048826	0.9987376168415839	0.9999999752615732	0.9955762799251346	0.9462879231230006	0.9999557731605879	0.9999838260998741	0.999115388158846	0.9999999999990264	1.0	0.9126231343541523	0.9999999999999183	0.9997471440769068
0.9949939275146193	0.9999999999993207	0.004039550578581297	0.9975288677099131	0.9999999680700974	0.9821802217007332	0.9985944919475742	0.9986911774661195	0.9907444631112808	0.983953200919845	0.9734803676587338	0.998328710304518	0.9999435856240798	0.9967028723471276	0.9999999957257912	0.9999999999542638	0.8628108359577279	0.9999999968628291	0.9843109341641042
0.9881916959795389	0.9999999999999964	0.1074857549999509	0.9391152122837135	0.9999999874948469	0.6979972663937883	0.9998791004156	0.9999999871576023	0.9986199248684933	0.9935599644488644	0.976725665035378	0.9952053082813304	0.9995007859883451	0.9989697521139133	0.9999999998371668	0.9999999999564307	0.8269841647194386	0.9999999994487205	0.999549659678321
0.012971142222352516	0.9999999999995959	0.002322516328557067	0.9993024015713946	0.9999999642955724	0.9987195315507436	0.9995629914915913	0.9693844068694958	0.9499094597669638	0.0032747727999377085	0.9593521210470719	0.9995850232556173	0.9999991101338914	0.9949096190533914	0.9999999996037129	0.9999999999999412	0.8004260987427618	0.9999999999837368	0.9968758087804591
0.00374272978161172	0.9999999999999291	0.013223225953980178	0.9978901877513325	0.9999987217885231	0.9963102379569699	0.9977425768876861	0.9977205088105264	0.9947077618989779	0.9952316445495707	0.9104989802010325	0.9990432200586764	0.9999887821368304	0.9981309182532039	0.9999999850560057	0.999999999996589	0.9478818109369511	0.9999999984644796	0.9999196326199449
0.004277512203078704	0.9999999980570796	0.0035345092765538544	0.9981959237335726	0.9999999841059447	0.9987206422041748	0.9967572213957676	0.9901901627092904	0.9949538103851558	0.9924887308444226	0.9502234019656739	0.77652986894387	0.999845295809434	0.9951062289439051	0.9999822690007636	0.9999999978077951	0.9886136022227707	0.9999996330965958	0.9966819974283936
0.012532932677736142	1.0	0.10248672820833181	0.6221774129628996	0.9999999999357714	0.999187199944065	0.9999611074303332	0.9998253634568354	0.999265239387403	0.9965435225271457	0.9827764453028609	0.9995690825137573	0.9999886454199143	0.9993577764267334	0.9999999926487683	0.9999999999999973	0.7879913893950476	1.0	0.9999226955764163
0.04435806737652492	0.9999999999999841	0.013428668714174918	0.9883240578320691	0.9999952985059491	0.9999999999641122	0.9982527609726101	0.9942269568657616	0.9754269194250184	0.37577043313093517	0.9434607306891855	0.997586437212544	0.9993580191746584	0.9958561446549516	0.9999999218365055	0.9999999999999943	0.6693264506697858	0.9999999999999306	0.9895509793906476
0.09969984793417819	0.9999999993745882	0.012446942795629926	0.9988315733462246	0.9999999998662051	0.998139394754316	0.9993256489502047	0.9959835398747081	0.9772351730265721	0.9956915546316228	0.9411695986608178	0.9995363514414259	0.9996400200118679	0.9987464540357447	0.999983528803404	0.9999999971079119	0.8732048382144197	0.999997752700335	0.05824363000823418
0.013662202095514275	1.0	4.151258144624581e-05	0.9998565941495579	0.9999999999542638	0.9988773372040334	0.9992180119822295	0.9694818595116473	0.998032760002153	0.9886544694355485	0.9718748911158965	0.999287310372731	0.9999884416891569	0.999750780417824	0.9999998148625912	0.9999999999996954	0.7547843930986187	0.9999999983004481	0.9983563674683618
0.99091976942763	1.0	0.010784860216868267	0.99964173368434	0.9999999999997582	0.9991401181947012	0.9828190736445193	0.9619683765272153	0.9991344274907002	0.9874000221099721	0.931190883374287	0.9999461141816103	0.9999998317408779	0.9994297959103526	0.9999999999866718	0.9999999999976128	0.8944183854099732	0.9999999999999994	0.9999391401896663
0.974848763837018	0.9999999942494032	1.877672363581606e-05	0.9949715939918008	0.9999999999744219	0.9976981168071686	0.999110221339852	0.9946649507963965	0.934911695926134	0.9984492608715437	0.9804665810757721	0.9993644252226005	0.9998850704838743	0.9988090566345982	0.9999998062570363	0.9999999999998865	0.8139770830887612	0.9999999982656724	0.9980422444413095
0.13680563204467483	1.0	1.769799762296742e-08	0.8255438284319367	0.9999999720810111	0.9956283468530753	0.999233049209884	0.9164202868991986	0.9658341784871467	0.9712390585688473	0.9142404988405336	0.9999962319739294	0.9999999576615622	0.9994175627216735	0.999999997692974	1.0	0.9217378562565632	0.9999999999999991	0.988757492776943
0.1551499926285324	0.9999999526456894	0.0011309370348813325	0.9974222670818341	0.9999928619659995	0.9786788752584779	0.9890391303886898	0.9828668186231533	0.9447837777154343	0.9362088124208741	0.9101869413253102	0.9923518863367398	0.9988295747527908	0.8476902822587751	0.9999928619659995	0.9999999803024984	0.8549277919748466	0.999999999884501	0.9736637051931005
0.042360531340591145	0.9999999999999667	0.0006690091576053714	0.9940158081025707	0.9999987801258733	0.9962989467649476	0.9902838281714257	0.9878410641618554	0.9881011443510612	0.9447002823660033	0.9374597710753412	0.9993491992407323	0.9999387212751789	0.9995992176673735	0.9999987217885231	0.9999999999248727	0.8533564938645164	0.9999999999999998	0.9858261648725468
0.08546219097312568	1.0	0.00010236176190525637	0.9983782889501646	0.9999999931757965	0.9934841402707747	0.9999659619096731	0.9610637504185693	0.0327127846577675	0.024173333406541153	0.9638473321521673	0.9832857373513054	0.9988339047150615	0.9907619045875049	0.9999973035776941	0.9999999999925456	0.5699855070541128	0.999999977952275	0.9900721274075496
0.00374272978161172	0.9999999999986446	0.0011440757986424244	0.9990132757422003	0.999999887980947	0.9963715851566172	0.9981657631678046	0.9471699889916118	0.0021109818606619424	0.002193187211204206	0.9089705988722502	9.467021667952658e-05	0.8869623387547242	0.00411736251664796	0.9999999999416831	0.9999999989975588	0.9331179441069696	0.9999999995399499	0.9954163170022124
0.002506857971982246	0.9999999965229184	0.2008456637794741	0.7271875897427988	0.9999999961453362	0.9885736191884771	0.9952738055400134	0.9999999999767769	0.9905539805423343	0.9999997165752522	0.9681698243935377	0.9920208892694238	0.9999818859731854	0.9999999712254004	0.9999999072887844	0.9999999999911269	0.9107871393634936	0.9999999973103515	0.9999999996411746
0.27522271946542304	1.0	0.1817925571784052	0.9983026494027766	0.9999999999985506	0.994502281983675	0.9996345296953794	0.9971407738755952	0.9910305346500632	0.9926689175475145	0.9798092776965522	0.9999281072852234	0.9999924827834706	0.9849508328772494	0.9999993329343128	0.9999999966772671	0.8476311988228603	0.9999999999658189	0.965511414616665
1.84057972207885e-05	1.0	0.0005013630343134734	0.999957772770595	0.9999999999999977	0.9996194142536434	0.9998246779636026	0.9997819115060802	0.9988423822472955	0.9971721978749593	0.9805948031343915	0.9999729275902866	0.9999998799285985	0.9955983223204637	0.9999999999979277	0.9999999999999886	0.8659901605086338	1.0	0.9997396619593742
0.005594191919390701	0.9999999995843022	0.0007365340981978358	0.9997454672778863	0.9999997165752522	0.9996716749536936	0.9784420694039687	0.9318920922826558	0.9969657994929122	0.009725975828536182	0.957084572515409	0.9999168815245219	0.9999987115766683	0.9997257641021122	0.9999986413999017	0.9999999999999968	0.5553938890219632	0.9999986606022212	0.9997673950753679
0.0012657319364727249	1.0	0.0018838939595761106	0.03610239218529132	0.9999999999999946	0.9999479797786786	0.9998827738100851	0.9998892450860453	0.9217512266342366	0.997074640064062	0.9856686657833719	0.9999969899295024	0.9999999999866515	0.9998800103225803	0.9999999999999998	1.0	0.7284529989975259	1.0	0.9999755518429561
0.9902992894886062	0.9999999999962477	0.00032177430255031503	0.9981808609353274	0.9999998137551327	0.9976336669013895	0.994419607078779	0.9757251638696034	0.963078290349726	0.8311331574555583	0.9649525741536288	0.986800497156405	0.9997642910751934	0.9919707364521912	0.999947945326126	0.999999976652235	0.860760516872298	0.9999999995399499	0.9942794557537521
0.016574920957051376	0.9999999999997147	0.09180737427626644	0.9977275442201065	0.9999999947410608	0.9989427603093237	0.9973271810462413	0.9995829928583083	0.9997290174460679	0.9945522073269972	0.9764964517138611	0.9990306872886662	0.9999997889713317	0.9989374659163621	0.9999999999179761	0.9999999999592859	0.8141882160664957	0.9999999999999861	0.9950727035824745
0.1560767888300451	0.9999999999444519	0.009914097621340212	0.03819239507204941	0.999996712052064	0.9679118876639432	0.9760317453954401	0.9929673254582003	0.9903000785426699	0.938557265777237	0.821044023433839	0.9259385744694163	0.9997617701901039	0.9953342423481452	0.9999998244495588	0.9999989876074027	0.8361429718546143	0.9999999340157218	0.9907446576310284
0.00029214177886160986	0.9999999999999978	0.0009825460695806199	0.9996944043551121	0.9999999999583546	0.998778165538937	0.9995214618822458	0.9997903038383638	0.9977107905696209	0.04150378785928499	0.976619110961376	0.9990780054629097	0.999974625969594	0.9975497116672385	0.9999993013871393	0.9999999999964667	0.6670383289790858	0.9999999999623302	0.9989706212783959
0.997069554647124	0.999999997692974	0.8612374328553734	0.9939504963485896	0.9999992233385994	0.9846528346434605	0.9973787517427053	0.9926021931027158	0.9910327413002712	0.9577547464730988	0.7836869179786843	0.8760617365758483	0.9999080100087722	0.9363218591999628	0.9999998611621248	0.9999999999718259	0.9094216042158825	0.9999999885599681	0.9912721754758748
0.00374272978161172	0.9999999999999998	0.0021102120321894596	0.9998561537966902	0.9999999999977776	0.9991382742993851	0.998455660636136	0.9984888965908592	0.9972798765849241	0.00028654851447906804	0.986515361950125	0.9999898595170218	0.9999299111728032	0.9974777959178832	0.9999999999936543	0.9999999999989562	0.4513061307013327	0.9999999999997621	0.9997080175351993
0.02617338311389239	0.9999999999979792	0.0006952131089386082	0.9992899216736424	0.9999999998017418	0.9937681003798793	0.9999998230820464	0.9999991137800917	0.9824538625695561	0.9688693615965411	0.9717532732215871	0.9998343870073771	0.9999986549668813	0.9971126881349972	0.9999994435710486	0.9999999991595274	0.8780559262150653	0.9999999999999735	0.9946101352175386
0.017054253982033307	1.0	1.876618082818915e-06	0.8589351821551348	0.9999999968628291	0.9963844015963464	0.9988851717507188	0.995484401875515	0.9938681301608484	0.9831162656804351	0.9719776765192174	0.9999877468657433	0.999999948225986	0.9997906688985533	0.9999999959410962	0.9999999999999695	0.865235980503037	0.999999997444597	0.9991293862894979
0.01601124446942992	0.9999999999995017	0.002071038245653578	0.9993351280786843	0.9999999999997095	0.8761348826952347	0.998964708168315	0.9989443593676576	0.9963814561584744	0.016671420266649806	0.9413044805402306	0.9926388810696443	0.9999889471967722	0.9957712119001586	0.9999999904246216	0.9999999999604591	0.4740216115722809	0.9999999998017418	0.9999999995460971
0.0001800062302457217	1.0	3.1955948998074746e-10	0.9999145055809133	0.9999999999999999	0.9976380942452446	0.9999531558369421	0.9980301591855544	0.9166739407950837	0.9971375787725568	0.9887261023938371	0.9997789499832783	0.02617338311389239	0.9990098422466321	0.9999999999934953	1.0	0.9827181130963408	1.0	0.9999999998360453
0.01070418007433327	1.0	0.0002271671445500667	0.999517110842112	0.999999999161829	0.9999884353058632	0.9994848149520279	0.996497046730799	0.994493351916567	0.9267103997210935	0.9488937118528422	0.9982787101606826	0.9999757261092868	0.9974555824457121	0.9999992336657567	1.0	0.749662774806842	0.9999999999999808	0.9996447845244656
0.016038053315110212	0.9999980497056802	0.014560952507469693	0.9889657015907632	0.999997815025689	0.9932708183957013	0.9763477717524084	0.964050835146226	0.9911821828443995	0.021060942205459066	0.873397199298539	0.9199236911372771	0.9998768324338447	0.983564703592459	0.9999997165752522	0.9999113636779319	0.5676462599062746	0.999999590001779	0.9564794350734864
0.9875094632558667	0.999999999884501	0.002162462221236283	0.9976828965707998	0.9999999884505709	0.9982733789569819	0.03864616015910183	0.01573074810317776	0.9943367671728307	0.9402540774980873	0.9517275337213555	0.9987730564819176	0.9995551031166466	0.9966869996243053	0.999999802369361	0.9999999998594766	0.9224093215755647	0.9999999996037129	0.9973909751383662
0.04765783023956227	0.9999999999641122	0.002151693261025045	0.994842543399772	0.9999333137261741	0.9900238227523774	0.9899982238950271	0.9652392684661557	0.9349274834532764	0.9215936052144018	0.8986887967457149	0.9980180504232977	0.999709404265572	0.9926167889691463	0.999994900027352	0.9999999261378804	0.8594467520410426	0.9999999985403623	0.9748656959443984
0.004529496253749432	0.9999995856337331	0.0017146259099813932	0.9697716897701095	0.9999899709771456	0.9787984978783466	0.9793315853374692	0.9928759347939873	0.9886881434225733	0.985877971913008	0.9712955011740118	0.9996034232953178	0.9996911282497976	0.997880842487452	0.999999997692974	0.9999999730894393	0.8577666422405023	0.9999999939634858	0.9961629819022674
0.1605580528064858	0.9999999941645112	0.006762869553536444	0.9896581600831285	0.999940401512426	0.9445372416097717	0.9852123023127897	0.8787470052970211	0.9733109449818262	0.8441319319287168	0.9463010310362633	0.9972761095692508	0.997591127658117	0.9554051090944006	0.9999597378059653	0.9999972722773113	0.9146998985489143	0.9999369483792112	0.9842903101535848
0.01844862466278374	1.0	0.000455340895894607	0.9881383078603341	0.9999996651875003	0.8597169809259038	0.9974947821922278	0.999600980034389	0.9963562598321198	0.9875982503970517	0.9533228316906541	0.9996654447950433	0.9998351114480617	0.9988139629779619	0.9999999999801787	0.9999999999936386	0.8250233019332271	0.9999999999988497	0.9998115683144517
0.1587616025168848	0.9999997211060309	0.0023672939271688342	0.9922684196666941	0.9998994750459713	0.9817522729717455	0.9786917063785463	0.9155935225348933	0.96923679411176	0.9399147749071558	0.9128601396271984	0.9979626630425414	0.9986097830394737	0.9319526658796808	0.9999597378059653	0.9999999553516922	0.9466427432958002	0.999999964188276	0.9803237024446769
0.9899683745457184	0.9999999982656724	0.0075843276341746035	0.9962824671204893	0.9999999577540283	0.9951613822645593	0.9973708682573008	0.9931592967651601	0.995235721196716	0.985385054943186	0.937669825050603	0.9931496131106576	0.9999738193953849	0.9963861379460263	0.9999999990732182	0.9999999999674251	0.8671498091984071	0.9999991705273985	0.999970414199755
0.00954146450683968	0.9999999998954336	0.11007640253892768	0.9992313755719576	0.9999999979693373	0.9987129319461163	0.9995495358333559	0.9976190578461395	0.9970911919293822	0.9886544694355485	0.9187014909043265	0.8457713614896981	0.9998227483092592	0.9959321212341413	0.9999999758336267	0.9999999998055543	0.880082541612909	0.9999999999999848	0.0006664537890805899
0.03410189679213649	0.9999999867441859	0.021541537453427823	0.9954876723382637	0.9999894044668934	0.9932546620043623	0.997090707333286	0.9629911186072708	0.9850507694944413	0.9769836172363295	0.9343572320941822	0.999952551087822	0.9997553929673618	0.9963185443472482	0.9999981395154787	0.9999999999952365	0.8637289810975	0.9999999999930169	0.9944993219972252
0.026364023183404806	0.9999999994484845	0.003937513570321002	0.9985222158924197	0.9999999954988052	0.9871377659060945	0.9920004460206695	0.992555712907913	0.9968383301376993	0.9927703624597918	0.8242294357042269	0.07054095196115706	0.01070418007433327	0.007031075272030729	0.9999999996585395	0.9999999996594902	0.8652232570743456	0.9999999960576177	0.9979882442121151
0.0017437945195895033	0.9999999999943868	0.006397945710585717	0.9987844745811295	0.9999999957257912	0.98895346408157	0.08250630707676343	0.07317984690453438	0.9961042856223793	0.9817926659306548	0.95906128405361	0.8981959985821305	0.9993192394791458	0.0008752855392755166	0.9999993329343128	0.9999999998952731	0.9999906948378209	0.999999964188276	0.9961790755828365
0.007879893323779696	0.9999999973103515	0.01801719511510902	0.8181093513394959	0.9999993183244086	0.9999999884505709	0.9999824453029225	0.9999998137551327	0.01910055155500634	0.0016465948547894627	0.8258520466699488	0.9983782889501646	0.9998526751107315	0.9487703450333652	0.9999999832323504	0.9999999999998693	0.5699855070541128	0.9999999999994883	0.9999992233385994
0.0503643869546601	0.9999984715115069	0.010163772592217998	0.9684948933077993	0.9997729651723497	0.08960001474987012	0.99207515963656	0.9662945220221212	0.9815333704049254	0.08960001474987012	0.9443760275376258	0.9976447407415184	0.8820605983441254	0.999126645199053	0.9999981093411018	0.9999913134987398	0.7784985006012468	0.9999994337925471	0.9732554187631672
0.0014964397003539576	0.9999999985430758	0.0032128739521115612	0.9980913497856476	0.9999992336657567	0.9993119567623542	0.996144961399009	0.9982755519261796	0.9965850132284134	0.006762869553536444	0.8769137438563356	0.7106704613194329	0.99992292859885	0.927569888332888	0.9999999998594766	0.9999999994384325	0.9742862730573144	0.999999999770135	0.9985270005150642
0.01221721324293068	0.9999999999999164	0.0009633616856681293	0.9965475639358432	0.999999997621169	0.9999951741390485	0.9991895583258696	0.9997794881095566	0.9978835234796473	0.0016783798244645043	0.9781430890006071	0.9999999999996463	0.0751766797514305	0.9999999999319679	0.9999999999892498	0.9999999996356518	0.715100917093514	0.9999998823271878	0.9999999543003733
0.0002978433065089492	0.9999999999986443	0.0005520005545682771	0.8662070023128929	0.999999999540807	0.9983602272062587	0.9995923838562036	0.999897987528645	0.9989901074455132	0.0010203809876495606	0.8912466972548773	0.9999705385270011	0.9999848880212522	0.999665693256987	0.9999999999623302	0.9999999999992533	0.6939381248462642	0.999999999161829	0.9984427811123421
0.05455905195816403	0.9999996595115086	0.03632932285393353	0.9925248799596933	0.9999543182250437	0.9785122195518284	0.9835673400056096	0.922874419291305	0.9377697376410856	0.9014956007083066	0.9343572320941822	0.9974098525663527	0.9971709207972422	0.9955022738490892	0.9997179682058435	0.9999997773280502	0.9146998985489143	0.9999906948378209	0.9587757714207724
0.0012840387100068185	0.9999999999999992	0.006634929359438324	0.9991516343420707	0.9999999345323345	0.03003488084238015	0.9993887233534652	0.9991617812262585	0.998001219850414	0.993972965539298	0.9847256615506288	0.9706790163610536	0.9999875235899026	0.9987862039436926	0.9999999999470881	0.9999999999998348	0.8711733269536825	0.9999999999849503	0.999273152246295
0.051413504495745666	0.9999999985587683	0.037651330410345546	0.9970897170818123	0.999999998807686	0.9008025369307974	0.8611488820744257	0.9507144902447042	0.9695129975194197	0.48461057009090314	0.9439204934553419	0.9999488986740518	0.9996474092169964	0.9855844929973779	0.9999999410213005	0.9999999999999996	0.7850230595519259	0.9999999999789136	0.965383754414227
0.04507160063643245	0.9999999999995959	0.0033378625215244595	0.9867791703117873	0.999998835750282	0.9761212524144982	0.9940018603187188	0.997998191896381	0.993374289261746	0.008670609349043623	0.9800712267208603	0.9982290948899416	0.9998685643087879	0.9917474213690003	0.9999997779352882	0.9999999979168007	0.8137293247484952	0.9999999998112699	0.9967885960395192
0.1495453521546667	0.999988808193994	0.003828192781287182	0.9800931469959231	0.9999979383418767	0.9917065212462629	0.98608283227237	0.9338294054990123	0.9615639680969512	0.9801472138201346	0.9654154383371346	0.9997196567751288	0.9999979742420326	0.9989605048144073	0.9999996378580703	0.9999999999179761	0.843782860900625	0.9999997567616408	0.9902833667411841
0.018732054580822055	0.9999999895339454	0.00021853304680641283	0.9999999999179761	0.9999997675922023	0.9918530021104152	0.9994977030442778	0.9817729008472881	0.761509209576906	0.007161763284168621	0.9347417081202208	0.9994845111540445	0.9999909351527846	0.9855535380002634	0.9999998589743806	0.9999999999995118	0.5537059347786899	0.9999999984419354	0.9966459425155986
0.04765783023956227	0.9999999970198741	0.006634929359438324	0.9971115892691867	0.9994377921495162	0.9995170530015774	0.8939922002826811	0.9725791600612644	0.9919776971814045	0.05423997689568871	0.9229127514931594	0.996315879407519	0.9977903604570794	0.8519979121604457	0.9999949295408636	0.9999999890461202	0.8896092641612092	0.999999999784888	0.9819409302933847
0.005323481437117916	1.0	0.7328898100561594	0.9995081623542396	0.9999999999959732	0.9997073431671262	0.9995454275337572	0.9998309819073695	0.9979258791663287	0.9962755320873116	0.9865956572360053	0.9995710631608447	0.9999997948321604	0.9967808226696496	0.9999999991595274	0.9999999999998631	0.8802284058093972	0.9999999996585395	0.9986526689074303
0.0009271206549066324	0.999999999999995	0.005170909437692259	0.7075207478527099	0.9999999897280056	0.9998938383532633	0.999876261169277	0.9980924137530748	0.002151693261025045	0.02067061406942472	0.9757848049490097	6.4216667529093385e-06	0.999875004802777	0.718289407002147	0.9999999990407734	1.0	0.006309197326859306	0.9999999999996954	0.996029420885865
0.3910856350769213	0.9999999996356518	0.1156927140014181	0.9821513240733982	0.9999774224960009	0.9847333887180175	0.9942096828203292	0.9854918539619582	0.9611765464808808	0.9853802546352296	0.9422035009073791	0.9976333565617785	0.9995835452158097	0.9959842543286316	0.9999683635382897	0.9999998137551327	0.902732315942838	0.9999999997199064	0.9114962171301412
0.13728677492150404	0.9999999999999806	0.0027452327037620766	0.9811746608600199	0.9999999018311999	0.9946908751038228	0.9999267764002299	0.9904386144524108	0.997367662320169	0.9942169657353866	0.9633987007054501	0.9990600703684298	0.999994576318236	0.9995252675371178	0.9999938408025679	1.0	0.8421564150213647	0.9999999999999999	0.9999999999095607
0.06666100949233067	0.9999999999999989	0.0017437945195895033	0.9998498947510628	0.9999999999989599	0.9930091140182212	0.9997343500809277	0.998827034274258	0.9999911008161648	0.07492958627818613	0.9518222262429578	0.9995681326870641	0.042360531340591145	0.004148874377579936	0.9999999999999695	0.9999999998662051	0.6531781131108914	0.9999999999623302	0.9998788261598606
0.004705685341455101	0.9999999985375747	0.00018353427744899342	0.9996396764498136	0.9999999996411746	0.9906081613807242	0.03089925440945218	0.07492958627818613	0.9949715939918008	0.006634929359438324	0.9540097291000772	0.9986659522632282	0.9999076815553914	0.9936062476863502	0.999999717087115	0.9999999999987429	0.9043140101845621	0.9999999999744219	0.9972545923137686
0.0010203809876495606	0.9999999976815139	0.003171332951201436	0.9970773325901904	0.9999993183244086	0.9966103046337557	0.9982131451875147	0.9970132266455106	0.9968874381976661	0.986359049248626	0.8559861677056181	0.9958284958994548	0.9998051619119027	0.9747163669022718	0.999999999770135	0.9999998924984	0.8515200259677062	0.9999999996037129	0.9978148798268273
0.9964048021725082	0.9999999999771589	0.0025551793733421535	0.9992517379151865	0.999999999491754	0.9987587279887112	0.9997653814030066	0.9985343042243693	0.9918321314340721	0.9806877631853973	0.9764768020476186	0.99973637255002	0.9989495104895855	0.9977283709672574	0.999999943999177	0.9999999978776176	0.7917370719522084	0.9999999999996322	0.998707725694016
0.14934029437451923	0.9999999985739436	0.7131200613805315	0.9900138792444754	0.9999998984438923	0.9978329659082151	0.9984750815080544	0.996012283222387	0.9980127576919162	0.9877443977351958	0.9685499440080942	0.9910269834615298	0.998855641333378	0.9969444071749669	0.999999997692974	0.9999997614351531	0.9610265415486047	0.9999999999977776	0.9828907269701458
0.004705685341455101	1.0	0.005118556031342036	0.999722750779694	0.9999999999291416	0.9983817655021163	0.9985720812081398	0.9996655490632178	0.9963836136515729	0.9967817505736086	0.9658233640762518	0.886494615568012	0.9992653567627058	0.9041575733341886	0.9999999776722523	0.9999999999911269	0.8708980394326145	0.9999999999542638	0.9989100890660046
0.06805277019139133	0.9999999999999512	0.003774605425273511	0.9991761062499366	0.9999989605191689	0.995601155209412	0.9978050475623044	0.9983218940361617	0.9999877852763797	0.9936011371068001	0.9777157709623797	0.8900113636194338	0.9999901098149551	0.9973591813057772	0.9999999553516922	0.9999999979693373	0.8762355119645726	0.9999999999995959	0.9978494445095123
0.020264125329274463	0.9999999999995813	0.7430330754318928	0.9953541676195934	0.9999999999926745	0.9984555326714398	0.9976453207201321	0.9995834563938863	0.9978515243434518	0.0011668165180993562	0.9711269391333496	0.9983012793936972	0.9993704779776563	0.9990402169306688	0.9999999963876927	0.9999993013871393	0.8031235794523828	0.9999999999911269	0.020264125329274463
0.14556484645093626	1.0	2.6821790122255607e-07	0.999910170961768	0.9999999999999991	0.9995801955897501	0.9999688477500437	0.998690628333696	0.9995864478699732	0.8324348826617896	0.984703426826299	0.9999918356617947	0.9999995234627398	0.9998661542099064	0.9999999994820856	0.9999999999999974	0.9062907573204384	0.9999999999999929	0.9999819363133468
0.0908144451284183	0.9999999872258487	0.014282731410103167	0.997875873582231	0.9999999864562089	0.9956445963145875	0.932599502348889	0.778274318609262	0.9838772835619404	0.006893289124816793	0.9704989750366838	0.9986955266763888	0.9975775131006108	0.9627608556444697	0.9999999261378804	0.9999999981185522	0.8549277919748466	0.9999888619059866	0.9054862311391904
0.036628043921855924	0.9999999999999987	0.08972778138579417	0.9996199013766438	0.9999999999288156	0.9993843915328117	0.9997278341376675	0.9999482189502659	0.9976464367652141	0.9884737756517629	0.9725261035457959	0.9999352206656759	0.9999177489747202	0.9975457778107605	0.9999999999952365	0.9999989164953109	0.9539779356593656	0.999999999434456	0.999681601180189
0.055770677013478376	0.9999999999993848	3.876613777653581e-06	0.8870739995916624	0.9999999999641122	0.9932220113826171	0.9982135709881065	0.9717504382204587	0.6383067764958793	0.015134221699209305	0.9576494616613772	0.9998634230714168	0.9991700666363774	0.9729598379181171	0.9999999995460971	0.9999999999998348	0.4496819569788562	0.9999999999999097	0.9986097830394737
0.019336272194638293	0.9999999999962477	0.0011215852009461014	0.998409640697492	0.9999999301926719	0.9687729494287765	0.9986792363060185	0.9990377772379767	0.9839740724827024	0.0021109818606619424	0.9118980097970297	0.004900154215888075	0.0992767181721399	0.6219102133218959	0.9999998875287605	0.9999999999179761	0.6265818662475919	0.9999999999902337	0.9990507335052004
0.04147495598855033	0.9999999999999808	0.0006437867608396486	0.999345324916963	0.9999999261378804	0.9963136273737578	0.997637891330009	0.9940766621206945	0.9976425887195116	0.009725975828536182	0.9773754163658539	0.966574774571149	0.9999789081774458	0.990134453786423	0.999998747421705	0.9999999998726081	0.46294782217599106	0.9999999999256014	0.9967594996094665
0.2832608743673015	0.9999999408933734	0.004529496253749432	0.9586783583388581	0.9999877071139068	0.9265200982187514	0.9773436915043919	0.9416441874749697	0.9847906696067079	0.9462798172598306	0.9307338308552435	0.9925476942318875	0.9952485556418902	0.9806159383732674	0.9999683635382897	0.9999760754287799	0.7054082446015673	0.9999999832323504	0.9594386199739758
0.039612573364910975	0.999999999999985	0.00014536497779160662	0.9996100327077132	0.9999999979693373	0.08662570892440469	0.9974406660844585	0.9543176628401511	0.9978282049711555	0.9771960167553668	0.9454865857052979	0.9996840942527255	0.999999743746909	0.998731640157575	0.9999999999050313	1.0	0.8973816817384563	1.0	0.9271244297054729
0.001468086482634079	0.9999999999999968	0.004300826861955223	0.9981749490820595	0.9999995635693518	0.998623063494622	0.999646554195353	0.9938536498601523	0.9985969552145595	0.9548649041887518	0.8414448440462747	0.9947271837821422	0.9999991250910344	0.9979970079910234	0.9999999996907603	0.9999999999987577	0.9452531998367962	0.9999999999999488	0.995088665920662
0.08171065907009445	0.9999999999500724	0.0005961415313854301	0.9878637956304523	0.999998758413411	0.9630860298775152	0.9814790542322374	0.9535665224941124	0.9835427828977904	0.919680538518455	0.8907957602052091	0.9969789347889761	0.9995322376026616	0.9923387745659371	0.9999928619659995	0.9999999999998865	0.7683997261739569	0.9999999999995558	0.9792800951439259
0.018930328405877384	0.9999999999999291	0.0011016598644493225	0.9987008202420675	0.9999999996229146	0.9942878484470317	0.997806259151614	0.9984559163993953	0.9985241063141955	0.9055402249272801	0.9451496191590291	0.9998947873925291	0.9996505462067355	0.9912771009867226	0.9999999999962477	0.9999999992952598	0.847788137939959	0.9999999999985506	0.9975299317830388
0.9960344250799702	0.9999999999999999	4.956776367626148e-05	0.9996097049452946	0.9999999999986818	0.9999992108397087	0.8661343322896486	0.7105650978348041	0.9991143568873813	0.9811784898864474	0.9506401998162624	0.9864831616937849	0.9999994161942898	0.999266493738521	0.9999999999991791	0.999999999961774	0.8029760075720227	0.9999999999996911	0.9998055394698363
0.017697609528376637	0.9999999999996632	0.013096902523866139	0.9992796281356652	0.9999999920148336	0.9840364892782678	0.9787765868984616	0.9904480107308605	0.9926467016219376	0.9592017305477107	0.9654154383371346	0.9959856326184321	0.9951465827489985	0.9941948339970456	0.9999820997499386	0.9999999999138721	0.9780976302681057	1.0	0.99170298901396
0.0017774479409237154	0.9999898084747575	0.6982024484941843	0.8740816243298413	0.9999999996907603	0.9942171256037747	0.9958818801124442	0.996517881224994	0.9959901784160167	0.9868905526959681	0.9531079290169935	0.9964757823320122	0.9998682986109277	0.9912265857805155	0.9999728512468538	0.9999999999002727	0.8027209647207386	0.9999999744693526	0.9976400801602981
0.003568903391281353	1.0	0.002147911627313717	0.9995424625142971	0.9999999999999383	0.9908175398225263	0.016291210770888354	0.04573756115305261	0.999122375403191	0.987396043140039	0.9759091569090768	0.9999276742319915	0.999989106301396	0.999805469882322	0.9999999983864206	1.0	0.983147005602055	1.0	0.9999262006371491
0.016330883558847153	0.9999999999999999	0.0004732235923043948	0.9995259811813624	0.9999999999989599	0.9987866934159239	0.9997425579982773	0.780534042122992	0.9994496467591252	0.0026044297765791535	0.9541553958968635	0.9997519641742431	0.9999895274282967	0.999316653492409	0.9999999980694758	0.9999999988042605	0.07734034182790772	0.9999999999991394	0.996493237058392
0.01876329400333114	0.9999999978776176	0.004609489938075875	0.9976840709980268	0.9999999935231222	0.9868511083099806	0.9984522725735674	0.9996490723897441	0.9692981345671728	0.021903802883231904	0.9185123428584538	0.9993231666593255	0.9995230898885819	0.9959090149045742	0.9999906948378209	0.9999999607764329	0.8027209647207386	0.9999999803024984	0.9977380997256515
0.03556641802046889	0.9999999997978053	0.0012596926271033482	0.9990703126405082	0.999997239480225	0.9934332629961264	0.0950405826509223	0.04435806737652492	0.821044023433839	0.05375749622131998	0.9725161252096798	0.9999223787904037	0.9997360842303807	0.9439933988233963	0.9999998344973116	0.9999999995521	0.6639009782688384	0.9999999999998753	0.9991025292792407
0.00918298807223894	0.9999999999138721	0.7490011577487805	0.9978926368989512	0.9999995790145275	0.9496691539832596	0.9827852582131038	0.9975107606385885	0.9662415873367923	0.9053336943841173	0.8012458655343625	0.9980855569120046	0.9999305583885991	0.9939297087472043	0.999999998807686	0.9999999985403623	0.8137293247484952	0.999995987709991	0.9766254618301937
0.02565681982302137	0.9999999956870053	0.10564110015006038	0.9982170548643648	0.9999999999968989	0.9985082566988754	0.9936316090572099	0.9844885746512946	0.9682976773589613	0.971585830362328	0.9586783583388581	0.9999571452071919	0.9999678806337151	0.9942291940651679	0.9999999985403623	0.999999999999994	0.951193546908492	0.999999999975628	0.9338424893360603
0.013662202095514275	1.0	4.5813101216429786e-05	0.999812960564833	0.9999999999999779	0.9860961006639282	0.9985936895384213	0.9989408290749315	0.9999074716479712	0.9909047380249069	0.988257307692208	0.0008037987679255787	0.03632932285393353	0.0016627898048726664	0.999999984568301	0.9999999997089721	0.9045783830421472	0.9999999999971807	0.7462978912314384
0.09418202360161088	0.9999999884505709	0.0022354787616116756	0.996834991430807	0.9999999999844317	0.9954877032389315	0.9879175172647626	0.9959671211050063	0.9794551341806916	0.3775467308350653	0.7971446856487503	0.749122424929502	0.9999793158875513	0.9613227127812531	0.999999590001779	0.9999999998346712	0.9143162456746632	0.9999999494799234	0.9747780381214679
0.028813495688197688	0.9999999998979192	0.007161763284168621	0.9995286573601928	0.9999999017832254	0.9979064264468304	0.9896699975210218	0.9990228463228463	0.9805948031343915	0.9991138507915089	0.9518222262429578	0.9990401377100596	0.9999803868527205	0.9974230458529859	0.9999999915843596	0.9999999998594766	0.9900293245140612	0.9999986606022212	0.9987292100695375
0.023368012694300777	1.0	1.233300877667709e-05	0.9996532222418861	0.9999999857153588	0.9990753087842746	0.9994121382441736	0.9940649112368565	0.9988102150091316	0.05025496619833458	0.981706156863532	0.9998846398361716	0.9999958726179056	0.9994985557501528	0.9999999999982476	0.9999999999702363	0.6579663447296887	0.9999999954972982	0.9689490032936878
0.0018823395226792439	0.9999999957305558	0.0075843276341746035	0.9988853130611645	0.9999999966973327	0.9954876723382637	0.9951160482592422	0.9993533229403156	0.9938460094594668	0.0036719955172348495	0.9372703545873116	0.9999999923323686	0.055770677013478376	0.9980050787577714	0.9999997675922023	0.9999999996229146	0.9377189142390463	0.9999999998017418	0.9985335533951447
0.017856624350375078	1.0	1.7020885478835623e-08	0.9945708561852704	0.9999999999999988	0.9996919691235614	0.9999934769349013	0.9954850719280669	0.9994039758085843	0.9936877853337608	0.9346010705584841	0.9999579328971757	0.9999991306144023	0.9989898249585497	0.9999999999968974	1.0	0.7874477944671121	1.0	0.9999092504034329
0.055770677013478376	0.9999999998885702	0.0004918033506743358	0.9576851266064585	0.9999999968628291	0.06968315639162304	0.9981452851166951	0.9926952056469549	0.9935800729195384	0.04049843505266837	0.9462798172598306	0.9990766615843728	0.999898528095087	0.9961893471250187	0.9999999720810111	0.9999999997334207	0.9577547464730988	0.9999999999826117	0.01573074810317776
0.08960001474987012	0.9999999982213178	0.0010203809876495606	0.996639142715229	0.9999997635652682	0.9773436915043919	0.9925718919983482	0.9913244682837273	0.987655916989793	0.057391158295373446	0.9312529267924401	0.9565107896681627	0.999979711895311	0.958266264486807	0.9999999792125227	0.9999982397036102	0.8754452145210491	0.9999999999704299	0.983562367940077
0.15528324701396878	0.9999999501115885	0.005120741383839361	0.9426121309777118	0.9999991705273985	0.9809376621915892	0.9831963111920174	0.9907943099636535	0.9829729583163799	0.9846450873410427	0.8668709162233454	0.9697262464161954	0.9989697915860657	0.9874475279006646	0.9999999600224602	0.9999999410213005	0.9123799972173244	0.9999997332558475	0.9942865963096319
0.001887193945672716	1.0	0.09093280023524708	0.9989576066589901	0.9999999999999986	0.9996886506347318	0.9995895858536432	0.9999121637556092	0.9990652942540005	0.07861730044036552	0.9438052418716409	0.9999894089753312	0.9999999999909482	0.9999271504664337	0.9999999999850968	1.0	0.8953678361666448	1.0	0.9674947189233234
0.04765783023956227	0.9999999999581438	0.03523886308090429	0.958285607894224	0.9999898060652768	0.9380995892017682	0.9295608193722893	0.8866591414793057	0.9971157853211632	0.005695107656092713	0.9615299730875483	0.986687923142441	0.9994753679582591	0.9927358000732647	0.9999999261378804	0.999999986329994	0.6863448614218189	0.9999999999999709	0.9996029512023997
0.0588756888043761	0.9999999999535772	0.00023613926891385972	0.999553627069917	0.9999993917570962	0.9934027773104467	0.9976090587100188	0.998983542805122	0.9978306992831179	0.9880517283394177	0.9682976773589613	0.9994306439847896	0.9998092726129044	0.9961866697498447	0.999999790921998	0.9999999999493325	0.8948141204255757	0.9999999578460026	0.9990841421016224
0.0009049298733779798	1.0	1.9563288988777572e-08	0.9997533957886544	0.9999999999999997	0.9197760916810646	0.9999746138216473	0.9585069989819397	0.9999320112451424	0.9993585235451237	0.9523491916400678	0.9999982320681582	0.9999999999410006	0.9999008990661651	0.9999999999994099	1.0	0.8425225225037609	0.9999999999999124	0.9993521995467566
0.15007583066148733	0.9999733738802429	2.481182083391431e-05	0.9865332909749316	0.999891391476687	0.914983143449571	0.9873546770239225	0.9343572320941822	0.9800195130028087	0.7215850748994251	0.9455903970898805	0.9852915962537256	0.9978941968627482	0.9873624978989067	0.9998714537026383	0.9999999999444519	0.6818946396703822	0.9999960239895713	0.986895993742342
0.0025247670802540645	1.0	0.0018117242247264187	0.9997002092682029	0.9999993334363638	0.8294399377149003	0.9892394652205834	0.9997056890459634	0.9954372865154009	0.9667214495079832	0.9771268472914303	0.9997642731550272	0.9999995436811102	0.9980117651396985	0.9999999998783631	0.9999999999999291	0.6625829822135094	0.9999999999995763	0.9998077586763159
0.36937954668317136	0.9999999998925417	0.09275689866562196	0.9912631249627069	0.9999908922300568	0.9965242240974015	0.9979072085124929	0.9932394741945316	0.04049843505266837	0.9109753621797093	0.9251975396843434	0.9978191064390752	0.9974824326893028	0.9953878742245436	0.9999998344973116	0.9999999999958721	0.8992202654159274	0.9999999999470881	0.9876867077534882
0.9944907512750685	0.9999999999999998	0.0072999188855099595	0.9999960996441252	0.9999999999999747	0.997763747529227	0.9998688885503438	0.9996229262025148	0.9999149704807523	0.9899662907771171	0.7919167642104249	0.06585699949628088	0.9999999488544035	0.9129767742331725	0.9999999999999183	1.0	0.8735205001372575	0.9999999999999921	0.9999918790689177
0.021980267792068714	0.9999998524378736	0.0017107758011455365	0.998990364731923	0.9999997878131446	0.995211379017363	0.9944749383839633	0.9896636835699449	0.9841265243208056	0.8344234120774693	0.9274061834875311	0.999454318950401	0.9999368878862522	0.9968852731780837	0.999999999491754	0.9999999999992533	0.984814724352727	0.9999999984644796	0.9604563645101838
0.005378174432212224	0.999999999999972	0.8043859200025498	0.9998815951075031	0.9999999999999534	0.003467707069859327	0.996111595381234	0.9985333417107279	0.998409192578085	0.9969758028291552	0.9501107397612308	0.9996975767923435	0.999999897940379	0.9992410131972553	0.9999999993824329	0.9999999645165423	0.9557319983764604	0.9999999999986178	0.9979258056344982
0.00048242467346171214	1.0	0.0006077138576757735	0.999713481934608	0.9999999978581011	0.9968258911073413	0.9993598071766427	0.9989623895140767	0.9979358449268058	0.05981035229109577	0.9821106281586339	0.9998159971784614	0.9999993818597056	0.9994038513593179	0.9999999999869723	0.9999999999997404	0.6743087876957089	0.9999999871576023	0.9999998103770368
0.38782227651788803	1.0	0.00021853304680641283	0.9987746414174834	0.999999999666302	0.9985812885867484	0.9985320613098903	0.9987360122073476	0.9979336188783239	0.9403385295678285	0.9167468087008885	0.9996532816137176	0.9999975194336236	0.999130030098586	0.999999999354648	0.999999999971452	0.7577646006521827	0.9999999995256936	0.9995303419942931
0.004277512203078704	0.9999999992418517	0.012010863850211217	0.9978641664378128	0.9999999975720197	0.9965729851957933	0.9918315439479128	0.9985351029550253	0.9865013772420679	0.9950441820596179	0.9293729879170258	0.9926940462652976	0.9999986953305113	0.9970483484983942	0.9999996651875003	0.9999999940057465	0.9362198548781325	0.999999999996589	0.9945602408372547
0.002819515957659169	1.0	6.526413017904353e-05	0.9999576375800177	0.9999999999965972	0.9997652868404994	0.9966844755909096	0.9996118652226679	0.9994313720309624	0.0005627216410653002	0.9638255218575893	0.9997376413454423	0.9999916719355942	0.998411957375457	0.999999999891562	0.9999999999999221	0.45761834144799957	0.9999999998547936	0.9999999999189094
0.9937791378966623	0.9999999999999999	0.10659185558740249	0.9998149471874818	0.9999999999412249	0.9782609409092459	0.9999377706047717	0.999727455317781	0.9943134226681659	0.9937783695604586	0.9485684029211569	0.9999991179079196	0.9999956523695119	0.9997420822065948	0.9999999941251166	0.9999999999994448	0.904414272316856	0.999999999999926	0.9752470798512126
0.03630682104258803	0.9999999999876023	1.161144918382373e-05	0.9904266058879047	0.9999999935231222	0.9815235980709851	0.9994437095556171	0.9232490478681937	0.9633461271987765	0.9515190701166187	0.9466427432958002	0.9998160915353693	0.9986303241102982	0.9901185711879347	0.9999990527697176	0.9999999999998631	0.8433457348177381	0.9999999999999997	0.9948074873967995
0.9610569436686625	0.9999999999998258	0.09050078321419547	0.9964910562037115	0.9999999971079119	0.9991087022087085	0.9979159008439926	0.9994338528771075	0.9980367091515739	0.9946160342864592	0.9581607620157995	0.9993760338192558	0.9991774669253074	0.9386682917122058	0.9999999999987429	0.9999999999999861	0.8957262586866199	0.9999999998656828	0.9984234323176829
0.9894933459299613	1.0	0.010105903170244401	0.9999999999999576	0.999999999991938	0.9492471338589937	0.9964344703135636	0.9997919619786647	0.9980855845951481	0.9899482870511724	0.8491691378559724	0.9997532785698845	0.9999787227593168	0.9940284863983495	0.9999999968403653	0.9999999999504426	0.8750251870948769	0.9999999232506722	0.8886374318543286
0.00038091934415485085	1.0	0.09179129124302901	0.9997841299327608	0.999999999540807	0.9999999978168205	0.9997058366882995	0.999562060879259	0.9998612651134724	0.9982120667190868	0.9898030441347706	0.9999910122472548	0.999999992237789	0.9997268457408868	0.9999999999999002	1.0	0.963878844568276	1.0	0.9999960207444178
0.009914097621340212	0.9999999103030077	0.010854879834697906	0.9979103294348255	0.9999999696125198	0.9970535287947777	0.9853253385297206	0.9973030742199522	0.991000572311518	0.8680739194703264	0.9601420818558203	0.9990678877914128	0.9995797163411121	0.9976276868907352	0.9999996650442775	0.9999999874948469	0.9560267818600368	0.9999999999902337	0.9979996567800993
0.9916499321100607	0.9999999999999534	0.0018467078952628668	0.9853267611730011	0.9999999954988052	0.9958115369056754	0.9915518569247844	0.9936217008154312	0.995858626684118	0.9901088926023702	0.9387928865706571	0.9974835723874746	0.9999333121413949	0.9974646950194549	0.9999999950071485	0.9999999920148336	0.9433266251861148	0.9999999996411746	0.9976508952627535
0.0043599086970365075	0.9999999999218826	0.009725975828536182	0.9978867058347228	0.9997340001431876	0.9790876610769907	0.9570566093608912	0.9227883422128752	0.9934936298068188	0.006762869553536444	0.9693719855669958	0.9974720201957967	0.9996700646720547	0.9941160205410059	0.9999999376209264	0.9999999990254026	0.026701537317209034	0.9999996801516607	0.05671299970377275
0.0017774479409237154	0.9999999623866743	0.005258191457427466	0.9989821129126358	0.9999999911300592	0.8757293269412925	0.9971698079916418	0.9985506780077003	0.9947710322465996	0.8680333121269466	0.8723352482760727	0.9982950892494709	0.999356136196328	0.9960743241198469	0.9999999965229184	0.999995397232785	0.8040104048709549	0.9999998827450258	0.9979708965681336
0.0004918033506743358	1.0	0.08872480221337292	0.999785638263184	0.9999999999999799	0.999999887980947	0.9991661663014951	0.9999678715087802	0.9987072805646234	0.9930146957579926	0.9631421864521997	0.9997096354083158	0.9999995665563276	0.999744161460351	0.999998167528237	0.9999999999999999	0.7617570510723412	0.9999999999819369	0.9999832102288092
0.26015475312319514	0.9999998344973116	0.04651296915595282	0.9999733738802429	0.9999727404489448	0.994409313875681	0.9774670401474309	0.9766121444534026	0.9887465373801335	0.9861272514496097	0.9292389965366272	0.9881981195034337	0.9957330730458378	0.989842799270241	0.9999786156466561	0.9999959929337674	0.9416300681408943	0.9999996797871544	0.9642979630128111
0.006815873155111896	0.999999999999844	0.013554249991833064	0.9999996609265938	0.9999999850560057	0.9642363444607043	0.938937864900508	0.9897191633916086	0.999162808189964	0.997518855659059	0.9227617465016753	0.9988304109972358	0.9999998729090638	0.9997570353740468	0.999999999999802	0.9999999999999999	0.900557317531257	0.9999999999658189	0.9996356100007887
0.995526836735964	0.9999999999776599	0.7351350260442315	0.9997770288819349	0.9999999810738747	0.9997781089686669	0.9996573854016059	0.9978343229194147	0.9961520644127592	0.9743792063339305	0.9437856512997208	0.9996926013683018	0.9996375860158343	0.9961970365514445	0.9999991848968744	0.9999999757647491	0.8637289810975	0.9999999999999954	0.9980513744557181
0.01910055155500634	0.9999999999998006	0.002193187211204206	0.9971900347857491	0.999997856531235	0.9927316945785147	0.9989714252674154	0.9978673655060967	0.9939781373471683	0.004982917034273782	0.9561174496813151	0.9998598069729934	0.010911486988076646	0.9990143760837937	0.9999999755853258	0.9999999992952598	0.7975006666365881	0.9999999999999964	0.9952529483579813
0.003467707069859327	0.9999999999970318	0.00020222878941378308	0.9976394835666087	0.9999995050488409	0.9857758009156946	0.9974907099629978	0.9917805005481884	0.9928349458842686	0.004529496253749432	0.8201615013663908	0.9966193864213048	0.9999957881396814	0.9975083727560012	0.9999993183244086	0.9999999999002727	0.5506049250536803	0.9999999999999997	0.99781780863868
0.01844862466278374	0.9999999999999886	0.0024188375792960487	0.9995119481267237	0.9999999829176018	0.9969137987021007	0.9977223150517498	0.9975382502197528	0.9969740157066783	0.003402166124962247	0.8888291735611542	0.9950689434480928	0.9998978257425425	0.9979987449572327	0.9999998558276573	0.9999999932886057	0.9846904640039753	0.9999999973527244	0.9991793060328669
0.003690582752144844	0.9999999999998423	0.0026044297765791535	0.9648383528151101	0.9999994379933438	0.9974241735618241	0.9990862406992794	0.99958654555258	0.9985709487382181	0.9918811735134921	0.9060788681504026	0.9997451748041262	0.9999999149979094	0.9998348515966345	0.9999999742033951	0.9999999999999595	0.7690176052900818	0.9999999999999999	0.9997245712929976
0.024790722962059752	0.9999997399788918	0.00411736251664796	0.9995594897821258	0.9999999999623302	0.9942441051692237	0.999803290606887	0.9610569436686625	0.9970706112548342	0.004277512203078704	0.9254946192063309	0.9996788231413882	0.9999975116761513	0.9985017400039848	0.9999999904246216	0.9999999856389399	0.01070418007433327	0.9999999999976128	0.9605374362511621
0.014844742356273088	0.9999999996750539	0.011338411823486272	0.9961563583938158	0.9999999218365055	0.9849481085001434	0.993335503159401	0.9948199101850488	0.9961823431117209	0.9834831010735035	0.8803060256639792	0.9934962281192894	0.8760456633997358	0.9939043309890913	0.9999999931757965	0.999999997692974	0.8712190279375882	0.9999999871576023	0.9906120082329967
0.012506910654689563	0.9999999999959529	0.0020505952590241655	0.9996913379769764	0.9999999301926719	0.9986314452093005	0.9995079458185374	0.999372053564764	0.9990945600771772	0.9948253558282134	0.9567156128533456	0.9990201588316115	0.9999994656268189	0.9995686701907758	0.999998958051698	0.9999999890578429	0.8400604177372326	0.9999999999915422	0.9852427893859111
0.0005627216410653002	0.9999999999812329	0.0005847881221539009	0.999548336209296	0.9999999999138721	0.9986068236960404	0.8488828946921385	0.9942989098728724	0.9863909359198706	0.9781281850477108	0.9491872363733065	0.9993530813134283	0.037921982547677646	0.9966177866524757	0.9999999997056983	0.9999999999974367	0.8081411252152366	0.999999999519329	0.9995304237372836
0.1541635908704596	1.0	1.5503091688184867e-07	0.9998607701027252	0.9999999999999962	0.060525596420847316	0.9996394138959569	0.990613025353581	0.9688664962213207	0.021912433384789654	0.9605816212775385	0.9997426533934879	0.9999995106209412	0.9990932749964112	0.9999999873382089	1.0	0.7804679110276909	0.9999999999999999	0.9987117247688738
0.00017315047511168302	0.9999999983716283	0.014591138522706285	0.9999793229289996	0.9999999999713022	0.9874672952394756	0.999653329943472	0.9997884770943359	0.9875395292782191	0.9982290948899416	0.9818054694846614	0.9840738035506776	0.0013341444773374844	0.9960007705119526	0.9999999999997621	0.9999999999891959	0.772660255418334	0.9999999999983289	0.9999999767818522
0.007440755939376875	0.9999999999999758	0.0028110845366754456	0.9911897743601427	0.9999991705273985	0.9968373337777232	0.9990535915468411	0.9991462740612683	0.9935611498306344	0.008506308338742663	0.8605041276085251	0.9990966015553553	0.999999832246385	0.9994445410456352	0.9999999989750793	0.9999999999277831	0.9239184333617161	0.9999999998777538	0.999811619285076
0.030070604537751122	0.9999999999998631	0.002886057574825948	0.9991508035843141	0.9999999999995118	0.9986334420001208	0.9988042124067879	0.9925660961506649	0.9898325306678529	0.9215245700657265	0.9424313932316072	0.9724885753985879	0.9999924827834706	0.9988727734673035	0.9999999999842082	0.9999999963917234	0.8067910360460289	0.9999999999767769	0.9998192762073601
0.048852985416336314	0.9999999999999976	0.004762532787637108	0.9986621140964775	0.9999999996750539	0.9981230976634945	0.9998210129513477	0.7330558848838133	0.9809219132138158	0.007026237039931216	0.9447566367459993	0.9999688632647376	0.9992460802615308	0.9939361528742536	0.9999992683225053	1.0	0.971763572026633	0.999999999972618	0.9976813153088292
0.04599249329011457	0.9999999999986408	0.002465418490833149	0.9993939002689617	0.9999999457966939	0.9984694787336439	0.9959120349943013	0.9953738049250723	0.9930510508076189	0.991178944221873	0.9247997898380194	0.9834827624399244	0.9999596752040524	0.9946774654663628	0.99999992506563	0.9999999999999708	0.9709489608581691	0.9999999965479628	0.9969285257404507
0.005078916006506451	0.9999999999999994	0.00021853304680641283	0.9937854256765267	0.9999999660998342	0.8009450224387737	0.987442046503115	0.9791227232057177	0.9916086003003713	0.9919744438987347	0.9789067252677144	0.9997256840451572	0.9998996232065757	0.9981733195037416	0.9999992336657567	0.9999999998524061	0.7314225535476837	0.9999999988506548	0.995662289493872
0.00552730812725033	1.0	0.09292190179110228	0.999977947680397	0.9999999999999221	0.9985847933143112	0.9990540100531827	0.9946965558058061	0.9998983905562503	0.9892032764334864	0.9539506147586911	0.999670816181712	0.9999946431715682	0.9997499865532672	0.999999999990779	1.0	0.7780533516548561	0.9999999999999998	0.9990477423528515
0.981397194604128	0.9999999999999997	1.25635009839975e-07	0.9892147369901939	0.999999999991938	0.9902074110668061	0.8623330081788432	0.9756800747439099	0.996980669897716	0.9909060482193923	0.9426859170100782	0.9999049935407678	0.9998851624105839	0.9979022331010408	0.9999999999767769	0.9999999969850191	0.7270097664407409	1.0	0.9992601665699256
0.015429514505833297	0.9999999997734748	0.10454594554386222	0.999995943385492	0.9999999999999488	0.9989841257557645	0.9966678874931635	0.993012308039459	0.9969125212536084	0.05304019618188782	0.9369115181627261	0.999856644745158	0.9999400203719907	0.9971257125473819	0.9999999999999789	0.9999999999999868	0.7492453753376167	1.0	0.9979647705347092
0.024657112109568446	0.9999999999970433	0.008670609349043623	0.9977093603588115	0.9999970115267653	0.009008884199174672	0.9951685917307728	0.9829848175267939	0.982461245157203	0.9740029386056656	0.9717407552580178	0.9894666672750919	0.9988791434329852	0.979511129045462	0.9999999823092194	0.9999999666080751	0.8797841823652478	0.9999999996037129	0.9827764453028609
0.025693851274392943	1.0	0.003402166124962247	0.9996202734889368	0.9999984425429128	0.9994008066355672	0.9998211743393061	0.999499137815113	0.9978377421251283	0.9908362777717905	0.9895701191848305	0.999858392343624	0.9999861062968753	0.9975884567155515	0.9999999966974112	0.9999999993380853	0.9834167108282823	0.9999999843914762	0.9986083658187538
0.936211142057623	0.9999999999897536	0.006147017386140652	0.9531523208445913	0.9999997773280502	0.9917030840228361	0.8557747503223851	0.9872460453115	0.9922936041913754	0.9411695986608178	0.9376750472189268	0.04632057511319365	0.9989667196045418	0.0029204680200861644	0.9999999823092194	0.9999999968628291	0.8249480942463252	0.9999999924227665	0.9967188508201215
0.004012600012727852	1.0	0.0029526304169783385	0.9997013523218963	0.9999999999956688	0.9999999856447136	0.9999074935461181	0.9998412952561135	0.9994863961489704	0.00012934379647311367	0.9915352409760446	0.9999023343655046	0.999998848586508	0.9994962018179021	0.9999999999823372	1.0	0.005009598409383975	0.999999999999733	0.9999793978711882
0.00259079486225533	1.0	6.461175228844596e-06	0.9997308973261446	0.9999999999997677	0.9999999999952365	0.9988927648702572	0.9967060412039633	0.9998401413055857	0.0016154093793807611	0.963518196344406	0.998895852503336	0.9999999995377625	0.9996450092186233	0.999999999999992	1.0	0.5363331988768095	1.0	0.9997425332831877
0.03632932285393353	0.999999999999999	9.686640081052467e-06	0.9978895732744618	0.9999999963917234	0.9972158816703857	0.9951311436746508	0.9953990987977509	0.9932522742815376	0.917557902186259	0.948054057141326	0.9996995398882929	0.999981552709611	0.996879152599476	0.9999999958790876	1.0	0.8604490724714511	0.9999999999998865	0.9956881108680193
0.0033378625215244595	0.9999999999470881	0.0027969701258672985	0.9987393924878348	0.9999995168348409	0.9977585164467407	0.9950457523722712	0.9987232531892742	0.9918988752077225	0.9893289270671438	0.9454865857052979	0.9976880254487013	0.999999917998924	0.9952743968950386	0.9999999696125198	0.9999998230820464	0.9854407945738789	0.999999964188276	0.9947965865284947
0.0385004717360351	1.0	0.04518228035693424	0.9997425579982773	0.9999999999444519	0.9969388024758962	0.797593453457441	0.835227888427113	0.9955543620535496	0.004705685341455101	0.9290675711721644	0.9997696498241856	0.999979447048868	0.9839174995223319	0.9999999447790257	0.999999999617412	0.6831782418253436	0.9999997507173282	0.999400979640002
0.0018823395226792439	0.9999999999999978	0.0015253380328869026	0.9997196481220345	0.9999999999325118	0.9979822393707584	0.8727163355748585	0.8728776178966282	0.9984619882094622	0.0013861958130969576	0.9401582013460986	0.99999999984216	0.09418202360161088	0.9999999994229383	0.999999999988721	0.999999999999008	0.8747483592680314	0.9999999999218826	0.7461374199489949
0.024790722962059752	0.9999999999995344	0.006509420571185198	0.9975034477328119	0.9999614929118998	0.9960585994144695	0.9974537800454318	0.9981327299056622	0.9935291129317705	0.945397353373647	0.9478818109369511	0.996536905820095	0.9996897931147363	0.9946427262028621	0.9999997080805666	0.9999998972465625	0.9029180752613598	0.9999997080805666	0.9966725206004285
0.01910055155500634	0.9999999950799756	0.0004641967609170239	0.9977156624581448	0.9997513759414243	0.7620894960567014	0.9972316274077456	0.9902388156409803	0.05423997689568871	0.04765783023956227	0.955237422778145	0.9990230478178573	0.9999971593255771	0.9778975033373802	0.9999976488919008	0.9999999996585395	0.5699855070541128	0.9999997675922023	0.9794218898429585
0.019782622313309628	0.9999999998449756	0.0027057895096611606	0.9964794119960457	0.999999977952275	0.9981181099583367	0.9943991307699644	0.996676606900148	0.9972508910706877	0.9933569905419656	0.9405520947920263	0.9981955900449314	0.9999992887072543	0.9982977415721593	0.9999999869254547	0.999999999975628	0.8375214953747294	0.9999999999387749	0.9992706939869405
0.07231603560739419	0.9999999997075005	0.019971324294281265	0.9536701039630893	0.9999999998783631	0.02565681982302137	0.9968634432891661	0.9570969931290155	0.9776507187251577	0.3684017900063473	0.9535665224941124	0.9998917747453158	0.9999111941249239	0.9869927337339928	0.999789959387807	0.9999999999999204	0.7966639774165434	0.9999999999999999	0.973713745999644
0.029529641374517412	1.0	3.025625384878161e-05	0.9989415148578701	0.9999999870083767	0.7763155117766156	0.9644360169846807	0.9747770153478973	0.9562555290109334	0.9999995050488409	0.9824890431756709	0.9834078081914558	0.9999997566902538	0.9987172872302068	0.9999997635652682	0.9999999999999998	0.9500859983574399	0.999999999891562	0.9771712150689669
0.03466456352317493	0.9999999999869723	0.01074094371384035	0.9987941569307366	0.999999997444597	0.9929099547576821	0.9978269573282446	0.9967083079062047	0.9897841871191203	0.8698998709335256	0.9293754956896358	0.9968861424349885	0.9997162638107792	0.997521932663393	0.9999995497173252	0.999999999314132	0.862042103344031	0.999999999965809	0.9976184355968485
0.048252054282101	1.0	9.283844394425422e-05	0.9999751240511975	0.9999999999999981	0.9999986234864001	0.9930027789143262	0.998516110330088	0.9984090798261204	0.9920104126841721	0.9570904732489203	0.9999721815258646	0.9999075187138925	0.9963403887554224	0.999999999928091	0.9999999991957407	0.9611125561931884	0.9999999999999964	0.9991329568036901
0.24951766653974833	0.999999999008738	0.010986886106897714	0.991628789495153	0.9999999792125227	0.8861933809701009	0.9987053139671895	0.9944388648837159	0.9961116849715278	0.9914698451406783	0.9560033454125936	0.9982964982430094	0.9994807526118589	0.9939162854666295	0.999999999314132	0.9999998230820464	0.8807531020451815	0.9999999938586112	0.9976051416122477
0.005176767672457228	0.999999997444597	0.012010863850211217	0.9989788417329656	0.9999998528162165	0.9921776888843614	0.9896461146331951	0.9959125395727358	0.996445841029598	0.8029431731725015	0.9143259826444564	0.9939648456891621	0.9986399397686441	0.9824130890451266	0.9999997779352882	0.9999999991186536	0.8884154445098411	0.9999997972469844	0.9752943613164722
0.002654627074898497	0.9999999999999168	0.0018823395226792439	0.8662664492784564	0.999999999991938	0.9967635855130869	0.9986580237371875	0.9968615597727756	0.997079498629228	0.7464915529805619	0.9564474633116014	0.9986757130212733	0.9999778212543893	0.998825071283285	0.9999999999933433	0.9999999999989599	0.7699700903820732	0.9999999999325118	0.9985858597906369
0.1411555086926408	0.9999999999493325	0.005078916006506451	0.998605542553978	0.9999999935231222	0.995603015145797	0.9937081554818135	0.9928759347939873	0.9871991099013036	0.9610265415486047	0.9576494616613772	0.991771874520726	0.9998851624105839	0.9979536551931124	0.9999999600224602	0.9999999983845806	0.9154577655612114	0.9999999999967476	0.9930120502183041
0.48869605716766285	0.9999999987284375	0.10132783172756586	0.9989551691354577	0.9999999947410608	0.9965505078897607	0.999609160576216	0.9925989487091287	0.9898165333178712	0.9752619716400894	0.9790298011132778	0.8141261847178203	0.9999221412738347	0.9988163656522294	0.9999999987503517	0.9999999999962477	0.8140990776430945	0.9999999994695635	0.9901892284161146
0.0038148257885364245	0.9999999999973954	0.00010236176190525637	0.9998487116373499	0.9999974741991807	0.9977994926523713	0.9998454480053781	0.9998529190873146	0.9805293374282741	0.002654627074898497	0.9792055490353863	0.8646717775254839	0.026701537317209034	0.9952937084598097	0.999999748896024	0.9999999999767769	0.041127482251497316	0.9999999999978801	0.9954323540130403
9.814333647784057e-05	1.0	8.581340731894649e-06	0.9999485833336874	0.9999999999999999	0.9996219973029064	0.9999546042020477	0.9999487520488278	0.9997355719897674	0.00011474746043860229	0.9640471763611635	0.9999841799320238	0.9999799556237055	0.9991574015050608	0.9999999999747607	0.9999999999999948	0.37412186641318657	0.9999999999994104	0.9999967804568499
0.0075843276341746035	0.9999999999999978	0.0017801597956483561	0.9999466063081829	0.9999999787058024	0.9965426773646116	0.9981683295563781	0.9851562086405686	0.9985371756994708	0.9855915807007568	0.9437636840088052	0.9996348577770096	0.99988673525431	0.997977041231154	0.9999999981410179	0.9999999999997355	0.8982798932086216	0.9999991004201794	0.9995997041391922
0.047070546185356776	0.9999999999999512	0.00033444545611305276	0.998015601710285	0.9999999659412913	0.9983453953482666	0.9993537605277151	0.9939434577023656	0.9944964731356757	0.7288517096853386	0.9801472138201346	0.9993930166094238	0.9999996894277733	0.9989999526728657	0.9999999985403623	0.9999998645753777	0.8740746952154301	0.9999999978776176	0.9985851257460573
0.017324890206602883	0.9999999999999997	0.001385173120678776	0.9997028032878572	0.9999999999954434	0.998945215484188	0.9998338082075817	0.9995251719962123	0.9984935971608103	0.9948276350230421	0.9420222558920779	0.9998565300669773	0.9999460772352188	0.924170847331682	0.9999999979398754	0.9999999999999971	0.8757436685533166	0.9999999999999996	0.9996975079886686
0.07829618294414808	0.9999824453029225	0.028359276203330563	0.9512278855961678	0.9999952985059491	0.9803414072028855	0.9361905492846689	0.9416300681408943	0.969468321793567	0.9066584966521417	0.9021898526243519	0.9999972722773113	0.9922717967172346	0.9628311150952706	0.9999877071139068	0.9999934487250477	0.8659210702706952	0.9999678867312272	0.9616489831770583
0.38800927399793117	0.9999999999999325	0.003682793216998201	0.9935498478270237	0.9970133209765989	0.9999850711620817	0.9999346228804836	0.98065530773414	0.8670161019380664	0.5236722324512835	0.9399094307558217	0.9995866027877547	0.9993455800425247	0.992662759982248	0.9984830284297784	0.9999994726687832	0.8670161019380664	0.9999999973103515	0.9130370661782451
0.0031521434124216485	0.9999999999999968	0.00028106147001649706	0.005575496416638903	0.999999997901307	0.032736964033364346	0.9998074977057392	0.9987153690430913	0.9973207880532963	0.9898001190856182	0.9748656959443984	0.9992137215649576	0.05279018092462984	0.999999218792184	0.9999999991623815	0.9999999999952365	0.7534043079304316	0.999999988831679	0.9992088130670636
0.022782804436725757	0.9999999999968989	0.031340701390538656	0.9989064574473784	0.9971793078973532	0.8557894559888249	0.971404982581783	0.98955833953703	0.9944599325045224	0.9806337725201133	0.9347417081202208	0.9981436712877568	0.9999324173191477	0.9929528767191795	0.9999985291029753	0.9999999966973327	0.990704020638319	0.9999708314268887	0.9854018653022805
0.0019186560511279538	0.999999887980947	0.01767049690073841	0.9980865048646713	0.9999997165752522	0.9940797948415637	0.9980178395260083	0.9979055833101902	0.9947673452540651	0.9889683284150245	0.9339519440472717	0.9958235132028188	0.9991572549225678	0.9956081005859948	0.999999990650571	0.9999999563054524	0.9572744298482356	0.9999999999974367	0.8225261021150931
0.0813884350946551	0.9999963118390254	0.003334189607305138	0.9961678396057112	0.9999999994384325	0.9974452585137484	0.9999999561878017	0.9999999952594872	0.9984936010657246	0.9562628892057876	0.9551638306601073	0.03493301731885945	0.998675564806616	0.8377843247958532	0.9999999999939507	0.999999999884501	0.8538444659923221	0.9999999999981624	0.7902403936222324
0.01070418007433327	0.999989682744606	0.005033763826309642	0.9954351514550392	0.9999784346053616	0.9867034917237879	0.9946496582287014	0.9957179526135892	0.988257307692208	0.010911486988076646	0.9255169652225489	0.9944518033631422	0.9986743029675571	0.9920255691997426	0.9999999792125227	0.9999999911300592	0.02515150456155102	0.9999944125507603	0.9928709773688035
0.034824279539396596	0.999999994035426	0.022840792385454237	0.9286828812538095	0.999999802369361	0.9918792160976088	0.9770480983594005	0.9929360694204024	0.9780520393006734	0.27259895494530073	0.9078941121851937	0.9977720212716845	0.9988007122621474	0.9915705762467825	0.9999291566297868	0.9999999999936543	0.6913852884828815	0.999999999999008	0.9475148546348404
0.03632932285393353	0.9999100410289739	0.04435806737652492	0.9417178120832259	0.9999877071139068	0.9770085991941043	0.9815206859244222	0.9432525569260302	0.9656758196029382	0.9685499440080942	0.9312529267924401	0.9786917063785463	0.9944188694038953	0.9426859170100782	0.999983499972614	0.999997058791248	0.8853876376072368	0.9999774224960009	0.9800899113657597
0.057391158295373446	0.9999928939389141	0.11199104572395278	0.9723496345041576	0.9999864657702189	0.9224805556802982	0.972725184265118	0.9835171578133145	0.9587670383984755	0.9724121657119682	0.9306878921370678	0.9695129975194197	0.9957323400004474	0.9343572320941822	0.9999888149438424	0.999983499972614	0.9114269244831419	0.9999748086728656	0.8896092641612092
0.9684440299498828	0.9999999999860919	0.09748521627254655	0.999999999999781	0.9999998062570363	0.926479923828548	0.9976984209421867	0.9938197026860958	0.9914090410277185	0.014560952507469693	0.9537560745003144	0.999657954032729	0.9999922295211118	0.9968838868240504	0.9999974684493045	0.9999999018311999	0.5705888620349897	0.9999999999495982	0.9988103715021481
0.021904391632402542	0.9999999908922654	0.007026237039931216	0.9990041767549717	0.9999998611621248	0.9742163540620554	0.9973285530985627	0.9240071819805924	0.998629444360734	0.008670609349043623	0.8492075080853076	0.9983999760852724	0.02515150456155102	0.9941347842861394	0.9999997675922023	0.9999992442233985	0.7941234274447992	0.9999999998952731	0.998557719929673
0.0019186560511279538	0.999999999999847	0.0009271206549066324	0.07890076851978334	0.9999999833171437	0.9976272747567	0.990562842533614	0.9856044847795595	0.998698378875119	0.008670609349043623	0.9387928865706571	0.9872864702785229	0.9969529998690738	0.9917102802623647	0.9999999993476095	0.9999999994968649	0.4738941676053853	0.9999999999584942	0.9855173778838471
0.030062988790303655	0.9999999999997515	0.0031008183222646923	0.9958517416836464	0.9999999941645112	0.9869718882457862	0.987228588205391	0.9979180309526485	0.9814252550523979	0.0751766797514305	0.9322670668051729	0.9996236835114294	0.9996002858544153	0.9939523694191992	0.9999965725820364	0.9999999988042605	0.8792922647856671	0.999999990650571	0.9909814628549704
0.030029425200599702	0.9999999792125227	0.024291116432990104	0.9173418529227202	0.999997058791248	0.9158842330744157	0.9725161252096798	0.9932659468638946	0.9904480107308605	0.051413504495745666	0.9826280471026259	0.9905256365126637	0.9993069674161558	0.9883349160635283	0.9999774224960009	0.9999998898810251	0.8827634481976053	0.9999956616103033	0.98576106183816
0.06884474704607801	0.9999999999856571	0.00396320903060543	0.9981334144157952	0.9999999924227665	0.010911486988076646	0.004888735314389936	0.08421185650366514	0.9817395847046472	0.002865255415869239	0.8596453589781243	0.9936702205303962	0.9990160872653401	0.9897609942459248	0.9999999973103515	0.9999993917570962	0.575037829668116	0.9999999218365055	0.9925312641774964
0.9999678370674162	1.0	1.7623462642557541e-06	0.01280421865693615	0.9999999999396408	0.9803509693712947	0.9999101463106886	0.9892502614355068	0.9995817710789067	0.9957737119207775	0.9742689630082565	0.9998684387102921	0.9999999218930891	0.9994948010530981	0.9999999999968989	1.0	0.8572467818804166	1.0	0.999999995321886
0.01635156461128695	0.9999999871576023	0.015898460367088252	0.01732771179917847	0.9999999018311999	0.988435302214955	0.9991345853072352	0.9904671042026008	0.9933586525534454	0.986929591496985	0.8440600830349491	0.9802809028939828	0.9990786928280232	0.9737241072362847	0.99999250788424	0.9999999998017418	0.9160056163581765	0.9999999999995763	0.9960381873470973
0.03681105681312635	0.9999999999999998	0.006880216437065309	0.9997441037582495	0.9999999999978808	0.9949161087719218	0.9999999488781585	0.9999999705490181	0.999205727816698	0.9939187355063184	0.9604563645101838	0.9994331017321105	0.9999613377059078	0.9987965804418468	0.9999999760739992	0.9999999999892498	0.8447717207578351	0.9999999992911717	0.9741651871120526
0.07328040131763425	1.0	1.4847767459968964e-10	0.9995467350609628	0.9999999999998865	0.9993327568324769	0.9989162793839848	0.9964680087736862	0.9999311470719239	0.9406649591992277	0.825834182206643	0.9932101512759046	0.9999423677656244	0.9591692745797132	0.9999999909392872	1.0	0.8256193560949686	1.0	0.9996611579320454
0.011684216079193233	0.9999999999968806	2.6334863460930613e-05	0.999655335739606	0.9999999899892332	0.9231297770145696	0.9998804611092091	0.9999687448777451	0.9998071561574065	0.99861210141288	0.884602686230285	0.9999914758187012	0.9999999926598396	0.9998784716709387	0.9999999885599681	0.9999999999999705	0.7840306521618714	0.9999999999980799	0.9998702754810567
0.2745661552915828	0.9999999999218826	0.004422995497050164	0.9983016010052934	0.9999998709297593	0.9955397036963531	0.9963677745836583	0.993833366719326	0.9869014605523191	0.9725537006425797	0.9535665224941124	0.9835711800616508	0.9998116551067949	0.9930656723183074	0.9999999712254004	0.9999999999984802	0.9263499892168394	0.999999999884501	0.9973936214466369
0.04142531785228498	0.9999999999979372	0.0018782901324940204	0.993457610830348	0.9999999996806439	0.9982877044036073	0.9996266561216962	0.9989204181214031	0.9979675830037994	0.9960717680051415	0.9777377271089785	0.9996947241669067	0.9999996848112963	0.9996783876554383	0.9999998924984	0.9999999984154068	0.7974526118065626	0.9999784346053616	0.9998030488312458
0.9894696923210635	1.0	2.56399416254105e-07	0.9979015991779696	0.9999999999119737	0.9984144582685988	0.9994806581271065	0.7390723931466564	0.9996233733031298	0.9957226959869668	0.92644498948493	0.9997490994381343	0.9999998533189628	0.9998775828212553	0.9999999999986446	0.9999999999943868	0.7370487787313873	1.0	0.9998401123487859
0.6055863609143618	0.9999999962292623	0.1117940209984068	0.948054057141326	0.9991899505782629	0.9642657306503735	0.9720746489760941	0.9890316319004657	0.9814553164340385	0.8505877191710567	0.9049682044739895	0.09442302273924796	0.7568848563765793	0.9260597035858945	0.999979711895311	0.9999999999999988	0.7558784800496343	0.9999716810575854	0.960517068145505
0.8970521307552981	0.9999999999999999	0.005899492139239584	0.9995627992272708	0.9999999999826117	0.9974755354753978	0.999255611869743	0.9966677154083327	0.9944964731356757	0.9952278999020812	0.9635570585553122	0.9725831404095927	0.9999998933174244	0.9994854552497551	0.99999987560202	0.9999999999999988	0.8066506668781361	0.9999999890461202	0.9987239022494961
0.9717407552580178	1.0	5.857485607663193e-09	0.9792345887260225	0.9999999999958721	0.9519133281939957	0.9993276720256992	0.9492719332659911	0.9759091569090768	0.9875641760896681	0.9347291139416599	0.9994402290478435	0.9999437607752382	0.9976984209421867	0.9999999998726081	1.0	0.9778283231388675	0.9999671980126839	0.9771694173447943
0.003888309907980614	0.9999999999999917	0.011518263634375345	0.07730403607778569	0.9999993013871393	0.9999999708037701	0.9997522646225215	0.9548641654355535	0.997001658408325	0.005481804036928661	0.8431710922147319	0.9990691954690649	0.9999460772352188	0.9985830342362066	0.9999546440995504	0.9999999998672187	0.4738941676053853	0.9999999999967362	0.9982066671781027
0.04272250675037215	0.9999999999314618	0.1009844563161192	0.9989969364305058	0.99999987698141	0.999994122288622	0.99895826332254	0.9954429994082168	0.9879815796745866	0.0036025971355646558	0.9582383447298529	0.9907885395221607	0.9999725047829718	0.9986303063399727	0.9999999920148336	0.9999999999999905	0.8578678017175945	0.9999999999989094	0.9969242636861592
0.012521251223424734	1.0	6.4504478425320144e-09	0.9999466510866251	0.9999999999999998	0.01551271317872538	0.9998797446201021	0.999495593690661	0.9996057321944266	0.9753663900946874	0.9735192193006669	0.9999760355631094	0.9999995028204971	0.9521382109718618	0.9999999999922555	1.0	0.8715169574789435	1.0	0.9998248242206537
0.9872460453115	0.9999999999999996	0.0034267568572841633	0.9974418133114898	0.9999999744693526	0.9988859791269726	0.9991085428292427	0.9974418233526753	0.9987160703743725	0.9962345727173462	0.9884386320360932	0.9998412241401573	0.9999999387112457	0.8292554262686483	0.9999999999997476	0.9999999999999896	0.9916467519122383	0.9999999999968989	0.043852871490414724
0.9466484376750188	0.9999999999215101	0.009236512601994484	0.9971318500638006	0.9999994008434357	0.9843404603846008	0.9996319274716096	0.981776163274812	0.9947592145797715	0.8765395081161357	0.8986887967457149	0.9991609223397915	0.9997893677902406	0.9977961811199315	0.9998249353554952	0.9999997779352882	0.911877348255679	0.9999999997462753	0.009008884199174672
0.0017437945195895033	0.9999999998029613	0.011402690559686693	0.9991005778577996	0.9999999999542638	0.9981701814046653	0.9957706798374285	0.998959344207574	0.9988116972572568	0.8087201744042783	0.9041787909261173	0.9990493719258384	0.9999054529814412	0.9973590507941273	0.9999999681920207	0.999999994953743	0.944167254064905	0.9999999999985506	0.9958153487508276
0.012289197493846382	1.0	0.0017107758011455365	0.9973683483060849	0.9999999575910213	0.8212829187168043	0.8114790427766146	0.9984298434683159	0.9990384924309635	0.9821194193686876	0.8198298177942146	0.9996823731139205	0.9999999487970735	0.998688471303789	0.9999999288039436	0.9999999999998693	0.7393210296708161	0.999999996876426	0.9995286631028806
0.039612573364910975	0.9999999999999999	7.785325244935581e-05	0.9990060342809904	0.9999989164953109	0.9838418634264615	0.9991168345880662	0.9771200081408669	0.9685159446369541	0.9526673373975836	0.9292389965366272	0.9996030798278399	0.9992287481274241	0.9983103173795671	0.9999999501115885	0.9999998877878958	0.7600288673102293	0.9999999999999791	0.9564812741304044
0.0006437867608396486	1.0	0.09179129124302901	0.9999345982722925	0.9999999999179761	0.9992022538876029	0.9780599472108259	0.995676126510926	0.9989499399898318	0.9962410739291835	0.9849685484184808	0.9999354479421502	0.9999997883604461	0.9988636426509224	0.999999959097103	0.9999999999999976	0.9623832456550925	1.0	0.998441547775797
0.999923244313211	0.9999999999999988	0.19311799786931821	0.9995545153676761	0.9999999999974367	0.9999999500078024	0.999253091445215	0.9995411557328835	0.9983807484341478	0.9969132057274255	0.9870237108936945	0.9992288929217601	0.9999974517758803	0.9994475689204504	0.9999999998029613	0.9999999996411746	0.8702898956297344	0.999999999990779	0.9956992580658783
0.0033378625215244595	0.999999995321886	0.0024848360612045733	0.9836144732779164	0.9999999679058958	0.9971991934713923	0.9981797334039871	0.9988116636329188	0.9968707987740465	0.003888309907980614	0.9802731346238271	0.9988615906389104	0.9998503177436534	0.9981978796938751	0.9999997972469844	0.9999999582219664	0.3489878204378791	0.999999999991938	0.9867964828144743
0.0011774469554483025	1.0	0.08855334535913821	0.9998007091600302	0.999999997168909	0.9986968386840723	0.9993817203964943	0.9998508738383882	0.9990081928014122	0.9978685376213867	0.968705945571949	0.9996165988005777	0.9999998941351336	0.9997138390856087	0.9999999999994104	0.9999999999130946	0.7485889921298244	0.9999999988558363	0.9989257942563972
0.001445758233822425	1.0	9.844169509143352e-05	0.9995638155047931	0.9999999996134405	0.9983077119769387	0.9999536539667261	0.9991585155614421	0.999303052572137	0.9962935218089797	0.966518668094837	0.9994776355659225	0.9999595288823495	0.999879721264433	0.9999999999974367	0.9999999999999045	0.7370487787313873	0.9999999999999808	0.9999458158656414
0.06598769975278496	0.9999999999291416	0.012373513690018892	0.9955082660494359	0.9999997773280502	0.9223827349921712	0.9946043113741185	0.9971574661912136	0.9962794544813147	0.010911486988076646	0.9313630053385044	0.9958371018212615	0.9976042064384201	0.9896198521595448	0.9999998898810251	0.9999949295408636	0.06499692039816118	0.9999997332558475	0.9953864307398147
0.007026237039931216	0.9999999999856571	0.00936049196682509	0.9945367202571378	0.9999998833425023	0.9964367037877301	0.9883833806955844	0.9972709336628055	0.9940734884810951	0.007440755939376875	0.9189998362433195	0.9922907084646037	0.9998987539007839	0.9973287538047876	0.9999960597011932	0.9999999957257912	0.4356688325968511	0.9999999924227665	0.9961185005585471
0.27356650468083893	0.9999835224461662	0.011122869621612241	0.9946799361381053	0.9999910756290743	0.9999959929337674	0.9850869886838227	0.9399147749071558	0.984491098458448	0.999814451513534	0.9517213845455463	0.9846621535587398	0.9946881023745668	0.9831963111920174	0.9999616503697052	0.9999962956528679	0.8851861722105208	0.9999997635652682	0.987499494190551
6.275244513131994e-05	0.9999999999999938	0.10407939355743356	0.9997421043965977	0.9999999607764329	0.9988527902651453	0.9996202358534549	0.9925534862431915	0.9988864116968941	0.021912433384789654	0.9906653931636272	0.8170393761799728	0.9999998055485472	0.9997507240186005	0.999999999999084	0.9999999998729132	0.8104152124173641	0.9999999999995344	0.9984896684930912
0.004277512203078704	0.9999999999996769	0.014235552696148762	0.999794205038242	0.9999999935231222	0.998352162466246	0.998084653223567	0.9851230915936937	0.996356857225675	0.9549178700111891	0.9729453159142414	0.9988452386392003	0.9999922466139668	0.9781589482717641	0.999997815025689	0.9999999983845806	0.7780072226871808	0.9999999998594766	0.9986635389843878
0.09709836263425276	0.9999999999995351	0.0015547919450613623	0.9986767420644644	0.9999996147249101	0.9966602415274936	0.9169692134233897	0.9677750500457802	0.9936350607934809	0.9898159259856072	0.9841052271893799	0.999520892920877	0.9999974284308792	0.9989227511718196	0.9999999999584942	0.9999997980879468	0.813343277891062	0.9999999972330346	0.9982733313275112
0.1430224251793631	0.999999995321886	0.002095579755323526	0.9987378880425549	0.9999999376209264	0.99074847751298	0.9915148346465624	0.9968793592625201	0.9971509166412661	0.9809522632102184	0.941096519397025	0.9986493907465674	0.9997428953367575	0.871157590922833	0.9999999261378804	0.9999997567616408	0.9033555570110675	0.9999999694677092	0.9987634188316244
0.012475939215448428	1.0	0.00010038279738755485	0.9998059271623932	0.999999999161829	0.9999827241751548	0.9996433944617646	0.9994509765424178	0.9786777311102435	0.9880656722529071	0.962918474034866	0.9997830795967477	0.9999893277765094	0.9993778685129564	0.9999999999986178	1.0	0.7780550633105447	0.9999999999923151	0.02498201442114445
0.03204443405605151	0.999999994738365	0.01910055155500634	0.9999999999093083	0.9999999577540283	0.8637662493234854	0.9972750169263934	0.9958014722509451	0.9940219016517865	0.009008884199174672	0.9462259339326575	0.9998057670234817	0.9993621587184534	0.9999996158997104	0.9999999999967476	0.9999999999470666	0.8952047441146422	0.999999999791727	0.021904391632402542
0.030756563838781004	0.9999253411457437	0.005996550792828459	0.9652685148805263	0.9997729651723497	0.9436871398020932	0.9933843021955653	0.9557651665160071	0.9087866413040502	0.922680828164773	0.9140123784332354	0.9701713176390845	0.9932708183957013	0.984814724352727	0.9999952985059491	0.9986025172198695	0.8882740043619608	0.9999959929337674	0.9916185727658069
0.03140253853269734	0.9999704947277411	0.011425454868587731	0.9861253965200023	0.9999402632273492	0.9168465933736452	0.9840044236751395	0.9663062128168403	0.9780855785113682	0.497139698776662	0.9277714495985482	0.9549593580638513	0.9990236806330863	0.9482524907203401	0.9999074716479712	0.9999999813336344	0.5776309288922842	0.9999074716479712	0.9881814032682894
0.00030365517991182145	1.0	0.0026044297765791535	0.99985608279211	0.9999999999993807	0.9987225531673574	0.9993222515712379	0.9833734336924622	0.9989847920686217	0.9923657561812281	0.9646674598880606	0.9999351749416285	0.9999987206790204	0.9971569628383742	0.9999999999915494	0.9999999999995558	0.7864005911475078	0.9999999999999979	0.9998902041582154
0.02007458835223952	0.9999999999998057	0.00015409735827243143	0.9997968983134916	0.9999999999999855	0.9897972329225113	0.999681778822552	0.9971871060490789	0.9972278387080862	0.9974338573540124	0.9903486007881728	0.9998815421869832	0.9999994470835267	0.9989972424167977	0.999994322606501	0.9999999999947589	0.964811521930274	0.999999999791727	0.9993817203964943
0.008797790221260038	1.0	0.0017345784886895754	0.9998208127993476	0.9999999999999997	0.9992589137796926	0.9999342282792764	0.9992131841139992	0.9983516007112411	0.9977872491466264	0.9631199182890302	0.9999972651062079	0.9999999999464044	0.9999396343383365	0.99999999987379	1.0	0.9468227800296796	0.9999999999988011	0.9997827176962791
0.09418202360161088	0.9999688929560557	0.016997762532532046	0.9822297014499003	0.9999965725820364	0.9834768382416557	0.9870409936244233	0.9804231047023062	0.977684235627159	0.9672936991725969	0.9488395220135414	0.9291678457249188	0.9991194427535532	0.8803819955154821	0.9999597378059653	0.9999994379933438	0.8956550383211852	0.9999914935803159	0.991978527651966
0.14986466975543233	0.9999999813235505	0.01020404891802841	0.955489523394528	0.9999888149438424	0.914983143449571	0.9997131861234294	0.988024705855599	0.922680828164773	0.37040248039990864	0.9530849398846818	0.993576706007516	0.9996033483640594	0.978694287604366	0.9999543182250437	0.9999999864562089	0.8827634481976053	0.9999998137551327	0.9988904159282448
0.08519029898895503	0.9999999999995627	0.003888309907980614	0.9991924115657553	0.9999999986808905	0.9979458062475022	0.9979403954281528	0.9995835802087999	0.9965866170884639	0.9898936472754427	0.9787421097983902	0.8405724771719232	0.9999423385946546	0.010403667673651418	0.9999956616103033	0.9999999885599681	0.903874060663067	0.9999999999869723	0.9971350481448372
0.5134139567267958	0.9999999999995433	6.526413017904353e-05	0.982704031410901	0.9999998763950049	0.9934975096407072	0.996134205774131	0.9498324026306629	0.9416300681408943	0.9550065866935074	0.8907957602052091	0.9994645785521428	0.998899006081535	0.9949490385262617	0.9999982397036102	0.9999999999992877	0.7954991587907648	1.0	0.967321066751285
0.003888309907980614	1.0	1.5213811213055095e-06	0.9992441256963634	0.999979711895311	0.9706851689664454	0.9999293676638135	0.9932307367153678	0.9984552291679832	0.0029767424390008124	0.9098853474476518	0.999964317029167	0.9998759216719083	0.9847438190030413	0.9999999999989599	0.9999999999999993	0.796959473968966	0.9999999999987496	0.9986124593438755
0.027794088665786365	0.9999999999998639	0.7348507067366017	0.9994804779398513	0.9991722830390668	0.994906662598565	0.997641699709518	0.9995937119018671	0.9981410343624533	0.004039550578581297	0.9801920876822461	0.9998613754673303	0.9999551195060127	0.9909845264341635	0.9999999600538598	0.9999999999104902	0.3706034773334075	0.9999999999996653	0.9995545925932826
0.01767049690073841	0.9999999963876927	0.0019929445614642466	0.9950762010737518	0.9999995982246039	0.9999934487250477	0.9994377921495162	0.9925855345453161	0.9999996987793055	0.9999956616103033	0.9725220910654279	0.0019556706418656367	0.75734388528385	0.6227857479619563	0.9999854269439171	0.9999999718305306	0.8682962219732633	0.9999996595115086	0.00396320903060543
0.9977456543279978	0.9999999999997187	0.0016923847809142828	0.9996294769000856	0.9999999999962477	0.9985335533951447	0.9992952503953826	0.9995859374175974	0.998037325714829	0.9937670119170553	0.9233486662047241	0.9999405233323543	0.9999989004514388	0.999271724416641	0.9999999999314618	1.0	0.7862473819786993	0.9999999999998693	0.9997139348342751
0.027241644669777076	0.9999999999976693	0.0011229662469653956	0.9986461048869042	0.9999976488919008	0.9826915024126988	0.9859809576040319	0.9867544667697894	0.9928762002248104	0.9615299730875483	0.9768665339633891	0.9972634620369071	0.02147796933150814	0.9934109852422786	0.9999999741910225	0.999999917998924	0.9417178120832259	0.9999999976501576	0.9945998933353658
0.07488722364928269	0.9999999999999999	0.092360505522865	0.9982250549466363	0.9999999995835199	0.9999999999256014	0.9995874559016138	0.9909707381359149	0.95906128405361	0.5104254729223534	0.987480132747444	0.9998330781544635	0.9999981158078891	0.9988887503843324	0.9999998652186456	0.9999999999999183	0.7702185067063532	0.9999999780602146	0.9961617830119626
0.006183450717356043	1.0	1.2583185423076237e-05	0.994514678198874	0.9999999999842082	0.9999999752615732	0.004260510619836455	0.9986757130212733	0.9864117296447201	0.9842004053893072	0.931619121393857	0.999900754950868	0.9999999996512973	0.9988652848262874	0.9999999999986178	0.9999999999999976	0.7909359685464257	1.0	0.9994849487165249
0.09717028567677322	0.9999997567616408	0.005695107656092713	0.998334979338351	0.9999999832323504	0.9956952667718595	0.9862953986224329	0.9970336785158261	0.9947940488874734	0.9999863832774766	0.8653022124420748	0.9975549766373898	0.9998465807039174	0.9712585776591594	0.9999999821384502	0.999999694438987	0.8756925757430399	0.9999999874948469	0.995758876063912
0.021566659781499076	0.9999999972330346	0.09764426220840389	0.9986344210816683	0.9999997311493473	0.9669987231625878	0.9968698649851704	0.9020344750420167	0.992816974089054	0.8536069624993868	0.9542547458153996	0.9989555852429641	0.9997175619634753	0.997814852893042	0.9999999999325118	0.9999999283654372	0.8811970465345351	0.9999999403383887	0.9982474672525218
0.019209910696908805	0.9999999999999679	0.0022317129180868395	0.9999999991105691	0.9999999969899004	0.9849976677514872	0.9994625409351501	0.9987091630541497	0.9761517945841814	0.012243922602987567	0.9514840546441673	0.9997196481220345	0.9999786691923664	0.9799832653482935	0.9999999980202915	0.9999999999936543	0.6855344340200096	0.9999999999982476	0.999999998807686
0.0949061827926484	0.9999999999812329	0.00025026014425788556	0.9996350740307507	0.9999999966973327	0.9978907261440322	0.9992687120586395	0.9997514956439935	0.9981528147768974	0.0012596926271033482	0.9781634554646405	0.9998221039276103	0.9999670604734066	0.0002271671445500667	0.9999999919841053	0.9999989359666839	0.6891619567764922	0.9999999999998423	0.9751243975751417
0.002071038245653578	0.9999994058499833	0.024657112109568446	0.9986180628991088	0.9999999995399499	0.9921703322684035	0.9991869136511412	0.7813367590488128	0.993166002337965	0.007440755939376875	0.9126655817623078	0.9997767006885562	0.9999998647820176	0.9892544123252328	0.9999999980202915	0.9999999999179761	0.9521221675108009	0.9999999998371668	0.9944338843132793
0.02515150456155102	1.0	8.076104479282087e-06	0.9945282391985788	0.9999999989221143	0.9938400291408185	0.9995884660476593	0.9786579356006669	0.9426121309777118	0.9900284712777231	0.9777892018115699	0.9972365163432177	0.9999941870779229	0.9753663900946874	0.9999999804712507	1.0	0.7769869822922959	0.9999999999991791	0.9918267269553469
0.003402166124962247	0.9999999999994376	0.0031521434124216485	0.9406438795928804	0.9999999744693526	0.9671707034083434	0.993852948785211	0.9846259241250145	0.9806272812266467	0.978188958137989	0.9806176760762421	0.9998379559281032	0.9997547897705431	0.995985215401157	0.999999998807686	0.9999999996192838	0.8776306345116824	0.9999999974139143	0.7775113360028443
0.022782804436725757	0.9999999999999991	0.001348162763560215	0.9996263581056746	0.9999999999998811	0.9984881058305046	0.9993189152008232	0.999305045525379	0.9978603041407674	0.006893289124816793	0.9347417081202208	1.0	0.9999996534119475	0.9981851739954489	0.9999999999922555	0.9999999999999988	0.5768150146118995	0.9999999999999983	0.9999856545146345
0.04541426848936203	0.999999999434456	0.0029015432785891304	0.9960023816228325	0.9999922129006675	0.9966959081753488	0.9160732832287475	0.8238962062989269	0.9787692023792738	0.04651296915595282	0.9424898720277664	0.9977909079108583	0.9982472147721841	0.9925248799596933	0.9999999340157218	0.9999999696125198	0.8018623013807334	0.999999999968964	0.976181012275246
0.004865372972436388	1.0	3.090540874439718e-06	0.999995903007362	0.9999999999999999	0.9997283588816654	0.9999035275947057	0.9478017625013112	0.9984886816815985	0.5108558954873623	0.9864665737880869	0.9999995565577764	0.9999999998661909	0.9994585698324635	0.9999999999869262	1.0	0.8532299344989969	0.9999999999999852	0.9999639097722083
0.004888735314389936	0.9999999999138721	0.006509420571185198	0.9886028343209832	0.9999946936189961	0.9930973574234955	0.9875484315551382	0.9973936214466369	0.9882393601031586	0.007161763284168621	0.9297465212511256	0.9968164409680844	0.9994651821314291	0.9810106637595779	0.9996319948522592	0.9999999472555626	0.5775829253684929	0.999999748896024	0.9851886235967323
0.8563422804635876	0.999999999999917	0.0037458176489856415	0.9994998973104245	0.9999999997812002	0.9866148712111042	0.8618302785418478	0.9991817039502661	0.9996543811920212	0.997709450288916	0.9876580614998919	0.9998521314520312	0.9999993129567799	0.9983563459004695	0.9999999978776176	1.0	0.7204160470943879	0.999999999999988	0.9961164455858433
0.03394180075403058	0.9999999920148336	0.02029532996251189	0.995402097218348	0.9999983601462696	0.9699372165739206	0.9436350657126897	0.9944071162487484	0.9881328852776199	0.016671420266649806	0.8550292790064558	0.9326185385866759	0.8854601477270607	0.9991814495707169	0.999999748896024	0.9999989876074027	0.5568627394436145	0.999999997692974	0.9947769528084532
0.0032128739521115612	1.0	0.09178157203096377	0.9997716896954196	0.999999997168909	0.9992510287443497	0.9982563616039437	0.9942878484470317	0.9969280816543753	0.9972393243608804	0.979050705929864	0.9995075837153711	0.9999992619608747	0.9983865647671033	0.9999999600538598	1.0	0.7173237377988202	0.9999999999990006	0.9755403703775763
0.043410392739384726	0.9999999999892498	1.7305997190852906e-08	0.9813299817038978	0.9998714537026383	0.9869878788473518	0.7976046668777474	0.96923679411176	0.9888056842098752	0.08960001474987012	0.9523153172367098	0.9962529303487025	0.9999001697743793	0.8835161875759885	0.999987065073388	0.9999999999979792	0.034824279539396596	0.9999999963390933	0.9730919032658979
0.001973407600853516	0.9999999999999883	0.0001800062302457217	1.0	0.999999991799631	0.9998829695663328	0.9999252892055566	0.9998129045644644	0.9983762186253834	0.06473340582918563	0.9821431598960881	0.9906073883823695	0.9999999280070816	0.9986076454165329	0.9999999999987496	1.0	0.01319899072030506	0.9999999999994564	0.9999149131372383
0.00039787376196642743	0.9999999997502516	0.010500866920186702	0.999646033827891	0.9999999999956702	0.998806663902275	0.9974412824467782	0.9998298949046486	0.9937196343340805	0.0027579356773475006	0.9623611761408415	0.9999999999999382	0.9999992899785914	0.9988356904076293	0.9999999012512452	0.9999999998314294	0.3963513808171186	0.9999999832323504	0.999454722815294
0.9905819712359416	0.9999999999999855	0.0036025971355646558	0.9987566875972709	0.9999999950071485	0.9922324513708692	0.9972857825994138	0.998315729544262	0.9977550690022082	0.9008500010244805	0.9781289171406398	0.9994518035004019	0.012971142222352516	0.9957632312739527	0.9999999999704299	0.9999997779352882	0.9299630582978478	0.9999999857153588	0.9968140415689787
0.019860561034631186	1.0	0.0	0.9990492102599646	0.9999999999995627	0.9522428816847991	0.9998734054344938	0.991164770491085	0.9775446988087243	0.988857652652237	0.9362198548781325	0.9999964924446105	0.99994955042742	0.9980174357243918	0.9999999999138721	1.0	0.9786261647170006	0.9999999999999325	0.9974116692703102
0.3946374725417081	0.9999999999674251	0.11539177655478908	0.974848763837018	0.9999996797871544	0.9718520995698452	0.8443217754667816	0.8707195092747864	0.9584153569202726	0.9725791600612644	0.8706652017396525	0.7922122694781555	0.9981213855518442	0.8280997738454232	0.999891391476687	0.9999999792125227	0.8998817313812716	0.999996876953081	0.979349607675366
0.07231603560739419	0.9999999988558363	0.010714753207961045	0.9812249439772738	0.9999962956528679	0.8350007647164599	0.9873320112309351	0.9378028510924673	0.9399147749071558	0.934911695926134	0.8664608136863658	0.9982805408612766	0.9993507222183172	0.9696506969170564	0.9999864657702189	0.999998225098279	0.8670161019380664	0.9999999172726908	0.9799913657135233
0.027604690533691967	0.9999999999947589	0.0005027953253275569	0.9969946089209242	0.9999999792125227	0.9961715891903418	0.997470039179529	0.9992998966996843	0.993605016276594	0.9925452485011802	0.9531079290169935	0.9983133437790844	0.9998643909240758	0.9878969425166282	0.9999993917570962	0.9999999944604534	0.8695158806628359	0.9999998309329489	0.9968090528076256
0.051413504495745666	0.9999998431682433	0.0007853763201836617	0.9938120581148627	0.99999446209997	0.992353284997334	0.9872609834676552	0.9956947834345452	0.9895773961405925	0.9691990856001599	0.8853876376072368	0.9902978979307923	0.9998339573446541	0.831995388755693	0.9999991137800917	0.9999999999555641	0.8772043080850918	0.9999999999999977	0.9932677065616166
0.9717165402625701	0.999999976652235	0.09122787049366896	0.9950308845328668	0.9999999577540283	0.9941663871615605	0.9960673080196036	0.9768405939168745	0.005276508186637718	0.9896054197440547	0.9367490991436567	0.9974740421301996	0.9992983820761177	0.9954142085604887	0.9999999857153588	0.9999999995622839	0.9126231343541523	0.9999999988663663	0.9959670125325705
0.02677167557708593	0.9999999998726081	0.006893289124816793	0.9975495481832156	0.999999394358827	0.9986760168731668	0.9985539796624958	0.9974977332374549	0.9567208548232176	0.0035345092765538544	0.9717504382204587	0.9999241725042476	0.9999557376715409	0.9977017955978881	0.9998943285782246	0.9999999999979792	0.9999683635382897	0.9999999975720197	0.999538365112575
0.007879893323779696	1.0	0.2656470387055557	0.9988762594984667	0.9999999995043702	0.8997748159716054	0.7844096744489922	0.95091639468863	0.9967976339290899	0.01072339566826519	0.9742324347354759	0.9999960317642375	0.9999977049178737	0.9997543212096339	0.9999999999748284	1.0	0.7737315747080858	0.9999999999997363	0.9992276382555746
0.0095439517496336	0.9999999999877772	0.0019404269418760445	0.9997000243814976	0.9999999963876927	0.9981548990960123	0.9981833445182621	0.9987412965838638	0.998698378875119	0.0007507192762156167	0.9623972022012549	0.9944752061351498	0.9999583478977064	0.9988175953306657	0.9999998557914458	0.9999999830286516	0.019860561034631186	0.9999999999218826	0.9997471961744036
0.005176767672457228	0.9999999999999799	0.7419627690074917	0.9999999997586475	0.9999999986124342	0.999521175849785	0.9998151322879612	0.9959045692739967	0.9918773893592161	0.9908457346690213	0.9249321442063548	0.9993525562115461	0.9999972245438836	0.9948902706781411	0.999947945326126	0.9999999999993207	0.9768665339633891	0.9999999999998564	0.971536805339466
0.02778092457503817	0.999999999897362	0.001189376285894772	0.9807552740753144	0.9999996158997104	0.9849645644945977	0.9999980873456071	0.9999860953232418	0.022782804436725757	0.00374272978161172	0.8910769706068867	0.9999999839498468	0.9985905025640512	0.7290075962224838	0.9999999216125253	0.9999999938586112	0.8196355702779355	0.9999999999795505	0.9890237981178555
0.04541426848936203	0.9999999954988052	0.00881824084021883	0.9899796493246473	0.999891391476687	0.9924298295747324	0.9921657645040127	0.9467865901618657	0.9535992013398298	0.05423997689568871	0.9146283910590931	0.9971649082826272	0.99948387701074	0.9926474238001459	0.999996826220302	0.9999985745614861	0.4656445058148165	0.9999999947410608	0.9333508632861734
0.15181107744850864	0.9999999539766677	0.08915130562283688	0.9988201081740612	0.9999996378580703	0.9955639536283556	0.9994433306395751	0.9893722548688835	0.9944749383839633	0.9883042662018703	0.9494768103459246	0.9984397678730147	0.999867412687215	0.9869049558850607	0.9999995050488409	0.9999999988663663	0.8410458408811059	0.9999999998726081	0.9923790398141812
0.005587435389442286	0.9999999804712507	0.03410189679213649	0.9979415675557048	0.9995447945899807	0.9755784912104526	0.9924276448620466	0.9941349161744651	0.9546383016835793	0.9885260066916961	0.9604222230262218	0.9975429359468484	0.9997992186722242	0.9885926015837615	0.9999968654643875	0.999996712052064	0.8862219204771824	0.9999999995164601	0.9833904394244576
0.023699874211677185	0.9999999999996653	0.003402166124962247	0.9979268556221313	0.9999997675922023	0.9780583050948679	0.9976424800481889	0.949424020279759	0.9315577774813469	0.014282731410103167	0.9767599550921298	0.9988668951750688	0.9991105198406086	0.9967521673011449	0.9999999124294895	0.9999999957257912	0.90226139844649	0.9999999823630896	0.9959663000739379
0.007026237039931216	0.999999999999999	0.0017243730246611078	0.9997556073189687	0.9999999999542638	0.9949859266532884	0.9971372599771319	0.9929985255563872	0.99353621442546	0.9861146689113064	0.9553291280930056	0.9999231527495015	0.9999843893789291	0.9985998481126123	0.9999999999555641	0.9999999999999512	0.9167468087008885	0.9999999999999946	0.9896885125015655
0.005587435389442286	0.9999999874948469	0.11894449750875938	0.9974126889116715	0.9999999768418641	0.9948426288605694	0.9962356485893796	0.8855444611507114	0.9935908206697566	0.7174601191510964	0.883342545685474	0.9981611694389871	0.9999533680998315	0.994958539401856	0.9999999522025985	0.9999999501115885	0.9685159446369541	0.9999999995835199	0.9935431581951656
0.0003158789512774929	1.0	0.09951672924364714	0.9999930775404421	0.9999999999998865	0.9993552864160526	0.9999592913088619	0.9999672545989214	0.9998567692229469	0.9980384805762793	0.9188669267200967	0.998589335641883	0.9999999268713989	0.9664585930743087	0.9999999995043702	1.0	0.8992393369757978	1.0	0.9820959231369106
0.04651296915595282	0.9999984715115069	0.008378191908815835	0.9981907592732719	0.999979711895311	0.9833272594833699	0.9876125523874766	0.9301296763424616	0.9875641760896681	0.04651296915595282	0.9489435763457532	0.9859236072542321	0.9997088253307845	0.9914877120071227	0.9999984715115069	0.9999993183244086	0.05279018092462984	0.9999999727498904	0.9876590047848082
0.16963455892013174	0.9999996378580703	0.01910055155500634	0.9512924178130283	0.999940401512426	0.9255169652225489	0.9265200982187514	0.96923679411176	0.9410646385370649	0.9537310837029386	0.9341019743027829	0.9932387952794985	0.9961421081660676	0.9905742258013827	0.9999074716479712	0.999999361024386	0.7777456101374369	0.99999796812631	0.9511112419144374
0.055770677013478376	0.9999999920148336	0.00396320903060543	0.9961165457325701	0.9998464044752676	0.9921645273037321	0.9862905401505744	0.9664284100299272	0.9636414816065998	0.8433285087454541	0.9438410343289549	0.9809047841052679	0.9957323400004474	0.8907384703144627	0.9999914935803159	0.9999817245428595	0.7967859608475814	0.9999918066742066	0.9746469282987108
0.0032747727999377085	0.9999999997075005	0.0006437867608396486	0.9986920042241759	0.9999999755535297	0.9953054965143245	0.9962987574201211	0.997837586767075	0.029646079198071384	0.6111811179810203	0.8813478848679854	0.9992240514328972	0.9999435625002383	0.8727310163178597	0.9999985629371755	0.9999999543003733	0.9396458194508689	0.9999679108074983	0.9989629113360731
0.02515150456155102	0.9999999638756644	0.09139288021023627	0.96440418505973	0.9999999869254547	0.9849734451053257	0.9970749486186896	0.992719227541244	0.9850761373694727	0.9905365577407217	0.9746120380348652	0.9993642671282829	0.9996897931147363	0.9970434367671979	0.9999999999064824	0.9999999999515014	0.8582434557633475	0.9999999999095607	0.9972435182052138
0.012010863850211217	0.9999999999894894	0.001679280996285032	0.999658387606728	0.9999999923816851	0.9995236093339593	0.9798128728705989	0.9917089281112605	0.9965520306184923	0.04400420702499008	0.9683456664974268	0.9996756444488337	0.9999689423830762	0.9996282268040908	0.9999999996663326	0.9999999999940385	0.8306077466162369	0.9999999994707377	0.9976878809217756
0.001811748257068202	0.9999999999592859	0.007161763284168621	0.9979133548857246	0.9999999999564307	0.9968845837620376	0.9962051542489849	0.9994725682840325	0.997279543609692	0.989965149800998	0.9606055361168957	0.9992410006365027	0.9996552554255792	0.9980757236722329	0.9999999264064946	0.9999999996750539	0.7488178738129107	0.9999999989221143	0.9979068606392306
0.005587435389442286	0.9999999600538598	0.11557347320397265	0.9951506664613649	0.9999999577540283	0.9337420313392901	0.9962524078627355	0.9969322455772774	0.9930567099250073	0.9695872664904376	0.921600746517491	0.9896327315517095	0.9998619845416132	0.9964502669830305	0.9999732802675002	0.999999802369361	0.04541426848936203	0.9999992233385994	0.9808581437723803
0.02119482720508603	0.9999999999972795	0.001060246023307676	0.9989566484017669	0.999999998296788	0.9997547342198866	0.9973739680789754	0.9738729314293877	0.9988286806877864	0.09746389974632741	0.9849776268834741	0.9999228371165125	0.9999999942791821	0.999242608153015	0.9999999999849503	0.9999999998607259	0.6843207900027947	0.9999999999988566	0.9994177282900637
0.14877358280156333	0.9999999974672181	0.0008752855392755166	0.9960717680051415	0.9999999301926719	0.9824548507560493	0.9937754575694114	0.9856477316296154	0.9785102235668282	0.5992324163850101	0.8759136416754191	0.9991824471996551	0.9983416006009179	0.869500367098861	0.9999972722773113	0.9999999528071583	0.8465213390232909	0.9999999376209264	0.9891580492022668
0.0017437945195895033	1.0	0.006090652352301218	0.9999999999999325	0.9999991848968744	0.9952670752454748	0.9997072996542956	0.9998595481825804	0.9855570457319234	0.9945552149208916	0.8960696476683514	0.999980899381552	0.00044665277553068705	0.9966618107421362	0.9999999974359295	0.9999999999999997	0.8714238778823669	1.0	0.0004722697685911603
0.06388921629366195	0.9999999999997747	0.0029204680200861644	0.999840572151299	0.9999999993476095	0.9983513519046017	0.9974436686599627	0.9993948913833471	0.9965549236315349	0.000455340895894607	0.8973406037270917	0.9995716193595504	0.9998516485130786	0.9993553658335769	0.9999999999535772	0.999999999991938	0.6632464267868231	0.9999999999817534	0.9994995227216773
0.016997762532532046	0.999999999988721	0.11233430163173354	0.9993022163428757	0.9999952985059491	0.9545297266854568	0.9994018085505854	0.9931727829936269	0.9880764092709253	0.996718481348392	0.952596205301897	0.9997686348855533	0.9999977268634155	0.9965900187875671	0.9999992871697468	0.9999999998726081	0.9323569885093579	0.999999999988721	0.9967420220673544
0.005783876012518063	0.9999999999999929	0.006390980385302059	0.9999847198531565	0.9999999999885307	0.08818190523757907	0.9999519662862586	0.9997119859721905	0.9997310255054832	0.9878476686538068	0.9939556529609612	0.999975113247513	0.9999999746746648	0.9995878564702947	0.9999999999713022	0.9999999999999962	0.9031264287903917	0.9999999999500724	0.9998009800073194
0.00043176175156867114	1.0	0.00016655348372807133	0.9994912045425548	0.9999999999994376	0.9999999999888232	0.9937380540484639	0.999329211453571	0.9998548565595619	0.9879621682269562	0.9552777577700485	0.990351738228271	0.9999991062907918	0.9999010396693809	0.9999999999989599	0.999999999999948	0.8327088957428884	0.9999999999999953	0.9996758417731141
0.05911155854015837	0.9999822690007636	0.015429514505833297	0.9885694210348742	0.9999074716479712	0.914983143449571	0.9908124751850421	0.8665988896381323	0.9492912072070306	0.7125547975747221	0.933150907312053	0.962243004556189	0.9990596333169869	0.9455232954863665	0.9999561051890902	0.9998661747295996	0.6948295829119636	0.9999999261378804	0.9709694329211952
0.006357381295721165	0.9999999999999928	7.634366175046647e-05	0.9993863538782845	0.9999999999065715	0.9949639077475576	0.9997681712014346	0.9997878005635561	0.9990382739808953	0.9972415228866809	0.9712390585688473	0.9998730641483223	0.9999988775068839	0.9997298024674561	0.9999999999342616	0.9999999999903678	0.7181540130096595	0.9999999999999648	0.9991233188863011
0.012023089651918117	0.9999999999999999	0.0003543860374640717	0.9996535901824273	0.9999999999964522	0.9997859705982747	0.9981950718978609	0.999646554195353	0.999411898485048	0.989901796021235	0.9661198811715688	0.9996726722420068	0.9999930979108733	0.9996346173765863	0.999999999921798	0.9999999999999779	0.8539505416072946	0.9999999999998648	0.9993136958903422
0.0007478092518726775	0.9999999971958187	0.0023948529727660373	0.9992934920497594	0.9999999997436015	0.9975264007154604	0.9993974747584949	0.9999417701514126	0.999112949643162	0.0032128739521115612	0.9820247356521361	0.992327317247312	0.9999999999578567	0.9998201398918396	0.9999999999999144	0.9999999999975931	0.3531695370292634	0.999999999999352	0.9995895858536432
0.23495118988841343	0.999999748896024	0.013480319077982639	0.992060727475906	0.9999997902442187	0.9475148546348404	0.9933696487218091	0.9945540269475226	0.9749365463182028	0.9782187001599723	0.9433266251861148	0.988827224153401	0.02565681982302137	0.9858978532321953	0.9999998439399624	0.9999999768418641	0.9023471805141516	0.9999571035177076	0.9957177215567354
0.0004641967609170239	0.9999998221265546	0.002824132602300744	0.9992757734763171	0.9999999986351076	0.9986559523224727	0.9991176069480928	0.9986122375514962	0.9976047779094996	0.000810627524105545	0.9604161132515493	0.9967362281952841	0.9999792431144591	0.9989407855778193	0.9999999990407734	0.9999999993794307	0.47705936213517613	0.9999999971079119	0.9994588478409718
0.8028912691258352	0.9999999999962477	0.1170596951630151	0.9996858618657437	0.999999917998924	0.019782622313309628	0.9911793957743029	0.9993104088788531	0.9970938533195312	0.9796303300018557	0.9797708330599744	0.9999714975135895	0.9999409843695238	0.9988707710043664	0.9999999962335663	0.9999998471725151	0.8808497296842406	0.9999997675922023	0.8185871604624636
0.03204443405605151	0.9999999999998459	0.6974637233177334	0.9967924172496571	0.9999999947410608	0.9986535967098263	0.9997136274326104	0.9078095534367746	0.9937754575694114	0.9388163948660465	0.9688957110324157	0.9998161980618527	0.9999287452594776	0.98937005001363	0.9999998611621248	0.9999999994096788	0.9701713176390845	0.9999999999999936	0.9870959649007506
0.01344623823133606	0.9999999999794965	0.09897834047511672	0.9959546106099496	0.9999968913966314	0.997808986290668	0.9983602496504338	0.9755722025252983	0.9974907099629978	0.004796336103489396	0.9094216042158825	0.9170497555165428	0.9999042357963339	0.9994882698622005	0.9999999956359197	0.9999999999718259	0.7766404517684427	0.9999999999623302	0.998389096209229
0.05708291570631652	0.9999999999999729	0.004126512061577561	0.998129631755162	0.9999999621647728	0.997047021578397	0.9974229965747214	0.995079512059927	0.08160097064044447	0.0016783798244645043	0.9857517260961658	0.9882894537001446	0.9998925391664122	0.9908395944508498	0.9999983823258801	0.999999988039319	0.5699855070541128	0.999999999770135	0.9993698878300412
0.9740752702104922	0.9999987262296287	0.01248159055500786	0.9899201782590709	0.9999998898810251	0.9938020234019458	0.9776444392764194	0.9597409309972673	0.9855659552753873	0.982858599501814	0.9470688733984972	0.9971743862298041	0.9993629296316497	0.9953918792678358	0.9999997165752522	0.9999999741910225	0.9274027219439613	0.999999944229037	0.9955167692297159
0.0043599086970365075	0.9999999999901953	0.034882246244066106	0.9995675904206562	0.9999999864562089	0.963007678716979	0.8318759111921203	0.9931970999625852	0.9978610574516398	0.0036025971355646558	0.881581956337848	0.9994791700536984	0.9998689544898813	0.9993492888124034	0.9999999997585031	0.9999999999992171	0.9903046863453829	0.9999999995131161	0.9919071689710361
0.9076468599094779	0.9999999999999993	0.0032747727999377085	0.9711219117599278	0.9999999999999488	0.997152425774124	0.9984232735938944	0.9874671737659487	0.9990814002965264	0.9973914292910269	0.9899340531523642	0.8622363142371543	0.029529641374517412	0.9842398742611664	0.9999973035776941	1.0	0.7289552577282594	0.9999999999999989	0.998337046264127
0.005412282682606628	0.999999999971452	0.001144682510160533	0.9994514564695542	0.9999999301926719	0.9991085966913176	0.9986106544273138	0.9989261621969787	0.0356176987977308	0.995482486334065	0.9033033738035644	0.9910614620115171	0.9999390180404085	0.9985542380050618	0.999999964188276	0.9999999999830109	0.9230903470640268	0.9999999983845806	0.9781523790302789
0.056361684293157244	0.9999999999999295	5.6883500165416656e-05	0.9999817979699211	0.9999949741872375	0.9977980726186765	0.9988214243187267	0.9973943431188854	0.999996712052064	0.011122869621612241	0.9835427828977904	0.7580454598017186	0.9999515328177299	0.9993099442526431	0.9999998496316119	0.9999999998662051	0.9126231343541523	0.9999999999967476	0.9996177674714855
0.06788050350878483	0.9999999778524421	0.0017437945195895033	0.9992094561731121	0.9999999992303891	0.9957877520723437	0.9957967678133486	0.9993329984989108	0.9972521989193105	0.26937948785735877	0.8528070033484654	0.9996444745696986	0.9999309160357824	0.9942566027054714	0.9999891346479007	0.9999999965229184	0.894953934020542	0.9999999997812002	0.996921030763754
0.001973407600853516	1.0	0.019217839396473105	0.9943397497305877	0.9999999999999946	0.6904986592941176	0.9990049786473479	0.9998868056941242	0.9983767673664952	0.9907270063335357	0.9343480631481722	0.9998741917100794	0.9999857943555738	0.99976843596972	0.999999999882128	0.9999999017832254	0.8938208452204974	0.9999999999040464	0.9926897029521974
0.1614701255600017	0.999999999998073	0.004888735314389936	0.9176735772883252	0.9999674494199842	0.8098030277381925	0.9879996085926324	0.9997179682058435	0.9433479274767923	0.9033119592120542	0.9110440962371975	0.9511898930269095	0.9924593516472734	0.9725815964767619	0.9999965725820364	0.9999999857153588	0.9531530110360833	0.9999999999999917	0.06968315639162304
0.08599000044554062	0.9999999998787017	0.005370106504518024	0.9959058421423923	0.9999998833425023	0.9745167830949909	0.9946831121575616	0.9743586818473206	0.990654058855319	0.019476659676670893	0.9250664226395701	0.9954892800056496	0.999719042066475	0.9952310612828721	0.9999721327915012	0.9999999741910225	0.02617338311389239	0.9999999792125227	0.9933233697653993
0.024700282395530238	1.0	2.7949981180497296e-05	0.9999622080406215	0.9999999997249579	0.9799543833203948	0.9999813057233672	0.9745819164518619	0.996452902833293	0.99630457749552	0.8734529376772899	0.9999768183419637	0.9999999214863868	0.9991219607910398	0.999999999434456	1.0	0.9511644000013079	1.0	0.9998630641339621
0.04147495598855033	0.9999999999700201	0.0974492560664763	0.09989305515069591	0.9999999999808524	0.9999999935231222	0.9991191524067403	0.9958355924305997	0.9958917222105736	0.0027579356773475006	0.9300987875638913	0.7780171138918898	0.9999608956709221	0.9994300556701171	0.9999996197830535	0.9999999984644796	0.7708888850094219	0.9999999985403623	0.08199821291111886
0.04765783023956227	0.99999999999962	0.0036125568862933888	0.9741036122731831	0.9999999996750539	0.9916258468166597	0.9966083849754339	0.9970524664601124	0.9809522632102184	0.0041966733634403175	0.9615361805858217	0.9999252854733496	0.9999741456853661	0.9967337579319213	0.9999972722773113	0.9999999999574034	0.6460901995990282	0.9999999999999999	0.9591183783391442
0.03223029562407713	0.9999999999982542	0.0005111072000619776	0.9927921035069831	0.9999671214977964	0.9992008054922817	0.999609326126988	0.9964363631835639	0.981851766106983	0.011338411823486272	0.9681423156116122	0.9987585050634816	0.9982918953736775	0.9950156613601087	0.9999999993794307	0.9999999986351076	0.03632932285393353	0.9999999899892332	0.9977258945278734
0.04147495598855033	0.9999999976815139	0.004888735314389936	0.9994527763337747	0.9999999864562089	0.9788542275891148	0.9893789109635462	0.9939522338472558	0.9999998960360079	0.00936049196682509	0.8645630219486589	0.9973273527198818	0.04541426848936203	0.9975222979112249	0.9999821520895467	0.9999999755535297	0.799807406189873	0.9999403688540799	0.9091171326279852
0.052455857977153464	1.0	0.00018713082367771694	0.9999838851265485	1.0	0.998493375513014	0.9999648859820447	0.998480223162035	0.9959901615847472	0.9960903433035057	0.9929207960839911	0.9980458707566106	0.9999999999986421	0.9999034821970888	0.9999999998195129	1.0	0.884663637764071	0.9999999998007348	0.9999654998662021
0.023355045579970174	0.9999999999981936	0.001235805934357348	0.9988685204913013	0.999999999314132	0.9962800906643379	0.9990041767549717	0.998698197867049	0.9727380171656332	0.0005013630343134734	0.9323144531263978	0.9982804426509574	0.9999998758312307	0.9991420007852998	0.9999999997585031	0.9999999999992171	0.4253759221516581	0.9999999999999826	0.9395463850332523
0.02294766157592698	0.9999999999911726	0.003150203276982233	0.9982738290922153	0.9999999998203349	0.9947575361217188	0.9995594001716331	0.9999999993256092	0.9932642058918925	0.9796122496959526	0.8550808190191992	0.9994861505230968	0.9999715021361409	0.9957130164642299	0.9999997507173282	0.9999999999817534	0.9771100467562042	0.9999999780602146	0.9955168742838907
0.011831912591411697	0.9999999999999264	0.0008922355209622923	0.9993848369593041	0.9999999999416831	0.9883374156899076	0.9981629794144266	0.9992533941316828	0.9986843437041315	0.000810627524105545	0.9721591596625829	0.9993863184824336	0.999978333997141	0.9987591892786627	0.9999999999050313	0.9999999999973118	0.4531625010294886	0.999999999973704	0.9997408389064771
0.026305649083402383	0.9999999999999852	0.7623407298691347	0.9899414929260195	0.9999999945085675	0.9990292421481036	0.9871637130430888	0.9993183526294172	0.9970858512767591	0.06141379915729783	0.9549178700111891	0.997912096591647	0.9999944278067844	0.9965310261258434	0.999999988039319	0.9999999999939507	0.9314019230778731	0.9999999999985506	0.9997118841927282
1.7335762823589285e-05	1.0	4.956776367626148e-05	0.9996207879148058	0.9999999999945024	0.9988949802827644	0.9999133458520348	0.9982510497549635	0.9512424883567071	0.9985334498491996	0.9868247096241299	0.9996503750792729	0.999998583122963	0.9996776950572173	0.9999999958790876	0.9999999999999969	0.8772028133770362	0.9999999999672811	0.999855585906525
0.027666406943080535	0.9999999999964667	0.12482869407740334	0.9990672307084398	0.9999951692310056	0.9351807798259487	0.07231795482652348	0.08807401699963446	0.9885743893470591	0.012723964162133283	0.9620319439792449	0.9945691004914962	0.9990100416173701	0.992171165963194	0.9999999813336344	0.9999999999592859	0.9529831745140215	0.9999999999999103	0.9981657889092661
0.13143409658661628	0.9999997980879468	0.772086496576684	0.9893867186893762	0.9999999072887844	0.7770216389140341	0.99554407232364	0.9803196911033749	0.9953713332102588	0.618795500981941	0.9587367160096257	0.9964466775283919	0.9971529793502072	0.9964638084487449	0.9999932081912903	0.9999998137551327	0.8856998379273506	0.9999999124294895	0.9977085490045519
0.009911858197947265	1.0	4.4042520121800877e-05	0.6351611863031883	0.9999999768418641	0.9579105957573762	0.9999784584182181	0.9981785936273959	0.9964316765099978	0.015134221699209305	0.9442408135695494	0.9995664112685795	0.9999806548801271	0.9994747248142697	0.9999999977817396	0.9999999999999808	0.5742062507110494	0.9999999999999488	0.999608948729147
0.09205629023509498	0.9999999999767769	0.010500866920186702	0.997378202746737	0.9999999553516922	0.9687887689291089	0.8508822379881086	0.8606908209949945	0.9930290745347813	0.9869596897803927	0.9284869464643668	0.9963071430948405	0.9996318680747491	0.9923302521351212	0.9999987217885231	0.9999994941001261	0.8878682753568328	0.9999999983004481	0.9856619226800409
0.994703492455324	1.0	0.09956318994817967	0.9994886337709477	0.9999999916662826	0.9982833383083914	0.9943659139960128	0.9890300505360596	0.9978152160434315	0.9932448671222951	0.9373456710041758	0.9999730992510325	0.9999978310780024	0.9997204948862074	0.999999998296788	0.9999999999998753	0.8203485749263557	0.9999999999999772	0.8273896511581552
0.0015547919450613623	0.9999999999973598	0.00036129157589182004	0.9997072492615494	0.9999999999767769	0.9983513519046017	0.9991811283775273	0.9960938975547939	0.9971241328105528	0.9918773893592161	0.9782040876020569	0.998313204246904	0.9999945977952734	0.9997218596173492	0.9999999978776176	0.9999999748466992	0.8407598657746879	0.99999999999999	0.9987328943496534
0.8907957602052091	0.9999999999999849	0.0010010111367045882	0.9687998108050873	0.999983499972614	0.9897687980307885	0.9861997206245134	0.9620192536660268	0.9663417147789375	0.9602393648497235	0.9202038849120533	0.973267605506636	0.9995170530015774	0.9850753980408525	0.9904724519035603	0.9999999890461202	0.8661263806143067	0.9999982397036102	0.9764796067660559
0.9956945926150075	1.0	3.797753241996382e-06	0.9999801660337735	0.9999999959052853	0.9996970455048502	0.9989278333307017	0.9999039685135083	0.9946880153806952	0.9273524340626567	0.957170136990028	0.9997799387401296	0.9999928458179458	0.9995340379710348	0.9999999874948469	1.0	0.831728087013081	0.9999999999998572	0.9957198006132741
0.02415674227489681	0.9999999999999695	7.634366175046647e-05	0.9919827919512346	0.9999999261378804	0.9843413675967954	0.9971055406908212	0.8609838642265993	0.9999962956528679	0.9954568040706824	0.9841052271893799	0.9999481532220214	0.9999950065504998	0.9993516952979619	0.999999590001779	0.9999999999990539	0.8375214953747294	0.999999999999407	0.9955497687174986
0.9924665219010406	0.9999999999999993	0.10789430108736149	0.79111459842148	0.999999976652235	0.9984231680411284	0.9981564012728891	0.9962980196934655	0.9999997902442187	0.9680550535849652	0.9656058735360225	0.9999441370378575	0.9999999938017098	0.999306281980284	0.9999926872543292	0.9999999999369404	0.826097194019788	0.9999999999994216	0.9947634554619621
0.011338411823486272	0.9999999999641122	0.012010863850211217	0.9869543502705415	0.9999805488621766	0.9893242537733513	0.9771083091117729	0.9834178295015699	0.9940235240171046	0.013223225953980178	0.9534891817539186	0.997125941488757	0.9975207043310776	0.9697876775184615	0.9999997332558475	0.9999999986124342	0.5487890999005534	0.9999999920148336	0.9954850719280669
0.0018467078952628668	0.9999999999863307	0.003467707069859327	0.99771893473258	0.9999999832323504	0.9989071115091549	0.9849913189805145	0.9108496684006986	0.996517438451362	0.9709805999081966	0.8184959194076021	0.9975558981440216	0.9993987969671174	0.9983055963173623	0.9999999294322109	0.9999999995164601	0.7753936831961832	0.9999999998289602	0.9965111416219393
0.9955274628895435	0.999999999784888	0.002456693579414873	0.9993760338192558	0.9999999988042605	0.9990303030892759	0.993556289112414	0.9991163045970237	0.895445630995696	0.9883615237126524	0.9658619929121596	0.9996156919003578	0.9997870620125672	0.9976811108948249	0.9999999999923151	0.9999999929497859	0.852126004205386	0.9999999999902337	0.9617784502730098
0.022338669334961647	0.9999999997364543	0.003923404321349064	0.999512872141442	0.9999999999999769	0.9752738127031606	0.9991532876493538	0.9932642058918925	0.9999999915843596	0.003467707069859327	0.9629911186072708	0.9997876278250594	0.9999099158816781	0.9132141783445491	0.999997815025689	0.9999999999934953	0.7263691122947438	0.9999999999972795	0.988472922463166
0.005412282682606628	1.0	0.09262841831443952	0.9999052487840995	0.9999999999996144	0.9993061945277555	0.9992152912651078	0.9996042519529412	0.9988107697224582	0.985869040458701	0.9832491405265406	0.9984581584067312	0.9998415747588674	0.9914402317544816	0.999999991467445	0.9999999998289602	0.8445264299986341	0.9999999821384502	0.9996700385937263
0.008566521655871573	0.9999999999999997	0.0027057895096611606	0.9996959745737483	0.9999999999982476	0.9987237966235806	0.997557650496169	0.9993922771352061	0.9836553571371808	0.001144682510160533	0.9883322634540852	0.9991683995891261	0.9999967606196447	0.9992301288883386	0.9999999623866743	0.9999999999994635	0.4441893445411396	0.9999999998885702	0.9992935155711439
0.06788050350878483	0.9999999999155696	0.002071038245653578	0.9961430774249039	0.9999996378580703	0.9864233198950804	0.9857799276194551	0.9033555570110675	0.9891733913611755	0.016671420266649806	0.9526673373975836	0.9978568534319984	0.9999386603520397	0.9860148884688756	0.999999990650571	0.9999999792125227	0.818095555531484	0.9999999792125227	0.9893460569472419
0.048852985416336314	0.9999999999495982	0.005176767672457228	0.9972361757071229	0.999997815025689	0.9804206639940286	0.9887056368922603	0.9517080715501774	0.9866112154496847	0.9343300554873812	0.9223837134085889	0.9966384568145588	0.9996712514177668	0.9744934690122804	0.999997058791248	0.9999999832323504	0.8234226729673639	0.9999999011500654	0.9719776765192174
0.037921982547677646	0.9999999999999996	4.765392955996539e-05	0.0030526445153601367	0.9999999376209264	0.9846362863662006	0.9999999873382089	0.9999999981185522	0.9685357976588712	0.0025551793733421535	0.9633987007054501	0.9237826456573648	0.9999961736170161	0.9976655784367212	0.9999999999856571	0.9999999999179761	0.4738941676053853	0.9999999999995763	0.9994237502745366
0.02888061880592724	0.9999999999999518	0.013213935454989223	0.9929902146444582	0.9999999975197071	0.9946011129933063	0.9889455873496589	0.9717407552580178	0.9971793078973532	0.9339151923673275	0.9691990856001599	0.9999391137164166	0.9991257330295251	0.9773062297146704	0.9999989871386469	0.9999999999999764	0.9036676146513498	0.9999999999998572	0.9873491098984796
0.011558199386905943	0.9999960168869478	0.00834514721154922	0.9981074249573428	0.9999997211060309	0.9783338754237608	0.9974550011039778	0.9991553967318444	0.9939068138145117	0.006386296190071583	0.9426859170100782	0.997598174130476	0.999918991601982	0.9885008951525958	0.9999995592451548	0.9999998137551327	0.9811868618595796	0.9999966552467631	0.9931516618962946
0.0010203809876495606	0.9999999998352054	0.009008884199174672	0.9965716199908082	0.9999999712254004	0.8050859237429249	0.9977818813633716	0.9786947013131384	0.9872555886619405	0.006386296190071583	0.9572744298482356	0.9982269113072229	0.999716733932487	0.992916252026859	0.9999999994657673	0.9999999994384325	0.6886628349586136	0.999999999770135	0.9977550690022082
0.01691874601619968	1.0	0.00262126453750533	0.9999274535052696	0.9999999999967362	0.995246667319094	0.9994175627216735	0.9951583985853789	0.9961137683013485	0.8897876660989209	0.9641910446432732	0.9999850269892647	0.9999999538691051	0.9989293859578499	0.9999999999138721	0.9999999999994635	0.7791769986130324	0.9999999999915422	0.9817642927301257
0.05322238534197943	1.0	0.0012418836181087994	0.9996282157371669	0.9999999841059447	0.9988391279031421	0.999115588472603	0.9946249628544053	0.996215052838766	0.4949681314874155	0.9623250884330586	0.9991762253134859	0.9992937209809349	0.9986898170151051	0.9999994379933438	0.9999999650786489	0.7976124674246374	0.9999999999078929	0.9959565727158946
0.0010609036303501629	0.9999999999999996	2.202147753371797e-05	0.9999267267001147	1.0	0.999548189650268	0.999999999997586	0.9999999999990006	0.9999776893745489	0.003402166124962247	0.9759091569090768	0.9995555007557491	0.9999999904841742	0.9999766981590629	0.9999999997886354	0.9999999999830109	0.7770287889572959	0.9999999999999769	0.9990373643993873
0.08960001474987012	0.9999999999975748	2.24640540906762e-05	0.996471245871892	0.9999999947410608	0.9738798303380474	0.9939068138145117	0.9887799903934021	0.9250664226395701	0.05423997689568871	0.9312529267924401	0.9988820861138943	0.9995526130444421	0.9541470741804685	0.9999999920148336	0.9999999999990539	0.7583580040026106	0.9999999999931868	0.9809047841052679
0.004529496253749432	0.9999999999999959	0.0027057895096611606	0.9981561513442634	0.999999999314132	0.9999795205736438	0.9980894007618457	0.9966090982001784	0.884598063000983	0.9707813078122153	0.9255169652225489	0.9991251376639989	0.9999505720447638	0.9993348320479422	0.9999980497056802	0.9999999997219328	0.8795506480315378	0.9999999999996144	0.9427427825773673
0.001352871474420425	1.0	1.7335762823589285e-05	0.9999531508394643	0.9999999999999954	0.9846804498568116	0.9996014020216782	0.9999868528617668	0.9995916264643349	0.9229799730226491	0.9764964517138611	0.9975324966021787	0.9999997450663255	0.999882478377847	0.9999999999999999	1.0	0.7831889143771751	0.9999999999999648	0.9999865164056095
0.012971142222352516	0.9999999871576023	0.0012743290407987579	0.9941079730339398	0.9999997165752522	0.987824697786523	0.9902302499504991	0.9912467266168472	0.9944512341369989	0.014282731410103167	0.8813478848679854	0.9892094016159784	0.9991964808677622	0.9872220099706929	0.9999996987793055	0.9999999768418641	0.7581913196634955	0.999999748896024	0.9933656698493596
0.07593821966091585	0.9999993024856487	0.003034099154558989	0.9958420348670429	0.9999999938523717	0.9921948413818674	0.9961323210115394	0.9980320464370116	0.9955897570703516	0.9939441752159133	0.9725537006425797	0.9867968763790973	0.9994816720738868	0.9912718413925634	0.9999991592581825	0.9998450901380826	0.8854560382532155	0.999999997692974	0.9980016540396353
0.9679051759875839	0.9999999978581011	0.007730688277595599	0.0007801020284101678	0.9999990336110618	0.9938383489959058	0.9953498860167815	0.9967632454961474	0.9903569446453759	0.9881973470381579	0.9402619207617658	0.9959364887044176	0.9982984171918026	0.9966203468818361	0.9999977294560722	0.9999999947410608	0.9013042813584605	0.9999999994657673	0.9950218717948395
0.022338669334961647	0.999999999234298	0.0035236394689268508	0.9993929232219423	0.9999999884505709	0.9800737304422482	0.9998328216575165	0.9755784912104526	0.9902454386163309	0.9732263919494373	0.9447002823660033	0.8440604864902942	0.9996652959957051	0.9900674511715168	0.99999992506563	0.9999999999817534	0.8335939199812712	0.999999999991938	0.9931077468590174
0.04948822619888127	0.9999999999999977	0.0011668165180993562	0.9997968352517344	0.9999996015290042	0.9986466218041822	0.9995686797992158	0.9965056385128275	0.9987842913160662	0.9948920376661461	0.9692397183695082	0.9995004107737282	0.9998209015281182	0.982083331120667	0.9999999837243436	0.9999999982981375	0.8805646194312882	0.9999999999994104	0.999559082184275
0.04086374634546097	0.9999999999999948	0.0043599086970365075	0.997780754740259	0.9999999998067955	0.9902257764323124	0.9993400900548078	0.9771811592550067	0.9988967779456368	0.021060942205459066	0.9473468749058012	0.9997737592426988	0.9999992412543551	0.9995032569377135	0.9999999989975588	0.9999999999998006	0.9607392684206025	0.9999999954988052	0.9997495858561452
0.01248159055500786	1.0	1.876618082818915e-06	0.9960175221249057	0.9999999999983226	0.9785443496286321	0.9998835840598993	0.9959936742162635	0.991843652131557	0.9963704349339103	0.9898159259856072	0.9999997470047346	0.9999999947914614	0.9997537583478845	0.9999999999999991	1.0	0.8504919757834974	1.0	0.9999651378413464
0.03693536162882538	0.9999999997199064	0.004982777547754141	0.9949756235885748	0.9999996595115086	0.9655507761905471	0.9926727923485436	0.9960241412966807	0.9912308407757169	0.003467707069859327	0.7658735484975491	0.9962818148182246	0.99923359055187	0.9999999410213005	0.9999814549256044	0.999999990650571	0.9691990856001599	0.9999998244495588	0.8987172278308007
0.004039550578581297	0.9999999993177748	0.003888309907980614	0.9667260631498702	0.9999999832323504	0.9612753648857093	0.9991404686641937	0.9984788656591906	0.9987305566129133	0.9920922546411953	0.9408209553256172	0.99957456929251	0.9998305520877971	0.9982423646071706	0.9999999999095607	0.9999999999416831	0.8081397836476052	0.9999999885599681	0.9992648812407036
0.06788050350878483	0.9999999999998958	0.0002601359537873771	0.9998301346350298	0.9999999999991791	0.9993685514548563	0.9993845616158055	0.9995732745012458	0.9999998062570363	0.009065792480908108	0.9311704022814854	0.002254682955793119	0.9999302459562451	0.7528126843129315	0.9999999999155696	0.9999999998432341	0.6898555440563595	0.9999999999979515	0.9996465084794883
0.003947054425526786	0.9999999999999823	0.004126512061577561	0.9998056692282717	0.9999999999998564	0.9994345962601662	0.9990478633344256	0.9934541561310634	0.00012934379647311367	0.03981700932087162	0.9864721421343015	0.9816751323273111	0.999973693414162	0.999679636210326	0.9999999999994104	0.9999999999899382	0.5699855070541128	0.9999999999999721	0.9992796281356652
0.0028110845366754456	0.9999999999934953	0.005276508186637718	0.9972313150998179	0.9999999216125253	0.9973539742505274	0.9981739882583601	0.9957260815159459	0.9977235214610796	0.9888438594985189	0.9753598096576189	0.9935177078580714	0.9999833048498307	0.9976726047694237	0.999999944229037	0.9999999999416831	0.8213348417016226	0.9999999999704299	0.9986823218784235
0.9922855055688533	0.9999999999789525	0.0028313167718353183	0.9994633905526882	0.999999999791727	0.9993737655946406	0.9980270591122538	0.99519128752651	0.9908317609994715	0.9898848061907713	0.9717692710588641	0.9955357619780479	0.9999827494275163	0.916733655730311	0.9999999998900202	0.999999999809683	0.9366581040714325	0.9999999999999981	0.9991572549225678
0.0327127846577675	0.999999999999986	0.0018206872951143371	0.9968903774997865	0.9999999978077951	0.847406796155014	0.9944611157336027	0.9834358912867468	0.9962944519223278	0.07859978403772472	0.9485684029211569	0.9998402133346699	0.9995756888887709	0.7921733591189938	0.9999996330965958	1.0	0.9237366326194588	0.9999999999725294	0.8153974316136968
0.020652503680099965	0.9999999999725294	0.0017774479409237154	0.8923654930837988	0.999997643708602	0.9305639833235668	0.9839823598877991	0.9537949322557041	0.9937467147529231	0.9741094329501832	0.9422035009073791	0.999653006988123	0.9990624037270877	0.995269005763314	0.9998732486349626	0.9999999999999512	0.9284049913407177	0.9999999986351076	0.9982481663072518
0.008031999401317158	0.9999999976711401	0.0036719955172348495	0.9961318303655201	0.9999952985059491	0.9952468604545742	0.9971609881144181	0.8180418592102316	0.9916499321100607	0.9905726081019537	0.96027512419565	0.9989371661001646	0.9998843396271487	0.9966909230705207	0.999999944229037	0.999998225098279	0.8327088957428884	0.9999999301926719	0.999999998807686
0.039612573364910975	0.9999999999999999	0.8829802578943895	0.9715178266919109	0.9999999954988052	0.9935011782292389	0.9969468373145347	0.9274027219439613	0.9797053940037022	0.019476659676670893	0.8897893521574998	0.9646429296239756	0.9998239053453328	0.9943991307699644	0.9999974091662961	0.9999999999957938	0.6008337372425872	0.9999999999902337	0.9966001045563346
0.04334111758510173	0.9999999999990539	0.00011507266591526122	0.991971487950141	0.9999597378059653	0.9935800729195384	0.9987780022907263	0.9334639016688021	0.9559343546406319	0.9836346816165091	0.9399147749071558	0.9997503345535083	0.9999987918507827	0.9944116718680487	0.9996294126809674	0.9999989164953109	0.8876641243568211	0.9999999992624489	0.9475798665732419
0.005804860798098277	0.9999999401645355	0.10632279358210428	0.9132141783445491	0.9999997165752522	0.9846523964692026	0.9928685041570053	0.9958805882666808	0.9921180756018512	0.004529496253749432	0.9238873276273992	0.9917889181807289	0.9991779922965743	0.9944830356679775	0.9999949295408636	0.9999999376209264	0.8984902586547879	0.9999999813336344	0.995142707922961
0.05338558665039053	0.9999999093612437	0.014521245168396868	0.9339519440472717	0.9997179682058435	0.9275972351765855	0.967321066751285	0.9525993789640078	0.9334639016688021	0.7186624943471349	0.9193745220588183	0.9932326419393575	0.9992766703321594	0.95284919841177	0.999940401512426	0.9999984715115069	0.8664608136863658	0.9999999984644796	0.9413988253386129
0.030070604537751122	1.0	0.033574187299974634	0.9999999998729132	0.9999999999999354	0.9991154464801858	0.9996996058901152	0.9952372675651887	0.9971810549108813	0.9815253081063186	0.9772577404816839	0.9997239276071311	0.9998519924476537	0.9991453072908517	0.9999999999994883	1.0	0.7390344159042281	1.0	0.03642558140835095
0.09458371796462439	0.9999999986808905	0.00936049196682509	0.9314019230778731	0.9999308395314553	0.9997033221252434	0.7149192723952043	0.9700295139241542	0.002506857971982246	0.981720855298249	0.9620319439792449	0.9949100740440444	0.9999502575997368	0.9979109482432577	0.9999999755535297	0.9999999961453362	0.9331179441069696	0.9999999991186536	0.987776036809045
0.014844742356273088	0.9999999999369404	0.0013978928072368169	0.9969469602530294	0.9999999741910225	0.9978265764640748	0.9996225378221701	0.953848320003637	0.9801473274577694	0.00936049196682509	0.9553974769507496	0.9984577044975208	0.9996013623208989	0.9986337095357377	0.9999991193383213	0.9999999999915422	0.7611220805716091	0.9999999999849503	0.9951533651278276
0.028359276203330563	0.9999999994246689	0.011091350683221896	0.9992747681294019	0.999999748896024	0.9972298561311209	0.9539572913026377	0.9470413009107802	0.9880367854288739	0.3553788422068173	0.9541047458835749	0.9986444412540437	0.9999614331139732	0.9987833398447401	0.9998578546244146	0.9999999999767769	0.9233486662047241	0.9999999999981624	0.9891167666230791
0.03139258042052573	0.9999999999999988	0.0	0.9988777420477017	0.9999999999996144	0.003888309907980614	0.9997490769426847	0.9894344755662172	0.8433457348177381	0.38472345524410434	0.9556294286851819	0.9999588395323427	0.9999902316499316	0.9994294310426625	0.9999999938586112	0.9999999999999999	0.5570173191293627	0.9999999999999998	0.9995030412964375
0.002071038245653578	0.9999999999990976	0.0023711156676594625	0.9978451168010922	0.9999999966973327	0.9958355924305997	0.995601112573205	0.9984079218177832	0.9830253023315653	0.013742527904754498	0.9606758214525273	0.9990332580268751	0.9999844626528153	0.9964317593786758	0.9999999975720197	0.9999999920148336	0.5793149535560718	0.9999999704326341	0.9970817984718654
0.000984529838943926	1.0	1.8646416521939102e-07	0.999970488805976	1.0	0.9998785768901995	0.999998324415195	0.5211345207695566	0.9991768068909472	0.9996382538540962	0.7127862066732051	0.9999996434626838	0.9999999967021196	0.9999679974300808	1.0	1.0	0.8841105772673664	0.9999999999999951	0.9999974436997052
0.004012600012727852	0.9999999999999502	6.153266945008173e-05	0.9998666625749036	0.9999999999470881	0.9990702431648165	0.9954939485445076	0.9046926151209521	0.9988567439156323	0.9951421569172084	0.9684298675183465	0.9982552966196401	0.9999993621571343	0.9994147190473849	0.9999999999962477	0.9999999999990976	0.9585543564615593	0.9999999999999412	0.9997636588105159
0.024173333406541153	0.9999999976815139	0.09253535070352008	0.9959953289021443	0.9999643745781355	0.9837117419754621	0.9960750441818172	0.9935973299676252	0.9538014922234943	0.9926451222253806	0.9517244259919544	0.9132141783445491	0.999894136158392	0.9950810640509432	0.9991899505782629	0.9999999696125198	0.8944768497067769	0.9999999993380853	0.9707014599250667
0.039665983768411905	0.9999999999604591	0.004103324090802343	0.9980687615028192	0.9999999978077951	0.9914165536073896	0.030070604537751122	0.0003409654246319116	0.9974324872300733	0.976617252332557	0.9293754956896358	0.9993329984989108	0.02617338311389239	0.9977058579417591	0.9999999997334207	0.9999999998900202	0.8928651457495871	0.9999999957257912	0.7106231793005684
0.26773466852137956	0.999997752700335	0.11040182623867745	0.99803969552265	0.9999986979535697	0.9803688451646062	0.9914258941189217	0.9792011437917404	0.9929851834857005	0.976725665035378	0.8968344891370738	0.999526901551721	0.999956738881516	0.9940972107768288	0.9999983601462696	0.999999999791727	0.7870538112435933	0.9999999999388219	0.7633661168299168
0.006893289124816793	0.9999999999902337	0.009725975828536182	0.9978881452913066	0.9999999980202915	0.9908599707734042	0.9771293175276122	0.8186162153959675	0.9948850033958174	0.012723964162133283	0.8610093055544761	0.9982814346423903	0.9999679108074983	0.9943438476663813	0.9999999849327509	0.9999999920148336	0.8054425543175442	0.9999999741910225	0.9970153474248356
0.016524950216279533	0.9999999999999961	0.08613246148580145	0.9993803242411149	0.9999999999737365	0.9999995753240368	0.7012865787379687	0.9000163449088783	0.9978914706115504	0.002459448020627697	0.9045017451579496	0.9997645866941223	0.9998948270226953	0.9998009545955209	0.9999999999998006	1.0	0.6856564324243948	0.9999999999999769	0.999747690926228
0.0075843276341746035	0.9999999998726081	0.012243922602987567	0.9971036773786105	0.9999998244495588	0.9910345787102458	0.9968317415766925	0.9970114832353564	0.9897841871191203	0.014282731410103167	0.9703809521566348	0.8347036210803508	0.9995020991257345	0.9079407338548255	0.9999999920148336	0.9999999983845806	0.6793324730908219	0.9999999998017418	0.7466390782829232
0.027241644669777076	0.9999999999910758	0.00652516540214973	0.9985676401379573	0.9999913565043591	0.9915561371514112	0.9938146242607749	0.8578878847808689	0.9950786723497785	0.9747770153478973	0.9643577785834869	0.9987988643301079	0.9999914366164563	0.9958786292583223	0.9999999890461202	0.9999999999985506	0.8733640869192171	0.9999999995835199	0.9962575370123664
0.14487951371875868	0.9999999999768134	0.00019079718932402123	0.9976882720188738	0.9999999947410608	0.9968317299930753	0.9939781373471683	0.988400790872986	0.9902174588942727	0.9894223604731305	0.9535992013398298	0.9948161469951325	0.9997737661882343	0.9766103649250845	0.9999999965229184	0.9999999999999983	0.9647668956111725	0.9999999999999905	0.9941675097521309
0.048911653363509555	1.0	0.0019337656231730033	0.9999999999999978	0.9999999999997704	0.999332556605876	0.999883703464598	0.9994050767464228	0.9983831234174262	0.9952294524846037	0.9793816220497163	0.9999592746389616	0.9999847955048169	0.9991551904160518	0.999999999754614	1.0	0.869500367098861	0.9999999996923222	0.9989217381762163
0.048852985416336314	0.9999999950071485	0.00897308561703479	0.9949716626979145	0.9999975928750063	0.026701537317209034	0.9985390017400216	0.9705577716950828	0.9420124208369172	0.021903802883231904	0.9467952055982546	0.9985985801548738	0.9998392027810505	0.9684747453592211	0.999997058791248	0.9999999992789101	0.6798727087596204	0.9999999994384325	0.9788432394088434
0.011307614781673858	1.0	3.5615636884145374e-08	0.9997053977535189	0.9999999999996463	0.9946534359159201	0.9986649670919951	0.9987402581024168	0.9998048988469972	0.9982672423151412	0.9924298295747324	0.9999779215147373	0.9999999921155956	0.9995924993135202	0.9999999999987024	1.0	0.8592772043428785	1.0	0.9998090372355064
0.04049843505266837	0.999999717087115	0.01561908779259051	0.8883341361390077	0.9999633058962756	0.9955065193187	0.9941198289484896	0.9601737953059293	0.9433176428048946	0.9894038721921595	0.9679047108360521	0.9983145292392446	0.9990513307508602	0.9905256365126637	0.9999403688540799	0.9999976298357978	0.8668709162233454	0.9999993914770188	0.9857033868449127
0.07231603560739419	0.9999999999999987	0.003977067501606535	0.9927396867076655	0.9999999301926719	0.9920876961090319	0.9931590525678693	0.9804665810757721	0.910186707279538	0.04049843505266837	0.8326715353487447	0.998984839173209	0.9998333674347651	0.993267517393802	0.9999987089742846	0.999999999982461	0.022782804436725757	0.9999999999922555	0.974667717389097
0.15022621002629827	1.0	3.852060992404205e-08	0.9984764968589905	0.999999999996589	0.9991401511739485	0.9988148846637779	0.8651795240931719	0.9900949369284768	0.9879425351573968	0.9466484376750188	0.985858955604336	0.9999994356066008	0.9965934660245065	0.9999999980202915	1.0	0.9418764933154439	0.9999999999999974	0.9975518557274536
0.041736601744269616	0.9999999982118526	0.0062655101680149095	0.9864657954032642	0.9999920414672027	0.9929804354395189	0.9953554475889443	0.961798943640797	0.8605635165941768	0.028937640008218746	0.9242922616601588	0.9966839431842603	0.9993507884604855	0.9363143291772841	0.9999986699866784	0.9999999986124342	0.01573074810317776	0.9999999999778713	0.95906128405361
0.9824612017306389	0.9999999999999865	0.0015821442704889305	0.758044489317021	0.9999999999976693	0.9990286174103385	0.9994682663622348	0.9977026219297471	0.9900138792444754	0.9934844362289426	0.9651512172345815	0.9999071143799096	0.9999998453710842	0.9924475869213183	0.9999999999999848	0.9999999999999816	0.7556037707417884	0.9999999999002407	0.9992458613893113
0.023236453908564214	0.9999999824560144	0.1913908167233972	0.9973285001526028	0.9999999218365055	0.996109660621689	0.9837724107232084	0.9914523245499333	0.9934686722819849	0.3858108520780169	0.976829333744952	0.9950900280322624	0.9985625242583859	0.993408309302801	0.9999981395154787	0.9999999999992877	0.9394137134821101	0.9999999999999886	0.982704031410901
0.05279018092462984	0.9999999989523907	0.0015848121032653317	0.8808471706444152	0.9999996987793055	0.9945266958185794	0.7463266086716611	0.8460328293557687	0.9787053923050321	0.018732054580822055	0.9185123428584538	0.9971812552030987	0.9986511717375595	0.871157590922833	0.9999999018311999	0.9999999996229146	0.034824279539396596	0.9999999999988011	0.9821431598960881
0.036361140746823783	0.9999999984332479	0.18882865147794542	0.9999999410213005	0.9999999999947589	0.9998613380163709	0.995964494689286	0.9863660175713649	0.9964735922602099	0.008670609349043623	0.9812799818658802	0.9563859944038131	0.9999168989721443	0.9844339683804693	0.9999999997334207	0.9999999999999997	0.593820459720486	0.9999999999584942	0.9998216434631071
0.02835270239309111	0.9999995861770067	0.012790553038287314	0.8679437243749569	0.9999718125779663	0.9571319897012391	0.9887719767216946	0.8747270018899334	0.9803640092668625	0.08960001474987012	0.9056369973506813	0.9352761623900752	0.051413504495745666	0.9874313622963271	0.9999735282358211	0.9999999172726908	0.786872046661846	0.9999999768418641	0.9071306498440087
0.00012934379647311367	0.9999999999990103	0.007026237039931216	0.980985488537487	0.9999999998787017	0.9999929268390233	0.9999813579884282	0.9993372894463447	0.999758640883757	0.8829458953042317	0.9451496191590291	0.9997914258015107	0.999997613145734	0.9992713429721632	0.9999999965355066	0.9999999999994883	0.8697197131947945	0.9999999995164601	0.9996216340326906
0.022782804436725757	0.9999999999256014	0.09241587586252752	0.9919678287437749	0.999979711895311	0.9951483914232789	0.9922037516571625	0.9860006900609204	0.9999997332558475	0.007161763284168621	0.976725665035378	0.9970994543438574	0.9996072869765438	0.9854350312578252	0.9999939800921219	0.9999999911300592	0.02617338311389239	0.9999999986808905	0.9959959987175598
0.027241644669777076	0.9999999999999977	3.147877156439716e-05	0.9986466218041822	0.9999999983845806	0.7598310668500465	0.9967752120356629	0.9800422625164446	0.9667915828324405	0.9856015677669728	0.9394137134821101	0.9997420439646374	0.9999529311723576	0.9516427690348533	0.9999994941001261	1.0	0.8203051199825359	0.9999999573457111	0.9986683121844546
0.3232808357771545	0.9999999741910225	0.016997762532532046	0.9893043307837018	0.9999906948378209	0.9910857864292747	0.9909456506898475	0.9880594730572242	0.9879486100651214	0.6314920172536342	0.9328379012419282	0.8984902586547879	0.08546219097312568	0.9652040538625608	0.9999597378059653	0.9999999959410962	0.7594539500729136	0.9999597378059653	0.9862670674887295
0.1513471260800258	0.99999634370927	0.003467707069859327	0.8152249906318122	0.999947945326126	0.9514554684215065	0.9681698243935377	0.9649556097273986	0.9721529283230489	0.9656058735360225	0.907743355729764	0.9894480985151789	0.9997246863412154	0.9884091560579713	0.9999205914803676	0.9999856774063415	0.8895760537551565	0.9999999941645112	0.9850896057437596
0.021494286899235618	0.9999999999999996	0.0041050602907121425	0.9602860661397442	0.999999984374905	0.9999999963390933	0.9972394887479302	0.9926909856860906	0.970262504090866	0.03556641802046889	0.9351686022895782	0.9999015214378286	0.9998784681311734	0.9490412046989418	0.9999999991595274	1.0	0.5676551542781649	0.9999999999999998	0.9726057595135948
0.0017208521575992064	0.9999999999999999	0.0006562775859610959	0.9999826855022043	1.0	0.9991083248005761	0.9997395338702794	0.9998281867309254	0.9993685255513435	0.9908140060167862	0.9346010705584841	0.9999532637560617	0.9999999893888942	0.9997838639127561	0.9999999992563849	0.9999999999999379	0.8206068162526128	0.9999999999999999	0.9999352670362749
0.9641544767572157	0.9999999999998865	0.7113805420492652	0.9999081824602818	0.9999999999642913	0.9969058599091588	0.9996701578675563	0.999738264726038	0.9969301290443613	0.9852644698170612	0.9396104115803094	0.9996008824993525	0.9999681883625218	0.9991894686676429	0.9999999999470881	0.9999999996750539	0.8687039671261352	0.9999999996299718	0.999657684782781
0.030341419966541494	0.9999999999999916	0.0005189930095271938	0.9998180403092122	0.9999999999997593	0.9952551282218093	0.9997919825555	0.9996843033907254	0.9869843731766977	0.0036719955172348495	0.9550959993483993	0.999623228703051	0.9999899852876382	0.9994935157144057	0.9999998711057476	0.9999999991216785	0.6697962030803726	0.9999999999994376	0.9994798908602389
0.09418202360161088	0.9999999999997354	3.340444230526263e-05	0.996911722385173	0.9999995352983939	0.9826754099651492	0.7768508004342529	0.9560721585884719	0.9917804335461029	0.971476803898284	0.8741438659953391	0.9711752647569326	0.9989896009497642	0.9731749770965396	0.9999763946794423	0.9999998690112816	0.9624420511216168	0.9999999999999998	0.9766547609308254
0.03692475086110819	0.9999999999999991	0.0003409654246319116	0.9991990702268664	0.9999999985735455	0.9978290868689064	0.9971952842599034	0.9877634714987376	0.9966012061116043	0.014282731410103167	0.951262704435996	0.9987651038975182	0.9999911898104731	0.9829213750311877	0.9999999584024515	0.9999998431682433	0.4604356962755123	0.9999999993824329	0.9396850216343059
0.0029202660789021673	0.9999999999999986	0.10174609784869376	0.0024437016318316074	1.0	0.9997784656607461	0.999949203679977	0.9995904063462563	0.9989731388852515	0.9999999857153588	0.9403626301034134	0.9999794969702662	0.9999999983964666	0.9989974117108026	0.9999999999994341	0.999999999754614	0.8666960570582808	0.999999999999994	0.999899624335684
0.005695107656092713	0.9999999999797401	0.012315598033971503	0.9991211128656552	0.9999999999995763	0.9976356685188034	0.9979920455011478	0.9992305972800395	0.998576099765007	0.9791363706315139	0.9562718257572841	0.9994620501066145	0.009725975828536182	0.9989970302671625	0.9999999996507669	0.9999999999997593	0.8679143287243327	0.9999999993476095	0.9992062914642555
0.0034293349454036504	1.0	0.09775412254836886	0.9993994396378296	0.9999999999999952	0.9990866003461163	0.9997083503395543	0.9995714978188475	0.965704992487222	0.019210540346293326	0.9534773707832528	0.9999742145910585	0.999998623025077	0.9998485952165472	0.999999999999781	0.9999999999999948	0.665540341252093	0.9999999999984556	0.9999999994278661
0.03123541259595708	0.999999999965809	0.011671370466949452	0.9812041597734058	0.9999991705273985	0.9965749211552671	0.9993055580764543	0.9737794478757102	0.9931294925412746	0.028937640008218746	0.907743355729764	0.9993140029223202	0.9994593028373905	0.9960241412966807	0.9999999172726908	0.9998505513922653	0.5581288867951751	0.999999999666302	0.9915568042501457
1.0085253963398877e-05	1.0	0.002422878403591136	0.9999917380015565	0.9999999999999997	0.9998659387916581	0.9999872483429924	0.9995214989742024	0.9998948648084518	0.3718326495470853	0.9856764121583098	0.9999999999999164	0.04541426848936203	0.99999999999998	0.9999999999853625	1.0	0.7662067098656622	1.0	0.978917764177504
0.018930328405877384	0.9999999999930146	0.0019933967104912576	0.9991861657954723	0.9999999998773416	0.9982051344708306	0.8610975143710952	0.9667313245515433	0.9987551994051928	0.998265287223944	0.9870732724476646	0.8620275905605247	0.9999908063615549	0.9772110730690428	0.9999999999050313	0.9999999999759046	0.8715514451333838	0.9999999857072636	0.9981220213483633
0.3828930155046484	0.9999999758336267	0.11071520553566189	0.9982665539256999	0.9999995203571082	0.9911492725536422	0.9983630705700026	0.9977494441759482	0.9955224819080096	0.9917234910174261	0.9798694632367876	0.9988490921172123	0.9984601355041148	0.9977468432514291	0.9999999994384325	0.9999999857072636	0.7972247248676829	0.9999999999325118	0.7695554665564845
0.000810627524105545	0.9999999999997476	0.005378174432212224	0.999081283847432	0.9999999996411746	0.9732586785913133	0.997861815829245	0.9990210333096792	0.9784979587649143	0.9902021169578178	0.9281217407515728	0.9984623039643261	0.9999983120049161	0.996288381873667	0.9999998589743806	0.9999999998787017	0.8293627704811871	0.9999999999799065	0.9986599450769396
0.006928545801988983	0.9999999999999909	0.004464687824233038	0.8950592602352782	0.9999998610667231	0.9952232486222973	0.9987955359358297	0.9973506010476274	0.04569227001437437	0.004277512203078704	0.9577087597348165	0.9976911092951931	0.9999923834401221	0.9976217899810996	0.9999849329971978	0.9999999999704299	0.5699855070541128	0.9999999963917234	0.9977157191981425
0.042085798089308055	0.9999981093411018	0.009421796285920006	0.9635088649836192	0.9999543182250437	0.9542353463493427	0.9761122563578365	0.9741094329501832	0.9584966311140248	0.0609434725389294	0.9249558184238477	0.9765234752493442	0.9992172036002748	0.9441910681848666	0.999940401512426	0.9999972722773113	0.789153230495362	0.9999850711620817	0.8983654509082496
0.05911155854015837	0.9999999072887844	0.01910055155500634	0.948392226839188	0.9999992233385994	0.8602338034244532	0.9845599319750842	0.9859426216888414	0.9822405506992802	0.891192988229408	0.9433479274767923	0.9858118320717757	0.9998959022991697	0.9882553324650912	0.9999991705273985	0.9999999124294895	0.9072704067543963	0.999994900027352	0.8592926666165004
0.003337084243922539	0.9999999999999997	0.004482066717526156	0.9990087882529327	0.9999999988504547	0.9987953569401514	0.9999900389138779	0.9988459949529838	0.996811971111648	0.01784724239759561	0.9461336429815554	0.9995703218681875	0.9999755083578602	0.9983688653514928	0.999999999354648	0.9999999990732182	0.814326915836184	0.9999999999999808	0.9994908212771765
0.04335903979896294	0.9999999944983233	0.0081870643421732	0.9904790079380208	0.9999992725129091	0.8605041276085251	0.99999769563228	0.9999999340157218	0.9910175479814712	0.8335939199812712	0.9065949801262134	0.9937306184610359	0.9999983230786809	0.9940044276274869	0.9999998137551327	0.999999998745916	0.8647831863215096	0.9999999708037701	0.9964463935778374
0.07371963167701068	0.9999999983664432	0.0007306149897982894	0.9975428217799925	0.9999899194715547	0.9933037420083765	0.9980367414095447	0.9980568865662772	0.9927858814711955	0.9714605625348529	0.9427592833637662	0.9975790575206382	0.9999617614684103	0.9951589673813038	0.9999999975720197	0.9999999857153588	0.8839070702142645	0.999999992809372	0.9946748374164783
0.005878155880448266	0.9999999999999925	0.0015253380328869026	0.9994738860596423	0.9999991499501101	0.9939948119970897	0.9994167766233917	0.9999165545102028	0.9971377453527221	0.002865255415869239	0.8919188933809101	0.8711480554530346	0.9999984745400051	0.9910746613959687	0.9999999996192838	0.9999999999999957	0.713562598316859	0.9999999999934953	0.9995272044683767
0.06187305487088379	0.9999999999988225	3.912620392099164e-05	0.9996471233129316	0.9999999999962477	0.9988820119649957	0.9998140290393378	0.9996778312574589	0.9822779258087493	0.9746688147934491	0.9682418874940638	0.9993171452542761	0.999986827660121	0.9995835255664062	0.9999986195812044	0.9999999999881661	0.916009119260752	0.9999999999396408	0.9998521545754944
0.9942046260920548	0.9999999999961435	0.0013556154074057802	0.9997480915991257	0.9999999969823508	0.9992417992452481	0.9993679970384538	0.9992542194887203	0.9942583647488545	0.9955259558960079	0.9594166751377198	0.9992231966302579	0.999648795799201	0.9981584947131759	0.9999999999956702	0.9999999999999576	0.8022770824258206	0.9999999999933433	0.9975680316671472
0.027794088665786365	0.9999999999999996	2.1388011839373888e-07	0.9924241860301506	0.9999999997320935	0.9902278845411412	0.994603044279463	0.9626954846430396	0.9844622462595716	0.9786380562841774	0.9535665224941124	0.9990567023782829	0.9998108527377246	0.9965458385478069	0.9999999813336344	1.0	0.9022032138649696	0.9999999999996322	0.9807775830237243
0.14031049282480698	0.9999999999759046	0.0008922355209622923	0.05671299970377275	0.9999999727498904	0.9979214870114405	0.999115588472603	0.9944048097574243	0.9743233974287133	0.37694458216943333	0.9761122563578365	0.9997303024701492	0.9997096555531448	0.9982174325287457	0.9999998344973116	0.9999999999999789	0.9628658106326676	0.9999999992418517	0.795080742945037
0.9916368970246223	0.9999999999981617	0.009110249322138192	0.9786922439562237	0.9999999947410608	0.9971957140237763	0.9475931752226242	0.9839177969710569	0.9969068132980259	0.9992685086603557	0.9546440080975878	0.9986245298710794	0.9996810736704285	0.998459831128548	0.9999999992418517	0.9999999999962477	0.927047784006647	0.9999999999976693	0.9982983026904076
0.0032128739521115612	0.9999999999999951	0.01305800142838287	0.9966811459156538	0.9999999813235505	0.999264153346929	0.9986195778111653	0.9991466205384832	0.9729380023311348	0.07671430676652957	0.9862634411150147	0.9998406508645584	0.9999998429067415	0.9978407253117602	0.9999421913420706	0.9999999999999817	0.6666872574570117	0.9999999999050313	0.9203296248902327
0.1625108459832887	0.9999999991319893	0.0013341444773374844	0.9919691983797372	0.9997179682058435	0.9249558184238477	0.9841011952864777	0.9366771610930269	0.9736553544526738	0.3804003410420016	0.9476668123305816	0.9930176908028061	0.9997729651723497	0.9663417147789375	0.9999205914803676	0.9999999999998631	0.5928103252228454	0.9999982397036102	0.9805007883814463
0.04445514107902872	0.9999999897280056	0.007440755939376875	0.9841291649994182	0.9998739593887769	0.961817975550846	0.9965056542382845	0.9584153569202726	0.8907384703144627	0.051413504495745666	0.7971446856487503	0.9901543864214505	0.9976532193307506	0.9823447603438917	0.9999939800921219	0.9999999999971378	0.6742642082718674	0.9999999999923151	0.9333195988310732
0.019950273098509386	1.0	0.0	0.7639243255391317	0.9999999999982282	0.9994341937062411	0.9485721541675038	0.9977641921440915	0.9904188206955574	0.9894844031499549	0.9601443503583738	0.9997789388512001	0.9999939826966482	0.9996241200561811	0.9999999999999695	1.0	0.9282076116814193	1.0	0.9915518569247844
0.002322516328557067	0.9999999999981624	0.0081870643421732	0.9983606797293041	0.9999888149438424	0.9969659868771236	0.9972342094854526	0.9976337001335964	0.9944083523920071	0.9946972130399446	0.9489326563164999	0.9991019300918224	0.9999545030041863	0.9935764218826894	0.9999999768418641	0.9999999890461202	0.9600079462759487	0.9999999994657673	0.9972706815890802
0.007519325893888706	0.9999999999996418	0.11928843870656383	0.9999674699240839	0.9999999999999986	0.9968410204358158	0.9966875401547912	0.9947533515871875	0.9995943784307407	0.641333470455283	0.9721591596625829	0.9999288665854158	0.9998468391572007	0.9998193252439725	0.9999999999824349	1.0	0.8473977634596979	0.9999999999995163	0.7723545579997565
0.0327127846577675	0.9999999497647127	0.001235805934357348	0.9953074208362105	0.9999994702792753	0.9971416079805507	0.9946585839266955	0.9925656812489387	0.9669891871234734	0.9759707178233895	0.9535992013398298	0.9996721482539125	0.9999382731615698	0.9965068349278822	0.9998168009637812	0.9999999991216785	0.8956284210341551	0.9999999999994376	0.9979034058553087
0.0609434725389294	0.9999999755535297	0.01767049690073841	0.9885946518362265	0.9999974684493045	0.9810473677461369	0.976181012275246	0.9811816669501308	0.9829275816982928	0.9865429562476967	0.9335374052198891	0.9908391746656905	0.9978196667189905	0.9658619929121596	0.999997058791248	0.9999992725129091	0.8326715353487447	0.9999984715115069	0.9859065887312307
0.0006952131089386082	0.9999999999999868	0.10500354345348875	0.997593283201856	0.9999690792119845	0.9336823011591082	0.9988870391311087	0.9986355636444103	0.977626004584971	0.9937029929616725	0.8572721394053611	0.998885325112068	0.9999397004130712	0.9986706215618695	0.9999999142172846	0.999999999491754	0.9274027219439613	0.999999997444597	0.9982430446680014
0.01635156461128695	0.999999543410455	0.010329499008082665	0.9943000987636693	0.9999888149438424	0.9577278959630995	0.9900129687289346	0.9921864869887826	0.9804810530247283	0.00834514721154922	0.9653100869017948	0.8242294357042269	0.9982689758291704	0.872395653280275	0.9999999072887844	0.9999989871386469	0.8065713249895266	0.9999997635652682	0.9937156527516586
0.01433008181851525	1.0	0.09182894668523178	0.9995248855905068	0.9999999167583572	0.9998436592214417	0.9993200498854944	0.9997330917951647	0.9990079713530886	0.9991897505080279	0.9911776779770758	0.9999545840604674	0.9999999877618375	0.9997308968372588	0.9999999999998459	1.0	0.9471878697265323	0.9999999999999999	0.999917676543403
0.020652503680099965	0.9999999999975064	0.01075148230557367	0.9976925606810964	0.9999999996907603	0.9979270880412305	0.9960085704802638	0.9899408276689169	0.9917398217095332	0.03139258042052573	0.937452521684911	0.9997250696447041	0.03339834687684007	0.9941675097521309	0.9999720088552352	0.9999999999179761	0.9771437146890367	0.9999999850560057	0.9568361795368107
0.0004641967609170239	0.9999999999999476	0.0015848121032653317	0.9997299861118232	0.9999999998963988	0.9997462993580788	0.9997279280566134	0.9992764523741218	0.998824001366023	0.9949111621184646	0.9900129687289346	0.9999907877102653	0.9999999788689458	0.9996976410412468	0.9999999999999865	1.0	0.9958117277003476	1.0	0.9997349875586802
0.08837387930101348	0.9999999988781216	0.0014402681126051142	0.9990729077025665	0.9999991137800917	0.9922388227418943	0.9962325809888909	0.998030572553387	0.9979696416364501	0.9934785149084717	0.9124650079700476	0.9679041803012598	0.9991042756766145	0.9943202947129559	0.9999999986124342	0.999999999770135	0.7568698441336448	0.9999999999982476	0.9439933593289299
0.011458231508988725	0.9999999999999971	0.00022280864444357285	0.9998371894257556	0.9999999999834293	0.9992181340773629	0.9998022129846481	0.9968730251637018	0.9930944587072171	0.9904266058879047	0.992219234905375	0.9999910381605567	0.9999994397030518	0.9998114960631347	0.9999999998449756	0.9999999999999232	0.908858213012457	0.9999999999996492	0.9992952503953826
0.06968315639162304	0.9999995635693518	0.08960001474987012	0.9712955011740118	0.9998464044752676	0.9288331449427705	0.959219588456195	0.9473468749058012	0.983133508692534	0.6078755795225315	0.9232685623401675	0.9514840546441673	0.9868332484113388	0.9556294286851819	0.9997179682058435	0.9999914935803159	0.5757827153373509	0.9999718125779663	0.9729453159142414
0.03214398232796478	0.9999999999996954	0.002151693261025045	0.9934541754863968	0.9999999823092194	0.9882457419588866	0.9951206241514295	0.995631911416695	0.9962836218160059	0.9930495702104599	0.8756925757430399	0.9975525303860617	0.9999449491606678	0.9969827085757953	0.9999999996750539	0.9999999992418517	0.9926451222253806	0.9999999968628291	0.9968761170912307
0.9965317856341208	1.0	4.5813101216429786e-05	0.9998768293078879	0.9999999999999969	0.9416954389539683	0.9997617541026083	0.9999746513713456	0.9997103643319943	0.987318014447789	0.9499383096309348	0.7778549822909439	0.9999999730569766	0.999491964679305	0.9999999999996911	0.9999999999996911	0.817341580598922	0.9999999999999983	0.9980021226534612
0.03611966149940715	0.9999999999999696	0.004126512061577561	0.9997717290910326	0.999999988039319	0.9999999999967476	0.9988386627740751	0.999053163899488	0.04266379594874692	0.0010203809876495606	0.9817308596135483	0.9999282171197352	0.9999830119406202	0.9953394092407085	0.9999999992303891	0.9999999999997704	0.5699855070541128	0.9999999999799065	0.990270891248219
0.12795421146177333	0.9999998537018682	0.00252634364006242	0.9941158530687505	0.9999774224960009	0.9971228472563506	0.9995070106424523	0.996357267912513	0.9786788752584779	0.9046472429306207	0.9360844797543384	0.998708912582432	0.9999423677656244	0.955202644223264	0.9999996595115086	0.9999999999999512	0.7636868907243565	0.9999999999999679	0.9988182797763391
0.05423997689568871	0.9999989164953109	0.03556641802046889	0.9932073330471717	0.9999598363563904	0.8311331574555583	0.9742862730573144	0.9580915554297734	0.9860246253195419	0.9109753621797093	0.9489435763457532	0.9938260266319306	0.9985645200245228	0.9747068329227386	0.9999934487250477	0.9999994008434357	0.9097695637515435	0.99999796812631	0.9814666810094681
0.005045139203348814	1.0	0.0012347239600980497	0.9966574856687923	0.9999999988548848	0.9994561985397048	0.9996337130435288	0.9996369390670848	0.9995025423530645	0.0001800062302457217	0.9612997748811538	0.9999171875014592	0.9999918668391073	0.9994532584798849	0.9999999856447136	0.9999999999999946	0.09458371796462439	0.9999999999897944	0.9995870697882306
0.07661572958335483	0.999999999521195	0.000455340895894607	0.8557191187960452	0.9999999996512415	0.9989342944135398	0.9999858198561263	0.9999999790770201	0.8533473873826889	0.9747823205121255	0.8482329001415148	0.9998709409296231	0.9999999921155956	0.9985567847838871	0.9999999999999648	0.9999999994820856	0.7896263579425903	0.9999999999999747	0.999776109007758
0.0006562775859610959	0.9999999999804008	0.002278583254262778	0.029646079198071384	0.9999996495138873	0.9966899852857458	0.9980571479743466	0.9969030226525742	0.9970686211598849	0.005481804036928661	0.9521221675108009	0.9997595603511019	0.024657112109568446	0.998380434057152	0.9999999990254026	0.9999999999988566	0.6901651831729778	0.9999996651875003	0.996786619339805
0.08599000044554062	0.9999999999999999	0.010500866920186702	0.9990788666155659	0.999998167528237	0.9984765347257907	0.9976800054271908	0.9989215213454575	0.9800666438964706	0.0006195093028196208	0.9865068440355163	0.9999730269085988	0.9999574566101491	0.9994274140879533	0.9999999915843596	0.999999999770135	0.6904571742170045	0.9999999998203349	0.9995025423530645
0.1508346219691681	0.9999999993476095	0.009008884199174672	0.993515362384967	0.9999314059262487	0.976181012275246	0.9871123579223736	0.986929591496985	0.9999683635382897	0.02565681982302137	0.9535992013398298	0.9926009280007785	0.9947199114807519	0.98552643309415	0.9999999218365055	0.9999998344973116	0.8039733962457005	0.9999999961659344	0.9999939800921219
0.9883349160635283	0.9999999950708175	0.09104090041628017	0.9995291493393169	0.9999999973103515	0.9915343495000699	0.9996318460700461	0.985160067642969	0.9977206635600446	0.9912671390399427	0.98468723315124	0.9505271071186387	0.9999932065272676	0.996131121815811	0.9999989033463409	0.9999999998114191	0.9821692237003007	0.9999999999998086	0.9851580620424628
0.04325466378692211	0.9999999996446316	0.01568520588733191	0.9989527497427642	0.9999999741910225	0.993824430921221	0.9936020910370778	0.9771390695941911	0.976888582838519	0.994190323476404	0.9300987875638913	0.9994300379103317	0.9998780436344801	0.9876005025446947	0.9999980952703342	0.999999998807686	0.9595417243065978	0.9999999999256014	0.9979260646554137
0.9974332059069198	0.99999999999964	0.0023187712440820296	0.9996505836273792	0.9999995836877268	0.997039763725776	0.9999783038018561	0.9977243048798744	0.9992210865577253	0.9980299875610064	0.9913647587108754	0.9999889202114368	0.9999977901602701	0.9987864859511517	0.9999999997586475	0.9999999999899382	0.8289751920485622	0.9999999999444519	0.9992829746210574
0.011122869621612241	0.999999997692974	0.8221346037686121	0.9956393356790331	0.99999796812631	0.9488706717689915	0.9962357070643196	0.9950700839337664	0.9890678860636963	0.9927935372680725	0.9526032831258071	0.9879392334539454	0.9994309223220648	0.9960512415246554	0.9999403688540799	0.9999999741910225	0.8851357988809041	0.9999999577540283	0.9976088671810167
0.0029204680200861644	0.9999999999870872	0.10355414245633697	0.9993827919695575	0.9999999965369164	0.9566816630653373	0.9994171780457493	0.9988996885954714	0.9978172129674735	0.9964382363077052	0.9907085849955765	0.9996223888909909	0.9999986582509044	0.999645572103521	0.9999999999395225	0.999999999996589	0.7543282087623425	0.9999999999911269	0.9997463025539162
0.013662202095514275	1.0	0.09243095022197748	0.9997200035817192	0.9999999982859128	0.976708382855272	0.9999997851791742	0.999999969855061	0.985851311297202	0.9975137273552089	0.9804890869349444	0.9997109996772308	0.9999926477433604	0.9998020966719713	0.9999999913103935	0.9999999999967616	0.8776306345116824	1.0	0.999661320425571
0.03766434172948041	0.9999999999981218	0.0003095795214530517	0.9998015062443102	0.9999999997785443	0.970484767460545	0.9985812254830219	0.9997866179473793	0.9993049689835914	0.9949310304568713	0.9726774362797257	0.9927315877608328	0.9999659646214534	0.9992312902041872	0.9999999999991791	0.999999999996589	0.8632370967365586	0.9999999974139143	0.998916943134843
0.012971142222352516	1.0	0.014471026364181072	0.9116318729669864	0.9999999996411746	0.9973115932419666	0.9933436386140949	0.9892768859076068	0.9966697234544767	0.9937783695604586	0.9837979432300538	0.9808777408394783	0.9999882072045146	0.9963962429746154	0.9999993329343128	0.9999999999999876	0.9290910335485294	0.999999979090992	0.9963187650517421
0.009914097621340212	0.9999999999541478	0.0009450684472510629	0.9316642292421518	0.9999999890578429	0.9989755940751349	0.9975179096354385	0.9971151589695743	0.9766472703849571	0.9569918025018611	0.9880476397864333	0.9997355429236777	0.9999656134093474	0.9989124434640836	0.9999999142172846	0.9999999999892498	0.8733126924521588	0.9999999990894555	0.9348292730104342
0.010301467399853492	0.9999999301926719	0.10345136337222235	0.9892738010786479	0.9999944125507603	0.7819067766768095	0.9976011549602801	0.9928830529943699	0.9820149507369916	0.961817975550846	0.9861272514496097	0.9994051827065845	0.998151709894851	0.9941232269149398	0.9999918066742066	0.9999999998550507	0.8800153982884893	0.9999956616103033	0.9980888024780337
0.02025244401362869	0.9999999986576806	0.0006315321491013881	0.9990948112166874	0.9999994008434357	0.9828002880768867	0.9988617334707987	0.9901543581046998	0.9908790676946649	0.021903802883231904	0.9023471805141516	0.9925193058521785	0.9999934877031929	0.9977629552423477	0.9999998690112816	0.9999999999842082	0.5543726926803576	0.9999999999863307	0.9641507298240664
0.09004904688716597	1.0	0.0017823518294237256	0.9996161991987366	0.9999999999998966	0.9854304885572012	0.00012934379647311367	0.34911915205874566	0.9987843746198174	0.9924691261686874	0.9554437695390402	0.9997185027006783	0.07829618294414808	0.9999999969771085	0.9999999522025985	1.0	0.9650343677186277	0.999999999999948	0.9997892662315514
0.03118543377455507	0.9999999528071583	0.0034316712644859304	0.987620229552587	0.9999914935803159	0.9494315909393938	0.9763192050536057	0.9519995228131153	0.9848523154903874	0.04435806737652492	0.9343572320941822	0.9966855076810841	0.9973386351676646	0.8746146276549303	0.9996037718130385	0.9999999920148336	0.907743355729764	0.9999999978077951	0.846931031842994
0.018370992608890524	0.9999998384320345	0.10771113302896636	0.9997901767408146	0.9999999999444519	0.9637369577961941	0.9986456704885035	0.9991251854689487	0.976619110961376	0.9987110600234175	0.9524346539295101	0.9996111644924677	0.9997860084406628	0.996141996679991	0.9994784201583471	0.9999999999641122	0.9519113595917823	0.9999999999674251	0.9893242537733513
0.012614469741494383	0.9999999999999993	0.0021750269415590773	0.999780287033474	0.999999988831679	0.9828411047280309	0.9997641301075715	0.9995980972070783	0.9947684056816386	0.07960804424762324	0.9879324543674237	0.9998694496947512	0.9999756602079606	0.9995087625448877	0.9999991125918081	0.9999999999999976	0.9781373071878599	0.9999988706406835	0.9995433411712751
0.0015253380328869026	0.9999999999999886	0.0008263325689378265	0.9996647539286165	0.9999999958790876	0.9979363576533049	0.9985748923284304	0.9925001636233306	0.9563762800862129	0.004529496253749432	0.9339151923673275	0.9997186711274154	0.9999950059165712	0.9992730532249972	0.9999948419514649	0.9999999999974367	0.09333108715544414	0.9999999995407854	0.9573557840518573
0.39482745356245735	0.9999999999995763	0.7593961700934506	0.99999409004327	0.9999988404105334	0.988860438519106	0.9937268714322777	0.9285068727797438	0.9535992013398298	0.9886942538436397	0.948054057141326	0.9307082910144056	0.9993544638998287	0.9915986468798484	0.999994900027352	0.9999999786474537	0.873127990933066	0.9999999998547936	0.9098606806176288
0.016038053315110212	0.9999999999984063	0.0006315321491013881	0.9990247568253501	0.9999997332558475	0.9985480751797309	0.9933240447358713	0.9916550678085122	0.9878190938713581	0.9835406089560724	0.9143162456746632	0.902150242142207	0.9999994387421779	0.9988232110000326	0.9999999553516922	0.9999999999982476	0.9249315161784022	0.9999999999999905	0.99495910007454
0.9875632980278175	0.9999999999256014	0.007879893323779696	0.9987208016922203	0.9999999911300592	0.996363412178348	0.9985917064386018	0.969225588399462	0.9933155576339152	0.9856477316296154	0.9492317734279677	0.9967677103764772	0.9997704484355922	0.9935704546919811	0.9999972722773113	0.9999988544422077	0.8550808190191992	0.9999999980202915	0.9882366344314526
0.030341419966541494	0.9999999999958081	0.0009633616856681293	0.9869761216439603	0.9999999947410608	0.9950354952760964	0.9950621254319003	0.9994858364911005	0.9975891074106445	0.9945028557805998	0.9700232621939495	0.9984069306047975	0.9999999419852672	0.9988426204671148	0.9999999999470881	0.9999999999744219	0.8327088957428884	0.9999999908409853	0.9987180439393234
0.04272250675037215	0.9999999959052853	0.0031521434124216485	0.99704628972425	0.9999999660998342	0.9959685710181904	0.9954898023621147	0.9940860717434584	0.9933741812376905	0.9862364378752342	0.9601737953059293	0.98877741353676	0.9997526032427784	0.9975529720657804	0.9999999990254026	0.9999999998371668	0.9663484243061622	0.9999999938523717	0.9966443377503617
0.9733682716304939	1.0	7.755617821514349e-06	0.036165972803025914	0.9999999999999318	0.999373799663293	0.9991781224043927	0.9267103997210935	0.9808741870879548	0.9255115061656488	0.9329538340064407	0.9999642801084819	0.9997211793780504	0.9976812062362864	0.9999999999718259	1.0	0.9538321860809064	0.9999999999999524	0.9971787951036215
0.0009227998021248407	0.9999999999999997	0.002205924688803998	0.9999999999999708	0.9999999999999977	0.9995760512748745	0.02265744171184869	0.007361644561704073	0.9994093438884855	0.9987010039582264	0.9810428508514059	0.99985231255749	0.9999999996276769	0.9998081378801699	0.9999999999999969	0.999999999999992	0.8696270894396391	0.9999999999999875	0.999941899082502
0.0017693002825369675	1.0	0.09218670801545843	0.9999668671217142	0.9999999999997704	0.9996423090959908	0.9983334716753973	0.9999220842199211	0.9995822170405883	0.996382732182878	0.9658092288088854	0.9999760564665795	0.9999999999875258	0.9998699356800119	0.999999999971452	0.9999999521817367	0.8711453362176852	1.0	0.999624192712917
0.04335903979896294	0.9999999980570796	0.00834514721154922	0.9999998711838893	0.9999999376209264	0.9940333794074138	0.9902838281714257	0.9945983085756666	0.822009249527315	0.009008884199174672	0.9601420818558203	0.9864588243686218	0.999245515591068	0.9961016508511045	0.9999008617218941	0.9999994191647462	0.9314083152315549	0.9999992683225053	0.9797718597307
0.3585022557776388	1.0	0.015286619048277064	0.9999469754866958	0.9999993013871393	0.987156377014562	0.9124552980208702	0.9946251642107601	0.9988122307542179	0.9630017609088418	0.985484660090216	0.8153475611402627	0.9999770198513996	0.9363672777738222	0.9999999973103515	0.9999999999022372	0.7800104644897807	0.9999999999999998	0.9953543792633787
0.0010401235662754749	0.9999999999999943	0.021266976383527092	0.9993513346768166	0.9999999528071583	0.8702130886624255	0.9836494126837985	0.9991277029623562	0.9978823323472344	0.9834977058979492	0.9678622176335361	0.9976904048342728	0.9998108527377246	0.9962352115839413	0.999999218792184	0.9999999999808524	0.921693632224314	0.9999999999958721	0.9981685549668174
0.2744488919841283	0.999999473168234	0.0029204680200861644	0.9944085230380736	0.999997815025689	0.999979711895311	0.9989121093141917	0.9799138626720316	0.9906301123872396	0.7361846606345386	0.9300959000086413	0.998708743112491	0.9997226589755515	0.9114962171301412	0.9999939800921219	0.9999999261378804	0.8425939783407103	0.9999998062570363	0.9702007541062219
0.010105903170244401	0.9999999999495982	0.012243922602987567	0.9998455580668386	0.9999864657702189	0.8787073099418141	0.9951323348968248	0.9786261647170006	0.9999999813336344	0.04334111758510173	0.8098030277381925	0.8246725300192638	0.9978395266259864	0.8410458408811059	0.9999734405080755	0.9999999931757965	0.5758645601167272	0.9999999813336344	0.9903795309872512
0.03864445495174218	0.9999999997075005	0.0008586557189013133	0.979589691771002	0.999979711895311	0.9937362990053915	0.9940560542499319	0.9701111718958899	0.9813131364502972	0.04334111758510173	0.8853876376072368	0.9800594354932757	0.9932292108880423	0.9804231047023062	0.9997506785667799	0.9999999992418517	0.7967137255064183	0.9999999998112699	0.8787470052970211
0.01883688262242475	0.9999837883234022	0.004531966375854263	0.9999999780602146	0.9999992233385994	0.9999974684493045	0.9732626411421003	0.9910428729791484	0.9786570006275866	0.08171065907009445	0.9326421232756639	0.9999996987793055	0.996287610062242	0.977854977983485	0.9999928619659995	0.9999999472555626	0.8762541246472979	0.9999965509052342	0.9897564417812027
0.04651296915595282	0.9999999999995558	2.481182083391431e-05	0.9938804563433963	0.9999999472555626	0.9955783763592144	0.9980688991914068	0.9736020614664742	0.95810334896825	0.8280112045629746	0.9380482795757025	0.9641313531775165	0.9997246863412154	0.9817926659306548	0.9999991137800917	0.9999999999387749	0.9105207578749391	0.999999147372509	0.9904333858685049
0.0038806587008158866	0.9999999999999999	0.00926317397467738	0.9996233028997898	0.9999999954988052	0.0232233331374746	0.9986820061086074	0.9996973112052475	0.9982621653785753	0.0023672939271688342	0.9786380562841774	0.99908544932677	0.9999278162362812	0.9974684456789783	0.9999999712254004	0.9999999999930169	0.8835161875759885	0.9999998220556573	0.9992719283978513
0.009596440456725586	1.0	0.0038434823685306874	0.9998006343709002	0.9999999600224602	0.9939050941895043	0.9996872242127126	0.9968597702331182	0.9992397257871127	0.8544990309298892	0.9571895655515288	0.9996969372969443	0.999802203866419	0.9990585402628901	0.9999998144018274	1.0	0.7748014816829596	0.9999999999989599	0.9848395729362924
0.00013981750111480284	0.9999999999999991	0.0036719955172348495	0.8665994279257374	0.9999999999970433	0.9557895548109724	0.9992935607370028	0.9990020003756144	0.9991913796707619	0.0032128739521115612	0.9866428217793064	0.9996303250510705	0.9999772717623622	0.9989505779506508	0.9999999999416831	0.999999999999781	0.950936722725707	0.9999999992303891	0.9967032101619324
0.05279018092462984	0.9999995790145275	0.0005961415313854301	0.9974899860701327	0.9999998960360079	0.9969882209331045	0.9948260221700239	0.8184959194076021	0.9932292108880423	0.9735272652749347	0.9050417756538454	0.9592651135077457	0.9996806396202007	0.9660346656697134	0.9999934487250477	0.9999999999996653	0.9874742067148752	0.9999999996806439	0.9993656490775148
0.04877041682652461	1.0	0.0002756786405393452	0.9999999980198537	0.9999999999999969	0.999979711895311	0.7447183016889449	0.9993892225752875	0.999757335813458	0.9954783634663537	0.957553057222635	0.999999984620599	0.02617338311389239	0.9997015001197206	0.9999999999999412	1.0	0.8602951007335746	1.0	0.9998022129846481
0.001468086482634079	1.0	9.104173968643714e-05	0.9999095578228482	0.9999999999999961	0.9999646076062657	0.9999789844034974	0.9998107744129408	0.9984266037790854	0.0002271671445500667	0.9770318930817729	0.99999019777501	0.999999682890008	0.9984831943703114	0.9999998244739607	1.0	0.09182833051713724	0.9999999999993807	0.9999999999999779
0.003034099154558989	0.9999999999999999	6.787512838257737e-05	0.9997336191863585	0.9999999997651524	0.9996646356159333	0.9936262282810795	0.9962265354561658	0.9980401080988915	0.06416134456701117	0.9800956125274607	0.9999195473111042	0.9999238955012748	0.999141922220917	0.9999996788945029	0.9999999999999488	0.6727281750542338	0.9999999990594418	0.9992297077736156
0.0210470566858139	1.0	0.0004056197584793031	0.9993558435476657	0.9999999987503517	0.9921168190896906	0.9983305318085484	0.9809015176968674	0.9776291510487868	0.014282731410103167	0.8668297726972668	0.9975245850388693	0.9995617189547048	0.9508115411694865	0.9999999957257912	0.9999999999999977	0.6553562855518607	0.9999999999999997	0.9786813416294566
0.0005013630343134734	1.0	0.09294027391570846	0.9999302133410449	0.9999999999979792	0.9936387862601728	0.9999364875769624	0.999781152959674	0.9999999941251166	0.9939251375063002	0.9680817302690269	0.999944677205306	0.9997312263580704	0.9987960015001128	0.9999999821146485	0.9999999999999691	0.8618443636733262	1.0	0.9998387467307045
0.013662202095514275	0.9999999999907347	0.10062441884502052	0.9996981223033268	0.9999999999837946	0.9990543090311961	0.9996797863983045	0.9992344616196169	0.999219173774284	0.03043305635904181	0.9690663438070158	0.9999936342339244	0.9999999838060429	0.9965404846762763	0.9999999999999846	0.999999999999999	0.6570117926185925	0.9999999999555641	0.9998887395813524
0.03572295616315768	0.9999999999949662	0.013345357013702333	0.9212532455713125	0.9999999970239505	0.9809768735928639	0.9991781433626132	0.9906674249880896	0.9968458497823448	0.9898400749048525	0.9295831559316143	0.9999193691641945	0.9999838946283645	0.9978227882523407	0.9999999999992533	0.9999999999996906	0.9459391927710531	0.9999999999940385	0.9987672704527851
0.009725975828536182	0.9999999864562089	0.11064054881830264	0.9963999068724547	0.9997940971121425	0.9925831685516399	0.9888774900074166	0.9512081287129952	0.9940083260168029	0.9820813658571532	0.9177566462904609	0.9963990238484481	0.9995440509734351	0.994362485553738	0.9999999577540283	0.9999999938523717	0.9542065460605422	0.9999999970198741	0.9652685148805263
0.04532083516628693	0.9999998496316119	0.0038315924656746048	0.9992161011979596	0.9999996797871544	0.9992079597786462	0.9968024851271075	0.9976997450175221	0.9494808681031276	0.00834514721154922	0.8870210393686596	0.9982145947487029	0.9999793180460663	0.9960356585713976	0.9997037607759816	0.9999999966973327	0.6541305271572952	0.9999999999138721	0.9956979110455021
0.038754308093637446	0.9999999650786489	0.0027057895096611606	0.9804706208253937	0.9999996987793055	0.9965533025233825	0.9974600559391341	0.9804231047023062	0.9812925882147037	0.9416300681408943	0.9793832658829464	0.9997706507618485	0.9998157005165743	0.8543314679806571	0.9999982397036102	0.9999999997334207	0.9073531408390144	0.9999998898810251	0.9863660526831957
0.012023089651918117	0.9999999999999852	0.0022354787616116756	0.00030365517991182145	0.9999999857072636	0.9992228452832483	0.998375202407722	0.9943884147021453	0.993863645269291	0.9791990978123238	0.9693122671068953	0.9997663087497045	0.9999373566104844	0.9977914349492306	0.9999999990209271	0.9999999975767425	0.8256288774888241	0.9999999999996653	0.9994952493015192
0.9826129830903557	0.9999261716879482	0.0029767424390008124	0.9963330976826844	0.9999999849327509	0.9841940111546381	0.9958217870100154	0.9957569196940205	0.9945487763927456	0.9862515332023735	0.9354971378326344	0.9984649314334726	0.9995617189547048	0.99553246062731	0.9999999995164601	0.9999999989750793	0.9102908386003119	0.9999986606022212	0.9242175654641924
6.921907963253204e-05	0.9999999999548345	0.003034099154558989	0.9998889199841162	0.9999999999977776	0.9992286450428002	0.999741373736992	0.9989440225966202	0.9997610915693378	0.997753231982102	0.9551004906525513	0.9999068956557884	0.9999995795745258	0.9989242228880212	0.9999999999892498	0.9999999999900079	0.8707574160233393	0.9999999996229146	0.00027900878060649337
0.022594826407236868	0.999999999999278	0.0015984038470048673	0.9998516320360837	0.9999896941361434	0.9974084771374128	0.9990624072799441	0.9990860321334989	0.9969018372946975	0.9818344392919922	0.9368498678104885	0.9998162282104524	0.9999853890301279	0.9992737857487571	0.9999999941645112	0.9999999999987429	0.8327088957428884	0.9999999999999735	0.998800375494606
0.04433600750273389	0.999999218792184	0.00916337684026472	0.9304847638782197	0.9998464044752676	0.9177566462904609	0.9776874902428532	0.9399147749071558	0.8326715353487447	0.9242922616601588	0.9663417147789375	0.9962236114737848	0.9994377921495162	0.8823546506585661	0.9999118445837112	0.9999989164953109	0.9422035009073791	0.9999521712044309	0.9249558184238477
0.13621657154134065	0.9999998960360079	0.004443893096287566	0.9107871393634936	0.9999997773280502	0.9876834603274367	0.8940546553063807	0.9571064001164739	0.9997179682058435	0.9978685996029594	0.8976461636806059	0.9177107646652463	0.9956307479048008	0.9931853018584059	0.9987914836795417	0.9999999999997095	0.8066801464661341	0.9999934487250477	0.8853876376072368
0.014104076900915086	0.9999999999999991	0.001235805934357348	0.9998757218620018	0.9999999999984556	0.9934511865876902	0.9997169111023249	0.998602299915261	0.9987973408160392	0.0005210393901697863	0.9466801682826567	0.9999860000044962	0.9999991408915289	0.999687345204495	0.9999999976815139	0.9999999999999969	0.5613309830471045	0.9999999999143258	0.9998970383662392
0.0018823395226792439	0.9999999988558363	0.004277512203078704	0.9987651510335969	0.9999994379933438	0.9848838432087157	0.9984531591091843	0.9999534354834789	0.9979863997527839	0.621939939458866	0.9470413009107802	0.9984805066349274	0.9998888342218943	0.9925720464197095	0.9999840464440489	0.9999999996907603	0.8609838642265993	0.9999996158997104	0.004705685341455101
0.024700282395530238	0.9999999999947695	0.0011589676977611651	0.9997808266766418	0.9999999991595274	0.9980241275012841	0.99725592209291	0.9993387418119036	0.999436586181839	0.9833832963866778	0.9446091471766963	0.9999059370995638	0.9999978976389866	0.9981742940410478	0.9999999997075005	0.9999999999999982	0.9375737730447861	0.9999999999985839	0.9997441903291144
0.0006437867608396486	0.9999999999428774	0.002278583254262778	0.9937605527501643	0.999999999314132	0.9976525733894873	0.9984955745444256	0.9989886570948118	0.998847279269382	0.005481804036928661	0.9683797587230119	0.9195138915252776	0.9995484135587596	0.9941721510620477	0.9999999965229184	0.9999999991957407	0.5646896003493762	0.9999999999992171	0.9983633119231621
0.007440755939376875	0.9999999999999896	0.0004641967609170239	0.999881006296371	0.9999999733020413	0.9970320354122792	0.9991778238942257	0.9886498882002277	0.9970581092817079	0.9904022705309539	0.9246464827652099	0.9493534905741536	0.9998959875707126	0.9942385210058637	0.9999999999826117	0.9999999999996632	0.8364644198717002	0.9999999999999799	0.9981224192159636
0.9951309435039075	1.0	0.10895685529508572	0.05830957771002887	0.9999999999911269	0.9999999280827543	0.9984586607940483	0.999800344587492	0.999319819379441	0.9949243989416848	0.9310477895357527	0.9993343289255243	0.9999258632271077	0.9980233384036563	0.9999999942796086	0.9999999999564307	0.7453748816331063	0.9999999999999323	0.9991753978751851
0.04272250675037215	0.9999998293926364	0.09995582551404762	0.9981064159369094	0.999999998807686	0.9959204534556098	0.9999081929049433	0.9989139888248486	0.9948175247262293	0.005078916006506451	0.9431931872782044	0.9984809321652395	0.9999211478754729	0.9970483484983942	0.9999999992418517	0.9999999975720197	0.6879578567297163	0.9999999961453362	0.9974336286756943
0.974049250796686	1.0	0.003329484443765962	0.9998374909199463	0.9999999999972795	0.9998057554601731	0.9995475245843856	0.977233581855335	0.9986659522632282	0.002654627074898497	0.9757695606186748	0.9999905861217468	0.9999992617755648	0.9991454851445292	0.9999999999999695	1.0	0.9162939903713627	1.0	0.9943503188350707
0.07146463925538027	0.9999999999999999	8.076104479282087e-06	0.9982868303423056	0.9999999990407734	0.9983810283820942	0.9997284137169721	0.9298227606718324	0.00039027459102791706	0.9938580773098673	0.9441910681848666	0.9998407242927578	0.9999992221077034	0.9996347850986975	0.9999723941254319	1.0	0.8871965617949543	0.9999999999999999	0.9828465613778794
0.002867551923326439	0.9999999999897944	0.08946890246238023	0.9987562863593603	0.9999999999992877	0.987003163775641	0.999649470049071	0.9997571165382864	0.9994278135330679	0.9869708369199699	0.9624162379760908	0.9997765000747754	0.9999132112860747	0.9987834173757482	0.9999999999968989	0.9999999999906911	0.893725143145723	0.9999999977138807	0.9963006066733804
0.01551271317872538	0.9999999999999817	0.09173723052922764	0.9997123008671165	0.9999800507386325	0.9995351121601098	0.9988505860093192	0.999578307788373	0.9987833659547191	0.9906281638126211	0.9693141416570297	0.9999047854433778	0.9999601425663537	0.9988439128253227	0.9999999998417651	0.9999999999999896	0.7234367191402186	0.9999999985739436	0.9991221818842132
0.013223225953980178	0.9999999999977776	0.0036719955172348495	0.9999034414097386	0.9999999905523118	0.9861255420306358	0.9994851430901996	0.998861757713522	0.9975166031923146	0.9942239968647273	0.9641644139175869	0.9995701385322998	0.9999987771162765	0.9990082299247508	0.9999999898585318	0.9999999999970433	0.8519804289145063	0.9999999999686805	0.9985526544477898
0.004705685341455101	0.9999999989975588	0.012442007515417033	0.9925511199068293	0.9999982397036102	0.9836241739723295	0.7590717557075634	0.8712877512060216	0.9950493569838507	0.01801719511510902	0.9380243995834749	0.9999365403150525	0.999813083065058	0.9999907371256802	0.9999999915843596	0.9999999072887844	0.6958567521111345	0.9999999999291416	0.8618110567389291
0.09030442159477292	0.9999999999963197	0.0029154481951859657	0.9998909025308902	0.9999999999992877	0.9997946632471979	0.9996360950345344	0.9922686589026932	0.998152667028344	0.0002102243223667255	0.9478719785926113	0.9996798314735131	0.999994968129288	0.9993992411257958	0.999999999999781	0.9999999999988566	0.5855634233780492	0.999999999999948	0.9969028824535507
0.26398910964542555	0.9999999999999967	0.00023613926891385972	0.9997547180084623	0.9999999938523717	0.9358385095970242	0.9991154257155956	0.9997416568192601	0.8927935484830236	0.9412724924428095	0.9417178120832259	0.9999999999994883	0.9999519604586694	0.9990421242013062	0.9999999989239907	0.9999999987503517	0.8780559262150653	0.9999999999954107	0.9964948901275387
0.015852890729260327	0.9999999999998511	0.09179976660999671	0.9990091616608939	0.9999999999876054	0.9994876004006427	0.9841019569677969	0.9923466531538843	0.9980237932782057	0.9977070648606914	0.9840976460626035	0.999843711431348	0.999909405580593	0.9994634344776686	0.9999999938586112	0.9999999887723217	0.9076468599094779	0.9999993917570962	0.9964648339156111
0.010918781555813162	0.9999999999999999	9.283844394425422e-05	0.9997418594870489	0.9999999999982476	0.9996341573992558	0.9503081132609912	0.6787490795479239	0.9988140467371717	0.03165645495177283	0.9831280882874952	0.9999155520209475	0.9999999749965338	0.9994198786363708	0.999999999995539	0.9999999999999682	0.8747533167672558	0.9999999999903678	0.8921798401152151
0.9909164854670532	0.9999999999885943	0.00042156356660560945	0.9974227888109504	0.9999999970198741	0.9636380323805844	0.9982396404210772	0.9966428746108732	0.9947575361217188	0.9834902624388969	0.9790298011132778	0.9985981361531338	0.999998034116941	0.9984337114862636	0.9999999990732182	0.9999999999564307	0.8240626110088238	0.9999999994384325	0.9970100821466972
0.00411736251664796	0.9999999999982476	0.0009271206549066324	0.9817670466174541	0.9999999998900202	0.9902400018117206	0.9956545554734837	0.9987020152348454	0.9972361757071229	0.9532295953992163	0.8885062917250385	0.9988240653172654	0.9999790863659935	0.997262272888708	0.9999999720810111	0.999999999770135	0.743973125994617	0.9999999995835199	0.994344599378497
0.04763812873597674	0.9999992132861995	0.01248159055500786	0.9753663900946874	0.9999998137551327	0.9910345787102458	0.99465471402667	0.9974978070984638	0.9907649180150386	0.7952365427204735	0.7577565338163674	0.9979773977637209	0.999832934913028	0.9896087505087723	0.9999999261378804	0.9999999915843596	0.8937190279333493	0.999997150603753	0.9954535559630895
0.07492958627818613	0.9999997878131446	0.004230310691923381	0.9991399088424698	0.99999796812631	0.9999999768418641	0.9948626140394106	0.9855859314439622	0.9639642020233172	0.9811411676588683	0.9075093403387913	0.9992214978476676	0.9999948350197885	0.9978192924096223	0.9999999986124342	0.9999999999997095	0.8954392026464246	0.9999999954988052	0.9976984209421867
0.0006690091576053714	0.9999999999999886	0.002459448020627697	0.9995726105811074	0.9999999995622839	0.9771902593657772	0.09003056822457134	2.384503511054792e-05	0.9825369330703901	0.9835274563815181	0.9431931872782044	0.998670783777454	0.9999910897320106	0.9986411028139082	0.9999999995622839	0.9999998768827252	0.8996821843888055	0.9999999871576023	0.9970052543440467
0.0019070902302860127	0.9999999999999997	0.0011016598644493225	0.9993241579776442	0.999999999988721	0.9816338563759435	0.9994969784462451	0.99987297004833	0.9981868816680208	0.9960042174063406	0.9666092647019608	0.9998389346552363	0.9999719142038311	0.9990962797968483	0.9999999999256014	0.9999999999999994	0.8310575922690895	0.9999999999976726	0.9998461747195173
0.9872359591819753	0.9999999999999879	0.09122787049366896	0.9998529926926107	0.9999999999999014	0.9994341321483886	0.9986614513569043	0.9965596068375491	0.7404099157546845	0.6320004656055	0.9237366326194588	0.9999674395783775	0.9999927185845771	0.9993947473142419	0.9999999999962477	0.9999998244495588	0.8022125619001543	0.9999999968628291	0.9999311838471043
0.0609434725389294	0.9999999999881086	0.09166173422097378	0.9942648962979111	0.9999999998017418	0.985636847349653	0.993429750641169	0.9902992894886062	0.978600713979723	0.9922712806808498	0.9538321860809064	0.996968074832562	0.9998266225522386	0.994319603878715	0.9999999985403623	1.0	0.9506246404707586	0.9999999999998966	0.9777519235182079
0.060048752843958386	0.9999999904246216	0.7623639528644404	0.00021853304680641283	0.9999999018311999	0.9319391057941165	0.9972514085069154	0.06150946237241495	0.9855296912833252	0.002278583254262778	0.9732722876459732	0.998868286879189	0.9999334620091263	0.9947462222422068	0.9999999952594872	0.9999999999875837	0.678704156502208	0.9999999962014775	0.0584234974538268
0.0043599086970365075	0.9999999999993313	0.0007507192762156167	0.9992007507086711	0.9999999999718259	0.9960491528746059	0.9964650948355309	0.9984492946964905	0.9864022969453685	0.029646079198071384	0.9539779356593656	0.9986075930830715	0.9999923106189236	0.9974488594268027	0.999999999968964	0.9999999999604591	0.6528849658105227	0.9999985202908642	0.9984737067521413
0.040372266871778195	0.999999999999999	5.577652295041258e-05	0.9985456586154469	0.9999999999999595	0.9996307340479414	0.9999623854581661	0.9995069153138953	0.9978081068691204	0.9952598215155346	0.9498891737864983	0.9999917252779104	0.9999968228147599	0.9997071494275617	0.9999999999495982	1.0	0.8975693903864923	0.9999999999999986	0.9999262794961886
0.2619566713458232	0.9999998439399624	0.024663797522268688	0.9266697807952371	0.9998464044752676	0.9077315801702281	0.9977391470329637	0.9883162005155575	0.9914297729198762	0.7295183536933344	0.9452826573210091	0.9588651831501467	0.9993730135034592	0.9845738778491729	0.9999205914803676	0.9999004632807661	0.9248169985542296	0.9998661747295996	0.9691990856001599
0.03204443405605151	0.9999999999995344	0.0019933967104912576	0.9999999998203349	0.9999999261378804	0.9929353052499696	0.995685770227682	0.9963728410714795	0.9906184392998055	0.9818452889918657	0.9317190722431503	0.9992891336221851	0.9999732641557795	0.9997320418958802	0.9999999261378804	0.9999999999999931	0.950936722725707	0.9999999999875837	0.9806155216206752
0.02425386733897983	0.9999999999564307	0.0003476114771341354	0.9997609248616252	0.9999999999999913	0.9615426283921288	0.9999165668737822	0.9995454506350253	0.999301532384132	0.9434112798632126	0.9402540774980873	0.9999880830621168	0.9999923008904081	0.9989598834637221	0.9999999999942929	0.9999999999995163	0.8547461674240733	0.9999999999994957	0.9998201707510626
0.00918298807223894	0.9999999999808524	0.021903802883231904	0.9971952641983205	0.9999997893985269	0.9778975033373802	0.9987137524994408	0.990998114958907	0.9764412770560104	0.9743487582515155	0.9369115181627261	0.9994582917284436	0.9999425371161506	0.9967090804789942	0.9999999968628291	0.9999999999999354	0.8931046140002797	0.999999999770135	0.9982405638286026
0.03632932285393353	0.9999996651875003	0.013660349634118663	0.9965973378210978	0.9999999999869723	0.9811816669501308	0.9978533187558455	0.9713178397727089	0.8088814489182294	0.0018823395226792439	0.8838383300994728	0.999359941502489	0.9984569381943401	0.9803341950792266	0.9999999999444519	1.0	0.02617338311389239	0.9999979005386691	0.9741133114667433
0.01277993582456069	0.9999979142231799	0.11237604786874394	0.9996405976954473	0.9999999340157218	0.9403514017171072	0.9993448086716866	0.9867483871940018	0.9999999124294895	0.9947632370728233	0.9475148546348404	0.999470571422419	0.9995894054237228	0.9965098665873738	0.9999999983845806	0.9999999053145932	0.8657272275973078	0.9999999995656206	0.9939995628452961
0.7801163476587394	0.9999999999998865	0.006075394805099346	0.9996184890971734	0.9999996378580703	0.9974866753309034	0.9973183993990562	0.998539940055145	0.9834227030536958	0.9835274563815181	0.9302394618672623	0.999413146339375	0.9999363326282424	0.9992149839674667	0.999997856531235	0.9999999996411746	0.9022032138649696	0.9999999998017418	0.9967783201249163
0.003402166124962247	0.9999998875287605	0.10174609784869376	0.08375113110303178	0.9999734405080755	0.9924201171393271	0.9922402356915266	0.9977893973213555	0.9953088224851728	0.9999990527697176	0.9263499892168394	0.9989708529196868	0.9983938213567851	0.9289651964377664	0.9999999988663663	0.9999999992789101	0.8883215642799968	0.9999988404105334	0.9961438523420315
0.9692271302886091	1.0	0.0018705484024555963	0.9999999999999998	0.9999999999958721	0.9974238825123884	0.9997685812835897	0.9965831203716538	0.9741817814754626	0.9959531347518087	0.9834743448724285	0.9999286765058267	0.9999999355088156	0.9990987378779734	0.9999999999996322	0.9999999999999216	0.7015530097494265	0.9999999999999999	0.999527526263199
0.15340166811409311	0.9999999994487205	0.004039550578581297	0.8665592592081142	0.9995119114445388	0.9999718125779663	0.9511112419144374	0.9780623876373302	0.8648161523354604	0.7328584335113012	0.9438372170650411	0.994600616550612	0.9991285398422659	0.9933843021955653	0.9999764578450276	0.9999734405080755	0.8823693026629648	0.9999904821668331	0.9848855591462645
0.04806204061654751	0.9999999999998312	0.007919177685399667	0.9513557457780799	0.9999888149438424	0.9981780482058632	0.9990105938872064	0.9994814703945685	0.9988822957030231	0.9923191717989629	0.950381571786999	0.999320337660828	0.9999956481851034	0.997178723481935	0.9999999639306776	0.9999999999999383	0.8944728761359465	0.9999999999998496	0.9988501565543194
0.15324202989498736	1.0	0.10619056244772497	0.9998841476312871	0.999999999946635	0.8141746088758628	0.9956755854502373	0.9873296776270671	0.9887417985160638	0.004443893096287566	0.9641266380575922	0.9998899936277241	0.9999743629517478	0.988319067618728	0.9999999999778713	1.0	0.6985016399884759	1.0	0.9969211147927538
0.01758568053242693	0.999999999999974	0.10041962754599998	0.01062861143716054	0.9999999999992171	0.9999999994065953	0.9963946101234034	0.99970564383429	0.9988352164008781	0.7448247427946048	0.9478761695044025	0.9991417201150395	0.9999452060164375	0.9978454931912627	0.9999999935231222	0.9999999999988011	0.6556351679768214	0.9999999999999183	0.9997800258663475
0.0014129745170802233	0.9999999999997476	0.004443893096287566	0.9991951626813096	0.9999999528071583	0.9513216550592195	0.9999847990472795	0.9999966364613213	0.8894974067130589	0.9801076303746169	0.95906128405361	0.9935449156353039	0.9999362731687064	0.8950992306779134	0.999991732226821	0.9999999981185522	0.8266856919518342	0.9999999997462753	0.9981872010979971
0.14861744435470514	0.9999999995207614	0.0022354787616116756	0.9717094611942501	0.9999704947277411	0.9970344158311286	0.9966151006163866	0.9984271956969031	0.9932365289062938	0.981169673783989	0.9569231798844808	0.9719564226286983	0.9995422604392297	0.9801593375167598	0.9999912719593917	0.9999999978077951	0.8551514519595035	0.9999997675922023	0.9965760307930432
0.016803287527549227	1.0	0.10221534122420192	0.9991441991986004	0.9999999995522347	0.9990820658942344	0.9641098069013556	0.9993598507777457	0.9994065086650707	0.034149652039254685	0.9748859920630638	0.9994630558102952	0.9999960234650217	0.999089387249887	0.9999999996923222	0.9999999999999999	0.7845317173523256	0.9999999999444519	0.9996731277552645
0.8233160347195801	1.0	4.2842396297260166e-12	0.999997907961415	0.9999999999999997	0.999955467928687	0.9990580389598913	9.224445653988056e-07	0.9999426456038445	0.9994247649251281	0.9255526247661366	0.9999998255138001	1.0	0.9999983082121021	0.9999999999999861	1.0	0.8288764562819234	1.0	0.9999999299550458
0.16269906346170998	0.9999999997978053	0.00194044221650376	0.9556147922938897	0.999997058791248	0.9888975077100611	0.9846307018359939	0.9721529283230489	0.9663417147789375	0.9377697376410856	0.9249558184238477	0.9934483456187108	0.9999906948378209	0.8729855018703915	0.999983499972614	0.9999999999999998	0.8982626771824922	0.9999999301926719	0.9807457575870258
0.05803650572867991	0.9999999999999999	0.0007224366471959565	0.9995414251738461	0.9999999996907603	0.9991302537774825	0.9963103033629114	0.99593579904851	0.9894509001655366	0.0043599086970365075	0.9536808333012882	0.9975558280407529	0.9999867592421448	0.9976595850102912	0.999999917998924	0.9999999986808905	0.5786148127113263	0.9999999999947975	0.998835012036297
0.000810627524105545	0.9999999999999999	0.0012596926271033482	0.9997748466847703	0.9999999884505709	0.9970924307055893	0.9985536903931157	0.9948958371785751	0.9962944519223278	0.005695107656092713	0.967352491860384	0.9994941564529524	0.9993885895467537	0.8091597399813943	0.9999999975720197	0.999999999944699	0.737923904255003	0.9999999999984511	0.997497711731571
0.007277420577495808	1.0	0.0013372552715490982	0.9999357009687	0.9999999999990539	0.9997496091355197	0.9999328351743059	0.999898803094917	0.9955733254595432	0.9818891041109599	0.9402973643099837	0.9997581027654051	0.9999999666064732	0.9997891653806592	0.9999999999190187	0.9999999999999973	0.9161352644567438	0.9999999999999225	0.9906675605698841
0.1386493852979533	0.9999999999999457	0.001566124364232882	0.9991480132352852	0.9999999995399499	0.7846050341634974	0.9701802224043996	0.9746600461591275	0.995302039277274	0.6017068554949125	0.9570969931290155	0.9500433506427443	0.9999999451932085	0.9995975956902029	0.9999997080805666	1.0	0.760770785428827	1.0	0.9999999696125198
0.011831912591411697	0.9999999997886354	0.0013135133047218195	0.9995591476128451	0.9999999996750539	0.99814348780941	0.9967181980265768	0.9989876384410046	0.9967562040931639	0.9855292887128801	0.9255169652225489	0.9991226424583025	0.9999622828061139	0.9982168345419651	0.9999997507173282	0.9999999996585395	0.8031606814761979	0.9999999639306776	0.9993563931962196
0.023699874211677185	0.9999999995835199	0.005695107656092713	0.9682429224574974	0.999999945308813	0.9976405076723661	0.9846804498568116	0.9970750314675849	0.9940021533144365	0.98712619403212	0.9727380171656332	0.9997619358242685	0.9993885895467537	0.9968136699465918	0.9999998283063091	0.999999999999989	0.813343277891062	0.999999999999988	0.9994738505161829
0.0008922355209622923	0.9999999999999383	0.005141865743726284	0.9999999999564307	0.9999994816217666	0.9973755805672587	0.9961503233501421	0.9980848276858822	0.9977330558356754	0.7411836846435506	0.9325378479349766	0.9915558559262826	0.9999940001579993	0.9983045457241011	0.9999721327915012	0.9999999999999488	0.7699700903820732	0.9999999993476095	0.9993869406848183
0.04526546419175803	1.0	2.5817214646339792e-05	0.9994647254919592	0.999999999434456	0.9999999998449756	0.9996642651553204	0.9877361183239916	0.9971749732352543	0.018413221892056075	0.9849645644945977	0.9994848371116225	0.9999917818644368	0.9986975318513228	0.9999999999999631	1.0	0.45317963583494003	0.9999999999470881	0.9999502349298645
0.9955967647122693	0.9999999996968435	0.7965935449180397	0.9976852648451119	0.9999999999902337	0.9672022608802611	0.9981257881296901	0.9991595815460035	0.9989945563657227	0.991501034383618	0.9776291510487868	0.9971393898637548	0.9999674045599743	0.9989993552692734	0.9999999997941234	0.9999999999422253	0.9078941121851937	0.999998758413411	0.9968852891065068
0.27526378468249757	0.9999999999999948	0.011346027001271755	0.9847760936898091	0.9999891791646789	0.988073667937639	0.9724074025482616	0.9616274909227362	0.982592075121072	0.7407599763850633	0.9197744505812787	0.996592162898944	0.9978841685700683	0.9999521351587811	0.9999993183244086	0.9999999999991791	0.7923841629402959	0.9999999999999848	0.9317190722431503
0.023699874211677185	0.9999999999971201	0.11415988655180748	0.9969426033335479	0.9999999936767135	0.9480819972453138	0.994432810723242	0.985945127938675	0.9948832059528089	0.9586574500639762	0.899023637681285	0.9994277029511344	0.9997694250261744	0.990514482590487	0.9999999941645112	0.9999999270153194	0.8135781380502187	0.999999999828427	0.9979412249730356
0.023236453908564214	0.9999999999999751	0.0029767424390008124	0.9652663872648519	0.9999999999954585	0.9963563636972224	0.9913523168167783	0.9947818813681519	0.002322516328557067	0.003467707069859327	0.9299630582978478	0.9987874657150269	0.9999985222751403	0.9982285339342857	0.9999999999902337	0.9999999920148336	0.5699855070541128	0.9999999999923151	0.9980293917425294
0.018370992608890524	0.9999999999799065	0.0041966733634403175	0.9981495205518433	0.9999992725129091	0.9967413439399053	0.9982733189262495	0.991212590826373	0.9962340541742875	0.9865833956582791	0.9534891817539186	0.020974772564420485	0.050103110653903715	0.0004732235923043948	0.9999999920148336	0.9999999996229146	0.7734316736827699	0.9999999999778713	0.9981459023295283
0.021912433384789654	0.9999999999995932	0.09271896008714321	0.8523102661316416	0.9999999999995118	0.9995406811932803	0.9598892271450228	0.9991475769256574	0.995386107908342	0.9976250876605637	0.9747495664389141	0.9998359491881024	0.9999907638311368	0.9991556413710929	0.9999999999997228	0.9999999999989599	0.8651856536615814	0.9999999998029613	0.9994225907361767
0.05322238534197943	0.9999999976665047	0.004066723411538534	0.9970594891124399	0.9999999878217078	0.9948510184726518	0.9972099919109841	0.9974839894582577	0.979543238504122	0.9907289593933221	0.9061963139437486	0.9959662154927849	0.9999727064232288	0.9978035489104259	0.9999998524378736	0.9999999477114552	0.7797617337463786	0.9999999995399499	0.9988087169401577
0.004567351487942961	1.0	6.593821362699259e-06	0.9998741917100794	0.9999998293926364	0.9980565750447723	0.9997490769426847	0.99544267533065	0.9988382756866058	0.98895346408157	0.978188958137989	0.9999243683502311	0.9999872177331394	0.9987896016074018	0.9999999927678629	1.0	0.8346402943919979	0.99999796812631	0.9999999712254004
0.013223225953980178	0.9999999999996775	0.0001196474207678655	0.9976617517604497	0.9999999920148336	0.998760534067024	0.9999193749544936	0.9898872397327617	0.9968885083641305	0.9913067563124998	0.9559343546406319	0.0007545674240057032	0.9999913727236781	0.9898229519651771	0.9999999996229146	0.9999999999998348	0.7363867885119063	1.0	0.9978610574516398
0.5013913876026744	0.9999999996021783	0.0034608938639028447	0.9940494344405707	0.9999998439399624	0.9999951692310056	0.9920269299559205	0.9693719855669958	0.9623063437350263	0.9580560442288546	0.8670667133253694	0.9992010806708338	0.9994057707695533	0.9970493238539764	0.9999999727498904	0.9999999999980799	0.7976633829374743	0.9999999999930169	0.9351193000790382
0.01479246594450967	0.9999999999999999	0.0014183874242414823	0.9966408911010427	0.9999999999974295	0.998421330438089	0.9998186985738049	0.9996377342766876	0.9920125575805006	0.01682237590574598	0.9490810266473311	0.998666255948689	0.9999999315338707	0.9960288659940685	0.9999999999992097	1.0	0.6406277402814566	0.9999999999923151	0.9998845003701856
0.9877091159743913	0.9999999999999926	0.0029140657361852035	0.9999422637397181	0.9999999838895566	0.999335451539691	0.04742596060956161	0.6878668322696749	0.9974637578446973	0.9878448633961386	0.9828232463745133	0.9999740574315268	0.9999862471979041	0.9983881200610664	0.9999999994958783	0.9999999996048	0.7466622486562207	0.9999999999179761	0.9982929078933157
0.02812118480916259	1.0	0.0007224366471959565	0.999965539760864	0.9999999999996322	0.9989517435858483	0.9994700469451123	0.9986218085232677	0.9913546969032361	2.24640540906762e-05	0.9434721753003412	0.9994572990167482	0.9999997347589377	0.9785091651030755	0.9999999998134987	0.9999999999999936	0.05534356626851955	0.9999999999999993	0.9997719737843602
0.0011229662469653956	0.9999998244739607	0.002193187211204206	0.998576099765007	0.9999999999999383	0.996780258957359	0.9992605468707805	0.9447361718610806	0.9979698534840377	0.9324807142588774	0.8858567872945716	0.919696303749827	0.9999999708027778	0.9554988905513314	0.9999999999799065	0.9999999999997404	0.7864925513778628	0.9999999999996492	0.9952660616740884
0.034357670958646724	0.9999998293926364	0.00734869015776142	0.9923770422434712	0.9998572898226094	0.9303713187481408	0.9976321685087582	0.8787470052970211	0.9888552073159699	0.6055681590875447	0.9721529283230489	0.995443773310353	0.9985994481736369	0.957170136990028	0.9999898060652768	0.9999999857153588	0.9102470020682889	0.9999999999387749	0.9852977733599253
0.0385004717360351	0.9999999999999909	0.001132365692597545	0.9994052367283328	0.9999999947410608	0.9701079940482782	0.9985798784704946	0.9990008223860517	0.9964142898212225	0.9929366098313821	0.9663484243061622	0.9987498822361519	0.9999730336051108	0.9976632022496509	0.9999999839397883	0.9999999618049	0.9487490786736199	0.9999999995164601	0.9989536557618024
0.9772577404816839	0.9999999986626004	0.000746212124021664	0.9993897928710104	0.999990858841531	0.9989935602333333	0.9988567970664303	0.983601865471763	0.9964458728873081	0.8306077466162369	0.9201050491987289	0.9989375094127302	0.9999976877660225	0.996834966012714	0.999999999996589	0.9999999999999868	0.8747483592680314	0.9999999999999997	0.9967651315967377
0.14723504935020398	0.9999996330965958	0.1068574054014857	0.9574671139174284	0.9999870527282472	0.9719776765192174	0.9825532575485147	0.9969069675994862	0.9930769851824642	0.9817473273444235	0.7874937538368105	0.9963363053609546	0.9993520834771424	0.9885115049794176	0.9999597511820474	0.9999999963390933	0.8744696000421632	0.9999999577540283	0.9928292566566923
0.00028106147001649706	0.9999999999251818	0.7230341105531022	0.9999798686763414	0.9999999999501421	0.9999999767558131	0.9997888333479459	0.7794869206239542	0.9995270014232458	0.9955479317575285	0.9640237597510835	0.9999783351063521	0.9999544910647601	0.9898523357332224	0.9999999998933473	0.9999999999999997	0.837320757442748	0.9999999999999464	0.9999639096312187
0.035674022571208996	0.9999999996812012	0.016671420266649806	0.9997425855230245	0.9999990336110618	0.8185871604624636	0.9984950967652599	0.9995474991688195	0.022888949455309726	0.9736778529195169	0.9701869120055672	0.9985607138298133	0.9999857722545558	0.9981880379759196	0.9999999999826117	0.9999999997436015	0.8776519996185128	0.9999999401645355	0.9999983843915169
0.008838113196724562	0.9999999999983256	0.0015848121032653317	0.999827918386216	0.9999999999542638	0.9831428042152799	0.9999999974672181	0.9999999998726081	0.9965812501188023	0.9892580498017108	0.9752007637300444	0.9997416886694993	0.9999503063529861	0.996342522150008	0.9999999666080751	0.9999999970198741	0.8840904550065006	0.9999999999983289	0.9963403887554224
0.024140060996763996	0.9999999999857335	0.0025752794657877554	0.9750753866739111	0.9999999871576023	0.9976929845417253	0.9963814561584744	0.9913172079209908	0.9847513371045805	0.006030773633980524	0.9521221675108009	0.9991656490918662	0.9999686681722242	0.9975740567211375	0.9999999330690289	1.0	0.6448187644429573	0.9999999966973327	0.9999965509052342
0.0016915792563569898	0.999999999999998	0.01540088627934283	0.03147644596224297	0.9999999993256092	0.9974006587273119	0.9994497923463584	0.9997333996364577	0.9522672710768669	0.9920789011337577	0.9608977392477682	0.9984564316607517	0.9999994526648024	0.999401048726922	0.999999999882128	0.9999999999945024	0.9069848459222052	0.9999999999985506	0.9996165696717091
0.09418202360161088	0.9999999999564307	0.0035092542056514714	0.9959914990092127	0.9999999901444524	0.9961137683013485	0.8761730137318255	0.9832491405265406	0.9681698243935377	0.0327127846577675	0.9109753621797093	0.9995272857504053	0.9999336021616714	0.996085612061601	0.9999989164953109	0.9999999999002727	0.5810125650155435	0.9999999995399499	0.987118447887655
0.022594826407236868	0.9999999999991477	0.0004641967609170239	0.9997451981898084	0.9999999916199459	0.9985400969598075	0.9995767204189103	0.9990284377091961	0.0017107758011455365	0.9963489805250845	0.8252586621537878	0.9995020889584035	0.9999994718246573	0.9994954770030596	0.9999999999994376	0.9999999999995558	0.8687494188011697	0.9999999932384643	0.9999999543003733
0.0033378625215244595	1.0	6.593821362699259e-06	0.999822432837798	0.9999999999967476	0.998614379889013	0.9998549152252411	0.9835058131287994	0.993314696310234	0.48637266327637874	0.9641910446432732	0.9999292855410206	0.999999999008738	0.9984623039643261	0.9999999999997095	0.9999999999999973	0.7617873286879361	0.9999999999623302	0.9997237969828963
0.01281768885030854	0.9999999999964383	0.0003280491932843299	0.9994018846456643	0.999999999988721	0.9979025807438451	0.9978799689000637	0.9989274742561962	0.9949111621184646	0.993658028383909	0.9765217421981652	0.999416980436329	0.9989087115464973	0.9980687405511071	0.9999999816682457	0.9999999990101764	0.7976633829374743	0.999999999791727	0.9986478222255744
0.00954146450683968	0.9999999926654335	0.014009961425712536	0.9966628693141668	0.999767063140709	0.8585684426205824	0.9899201782590709	0.9985499440400148	0.9944514833275268	0.004796336103489396	0.9417178120832259	0.9974978509796536	0.9987684784015174	0.9960164903656198	0.999999802369361	0.9999904083967992	0.7717533025496295	0.9999999999218826	0.002031847931952546
0.03632932285393353	0.99999990921025	0.00039787376196642743	0.965477679089096	0.9999999999718259	0.991183367048545	0.8854989449189742	0.9764768020476186	0.9960826979774773	0.002193187211204206	0.917502001936409	0.9998987200257081	0.9999791285305245	0.9970483484983942	0.9999999996037129	0.9999999999981469	0.8794746854048607	0.9999999999444519	0.9873079272070437
0.009008884199174672	0.9999999999604591	0.002865255415869239	0.9981267281186276	0.9999999072887844	0.9907000508914939	0.9974871431822695	0.7808172127617868	0.9898030441347706	0.014282731410103167	0.9514554684215065	0.9952909673245383	0.9980393904746725	0.9954892800056496	0.9999996147249101	0.9999999995622839	0.6931896301515414	0.9999999975720197	0.994811290659539
0.996812320021093	0.9999999999999997	0.000455340895894607	0.9994152653991033	0.9999999283654372	0.030638309578237988	0.9992513311887834	0.9997904481899045	0.9992498104429857	0.9929005589891277	0.9899696771616155	0.9994092268411212	0.9999872727124811	0.9973069445314623	0.9999999988125083	0.9999999999999354	0.9754269194250184	0.9999999972330346	0.9998277075541399
0.0002907568720426079	1.0	0.0019997443009492633	0.999991828403278	1.0	0.9990273929677843	0.08752574822487014	0.48749490015031394	0.9942994859837132	0.9980897788277369	0.9499194915529674	0.999994347225923	0.9999940183443444	0.9999137064749473	0.9999999996209503	0.9999999999998865	0.9048107206977682	1.0	0.9973709472464961
0.0014964397003539576	0.9999999999997621	0.00225747694027377	0.9978510467282539	0.9999828261435454	0.9972617754225044	0.0010010111367045882	0.049576375183982724	0.9971370402278771	0.09258161019667477	0.9642690348832399	0.9943841709548893	0.9999401744810055	0.9993772237252918	0.9999904083967992	0.9999999996021783	0.7835226810798588	0.9999997803334625	0.9986734958880743
0.9944516505141189	0.9999999999927623	0.002071038245653578	0.9991409381834279	0.999999999458796	0.9976611835311396	0.9996356918532596	0.9981308387809793	0.9999999998449756	0.9960518524568343	0.9677853751276844	0.9984543141637354	0.9999999935452463	0.99946714979222	0.9999999999325118	0.9999999967860541	0.7363867885119063	0.9999999999998245	0.000541482352959477
0.011275645515243071	0.9999999999999989	0.08899463249053464	0.9928807013765799	0.9999999991957407	0.9944617700424774	0.9994849775330712	0.9956796284817929	0.9996107909912044	0.6024384103052347	0.9470688733984972	0.9993849649539484	0.999999743746909	0.9950878906459565	0.9999999995879614	1.0	0.7706813868213811	0.9999999986940044	0.9970820592590298
0.02037056921310665	1.0	0.00030365517991182145	0.9999876438640022	0.9999999503337405	0.9998578996429756	0.9996603919167152	0.9974339758938591	0.999655614239549	0.018732054580822055	0.8843424910614797	0.09178021521628288	0.02515150456155102	0.0001306004190856358	0.9999999993806814	0.9999999999999237	0.8436002277542998	0.9999999999869262	9.732183796418159e-05
0.055064694226995115	0.9999999991186536	0.014247192467158803	0.9656078775709839	0.9999991705273985	0.9785819082245774	0.9904885388157824	0.9724311087934487	0.9997729651723497	0.9402682315783224	0.9387006649153182	0.9978728787988471	0.9991118101478014	0.9915670532829961	0.9999965725820364	0.9999999993476095	0.8361781860386366	0.999999997692974	0.9570969931290155
0.0036292496784214867	1.0	0.10727235626908	0.873535408834414	0.9999999999999534	0.9994175062268308	0.999543196894519	0.9993765474003836	0.9949499525045852	0.9912150235716258	0.813343277891062	0.9999571873404486	0.9999999663927127	0.9994182982235269	0.9999999998726081	0.9999999999999999	0.9130174020090057	0.9999999999677449	0.9998558605906112
0.03926865865044882	0.9999999999995991	0.11132881925349532	0.9990734631604646	0.9999958205138724	0.9967152069697977	0.9978047465878325	0.999404798347327	0.9973276287696088	0.9916125288861928	0.9746516790770909	0.9988984836143155	0.9996587354571171	0.998368427786951	0.9999999999906911	0.9999999999952365	0.7571406249574708	0.9999999981410179	0.8007237758402908
0.05279018092462984	0.9999993217612226	0.1842851643025037	0.9963614506203129	0.9999999966973327	0.9736005206773919	0.9948797794905601	0.992789186408776	0.9323866718030209	0.9797548097141532	0.967321066751285	0.998797350005326	0.9993630007220846	0.9968164409680844	0.9999995635693518	0.9999999981185522	0.9377697376410856	0.9999999997682331	0.9892306274758896
0.0008423400332039366	0.9999999999999346	0.003302044646042404	0.9938108656421022	0.9999999999985506	0.9988048598904261	0.9974402829183737	0.9994014099408755	0.9999442353014528	0.9872648550290122	0.8826998449279226	0.9997390919061301	0.9999994413762627	0.9985587385583968	0.999999987857027	0.999999999918532	0.7769869822922959	0.9999980497056802	0.9986634371565357
0.00777267368804746	1.0	0.00010643622095329874	0.9670734426499653	0.9999999999998268	0.9964107583294164	0.9999999803152811	0.9999999999601461	0.9990083408099057	0.9952531597414015	0.9403229427780598	0.9994661736784815	0.9996269903835728	0.9284797869211856	0.9999986022587163	0.9999999999341189	0.8772589270670244	0.999999999991938	0.9983956861601356
0.989233587060022	0.9999999522025985	0.001846735746584116	0.9966855625186889	0.9999999999744219	0.981601121842778	0.9896493208315619	0.9962272808427441	0.9921645273037321	0.9804803955012072	0.9295120636959758	0.9959033888552972	0.9999197158320311	0.9919190279089856	0.9999999301926719	0.9999999999999999	0.761509209576906	0.9999999999834293	0.9992606308652056
0.030250906885252782	1.0	2.1161936455404984e-05	0.9999425474552768	1.0	0.9993781156010714	0.9998107488700544	0.9982676687978481	0.9967025805060812	0.0004732235923043948	0.9793816220497163	0.999872465561806	0.9999990755024981	0.9172942271016882	0.9999999987084953	1.0	0.7815086081616625	1.0	0.9999999998770526
0.9249558184238477	0.9999934487250477	0.8431080212097808	0.9999999994657673	0.9999688095490455	0.0992767181721399	0.9999952985059491	0.9998714537026383	0.9999850711620817	0.9440807021229379	0.8664608136863658	0.9949311041745678	0.9997028447561795	0.9852566551614758	0.9999575351378218	0.999999802369361	0.8550131229211394	0.9999994726687832	0.9644667973976535
0.00042156356660560945	0.9999999977265505	0.010331619370380268	0.930074239540778	0.9999999999998006	0.997288070976648	0.9993806420889436	0.9973757850436111	0.9990689614186259	0.00014821989798452506	0.9447672668040497	0.9999336694579999	0.9999955276647987	0.9988728446754686	0.9999999998195129	0.9999999999933433	0.5645016182207687	0.9999999968501871	0.9967760701036336
0.9940352082632258	1.0	0.09588468481109726	0.9999484642479605	1.0	0.9999052708711816	0.9967499745714992	0.9997820354343235	0.9988987597089006	0.9337482189128139	0.9781281850477108	0.9999808102777337	0.9999999330037257	0.9981585370658217	0.9999999999761351	0.9999999999999959	0.992166163776215	0.9999999982981375	0.9990331897854877
0.00016655348372807133	1.0	2.3285928740790496e-11	0.9999998727489726	0.9999999999999721	0.998323228279393	0.9999698590453536	0.9979014818947761	0.9998427639141777	0.9894906370236046	0.9931706806986522	0.00013641332776370696	0.9999999999959188	0.9995617257271039	1.0	1.0	0.7358972944848571	1.0	0.9999647191496303
0.1497187381102959	0.9999997454202718	0.004822606597842824	0.9910998146637645	0.9999995352983939	0.9761532260529481	0.9938683369952191	0.9970954197907547	0.9999998137551327	0.013223225953980178	0.9587743578400936	0.9964473748421896	0.9999080753231984	0.9835596984582285	0.9999998137551327	0.9999999301926719	0.7984821159778379	0.9999999982118526	0.9939711121125746
0.08960001474987012	0.9999999999988011	0.009418218104002896	0.7157122092964294	0.9999998924984	0.9979421945329313	0.9963494209661354	0.9917122248761897	0.8611651161025403	0.0327127846577675	0.9531530110360833	0.9926111422283975	0.998247948890329	0.9948453112659859	0.9999999577540283	0.9999999999993207	0.5639201924334805	0.9999999999674251	0.9998538412441521
0.8986887967457149	0.9999999999985876	0.002459448020627697	0.9921441696509495	0.9999958480555232	0.997172155488839	0.9987926651672039	0.9666720452822916	0.9874864547369109	0.9367437144418456	0.8155428150279153	0.8215027155911944	0.9996572601330441	0.873863285530032	0.9999999864562089	1.0	0.8670667133253694	0.9999999998289602	0.9902400145535842
0.008031999401317158	0.9999999999987429	0.0034443530330620087	0.997388387846445	0.9999999905523118	0.9980324583388172	0.9963959168104363	0.9871468685988433	0.9865907162323061	0.9999292601543393	0.8939922002826811	0.9999221991293293	0.9999968798270162	0.9977275442201065	0.9999999994384325	1.0	0.7503988723227917	0.9999999999984669	0.9953931940667838
0.006386296190071583	0.999999997444597	0.007730688277595599	0.9974488594268027	0.999696757923284	0.9850366685158564	0.9718743607539035	0.9963942834966029	0.962272860267243	0.010911486988076646	0.8754452145210491	0.9953750511593219	0.999904620460681	0.9599907871467204	0.9999999857153588	0.9999999938523717	0.7635991563375857	0.9999991973384561	0.99491347096972
0.9972539708919737	0.9999999999980322	0.09125992798837441	0.9998742813071015	0.9999999999994635	0.999999343093201	0.9995404994709546	0.995637890036981	0.9899199879340653	0.9853675069156497	0.9834793439703289	0.9887452992489136	0.9999913591449742	0.9992025165631229	0.99999999984216	0.9999999999954107	0.8162706204301232	0.9999999998371668	0.9903137180711261
0.0010889408837850834	1.0	0.0	0.9999872130916014	1.0	0.8748209860246879	0.9999962283492645	0.9998474103027342	0.999924005736081	0.013450523616689969	0.9688899049557732	0.9999989052683195	0.9999814636671356	0.9998419707958899	0.9999999999995799	1.0	8.009926055763117e-12	1.0	0.9999970112816786
0.9971336546761341	0.9999999999890282	0.38655971319980226	0.9999659189909839	0.999999999999781	0.9715871194791529	0.9999546487746492	0.9998875563334197	0.9998313626269646	0.9999999124294895	0.9793875011646653	0.8396993472760852	0.9999965891092542	0.999178326647988	0.9999998294898216	0.9999999999890384	0.8747885171985361	0.9999999999999942	0.9993338177440533
0.03556641802046889	0.9999999999993037	0.0003543860374640717	0.99895566954885	0.9999999994096788	0.9923842755172365	0.9991496060589867	0.9875374859964813	0.9892094016159784	0.4753010979339918	0.9143259826444564	0.9983688653514928	0.9999435354584694	0.9899574587036388	0.9999814549256044	0.9999999999934953	0.5424414052411788	0.9999999712254004	0.9998024291608476
0.02025244401362869	0.9999999971885872	0.004705685341455101	0.980052526154742	0.9999999957257912	0.9975018588289053	0.990060481163923	0.9587743578400936	0.9740029386056656	0.00834514721154922	0.955489523394528	0.9992457524285443	0.9995586899560475	0.9901331406181002	0.9999999989221143	0.9999999216125253	0.9428949330787206	0.9999999999995344	0.9968688604542014
0.9629467187711258	1.0	0.0001800062302457217	0.9995470060807216	0.9999999999998496	0.9632787742109307	0.9985798380284253	0.9981356601345481	0.9964904532025107	0.994731534859454	0.9850203267445993	0.9999973014106532	0.9996928501733604	0.9970606093379367	0.9999999999985506	0.9999999999923151	0.7807472363373295	0.9999999999939507	0.9990388278708879
0.0023672939271688342	0.9999999999998966	0.09223102851289931	0.999999999784888	0.9999999973527244	0.9854388361450124	0.9996878816317563	0.9966845569879643	0.9970602528516695	0.9916499321100607	0.9777157709623797	0.9999236851199539	0.9999934120282504	0.9995468834457726	0.9999999817393931	0.9999999999998097	0.9809219132138158	0.9999999999964224	0.9989392739024956
0.03763156499588027	1.0	0.10358246955942307	0.9989037017201337	0.999999999999998	0.9513785152589839	0.9975219094337981	0.9991924198648394	0.9993072027070582	0.9968031156703127	0.9657167066896798	0.9999197202339185	0.9999973843013031	0.9984816636523735	0.9999999999748284	1.0	0.8384897062491127	0.9999999999999848	0.9997484325668575
0.008016370856888444	0.9999999999999997	0.00247796763364444	0.9999726995944063	0.9999999997723367	0.9775595694375153	0.8522556041384	0.9959398887336589	0.999122375403191	0.9966152394416242	0.9705958314071328	0.9999415573238142	0.9998593801533646	0.9991899597329035	0.9999999993201459	0.9999999999990976	0.8151033321821276	0.999999999991938	0.9994122618438727
0.04400420702499008	0.9999996283375525	0.01070418007433327	0.8100937871313284	0.9999913134987398	0.9920314368105423	0.9982264218834153	0.968386765087903	0.9954923595400147	0.5001731983296591	0.9752007637300444	0.9981049339041863	0.9993996176073344	0.9986867638591337	0.9999999954988052	0.9999999995622839	0.8031235794523828	0.9999999998952731	0.9821084803692556
0.03632932285393353	0.9999999993476095	0.004294844406181511	0.9980564663122464	0.9999999376209264	0.9934696029871976	0.9763949370326988	0.9625803456710967	0.9091294353359258	0.0327127846577675	0.9660949446188364	0.9962829190098432	0.9999729158999799	0.9973598744415134	0.9999928619659995	0.999999999491754	0.8198325359944116	0.9999999525838078	0.9901190351804394
0.1581693026826977	0.999999999999791	0.0005520005545682771	0.9880396841900182	0.999996826220302	0.986962785729476	0.9768877009851367	0.8747270018899334	0.8747270018899334	0.9799411934993411	0.9247894768609463	0.9983144387543689	0.9997915971013626	0.9801509406633336	0.99999446209997	0.9999999998787017	0.8234226729673639	0.9999999957257912	0.8838383300994728
0.015618851055767324	0.9999999999999669	0.0027830648756260734	0.9998958390548219	0.999999977692893	0.9366452178097631	0.9817022757286387	0.7747368502457515	0.9999999012512452	0.0002102243223667255	0.9895761034312018	0.9008212007597026	0.03632932285393353	0.01871161809472599	0.9999999994707377	0.9999999999999886	0.7687195433171603	0.9999999999767138	0.9996275358661761
0.030836011746855463	0.9999999999997722	0.002852326424095719	0.9993295508855442	0.9999985543311385	0.9965003926248501	0.9988040676183679	0.9995818624387799	0.9945088627755374	0.9872994860978647	0.9709489608581691	1.8042086989411565e-05	0.9999612996406231	0.9990260215844351	0.9999999908409853	0.9999999999968989	0.8780534604204152	0.9999999889947648	0.9987019188570706
0.1406832928477426	0.9999996147249101	0.10748420032025464	0.9375074043548968	0.9999774224960009	0.9462380316452281	0.9795581492179691	0.9914372363363926	0.8787470052970211	0.38241261455199355	0.9571054157257785	0.9991811768001517	0.9999934487250477	0.9928226710969209	0.9997179682058435	0.9999999218365055	0.8954437906922316	0.999996826220302	0.9778121868312561
0.036109608879868596	0.9999999999984802	0.011592347665059427	0.9916697132982109	0.9998066387225195	0.9401963133890954	0.9894574368414045	0.9602393648497235	0.9890393491296827	0.05279018092462984	0.8252789335961066	0.7727990952826111	0.9995330836897369	0.831728087013081	0.9999748086728656	0.999999999994047	0.05911155854015837	0.9999999878217078	0.9839345227337045
0.0015848121032653317	1.0	6.033632907098685e-05	0.9741997785868657	0.9999999990254026	0.9944867271900387	0.9998654535193412	0.9924947338742084	0.9964285542091232	0.9918102376875423	0.9615361805858217	0.9997153677366286	0.9999996158259448	0.9983810283820942	0.9999999874948469	1.0	0.9246464827652099	0.9999999999718259	0.9948983755286512
0.9989463611617181	1.0	0.0	0.9999983571882768	0.9999999999999956	0.9999999600538598	0.9999999392512143	0.9999991066533507	0.9999959443405525	0.9958013319946778	0.9600368339432955	0.9997291955078605	0.9999999999999983	0.9999996051095645	1.0	1.0	0.7975217077617285	1.0	0.23450718182339747
0.15785745001862062	0.9999999999999781	0.008941805456530172	0.8981959985821305	0.9999999852183644	0.006147017386140652	0.966615556203745	0.9978427191302424	0.9940950042016014	0.0029767424390008124	0.9287785343632595	0.9997632478693622	0.9999114225532342	0.9954495396895161	0.9999989876074027	1.0	0.6947373687623075	0.9999999999991791	0.999640817506726
0.026947776317691977	0.9999999998203349	0.009914097621340212	0.8086577733531003	0.9999856774063415	0.8655221523352483	0.9842308823706026	0.9732549240444179	0.999814451513534	0.06968315639162304	0.9655686680025954	0.9960758812315175	0.9997340001431876	0.9666600272222793	0.999940401512426	0.9999997902442187	0.7963062536185223	0.9999959359564207	0.9828532545679773
0.9993950829395485	0.9999999999844317	0.10349164461759414	0.9982382984127074	0.9999999563054524	0.9970489564791208	0.9973909751383662	0.9984472176550164	0.998770154913567	0.9945641718532218	0.9452994447265447	0.999315142053745	0.9999816227790129	0.9989876384410046	0.9999999733020413	0.9999999997585031	0.9420222558920779	0.9999992826035772	0.9324935578864458
0.08171065907009445	0.9999991705273985	0.04651296915595282	0.9811816669501308	0.999940401512426	0.9801030147107601	0.9556345271056326	0.9416356983185687	0.9997179682058435	0.498836967018759	0.9033119592120542	0.8935858256198791	0.9852370466469017	0.9078941121851937	0.9999597378059653	0.9999314059262487	0.06499692039816118	0.9999314059262487	0.8737581180886755
0.02889962403534474	0.9999999991288518	0.0032747727999377085	0.9971487025782622	0.9999999755853258	0.9965826655683141	0.9917099017331077	0.9977636870363883	0.9907405735998457	0.9794218898429585	0.9694969436170334	0.9981039529838902	0.014844742356273088	0.9975753301872948	0.999999999161829	0.9999999999564307	0.8701913898805239	0.9999999999767769	0.0012840387100068185
0.01248159055500786	0.9999961923498147	0.007440755939376875	0.9334744659837919	0.9999996378580703	0.9678166351441909	0.9946380681299165	0.995746398561705	0.9999999124294895	0.023699874211677185	0.910186707279538	0.9925040704115236	0.9998100114863606	0.9891580492022668	0.9999999864562089	0.9999688929560557	0.7515722409428074	0.999999964188276	0.010911486988076646
0.008533802299376822	1.0	4.957301228070143e-06	0.998351738620709	0.9999999999991791	0.998115824793205	0.999738428123643	0.9979573088046566	0.9926096080467877	0.001359922304290384	0.9595417243065978	0.9994084445781124	0.055770677013478376	0.9999999961969341	0.999999999968964	0.9999999999999989	0.794962678748506	0.9999999999999917	0.9992200352404963
0.5012167646192012	0.9999999989391063	0.0005961415313854301	0.9854606315615954	0.9999999982656724	0.9936463322327099	0.9983834353925867	0.9961816073206113	0.9999900019270463	0.9891167666230791	0.9488766053816318	0.9984688949714938	0.9996730618690252	0.9944285867543455	0.9999999999495982	0.9999999999050313	0.8523608955484003	0.9999999999789136	2.965401324384054e-06
