-9345.22414970398	-1137.995614349842	-9378.254585564137	-1280.232406437397	-1306.46311545372	-9282.433689057827	-805.2627618908882	-887.0946998000145	-9120.6298828125	-8874.954428970814	-1723.953032195568	-4909.390525400639	-4353.736391723156	-9115.919787585735	-9148.717645466328	-8901.219230651855	-9183.78626191616	-2123.97361689806	-1033.9785215258598	-3137.159032046795	-518.4715071320534	-4275.191358327866	-9031.240842878819	-7344.645566701889	-9050.621537804604	-9333.670609354973	-9326.818814754486	-8776.50594741106	-562.1209609508514	-1225.3713072538376	-8876.281742751598	-1519.3551151752472	-2084.7537845373154	-9396.202775359154	-1841.6190673708916	-1366.9471267461777	-2101.0117216706276	-656.8422082066536	-1666.3532254695892	-1584.9382137656212	-1891.0903524756432	-2987.8694580197334	-3085.5114245414734	-3778.6749324798584	-528.8354216217995	-750.582270860672	-9333.265868484974	-9647.39941984415	-182.24236524105072	-878.8633096218109
-9032.148919582367	-885.3037354946136	-9022.977279424667	-1525.736822962761	-1534.9689061641693	-8982.070272564888	-1051.5802505612373	-1151.07778942585	-8951.764629900455	-8599.549264967442	-1964.7555662989616	-4691.065368056297	-4617.1479368805885	-8809.542415261269	-8920.072028398514	-8636.38124614954	-8997.523203134537	-2383.1541306376457	-1277.4150939583778	-3396.5071989893913	-764.3587610125542	-4531.539526283741	-8820.88008081913	-7162.904095292091	-8774.723207712173	-9038.022248923779	-9046.251331269741	-8600.722060084343	-803.9891611337662	-1466.254342198372	-8659.711925148964	-1772.5831454396248	-2343.052668273449	-9104.872347593307	-2106.2711402773857	-1137.133256971836	-2362.7695600390434	-938.4019441604614	-1932.2756682038307	-1815.6758056879044	-2152.7681483626366	-3237.4133201241493	-3337.8137817382812	-4047.7376138567924	-782.717954814434	-1000.3389492034912	-9165.338983535767	-9397.135572135448	-442.6435227394104	-1148.7557586431503
-9057.26269519329	-1440.567204117775	-9005.51547640562	-973.5445513725281	-1032.9694895744324	-8891.215202331543	-1165.1516384482384	-1230.0045130252838	-8754.023400306702	-8552.964454591274	-2109.4893018603325	-4563.335416138172	-4707.324205815792	-8799.90717446804	-8749.295137822628	-8560.33039265871	-8823.9836987257	-2510.512754678726	-1410.0248854160309	-3487.185636460781	-136.26150751113892	-4648.479081392288	-8611.260955095291	-7087.199918746948	-8710.54403603077	-9080.289866149426	-8946.371218144894	-8349.840867698193	-946.2107490301132	-1565.6675871610641	-9246.697152495384	-1872.4692497253418	-2495.5616015195847	-9083.461156129837	-2213.1310048103333	-1733.5689678788185	-2487.9200310111046	-987.0137176513672	-2017.680513203144	-1931.1355330944061	-2212.0777305960655	-3354.434949219227	-3430.818218111992	-4135.03796005249	-881.1962509155273	-1097.5638083815575	-8972.096664190292	-9333.408894896507	-562.5148832798004	-1242.1488497257233
-8917.657884418964	-1533.8599500060081	-9053.171601355076	-1694.42652541399	-1709.0361986756325	-8958.863155066967	-1162.614703476429	-1250.4476534724236	-8801.341336548328	-8529.397162437439	-2109.232494533062	-5315.318206369877	-4028.1644797325134	-8762.013824343681	-8773.682533502579	-8531.41782784462	-8799.0185328722	-2546.3910474181175	-1409.849484860897	-2695.1617193222046	-928.0114543437958	-3944.026767015457	-8747.190028965473	-6968.962987303734	-8644.165034592152	-8836.975359380245	-8962.330787241459	-8401.942516028881	-944.1800507307053	-898.5048056840897	-8440.237823069096	-1937.0381964445114	-2441.0672382712364	-8984.510150074959	-2227.0001358389854	-1730.9579201936722	-2431.010861515999	-1029.8710889816284	-2034.0788850188255	-1992.9079133868217	-2266.3074036240578	-2546.9628707170486	-2681.9209449887276	-4161.545076787472	-128.75276291370392	-1092.0033736228943	-8941.169992148876	-9345.038468003273	-558.1502093076706	-1247.4809157848358
-8773.009365200996	-1729.140318095684	-8775.078880608082	-1899.210334122181	-1903.0442809462547	-8735.709428668022	-124.64366108179092	-1528.4762589931488	-8537.26976543665	-8319.583926737309	-2342.728944540024	-5498.642496347427	-3879.4977635145187	-8493.709373474121	-8533.857153177261	-8368.892334759235	-8591.436021089554	-2713.8736973404884	-1656.1730886101723	-2563.7539296150208	-1109.36449021101	-3812.3489414453506	-8488.458350121975	-6765.489452719688	-8463.776418864727	-8704.33453720808	-8676.658194303513	-8318.433315873146	-1198.1972196698189	-510.3924603462219	-8266.530273795128	-2133.1570689082146	-2678.133977174759	-8933.87075984478	-2431.661849796772	-1989.0354818105698	-2761.4435918331146	-184.9176687002182	-2261.890257060528	-2160.2213683724403	-2473.0575320124626	-2480.1815118193626	-2511.75634431839	-4370.634699523449	-1114.890824019909	-1384.2481895685196	-8656.627594649792	-9077.543086886406	-741.9432176947594	-1459.8778368234634
-8744.187465071678	-1187.8753252625465	-8650.238170266151	-1219.048967897892	-1261.4752802848816	-8590.851785838604	-1411.4691271185875	-1493.9876026511192	-8585.158147394657	-8277.559290587902	-2350.291835963726	-4345.010258793831	-4970.735750973225	-8493.529802143574	-8520.649520754814	-8295.492408156395	-8637.720639944077	-2769.693268418312	-1653.461457848549	-3746.5338034033775	-382.1487613916397	-4904.827249348164	-8400.900193035603	-6905.458447337151	-8434.64570593834	-8784.641505718231	-8665.803734660149	-8174.056980371475	-1188.078949213028	-1806.5506221055984	-9030.12733489275	-2125.6972799897194	-2753.8604852557182	-8792.13072836399	-2477.7830777168274	-1503.755098104477	-2749.6778693795204	-1268.573453605175	-2283.6029559373856	-2161.8731250166893	-2473.755526483059	-3603.9788113236427	-3683.1205753087997	-4404.100641429424	-1135.078784108162	-1347.3204867243767	-8804.169779241085	-9083.145047187805	-822.9160407781601	-1512.0412987470627
-8815.2062510252	-1761.6055637598038	-8843.767279207706	-1868.8782938718796	-1929.8160574436188	-8661.174400985241	-1426.289550125599	-1533.7341555953026	-8642.317723751068	-8451.172393918037	-2319.3668261170387	-4342.12288081646	-4997.40940618515	-8584.529903233051	-8635.537435114384	-8352.354103922844	-8566.345843672752	-2739.1709240078926	-1687.2817600369453	-3768.021282017231	-1145.4003285169601	-4941.601870417595	-8495.22156393528	-6603.901080369949	-8370.207097709179	-8847.745011389256	-8792.861679971218	-8186.300667107105	-1159.953299164772	-1847.2357159852982	-8338.518631458282	-2173.0768105387688	-2749.4652435183525	-8832.343219161034	-2448.906416475773	-1968.8862516880035	-2723.5678402781487	-1291.6926223039627	-976.3916415572166	-1045.5914360880852	-2504.9115627408028	-3646.7325003147125	-3719.348182320595	-3142.5866074562073	-1124.2109466195107	-128.45768064260483	-8746.840219855309	-9011.431614339352	-786.2820490002632	-1459.9400552511215
-8604.582654297352	-1281.1680711507797	-8697.894295215607	-1939.930941939354	-1937.5419893860817	-8658.499738574028	-1408.932192146778	-1514.430743098259	-8632.476083636284	-8253.991998434067	-2350.0350286364555	-5096.993049025536	-4291.576024889946	-8455.636452019215	-8545.036916434765	-8266.579843342304	-8612.755474090576	-2805.5715611577034	-1653.286057293415	-2954.509886264801	-1173.8987082242966	-4200.374934971333	-8536.829266905785	-6787.221515893936	-8368.266704499722	-8541.32699894905	-8681.763303756714	-8226.158628702164	-1186.04825091362	-1139.387840628624	-8223.668005466461	-2190.266226708889	-2699.36612200737	-8693.179722309113	-2491.6522087454796	-1501.1440504193306	-2692.7686998844147	-1311.4308249354362	-2300.001327753067	-2223.645505309105	-2527.985199511051	-2796.5067328214645	-2934.2233021855354	-4430.607758164406	-382.6352961063385	-1341.7600519657135	-8773.243107199669	-9094.774620294571	-818.5513668060303	-1517.3733648061752
-8629.696429908276	-1836.431539773941	-8680.43249219656	-1387.738670349121	-1435.5425727963448	-8567.644668340683	-1522.5035800337791	-1593.3574666976929	-8434.73485404253	-8207.4071880579	-2494.7687641978264	-4969.26309710741	-4381.7522938251495	-8446.001211225986	-8374.260025858879	-8190.528989851475	-8439.21596968174	-2932.930185198784	-1785.8958487510681	-3045.188323736191	-545.8014547228813	-4317.31449007988	-8327.210141181946	-6711.517339348793	-8304.087532818317	-8583.594616174698	-8581.883190631866	-7975.277436316013	-1328.269838809967	-1238.8010855913162	-8810.653232812881	-2290.152330994606	-2851.8750552535057	-8671.768530845642	-2598.512073278427	-2097.579761326313	-2817.919170856476	-1360.042598426342	-2385.4061727523804	-2339.1052327156067	-2587.29478174448	-2913.528361916542	-3027.227738559246	-4517.908104360104	-481.1135922074318	-1438.9849111437798	-8580.000787854195	-9031.04794305563	-938.4227273464203	-1610.7664558887482
-8634.32967042923	-467.2780923843384	-8723.487100601196	-555.1750943660736	-483.016121506691	-8586.284187197685	-1547.8633468151093	-151.74371296167374	-8252.441514611244	-8302.453381717205	-2499.153555393219	-4190.639038324356	-5101.006344139576	-8295.363917350769	-8416.036894857883	-8172.852371931076	-8507.969712257385	-2836.906945705414	-1791.2704552412033	-3902.5680488944054	-1236.6196046471596	-5035.243867754936	-8391.395676732063	-6666.066074728966	-8363.105831027031	-8695.281995594501	-8556.575075566769	-8120.005854547024	-1344.869458436966	-1981.429728090763	-8173.520870029926	-2240.793691933155	-2792.170649588108	-8588.5155133605	-2558.1245433688164	-2107.2097015976906	-2818.7304174900055	-1422.4131152033806	-2467.104128539562	-2294.4123263955116	-2679.9992355704308	-3717.415903568268	-3875.0211438536644	-4502.719090759754	-1324.1407056450844	-1468.048306286335	-8641.777732551098	-8872.609556615353	-864.7707027196884	-1649.3425799012184
-8447.819492399693	-2011.0199920535088	-8461.609508156776	-2160.026291370392	-2148.4646594524384	-8517.19876331091	-1652.9484120607376	-1731.5465500354767	-8211.135740816593	-7941.894994258881	-2526.9621144533157	-4063.06254863739	-5202.756944835186	-8432.600323319435	-8417.316414475441	-8198.385702490807	-8436.9903190732	-2947.2795820236206	-1875.464869081974	-4007.1199605464935	-1389.5608409047127	-5142.695936381817	-8224.115990400314	-6673.724082291126	-8498.437202632427	-8494.663912534714	-8470.689332604408	-8077.911629378796	-1390.5738810300827	-2056.7316660881042	-8012.688224971294	-2410.3555051088333	-2934.816417634487	-8406.021648824215	-2708.6018528938293	-2227.2029960155487	-2908.624550998211	-1468.0288924574852	-946.2745432257652	-816.5869325995445	-2724.926172912121	-3825.3143367171288	-3899.933481633663	-3043.848528146744	-1389.4612196683884	-1568.1057854890823	-8519.152838468552	-8778.069431722164	-1021.6227449774742	-226.58187747001648
-8647.129505693913	-2016.543511748314	-8676.022103846073	-2160.2477290034294	-2267.076752603054	-8444.54328596592	-1637.3617768287659	-1743.3927883505821	-8313.534541666508	-8151.7922593951225	-2605.831084549427	-5767.124697804451	-3436.927170217037	-8361.933588445187	-8413.795710325241	-7932.953914642334	-8358.042098402977	-3005.897343993187	-159.7189415693283	-2321.249045789242	-1371.4060381054878	-3289.701053440571	-8240.025578916073	-6549.374011218548	-8295.197666347027	-8527.833600640297	-8354.148188531399	-7918.345829665661	-1396.1942494511604	-2094.780878305435	-7908.362998843193	-2366.4208443164825	-1162.2044162750244	-8570.862829446793	-2749.1062358617783	-2255.887294769287	-1225.5006501078606	-1449.2026127576828	-2538.849383711815	-2436.301554143429	-1055.905454158783	-2220.075674831867	-2329.552507042885	-2806.696237683296	-1361.5722975730896	-1625.7019176483154	-8564.561599135399	-8793.241967082024	-1020.7145315408707	-1741.5674360990524
-8459.934135079384	-1476.4484392404556	-8419.801574468613	-2144.714750647545	-2131.550071656704	-8435.346012175083	-370.96114975214005	-1792.4593486189842	-8368.404512524605	-8044.178762733936	-2583.5314786434174	-5280.317339003086	-4142.909308671951	-8187.332001149654	-8305.211536109447	-8104.05435025692	-8405.17296230793	-2973.0542110800743	-1899.6096610426903	-2823.102096557617	-1355.2517440915108	-4068.697109401226	-8278.097588062286	-6583.747981309891	-8187.878088772297	-8408.686176776886	-8396.090710818768	-8142.649428546429	-1440.0654198527336	-751.2754952907562	-8049.960456192493	-2386.385099172592	-2936.4328609108925	-8642.540332078934	-2696.313922703266	-1759.2216120362282	-3023.2014302015305	-466.47740465402603	-2527.8126997947693	-2390.9589602947235	-2734.735327899456	-2729.7253739237785	-2764.0587015151978	-4639.697380900383	-1368.7733572125435	-1634.0048679113388	-8488.700709700584	-8827.279239177704	-1002.344375193119	-1729.7702858448029
-8502.131020903587	-1508.9136849045753	-8488.489973068237	-2114.3827103972435	-2158.321848154068	-8360.810984492302	-1672.607038795948	-1797.717245221138	-8473.452470839024	-8175.767229914665	-2560.1693602204323	-4123.797723472118	-5260.820951342583	-8278.152530908585	-8406.89181804657	-8087.516119420528	-8380.082784891129	-2998.3514377474785	-1930.7183324694633	-4027.3694489598274	-1391.287582397461	-5197.95003837347	-8284.860801875591	-6422.159608960152	-8094.308767616749	-8552.096650958061	-8512.294196486473	-8010.516779780388	-1401.8214993476868	-2088.1187509298325	-8121.948813855648	-2426.3048408031464	-3007.764127254486	-8541.012791395187	-2713.558489382267	-1739.072381913662	-2985.3256786465645	-1573.2523582577705	-1242.3140842914581	-1276.3290280103683	-2766.589358627796	-3896.2763624191284	-3971.6505395174026	-3411.6492888331413	-1378.0934798121452	-378.21435898542404	-8578.913334906101	-8761.16776663065	-1046.683206498623	-1729.832504272461
-8480.656669199467	-1999.574486196041	-8373.989842176437	-2175.682996213436	-2231.227199971676	-8430.942526221275	-1796.513945221901	-1784.942075252533	-8298.63129466772	-7964.097903013229	-2634.7063398957253	-5843.142855167389	-3469.956267952919	-8170.167258858681	-8267.804484307766	-8080.88355743885	-8194.761172175407	-3020.6951278448105	-1921.1055943369865	-2217.7543514966965	-1416.9310782551765	-3515.5524694919586	-8007.172659218311	-6385.590678155422	-8295.54899019003	-8545.81444811821	-8382.932156324387	-7919.6410039663315	-1463.6222428679466	-2139.962058007717	-8063.214561164379	-2443.0854309797287	-1192.380780696869	-8535.128807723522	-2766.1067554950714	-487.41583132743835	-1270.8319908380508	-1641.6660190224648	-2550.7708686590195	-2478.718943119049	-1136.0195793509483	-2147.852901160717	-2191.2531955838203	-2805.1037048101425	-1445.047472178936	-1712.0786168575287	-8433.780922174454	-8849.458743572235	-1120.4869955778122	-1789.598886668682
-8485.047910690308	-2031.711907863617	-8402.339771449566	-1592.522479057312	-1629.550655066967	-8344.490941941738	-484.5325376391411	-1871.3860722184181	-8170.663282930851	-7997.593952357769	-2728.265214204788	-5152.587387084961	-4233.085577607155	-8177.696760356426	-8134.434645533562	-8028.00349676609	-8231.633457899094	-3100.412835121155	-2032.2194525003433	-2913.780534029007	-727.1544905900955	-4185.636664509773	-8068.478462338448	-6508.043804764748	-8123.698917090893	-8450.953794002533	-8296.21059769392	-7891.768236160278	-1582.2870077490807	-850.6887402534485	-8636.945683538914	-2486.271203458309	-3088.941794157028	-8621.129140615463	-2803.1737872362137	-2355.6573229432106	-3148.3519011735916	-515.0891781449318	-2613.2175447940826	-2506.4186877012253	-2794.044910132885	-2846.747003018856	-2857.0631378889084	-4726.997727096081	-1467.2516533136368	-1731.229727089405	-8295.45839035511	-8763.552561938763	-1122.215735733509	-1823.1633769273758
-8345.443099915981	-2125.00465375185	-8449.995896399021	-2313.404453098774	-2305.617364168167	-8412.138894677162	-481.9956026673317	-1891.8292126655579	-8217.981219172478	-7974.026660203934	-2728.0084068775177	-5904.570177316666	-3553.925851523876	-8139.803410232067	-8158.822041213512	-7999.090931952	-8206.668292045593	-3136.291127860546	-2032.0440519452095	-2121.7566168904305	-1518.9044374227524	-3481.184350132942	-8204.40753620863	-6389.806873321533	-8057.319915652275	-8207.639287233353	-8312.170166790485	-7943.869884490967	-1580.2563094496727	-183.525958776474	-7830.486354112625	-2550.840150177479	-3034.44743090868	-8522.178134560585	-2817.042918264866	-2353.0462752580643	-3091.442731678486	-557.946549475193	-2629.615916609764	-2568.191067993641	-2848.2745831608772	-2039.2749245166779	-2108.165864765644	-4753.504843831062	-714.8081653118134	-1725.6692923307419	-8264.531718313694	-8775.182135045528	-1117.8510617613792	-1828.4954429864883
-8527.244796514511	-2064.1771535277367	-8471.02817004919	-1562.1904388070107	-1656.322431564331	-8269.955914258957	-1786.178426682949	-1876.643968820572	-8275.71124124527	-8129.182419538498	-2704.903095781803	-3996.067771553993	-5350.997220277786	-8268.517290115356	-8236.114927470684	-8011.465265929699	-8206.543280482292	-3125.710061788559	-2063.3281239271164	-4118.047886431217	-763.1903288960457	-5314.8895934820175	-8075.2416761517525	-6346.4554324150085	-8030.129595935345	-8594.364268183708	-8412.414083361626	-7759.6355873942375	-1544.0430872440338	-2187.5319958925247	-8708.934041202068	-2526.1909450888634	-3160.273060500622	-8519.601599931717	-2820.4183539152145	-2335.5080928206444	-3110.4761496186256	-1621.8641317486763	-1327.7189292907715	-1391.7887554168701	-2825.898940861225	-4013.297991514206	-4064.6549758911133	-3498.949635028839	-1476.5717759132385	-475.4392181634903	-8385.671015560627	-8697.441089391708	-1166.554567039013	-1823.2255953550339
-8387.639985740185	-2157.46989941597	-8518.684294998646	-2283.0724128484726	-2332.389140665531	-8337.603866994381	-1783.6414917111397	-1897.0871092677116	-8323.029177486897	-8105.615127384663	-2704.6462884545326	-4748.050561785698	-4671.837494194508	-8230.623939990997	-8260.502323150635	-7982.552701115608	-8181.578114628792	-3161.5883545279503	-2063.1527233719826	-3326.0239692926407	-1554.9402757287025	-4610.4372791051865	-8211.170750021935	-6228.218500971794	-7963.750594496727	-8351.049761414528	-8428.373652458191	-7811.737235724926	-1542.0123889446259	-1520.3692144155502	-7902.47471177578	-2590.759891808033	-3105.7786972522736	-8420.650593876839	-2834.2874849438667	-2332.897045135498	-3053.56698012352	-1664.7215030789375	-1344.117301106453	-1453.5611357092857	-2880.1286138892174	-3205.8259130120277	-3315.757702767849	-3525.4567517638206	-724.1282879114151	-469.8787834048271	-8354.74434351921	-8709.070662498474	-1162.189893066883	-1828.5576614141464
-8321.254440307617	-214.58621352910995	-8368.209794461727	-800.6795108914375	-711.5219122171402	-8285.920770704746	-1794.1808354854584	-415.72680258750916	-8083.5762616992	-8027.048217713833	-2739.9560894966125	-3972.313880980015	-5364.4178892970085	-7988.986545026302	-8187.39127779007	-7908.0143874287605	-8321.706653475761	-3096.0874594449997	-2034.7070276737213	-4161.916215837002	-1482.5068585276604	-5291.592035710812	-8181.034914672375	-6484.324603319168	-8087.207500934601	-8399.633635163307	-8276.007592082024	-7944.221967220306	-1586.7376586198807	-2222.3127630352974	-7956.951052427292	-2494.0217221975327	-3050.4695333242416	-8297.185085594654	-2822.7766162753105	-1877.395831823349	-3080.4882558584213	-1703.9728511571884	-2733.0265712738037	-2525.149918317795	-2941.677031457424	-3966.9597656726837	-4127.323501050472	-4771.781772136688	-1578.023238837719	-1717.8049846291542	-8473.85084760189	-8622.34570890665	-1125.171860218048	-1919.2350289225578
-8134.74426227808	-1758.3281131982803	-8106.332202017307	-2405.5307078957558	-2376.9704501628876	-8216.83534681797	-1899.2659007310867	-1995.529639661312	-8042.270487904549	-7666.489830255508	-2767.7646485567093	-3844.737391293049	-5466.168489992619	-8126.222950994968	-8188.670797407627	-7933.547717988491	-8250.727260291576	-3206.4600957632065	-2118.901441514492	-4266.46812748909	-1635.4480947852135	-5399.044104337692	-8013.755228340626	-6491.982610881329	-8222.538872539997	-8199.01555210352	-8190.121849119663	-7902.127742052078	-1632.4420812129974	-2297.6147010326385	-7796.11840736866	-2663.583535373211	-3193.1153013706207	-8114.691221058369	-2973.2539258003235	-1997.3891262412071	-3170.3823893666267	-1749.588628411293	-1212.1969859600067	-1047.3245245218277	-2986.603968799114	-4074.8581988215446	-4152.235838830471	-3312.911209523678	-1643.343752861023	-1817.8624638319016	-8351.225953519344	-8527.805584013462	-1282.023902475834	-496.4743264913559
-8346.368215918541	-769.8496821522713	-8350.74799144268	-248.48723930120468	-209.52249562740326	-8195.065700471401	-1907.7522233724594	-494.65352618694305	-7885.835032105446	-7980.463407337666	-2884.6898250579834	-3844.5839290618896	-5454.594158232212	-7979.351304233074	-8016.614387214184	-7831.963533937931	-8148.167149066925	-3223.44608348608	-2167.3168191313744	-4252.594653308392	-854.4096050262451	-5408.531590819359	-7971.415788948536	-6408.620426774025	-8023.028329253197	-8441.901252388954	-8176.127478957176	-7693.340774834156	-1728.9592465162277	-2321.7260079979897	-8543.936279773712	-2593.9078264832497	-3202.9784665703773	-8275.773894131184	-2929.636480808258	-2473.8315427303314	-3205.6387268304825	-1752.5846246480942	-2818.431416273117	-2640.6096457242966	-3000.986613690853	-4083.9813947677612	-4220.327937424183	-4859.082118332386	-1676.5015349388123	-1815.0298438072205	-8280.608528256416	-8558.61903166771	-1245.043220758438	-2012.6281200051308
-8334.0542755723	-1763.8516328930855	-8320.744797706604	-2405.7521455287933	-2495.5825433135033	-8144.1798694729805	-1883.679265499115	-2007.3758779764175	-8144.669288754463	-7876.38709539175	-2846.6336186528206	-5548.79954046011	-3700.3387153744698	-8055.55621612072	-8185.150093257427	-7668.1159301400185	-8171.779039621353	-3265.077857732773	-403.1555140018463	-2580.597212731838	-1617.2932919859886	-3546.0492213964462	-8029.664816856384	-6367.63253980875	-8019.299336254597	-8232.185240209103	-8073.580705046654	-7742.5619423389435	-1638.0624496340752	-2335.6639132499695	-7691.793181240559	-2619.64887458086	-1420.503300011158	-8279.532401680946	-3013.7583087682724	-2026.0734249949455	-1487.2584884762764	-1730.7623487114906	-2804.7718264460564	-2667.039146065712	-1317.5832500457764	-2469.619536936283	-2581.8548642396927	-3075.7589190602303	-1615.4548307657242	-1875.4585959911346	-8396.634714186192	-8542.978119373322	-1281.1156890392303	-2011.4598851203918
-8206.763405144215	-863.1424280405045	-8398.404116392136	-969.3692133426666	-885.5892047286034	-8262.713653206825	-1905.21528840065	-515.0966666340828	-7933.152968347073	-7956.89611518383	-2884.433017730713	-4596.566719293594	-4775.434432148933	-7941.457954108715	-8041.0017828941345	-7803.05096912384	-8123.201983213425	-3259.3243762254715	-2167.1414185762405	-3460.570736169815	-1646.159551858902	-4704.079276442528	-8107.344862818718	-6290.383495330811	-7956.649327814579	-8198.586745619774	-8192.087048053741	-7745.4424231648445	-1726.9285482168198	-1654.5632265210152	-7737.476950347424	-2658.4767732024193	-3148.484103322029	-8176.822888076305	-2943.5056118369102	-2471.220495045185	-3148.7295573353767	-1795.4419959783554	-2834.8297880887985	-2702.382026016712	-3055.2162867188454	-3276.509316265583	-3471.4306643009186	-4885.589235067368	-924.0580469369888	-1809.4694090485573	-8249.681856215	-8570.248604774475	-1240.6785467863083	-2017.9601860642433
-8176.28366702795	-2288.2524867653847	-8326.030203223228	-2477.0339258909225	-2442.1877475380898	-8174.145873427391	-1945.619623541832	-2024.5453261733055	-8007.349768996239	-7676.987097978592	-2899.626005291939	-6072.435347259045	-3264.282916843891	-8021.407737314701	-7966.32891368866	-7842.869321227074	-8109.837788164616	-3325.0095935463905	-2145.915888428688	-4297.950035512447	-1676.3583604693413	-3096.084755718708	-7919.299485862255	-6295.380868494511	-8007.126077055931	-8079.196843147278	-8244.635696172714	-7757.135886311531	-1733.0312193632126	-2298.2942872047424	-7744.373785614967	-2640.5186129808426	-3210.185100734234	-8219.954459130764	-2978.6025180220604	-2516.3606743216515	-3209.203137397766	-1833.2467386722565	-2831.78405970335	-2804.83544421196	-3084.7868129611015	-4132.633284389973	-4282.772690713406	-4913.806413948536	-1689.164454638958	-1894.1291083693504	-8189.246173977852	-8279.928165376186	-1368.0078716278076	-2013.6750411391258
-8167.581439077854	-1746.8826073408127	-8018.712536036968	-2421.1874127388	-2459.732990682125	-8130.579109728336	-2042.83143389225	-2048.9251648783684	-8129.766041755676	-7688.692739009857	-2875.508873999119	-5624.817697823048	-3733.3678131103516	-7863.789886534214	-8039.158867239952	-7816.045572936535	-8008.498113393784	-3279.8756415843964	-2164.5421667695045	-2477.102518439293	-1662.8183321356773	-3771.900637447834	-7796.811897158623	-6203.8492067456245	-8019.650660097599	-8250.166087687016	-8102.364672839642	-7743.857116639614	-1705.4904430508614	-2380.8450929522514	-7846.644743561745	-2696.3134612441063	-1450.6796644330025	-8243.798379957676	-3030.7588284015656	-257.60196155309677	-1532.5898292064667	-1923.2257549762726	-2816.693311393261	-2709.4565350413322	-1397.6973752379417	-2397.396763265133	-2443.555552780628	-3074.1663861870766	-1698.9300053715706	-1961.835295200348	-8265.854037225246	-8599.194895863533	-1380.8881530761719	-2059.4913356900215
-8159.858037889004	-2313.5915818214417	-8088.8703989982605	-1853.338436305523	-1874.9710335731506	-8125.980276584625	-2012.8372886180878	-2074.456363260746	-7844.529258310795	-7619.905019879341	-2912.49838411808	-3717.0074393749237	-5556.344758927822	-8116.58771020174	-8017.893906831741	-7857.496864497662	-8077.18775588274	-3333.818719804287	-2251.511232972145	-4357.14656496048	-1007.3508412837982	-5515.9836594462395	-7804.136102616787	-6416.2784343361855	-8158.359700858593	-8241.283169329166	-8090.241735994816	-7651.246549665928	-1774.6636691093445	-2397.027945995331	-8383.10363471508	-2763.469639658928	-3345.6242346167564	-8093.280029594898	-3080.113790333271	-2593.8248371481895	-3295.532860338688	-1798.2004019021988	-1297.60183095932	-1162.7842519283295	-3045.913551032543	-4191.879827916622	-4245.240275204182	-3400.2115557193756	-1741.8220489621162	-1915.0873230099678	-8157.98363417387	-8464.07890677452	-1401.895263016224	-589.8674175739288
-8359.168051183224	-2319.115101516247	-8303.282994687557	-1853.5598739385605	-1993.5831267237663	-8053.3247992396355	-1997.250653386116	-2086.3026015758514	-7946.928059160709	-7829.802285015583	-2991.3673542141914	-5421.069588541985	-3790.5149843096733	-8045.920975327492	-8014.373202681541	-7592.065076649189	-7998.239535212517	-3392.4364817738533	-535.7653054594994	-2671.275650203228	-989.1960384845734	-3662.9887765049934	-7820.0456911325455	-6291.928363263607	-7955.120164573193	-8274.45285743475	-7973.700591921806	-7491.680749952793	-1780.2840375304222	-2435.0771582126617	-8278.778408586979	-2719.534978866577	-1573.0122332572937	-8258.121210217476	-3120.61817330122	-2622.509135901928	-1612.4089594483376	-1779.3741222023964	-2890.1766714453697	-2782.4988734722137	-1376.8928322792053	-2586.6411660313606	-2674.8593006134033	-3163.059265255928	-1713.9331268668175	-1972.683455169201	-8203.392394840717	-8479.25144213438	-1400.9870495796204	-2104.852976202965
-8020.253227114677	-2406.884327709675	-8136.526523947716	-2574.220410346985	-2551.0377426743507	-8193.62822932005	-2010.3003536462784	-2094.8995037078857	-7891.847194552422	-7596.337727725506	-2912.2415767908096	-4468.990229606628	-4877.1850328445435	-8078.694360077381	-8042.281302511692	-7828.584299683571	-8052.22259002924	-3369.6970125436783	-2251.3358324170113	-3565.1226478219032	-1799.100788116455	-4811.531345069408	-7940.065176486969	-6298.041502892971	-8091.980699419975	-7997.968662559986	-8106.201305091381	-7703.348197996616	-1772.6329708099365	-1729.8651645183563	-7576.644305288792	-2828.0385863780975	-3291.129871368408	-7994.32902354002	-3093.982921361923	-2591.213789463043	-3238.623690843582	-1841.05777323246	-1314.0002027750015	-1224.556632220745	-3100.1432240605354	-3384.407749414444	-3496.3430020809174	-3426.718672454357	-989.3785609602928	-1909.5268882513046	-8127.056962132454	-8475.708479881287	-1397.530589044094	-595.1994836330414
-8242.991466522217	-2352.7502675056458	-8240.591574251652	-2487.8562215566635	-2526.3972229361534	-8114.450140595436	-745.6704493165016	-2175.115714788437	-8058.957606375217	-7895.801891684532	-2938.1427384614944	-4931.374851763248	-4523.170777976513	-7962.319489121437	-8020.676942825317	-7820.027208030224	-7973.995602846146	-3329.071004450321	-2309.476327121258	-3194.616179585457	-1736.2933115959167	-4478.75945353508	-7952.439071178436	-6024.744966387749	-7783.361978769302	-8218.408939242363	-8142.701059520245	-7728.228035569191	-1796.0295578837395	-1132.2568690776825	-7728.767162501812	-2786.878764271736	-3342.845436155796	-8370.01120364666	-3038.9491989016533	-2590.9746067523956	-3383.9997104406357	-819.7680827975273	-1571.9286731481552	-1620.8745906949043	-3086.878742277622	-3139.0445541143417	-3145.5931020975113	-3734.546374499798	-1710.26634901762	-762.1235993504524	-8070.201946020126	-8441.575281381607	-1345.9829014539719	-2040.954582452774
-8219.563240408897	-2412.40784740448	-8350.939119637012	-2574.4418479800224	-2669.6498358249664	-8120.9727519750595	-1994.7137184143066	-2106.745742022991	-7994.245995402336	-7806.234992861748	-2991.110546886921	-6173.052378773689	-3111.3552582263947	-8008.027625203133	-8038.760598361492	-7563.152511835098	-7973.274369359016	-3428.3147745132446	-535.5899049043655	-1879.2517330646515	-1780.9459853172302	-2958.5364621281624	-7955.9747650027275	-6173.691431820393	-7888.741163134575	-8031.138350665569	-7989.660161018372	-7543.782398283482	-1778.2533392310143	-1767.9143767356873	-7472.31907916069	-2784.1039255857468	-1518.5178700089455	-8159.170204162598	-3134.487304329872	-2619.8980882167816	-1555.4997899532318	-1822.2314935326576	-2906.575043261051	-2844.2712537646294	-1431.1225053071976	-1779.1690875291824	-1925.962027490139	-3189.5663819909096	-961.489638864994	-1967.1230204105377	-8172.465722799301	-8490.881015241146	-1396.6223756074905	-2110.1850422620773
-8032.367869794369	-1872.3127748966217	-8094.718590259552	-2558.908869624138	-2534.1231548786163	-8111.775478184223	-728.3130913376808	-2155.8123022913933	-8049.115966260433	-7698.6214962005615	-2968.8109409809113	-5686.245019972324	-3817.3373966813087	-7833.4260379076	-7930.176424145699	-7734.252947449684	-8020.405233263969	-3395.471641600132	-2275.4806243777275	-2381.104783833027	-1764.7916913032532	-3737.5325180888176	-7994.046774148941	-6208.0654019117355	-7781.421585559845	-7911.990926802158	-8031.60268330574	-7768.085997164249	-1822.1245096325874	-424.4089937210083	-7613.916536509991	-2804.0681804418564	-3292.7463146448135	-8230.847706794739	-3081.69499117136	-2123.2324054837227	-3353.2005700469017	-839.5062854290009	-2895.5383593440056	-2798.928659915924	-3109.9523790478706	-2288.8187866210938	-2360.468221962452	-5022.567525207996	-968.6906985044479	-1975.425970673561	-8096.604833364487	-8524.918287336826	-1378.252219259739	-2098.3878920078278
-8192.695214688778	-2302.146075963974	-8001.250733017921	-1868.9951411485672	-1957.7335740923882	-8039.724039494991	-2156.402821779251	-2127.8518884778023	-7932.0248121619225	-7642.10792863369	-3020.2426095604897	-5497.0877459049225	-3823.544082045555	-7854.154645740986	-7868.381976664066	-7739.994719445705	-7834.958608984947	-3407.234265625477	-2297.1519582271576	-2567.7809559106827	-1034.721078634262	-3888.840192556381	-7587.192771434784	-6128.145030200481	-7955.471488416195	-8292.433704912663	-8002.484559714794	-7492.975924253464	-1847.7120309472084	-2480.2583379149437	-8433.629970908165	-2796.1995655298233	-1603.1885976791382	-8222.387188494205	-3137.618692934513	-854.0376724600792	-1657.7403001785278	-1971.8375284671783	-2902.0981563925743	-2824.916262447834	-1457.0069574713707	-2514.4183923602104	-2536.559989154339	-3161.4667323827744	-1797.4083014726639	-2059.060154378414	-8072.611717879772	-8535.468218624592	-1500.759513616562	-2152.8844267725945
-8053.090403914452	-2395.438821852207	-8048.906857967377	-2589.877115190029	-2633.8002831935883	-8107.371992230415	-2153.8658868074417	-2148.295028924942	-7979.342748403549	-7618.540636479855	-3019.985802233219	-6249.070536136627	-3144.3843559622765	-7816.261295616627	-7892.769372344017	-7711.082154631615	-7809.993443131447	-3443.112558364868	-2296.976557672024	-1775.7570387721062	-1826.471025466919	-3184.38787817955	-7723.121845304966	-6009.908098757267	-7889.092486977577	-8049.119198143482	-8018.444128811359	-7545.077572584152	-1845.6813326478004	-1813.0955564379692	-7627.170641481876	-2860.768512248993	-1548.69423443079	-8123.436182439327	-3151.4878239631653	-851.4266247749329	-1600.831130683422	-2014.6948997974396	-2918.4965282082558	-2886.6886427402496	-1511.236630499363	-1706.9463138580322	-1787.6627160310745	-3187.973849117756	-1044.9648134708405	-2053.499719619751	-8041.685045838356	-8547.097791731358	-1496.394839644432	-2158.216492831707
-8057.4816454052925	-2427.576243519783	-8077.256787240505	-2006.716598033905	-2032.1237382888794	-8020.920407950878	-841.8844792246819	-2234.739025890827	-7851.374736666679	-7652.036685824394	-3113.544676542282	-5558.515068054199	-3907.5136656165123	-7823.790797114372	-7759.399533569813	-7658.202093958855	-7846.865728855133	-3522.8302656412125	-2408.0904158353806	-2471.7832213044167	-1136.694437801838	-3854.472073197365	-7784.427648425102	-6132.361225366592	-7717.242413878441	-7954.258544027805	-7931.722570180893	-7517.204804778099	-1964.3460975289345	-523.8222386837006	-8200.901763856411	-2903.9542847275734	-3445.2552478909492	-8209.436515331268	-3188.5548557043076	-2719.668116390705	-3478.351041018963	-888.1180589199066	-2980.943204343319	-2914.388387322426	-3169.2619612812996	-2405.8404157161713	-2453.4726583361626	-5109.867871403694	-1067.1689946055412	-2072.6508298516273	-7903.362514019012	-8461.191610097885	-1498.123579800129	-2191.7809830904007
-8062.114885926247	-1058.4227961301804	-8120.311395645142	-1174.1530220508575	-1079.5972869992256	-8039.55992680788	-867.244246006012	-793.125272154808	-7669.0813972353935	-7747.0828794837	-3117.9294677376747	-4779.891009271145	-4626.767715930939	-7673.153503239155	-7801.176402568817	-7640.525476038456	-7915.6194714307785	-3426.8070261478424	-2413.4650223255157	-3329.162946462631	-1827.5125877261162	-4572.401450872421	-7848.61318397522	-6086.909960746765	-7776.260712087154	-8065.945923447609	-7906.414455115795	-7661.9332230091095	-1980.9457171559334	-1266.4508811831474	-7563.769401073456	-2854.5956456661224	-3385.5508422255516	-8126.183497846127	-3148.167325794697	-2729.2980566620827	-3479.1622876524925	-950.4885756969452	-3062.641160130501	-2869.695481002331	-3261.96641510725	-3209.727957367897	-3301.266063630581	-5094.678857803345	-1910.1961080431938	-2101.7142249941826	-7965.139458715916	-8302.753223657608	-1424.471555173397	-2230.357107102871
-8033.292985796928	-517.1578032970428	-7995.470685303211	-493.9916558265686	-438.0282863378525	-7894.702283978462	-2154.0697120428085	-758.6366158127785	-7716.969779193401	-7705.058243334293	-3125.492359161377	-3626.2587717175484	-5718.005703389645	-7672.9739319086075	-7787.96877014637	-7567.1255494356155	-7961.904090285301	-3482.626597225666	-2410.7533915638924	-4511.942820250988	-1100.296858906746	-5664.879758775234	-7761.055026888847	-6226.878955364227	-7747.129999160767	-8146.25289195776	-7895.559995472431	-7517.556887507439	-1970.8274466991425	-2562.609042942524	-8327.366462171078	-2847.1358567476273	-3461.277350306511	-7984.443466365337	-3194.288553714752	-2244.01767295599	-3467.3965651988983	-2034.144360601902	-3084.3538590073586	-2871.3472376465797	-3262.6644095778465	-4333.525256872177	-4472.630294620991	-5128.14479970932	-1930.3840681314468	-2064.7865221500397	-8112.681643307209	-8308.355183959007	-1505.4443782567978	-2282.52056902647
-8104.31177175045	-1090.8880417943	-8188.999794244766	-1143.8209818005562	-1106.3690634965897	-7965.024899125099	-2168.89013504982	-798.3831687569618	-7774.129355549812	-7878.671346664429	-3094.5673493146896	-3623.371393740177	-5744.67935860157	-7763.974032998085	-7902.8566845059395	-7623.9872452020645	-7890.529294013977	-3452.1042528152466	-2444.573693752289	-4533.4302988648415	-1863.5484260320663	-5701.6543798446655	-7855.376397788525	-5925.321588397026	-7682.691390931606	-8209.356397628784	-8022.617940783501	-7529.800574243069	-1942.7017966508865	-2603.2941368222237	-7635.75775873661	-2894.5153872966766	-3456.882108569145	-8024.65595716238	-3165.4118924736977	-2709.1488265395164	-3441.2865360975266	-2057.2635293006897	-1777.1425446271896	-1755.0655487179756	-3293.8204458355904	-4376.278945863247	-4508.857901632786	-3866.630765736103	-1919.5162306427956	-845.9237160682678	-8055.3520839214325	-8236.641751110554	-1468.810386478901	-2230.419325530529
-7863.208436906338	-2035.5606079101562	-7970.752897083759	-2722.5383424162865	-2670.693538248539	-7873.782456934452	-2191.937112212181	-2288.528415799141	-7838.484516084194	-7401.58193397522	-3140.4285393953323	-5854.110189914703	-3527.6944620013237	-7715.030364990234	-7737.683296620846	-7578.031336724758	-7923.574729382992	-3584.1901072859764	-2389.352460861206	-4557.298202455044	-1922.245614349842	-3352.4329236745834	-7708.9387238025665	-6113.639397084713	-7731.227746963501	-7783.5484827160835	-7964.068212687969	-7581.351998984814	-1974.8994195461273	-2539.1773221492767	-7527.803968012333	-2893.74664324522	-3468.4839844703674	-7928.624031364918	-3243.2545909285545	-2286.54680454731	-3470.960975766182	-2114.8064746260643	-3097.7065024375916	-3035.573036134243	-3346.464608848095	-4382.177146494389	-4535.0750479102135	-5182.86909532547	-1943.0469878315926	-2143.8857867121696	-8021.319289028645	-8029.664317667484	-1628.4090291261673	-2283.5674901604652
-7875.604707896709	-2602.1646957993507	-7858.433803200722	-2779.004219055176	-2745.045824944973	-7970.474502921104	-972.3293112516403	-2372.928109228611	-7627.7756234407425	-7386.524492025375	-3145.7380267977715	-4652.314519584179	-4728.518316626549	-7810.389909207821	-7802.455922186375	-7666.0588065981865	-7844.6400782465935	-3537.179662466049	-2497.6594361662865	-3433.7148581147194	-1980.4538239836693	-4679.853519499302	-7681.333497643471	-6094.567968308926	-7911.592083692551	-7865.327840387821	-7820.528712153435	-7619.838997840881	-2026.6501397490501	-1341.7528191804886	-7402.936756014824	-3024.1574588418007	-3528.1966102719307	-7943.689633309841	-3298.64463531971	-2849.291351079941	-3569.056421160698	-996.1043529510498	-1541.8115748167038	-1391.8700872063637	-3306.8933524489403	-3317.626390516758	-3326.1784014105797	-3635.8082951903343	-1975.5166220664978	-2201.77170419693	-7842.514564633369	-8208.21309876442	-1581.3235974311829	-807.596404671669
-8074.914721190929	-2607.688215494156	-8072.8463988900185	-2779.2256566882133	-2863.6579180955887	-7897.819025576115	-956.7426760196686	-2384.7743475437164	-7730.174424290657	-7596.421757161617	-3224.6069968938828	-6356.37666875124	-2962.6885420084	-7739.723174333572	-7798.935218036175	-7400.627018749714	-7765.69185757637	-3595.7974244356155	-781.9135086536407	-1747.8439433574677	-1962.2990211844444	-2826.858636558056	-7697.243086159229	-5970.217897236347	-7708.35254740715	-7898.497528493404	-7703.987568080425	-7460.273198127747	-2032.2705081701279	-1379.8020313978195	-7298.611529886723	-2980.22279804945	-1755.584608912468	-8108.530813932419	-3339.1490182876587	-2877.975649833679	-1885.9325202703476	-977.2780732512474	-3134.3864153027534	-3011.584708750248	-1637.8726336956024	-1712.3877286314964	-1755.7974268198013	-3398.6560047268867	-1947.627699971199	-2259.367836356163	-7887.923325300217	-8223.385634124279	-1580.4153839945793	-2322.581963300705
-7917.801593720913	-2634.6299414634705	-7927.122201800346	-2748.6721788048744	-2771.817601442337	-7895.939475238323	-2273.9752002954483	-2378.1860058307648	-7732.823581755161	-7518.112959206104	-3122.3759083747864	-3495.794904053211	-5846.42995929718	-7901.210438966751	-7904.136204123497	-7649.520575761795	-7819.549900829792	-3562.4768891334534	-2528.7681075930595	-4637.98221051693	-2016.4896622896194	-5809.106448471546	-7688.096711456776	-5932.979595959187	-7818.022762537003	-8008.738314568996	-7936.73219782114	-7487.706349074841	-1988.4062192440033	-2678.596074819565	-7474.9251136779785	-3064.077200472355	-3599.5278766155243	-7842.162092626095	-3315.8892019987106	-2829.1421209573746	-3531.180669605732	-2102.8793065547943	-256.31295931339264	-277.2401549220085	-3338.7473831772804	-4484.177379012108	-4533.770239412785	-2407.7602031230927	-1984.8367446660995	-945.9811952710152	-7932.727189838886	-8142.101626217365	-1625.6624287366867	-807.6586230993271
-8117.111607015133	-2640.1534611582756	-8141.534797489643	-2748.893616437912	-2890.4296945929527	-7823.283997893333	-2258.3885650634766	-2390.03224414587	-7835.222382605076	-7728.010224342346	-3201.2448784708977	-5199.857053220272	-4080.6001846790314	-7830.543704092503	-7900.615499973297	-7384.088787913322	-7740.601680159569	-3621.0946511030197	-813.0221800804138	-2952.111295759678	-1998.3348594903946	-3956.1115655303	-7704.006299972534	-5808.629524886608	-7614.783226251602	-8041.90800267458	-7820.191053748131	-7328.140549361706	-1994.026587665081	-2716.6452870368958	-7370.599887549877	-3020.142539680004	-1826.9158752560616	-8007.0032732486725	-3356.3935849666595	-2857.826419711113	-1848.0567687153816	-2084.053026854992	-1848.8877997994423	-1896.9547764658928	-1669.7266644239426	-2878.9387171268463	-2963.389264822006	-2170.607912659645	-1956.9478225708008	-1003.5773274302483	-7978.1359505057335	-8157.274161577225	-1624.7542153000832	-2322.644181728363
-7918.801950633526	-1165.7140178084373	-8025.66500723362	-662.6813582777977	-612.0955788493156	-7871.495166480541	-2265.104164958	-858.0064798593521	-7566.546485841274	-7634.906140804291	-3269.9692873954773	-4250.511610031128	-5129.0222462415695	-7625.44534099102	-7641.579275250435	-7462.162131130695	-7763.3994200229645	-3645.863514006138	-2543.1877824664116	-3810.5973405838013	-1263.9495522379875	-5077.36699950695	-7687.364975035191	-6032.93784737587	-7616.571826040745	-7945.2060024142265	-7811.639451444149	-7318.777343451977	-2111.0183362960815	-1994.8595064282417	-8107.892360091209	-3011.590907752514	-3559.2919203042984	-7864.081268846989	-3315.017549276352	-2837.842336177826	-3535.6378666758537	-2125.613505423069	-3186.1570758223534	-3048.579345345497	-3376.2036648392677	-3643.0748074650764	-3816.737457871437	-5241.952262639999	-1276.4188762307167	-2156.4509465694427	-7888.512651920319	-8256.258079826832	-1620.951064825058	-2381.2457261681557
-7908.441884696484	-2590.719189941883	-7770.814137220383	-2794.66092389822	-2827.8083654642105	-7884.2182658314705	-1115.8948444128036	-2426.3236344456673	-7715.27117729187	-7408.727400779724	-3253.482252240181	-6432.394826114178	-2995.7176397442818	-7547.9568447470665	-7652.9439920187	-7548.55666154623	-7602.410931348801	-3610.595208287239	-2543.300161421299	-1644.3492490649223	-2007.8240613341331	-3052.7100526094437	-7464.390166461468	-5806.434564173222	-7708.703871250153	-7916.478375971317	-7732.771535873413	-7461.568372428417	-2099.698501586914	-1424.9832111001015	-7453.463092207909	-3056.887384712696	-1785.7609733343124	-8072.796792209148	-3356.149537920952	-1109.5041863918304	-1931.2638610005379	-1169.7414795160294	-3146.307900249958	-3054.002097725868	-1717.9867588877678	-1640.1649549603462	-1617.4981153607368	-3397.063471853733	-2031.1028745770454	-2345.7445355653763	-7757.142648339272	-8279.60241061449	-1680.1878480315208	-2370.6134138703346
-7888.3222125172615	-2590.8240765333176	-7953.2910940647125	-2170.3460708260536	-2168.694121658802	-7782.927386701107	-2305.508500099182	-2367.455139398575	-7640.74328649044	-7354.997123599052	-3285.162274956703	-5726.380237996578	-3617.8707309365273	-7705.395124197006	-7566.90640604496	-7501.980483233929	-7750.035224974155	-3711.548731327057	-2521.962252318859	-4647.976639926434	-1294.1483608484268	-3469.3724787831306	-7499.319598078728	-6037.93522053957	-7667.048575282097	-7825.8160999417305	-7864.188099563122	-7330.470806598663	-2117.1210074424744	-2638.590567111969	-8114.789195358753	-2993.632747530937	-3620.992917716503	-7907.212839901447	-3350.114455461502	-2882.9825154542923	-3596.111446738243	-2163.41824811697	-3183.111347436905	-3151.032763540745	-3405.774191081524	-4499.198775589466	-4628.079484283924	-5270.169441521168	-2041.5252839326859	-2241.110645890236	-7828.07696968317	-7965.937640428543	-1748.2803896665573	-2376.960581243038
-7950.638770520687	-2623.184435606003	-7839.502535820007	-2764.3288836479187	-2854.5801419615746	-7809.683238148689	-2417.5407334566116	-2431.581531047821	-7820.319135606289	-7540.315867960453	-3230.120133817196	-5275.87521058321	-4113.629282414913	-7638.777374505997	-7754.624273955822	-7532.018430709839	-7577.320753931999	-3635.8924349546432	-2574.408832848072	-2848.6166014671326	-2043.8598996400833	-4181.962981581688	-7471.153380274773	-5644.8461918234825	-7615.1345500946045	-8059.8888501524925	-7848.975021541119	-7329.435723662376	-2061.454581081867	-2761.8264667391777	-7525.451449871063	-3096.8071263432503	-1857.092239677906	-7971.269251525402	-3373.3941045999527	-1089.3549562692642	-1893.388109445572	-2276.516433119774	-1860.8092847466469	-1939.372165441513	-1749.840789616108	-2806.715943455696	-2825.0899533629417	-2169.0153797864914	-2040.4229971766472	-1089.9540266394615	-7847.355273544788	-8213.490938067436	-1724.5266793370247	-2370.6756322979927
-7748.717401742935	-2684.1168224215508	-8000.947219014168	-2891.2280448675156	-2844.760830760002	-7850.575339436531	-2302.9715651273727	-2387.8982798457146	-7688.061222732067	-7331.429831445217	-3284.9054676294327	-6478.363028228283	-2938.7110048532486	-7667.501774072647	-7591.293801724911	-7473.067918419838	-7725.070059120655	-3747.427024066448	-2521.7868517637253	-3855.952722787857	-2085.8983076810837	-2764.9201644062996	-7635.24867194891	-5919.698289096355	-7600.669573843479	-7582.50159317255	-7880.147668659687	-7382.572454929352	-2115.0903091430664	-1971.4277856349945	-7308.329865932465	-3058.201694250107	-3566.498554468155	-7808.261833846569	-3363.9835864901543	-2880.371467769146	-3539.2022772431374	-2206.2756194472313	-3199.5097192525864	-3212.8051438331604	-3460.003864109516	-3691.726697087288	-3879.18221116066	-5296.676558256149	-1289.0817959308624	-2235.5502111315727	-7797.150297641754	-7977.567213535309	-1743.9157156944275	-2382.2926473021507
-7736.925013124943	-1340.302470088005	-7806.842023193836	-1434.9689792990685	-1325.0176655054092	-7821.0492614507675	-2395.5489969849586	-996.1955631971359	-7342.947372615337	-7369.393947005272	-3302.1626376509666	-3344.3110615611076	-5950.026897251606	-7612.044453084469	-7684.635663866997	-7470.018843770027	-7761.173769414425	-3660.2129108309746	-2632.7568027973175	-4772.528977394104	-2107.708938419819	-5902.7484458088875	-7584.270824253559	-5995.144590318203	-7810.921495854855	-7856.275298774242	-7700.445593416691	-7421.411536514759	-2173.322378516197	-2812.7900869250298	-7309.927352249622	-3131.794081866741	-3642.23328268528	-7598.3343868255615	-3425.107328891754	-2967.4655708670616	-3626.343246817589	-2233.599799454212	-1747.0254462957382	-1526.061045229435	-3513.8350560069084	-4554.860782265663	-4689.443200945854	-3767.8926864266396	-2184.7665036916733	-2285.5718209147453	-7827.664702534676	-8003.279568493366	-1704.151082456112	-997.061147749424
-7743.749902129173	-2740.175925195217	-7640.158533334732	-2849.6399251818657	-2903.109071969986	-7620.462861537933	-2391.762895643711	-2466.5174570679665	-7613.454366445541	-7472.501945137978	-291.8473690152168	-3409.031124830246	-5927.919601917267	-7621.666651725769	-7531.745841264725	-7497.9849209189415	-7777.074720561504	-229.74323838949203	-2606.5304425358772	-4764.258147358894	-2125.717584967613	-5929.882433593273	-7561.147561252117	-8961.460105538368	-7421.430960834026	-7675.614431381226	-8014.910102903843	-7371.445436477661	-1290.0599243044853	-2851.9364734888077	-7386.638451516628	-538.7806956768036	-3639.4061402082443	-7858.394639670849	-343.03399127721786	-2977.901876747608	-3730.606945872307	-2244.359577059746	-3321.2290170788765	-3179.5505608320236	-3483.013205051422	-4614.824222505093	-4681.25914388895	-5389.250455498695	-2135.6697238087654	-2332.729047358036	-7682.741413414478	-7931.902390182018	-1635.9538276195526	-2557.531347513199
-7936.235026419163	-1345.8259897828102	-8021.254618883133	-1435.190416932106	-1443.629758656025	-7748.393784105778	-2379.962361752987	-1008.0418015122414	-7445.346173465252	-7579.291212141514	-3381.031607747078	-5048.3732107281685	-4184.197122633457	-7541.37771821022	-7681.114959716797	-7204.587055921555	-7682.225548744202	-3718.830672800541	-917.0108752846718	-3086.6580626368523	-2089.554135620594	-4049.7535628676414	-7600.180412769318	-5870.7945192456245	-7607.681959569454	-7889.444986879826	-7583.904449343681	-7261.845736801624	-2178.942746937275	-2850.8392991423607	-7205.602126121521	-3087.8594210743904	-1869.621281325817	-7763.175567448139	-3465.611711859703	-2996.1498696208	-1943.2193459272385	-2214.77351975441	-3339.600286781788	-3145.7756667733192	-1844.8143372535706	-2949.6221203804016	-3119.062226355076	-3530.740395963192	-2156.8775815963745	-2343.1679530739784	-7873.073463201523	-8018.452103853226	-1703.2428690195084	-2512.04670637846
-7815.425201237202	-2748.614603161812	-7915.508590042591	-2902.0503405332565	-2928.970306158066	-7790.879606604576	-1103.0223909020424	-2538.468668460846	-7739.669060111046	-7550.244625151157	-3323.4222007989883	-5337.302532732487	-4197.59886598587	-7608.413525879383	-7645.641830861568	-7450.225805222988	-7589.227873802185	-3751.488434970379	-2685.347290456295	-2752.6188668608665	-2145.833258807659	-4147.5948622226715	-7668.388257265091	-5649.0623869895935	-7376.90547555685	-7721.713689267635	-7778.213032007217	-7353.664604187012	-2178.0886476635933	-805.3903675079346	-7292.723242819309	-3204.5618455410004	-3699.158889889717	-7958.318578362465	-3424.330267369747	-2954.98540019989	-3713.998850286007	-1192.7969635725021	-1939.6543326973915	-2028.844290316105	-3462.095793426037	-2698.137966811657	-2742.0026225447655	-4117.416518807411	-1310.1836903095245	-1103.5447021126747	-7678.106069684029	-8139.2143295407295	-1721.8907455205917	-2409.572188615799
-7769.762189924717	-1328.8569642305374	-7719.222357213497	-1450.6256841421127	-1407.7802060246468	-7734.793024361134	-2539.114530146122	-1049.5910884141922	-7430.442926466465	-7391.596855759621	-3409.906863093376	-5124.391368091106	-4217.226220369339	-7349.611388623714	-7535.123733699322	-7352.516698718071	-7518.944622516632	-3733.6284566521645	-2678.39752805233	-2983.163368344307	-2135.0791757702827	-4275.604978919029	-7367.327493071556	-5707.011186182499	-7608.0332834124565	-7907.4258343577385	-7612.688417136669	-7263.140911102295	-2246.370740354061	-2896.0204788446426	-7360.453688442707	-3164.5240077376366	-1899.7976457476616	-7727.441545724869	-3482.612231492996	-1227.6784061789513	-1988.5506866574287	-2407.2369260191917	-3351.5217717289925	-3188.1930557489395	-1924.928462445736	-2877.3993467092514	-2980.7629148960114	-3529.1478630900383	-2240.352756202221	-2429.5446522831917	-7742.292786240578	-8074.668880343437	-1803.01533305645	-2560.0781569480896
-7749.724848389626	-2889.5678894519806	-7759.377026438713	-3040.0416139364243	-3109.0782966017723	-7679.308360219002	-2485.0474269986153	-2587.8446385860443	-7404.040399670601	-7218.732824683189	-3408.8401668071747	-4920.7967210412025	-4285.947723329067	-7678.614124178886	-7682.394479334354	-7230.120386481285	-7611.246155560017	-3829.2033091187477	-1001.2052891254425	-3191.2099742889404	-2242.495371878147	-4157.205631494522	-7432.900726437569	-5878.452526807785	-7743.0133311748505	-7688.826903820038	-7498.018706381321	-7219.751511633396	-2224.6471695303917	-2926.141237139702	-7044.769481062889	-3257.4212342500687	-2012.2670493721962	-7580.681702911854	-3616.089021384716	-3116.143164038658	-2033.1134794354439	-2260.3892970085144	-1818.7707014679909	-1667.9502729773521	-1889.7412745952606	-3057.5205535292625	-3143.9745641350746	-2071.8698333501816	-2222.1980956196785	-2443.2254322767258	-7750.448569118977	-7923.911978960037	-1860.0949112772942	-1089.286003947258
-7774.153431415558	-1360.9943858981133	-7747.572286486626	-867.4651669859886	-806.1036611199379	-7648.341440081596	-1227.1331225633621	-1136.0350853800774	-7302.474914729595	-7425.09290510416	-3503.465737402439	-4433.835900008678	-4980.355530023575	-7357.14089012146	-7401.7538949251175	-7299.636638045311	-7555.816908240318	-3813.3461639285088	-2789.511386215687	-3679.1895508766174	-1445.3025881052017	-4945.689173936844	-7428.633296191692	-5829.464312791824	-7436.18321031332	-7812.565180242062	-7525.966858506203	-7235.268143296242	-2365.035505235195	-1606.747161090374	-7934.184810817242	-3207.709780216217	-3796.358659207821	-7813.44187861681	-3519.6792632341385	-3095.9198977947235	-3866.0705969929695	-1280.6600851416588	-3413.9684478640556	-3215.8928003311157	-3582.9537932276726	-3576.2934485673904	-3646.5728572010994	-5451.041885375977	-2262.5569373369217	-2448.695762515068	-7603.970254421234	-7988.762698709965	-1804.7440732121468	-2593.6426472067833
-7604.7263635993	-2381.938062608242	-7571.844895660877	-2994.1765953302383	-3000.3233921527863	-7595.576058745384	-2520.2926889657974	-2642.1690954566	-7563.958328843117	-7242.707795202732	-3363.17844247818	-3277.46974670887	-6109.841504454613	-7594.833066642284	-7675.490587055683	-7384.6825912594795	-7633.286842048168	-3821.6574028730392	-2772.2046800255775	-4897.330377459526	-2262.3769161701202	-6065.454616427422	-7477.735949397087	-5751.238124549389	-7542.124432444572	-7713.089954137802	-7656.164714336395	-7311.922461748123	-2230.274419426918	-2919.479109764099	-7258.355296075344	-3317.3052307367325	-3857.826760351658	-7550.831664860249	-3580.541274905205	-2599.328251183033	-3792.938507974148	-2384.439042508602	-522.2354020476341	-507.9777468442917	-3600.425179064274	-4733.721241116524	-4786.072596609592	-2676.8228845000267	-2238.719277858734	-1195.7378736138344	-7764.800304889679	-7891.837778508663	-1886.0635862350464	-1077.5510721206665
-7816.350317239761	-1393.459631562233	-7816.26068508625	-837.1331267356873	-832.8754376173019	-7573.806412398815	-2528.77901160717	-1141.2929819822311	-7407.522873044014	-7556.681372284889	-3480.103618979454	-3277.3162844777107	-6098.267172694206	-7447.96141988039	-7503.43417686224	-7283.0984072089195	-7530.726730823517	-3838.643390595913	-2820.62005764246	-4883.456903278828	-1481.3384264111519	-6074.942102909088	-7435.396510004997	-5667.875940442085	-7342.613889157772	-7955.975654423237	-7642.170344173908	-7103.135494530201	-2326.7915847301483	-2943.59041672945	-8006.173168480396	-3247.6295218467712	-3867.6899255514145	-7711.9143379330635	-3536.9238299131393	-3075.7706676721573	-3828.1948454380035	-2387.4350387454033	-2128.4698323607445	-2101.2628680467606	-3614.8078239560127	-4742.84443706274	-4854.164695203304	-4222.993793308735	-2271.8770599365234	-1192.9052535891533	-7694.182879626751	-7922.6512261629105	-1849.0829045176506	-2593.7048656344414
-7634.5486206412315	-1454.2871317863464	-7795.228411436081	-1588.3471410274506	-1482.170370221138	-7715.98939281702	-1224.5961875915527	-1156.478225827217	-7349.792850971222	-7401.525612950325	-3503.2089300751686	-5185.818690240383	-4301.195803940296	-7319.247539997101	-7426.141290605068	-7270.72407323122	-7530.851742386818	-3849.2244566679	-2789.335985660553	-2887.165633738041	-2237.0525349378586	-4241.236859560013	-7564.562370061874	-5711.22738134861	-7369.804208874702	-7569.250673472881	-7541.926427602768	-7287.36979162693	-2363.004806935787	-939.5843796133995	-7127.725481390953	-3272.2787269353867	-3741.8642959594727	-7714.490872561932	-3533.5483942627907	-3093.308850109577	-3809.1614274978638	-1323.51745647192	-3430.366819679737	-3277.6651806235313	-3637.183466255665	-2768.8213700652122	-2897.675584077835	-5477.549002110958	-1510.1134493350983	-2443.135327756405	-7573.043582379818	-8000.3922718167305	-1800.379399240017	-2598.974713265896
-7583.25201189518	-2872.598863899708	-7457.344764769077	-3055.476881146431	-3073.228743970394	-7665.707600474358	-2644.1995953917503	-2629.393925487995	-7389.137152671814	-7031.038468301296	-3437.715422153473	-4996.8148784041405	-4318.976821064949	-7486.8477945923805	-7536.403253316879	-7378.0500292778015	-7447.965229332447	-3844.0010929703712	-2762.5919418931007	-3087.715279996395	-2288.020412027836	-4383.05704754591	-7200.047806739807	-5714.669193744659	-7743.364655017853	-7706.807751297951	-7526.802674174309	-7221.046685934067	-2292.075162947178	-2971.322416841984	-7199.621043384075	-3334.085820913315	-2042.4434137940407	-7544.947681188583	-3633.089541018009	-1347.6717005968094	-2078.444820165634	-2452.8527032732964	-1830.6921864151955	-1710.3676619529724	-1969.855399787426	-2985.2977798581123	-3005.67525267601	-2070.277300477028	-2305.673270225525	-2529.602131485939	-7619.6678921580315	-7980.128755450249	-1959.8673753142357	-1137.3174545168877
-7604.068882524967	-2879.3971905112267	-7722.854498267174	-3096.0118535757065	-3038.7689130306244	-7627.421613037586	-1265.0005227327347	-2665.92688536644	-7423.989651620388	-7121.616595745087	-3518.4019176363945	-6661.687318205833	-2790.044288635254	-7399.197323203087	-7351.468421399593	-7310.542425334454	-7517.487547338009	-3914.909673988819	-2768.1104555130005	-3724.544933080673	-2267.251343548298	-2633.242338836193	-7376.5169931054115	-5716.22475451231	-7420.2809581160545	-7449.860771000385	-7594.475075721741	-7299.063254773617	-2369.10747808218	-1583.3154402971268	-7134.622316658497	-3254.32056671381	-3803.5652933716774	-7757.62244361639	-3568.645300447941	-3138.4490293860435	-3869.635007560253	-1361.322199165821	-3427.3210912942886	-3380.118598818779	-3666.753992497921	-3624.945338189602	-3709.017610490322	-5505.7661809921265	-2275.2198570370674	-2527.795027077198	-7512.60790014267	-7710.071832418442	-1927.7087240815163	-2594.6895683407784
-7782.5620251894	-2878.122383594513	-7671.757360458374	-3055.6983187794685	-3191.84083712101	-7593.052123129368	-2628.6129601597786	-2641.2401638031006	-7491.5359535217285	-7240.935733437538	-3516.584392249584	-6700.877027571201	-2553.1470464468002	-7416.181059718132	-7532.882549166679	-7112.618241429329	-7369.017008662224	-3902.6188549399376	-1046.846014380455	-1401.8443652391434	-2269.865609228611	-2530.062164604664	-7215.957395255566	-5590.319122672081	-7540.125118732452	-7739.977439403534	-7410.261530101299	-7061.480886220932	-2297.6955313682556	-3009.3716290593147	-7095.295817255974	-3290.151160120964	-269.83141243457794	-7709.788861811161	-3673.593923985958	-1376.3559993505478	-395.3209192752838	-2434.026423573494	-3423.267026901245	-3330.0822834968567	-300.83468103408813	-1380.0591179728508	-1435.2942780852318	-1833.1250100135803	-2277.784348130226	-2587.198263645172	-7665.076652824879	-7995.301290810108	-1958.9591618776321	-2652.3030131459236
-7646.265768349171	-2911.8624361753464	-7791.542896866798	-3065.679813325405	-3065.5406895279884	-7552.886585354805	-2566.6464117765427	-2671.1847819685936	-7529.037609934807	-7253.205062925816	-3495.0397992134094	-5505.167702674866	-3907.9559313058853	-7490.017852962017	-7453.148703336716	-7294.004194498062	-7492.397369921207	-3940.2069006562233	-2799.2191269397736	-4928.812285482883	-2303.287181854248	-3762.4952678084373	-7383.280206918716	-5554.636382162571	-7326.711636960506	-7593.2712451815605	-7710.678561389446	-7166.930606007576	-2330.863557577133	-2920.158695936203	-7206.6106743216515	-3294.240308344364	-3874.896559715271	-7656.094902932644	-3585.8898671269417	-3118.2997992634773	-3831.759256005287	-2468.0971527695656	-2141.8224757909775	-2265.488666534424	-3698.608023226261	-4791.496326684952	-4916.609448492527	-4277.718088924885	-2284.539979636669	-1272.0045181512833	-7602.8205253481865	-7643.9603598713875	-1972.04755538702	-2594.7517867684364
-7448.038442611694	-2998.029031455517	-7533.350818991661	-3193.198338031769	-3147.6189081668854	-7646.903968930244	-1329.681252837181	-2736.28106290102	-7308.487077176571	-7040.967225492001	-3531.0174891352654	-5058.242200553417	-4402.946404635906	-7456.483945965767	-7427.420810222626	-7296.257403790951	-7459.872349202633	-3959.597092986107	-2873.5303995013237	-2991.717545390129	-2389.9937711954117	-4348.6889281868935	-7397.282683730125	-5718.88538891077	-7505.135580480099	-7368.632590413094	-7456.040684640408	-7245.275566458702	-2408.709229528904	-1014.8863176107407	-6966.892836332321	-3441.840540111065	-3884.5100640058517	-7531.997008025646	-3684.0257037878036	-3213.3021445274353	-3899.055561006069	-1369.1332337260246	-1909.53723436594	-1799.8397868275642	-3682.110403597355	-2876.719803214073	-2922.587921857834	-4018.6784394979477	-1575.4339633584023	-2543.192806959152	-7450.418688297272	-7905.852146923542	-1957.2314414978027	-1176.214010834694
-7647.348455905914	-3003.552551150322	-7747.763414680958	-3193.4197756648064	-3266.231001317501	-7574.248491585255	-1314.0946176052094	-2748.1273012161255	-7410.885878026485	-7250.8644906282425	-3609.8864592313766	-6762.304349720478	-2637.1166300177574	-7385.817211091518	-7423.900106072426	-7030.825615942478	-7380.92412853241	-4018.214854955673	-1157.784471988678	-1305.8466306328773	-2371.838968396187	-2495.6940452456474	-7413.192272245884	-5594.535317838192	-7301.896044194698	-7401.802278518677	-7339.499540567398	-7085.709766745567	-2414.3295979499817	-1052.9355298280716	-6862.56761020422	-3397.905879318714	-2111.898062646389	-7696.838188648224	-3724.5300867557526	-3241.9864432811737	-2215.931660115719	-1350.3069540262222	-3502.1120748519897	-3419.5544083714485	-2013.089684844017	-1271.4811413288116	-1352.2069472670555	-3781.5261490345	-1547.5450412631035	-2600.7889391183853	-7495.827448964119	-7921.0246822834015	-1956.3232280611992	-2691.19956946373
-7430.674672007561	-2487.4840463399887	-7284.881227195263	-3095.1443417072296	-3131.614862680435	-7320.099445044994	-2638.08038431406	-2730.500546693802	-7444.589113533497	-7197.096781134605	-532.6499031186104	-3190.7059674859047	-6191.331147074699	-7315.289279401302	-7303.100224196911	-7233.146936416626	-7590.8116617798805	-488.9237521290779	-2849.9670149683952	-5023.606314301491	-2371.604838848114	-6186.230601549149	-7350.786799192429	-8779.71863412857	-7145.532630741596	-7379.966070950031	-7734.342619419098	-7195.661549150944	-1531.9281244874	-3092.819508433342	-7170.068633913994	-792.0087259411812	-3897.705023944378	-7567.064211905003	-607.686064183712	-2748.0880069732666	-3992.3647842407227	-2525.9193130135536	-3587.151459813118	-3410.288152754307	-3744.6910009384155	-4864.3680846095085	-4933.561501085758	-5658.313136875629	-2389.5522570014	-2582.4857257008553	-7514.814528465271	-7681.638542473316	-1896.3549851179123	-2827.4237965345383
-7480.8756194114685	-2986.583525598049	-7445.731153011322	-3208.855042874813	-3230.381448686123	-7560.6477318406105	-1473.2467859983444	-2789.6765881180763	-7395.9826310276985	-7063.170134246349	-3638.761714577675	-6838.322507083416	-2670.145727753639	-7194.0508815050125	-7277.908880054951	-7178.755258738995	-7217.64320230484	-4033.0126388072968	-2919.171124756336	-1202.351936340332	-2417.3640085458755	-2721.545461297035	-7180.339352548122	-5430.751984775066	-7302.247368037701	-7419.78312599659	-7368.283508360386	-7087.004941046238	-2481.757591366768	-1098.1167095303535	-7017.419172525406	-3474.5704659819603	-2142.0744270682335	-7661.1041669249535	-3741.5306063890457	-1473.514979839325	-2261.263000845909	-1542.7703602910042	-3514.0335597991943	-3461.971797347069	-2093.2038100361824	-1199.2583676576614	-1213.907635807991	-3779.9336161613464	-1631.02021586895	-2687.1656383275986	-7365.046772003174	-7977.241458773613	-2056.0956920981407	-2739.2310200333595
-7465.3891877532005	-1617.534964799881	-7671.262718260288	-1751.9766138195992	-1618.7407535910606	-7477.996371567249	-2688.220208466053	-1289.1943393349648	-7139.161400794983	-7104.486050724983	-3674.8265284895897	-5353.683860182762	-4011.552869260311	-7200.851867079735	-7233.648163080215	-7114.502462506294	-7434.02123850584	-4037.9429223537445	-2903.2078221440315	-5063.359052360058	-2394.5064579844475	-3856.1372651457787	-7279.4543197155	-5616.801376521587	-7319.6103702783585	-7440.8082293868065	-7474.391956984997	-7100.6357934474945	-2515.779716849327	-3054.352708041668	-7041.612912893295	-3361.9571897387505	-3917.6019657850266	-7412.267197132111	-3695.107994019985	-3256.6232491731644	-3926.921833217144	-2598.8176456689835	-3632.534962773323	-3514.3095568418503	-3873.695696055889	-4862.179729938507	-5072.282410025597	-5637.850572228432	-2484.469738662243	-2611.5951437950134	-7497.758038043976	-7505.1383021473885	-2050.5362091064453	-2784.1543114185333
-7448.963558614254	-1642.874059855938	-7434.10291403532	-1128.2811242341995	-1051.5240396261215	-7429.8307747244835	-2755.437873542309	-1339.1053764224052	-6976.340890109539	-7047.403972625732	-3687.698907315731	-2998.255952298641	-6303.614711344242	-7296.031839966774	-7285.213156223297	-7129.130005776882	-7401.371206223965	-4046.752048611641	-3008.8031666874886	-5122.55558180809	-1725.4989387989044	-6276.03616887331	-7164.290936470032	-5737.698942363262	-7470.84399408102	-7602.894555568695	-7319.997996807098	-6994.746456801891	-2557.412166595459	-3153.0863668322563	-7680.342761993408	-3484.908216416836	-4053.041099667549	-7285.592767596245	-3796.619266331196	-3334.0874119997025	-4013.251556158066	-2563.771308898926	-2098.352734029293	-1872.25836455822	-3834.822434127331	-4921.426273465157	-5034.749994516373	-4124.255713999271	-2537.127332985401	-2632.553358435631	-7466.495498239994	-7689.289043545723	-2084.4236004948616	-1360.3466878533363
-7455.7884476184845	-3042.74751496315	-7267.419424176216	-2542.9520701169968	-2629.6154460906982	-7229.244374811649	-2751.6517722010612	-2809.427270293236	-7246.847883939743	-7150.511970758438	-677.3836386799812	-3062.9760155677795	-6281.507416009903	-7305.654038608074	-7132.323333621025	-7157.0960829257965	-7417.272157371044	-616.2823761701584	-2982.5768064260483	-5114.284751772881	-1743.5075853466988	-6303.170156657696	-7141.16767346859	-8704.014457583427	-7081.353459060192	-7422.233688175678	-7634.4625062942505	-6944.780356764793	-1674.149712383747	-3192.2327533960342	-7757.053861260414	-891.8948302268982	-4050.2139571905136	-7545.653020441532	-714.5459287166595	-3344.523717880249	-4117.515255212784	-2574.5310865044594	-3672.5563048124313	-3525.7478801608086	-3804.0005831718445	-4981.389713704586	-5026.565937459469	-5745.613483071327	-2488.0305531024933	-2679.7105848789215	-7321.572209119797	-7617.911865234375	-2016.2263456583023	-2920.816887617111
-7648.273571908474	-1648.397579550743	-7648.515509724617	-1128.502561867237	-1170.1361327767372	-7357.175297379494	-2739.851238310337	-1350.9516147375107	-7078.739690959454	-7257.301237761974	-3766.5678774118423	-4702.318101465702	-4537.784936726093	-7225.3651050925255	-7281.692452073097	-6863.69821792841	-7322.4229855537415	-4105.369810581207	-1293.0572391748428	-3436.6846670508385	-1707.3441359996796	-4423.041285932064	-7180.20052498579	-5613.348871290684	-7267.60445779562	-7636.064243674278	-7203.456852734089	-6835.180657088757	-2563.0325350165367	-3191.1355790495872	-7576.017535865307	-3440.973555624485	-2280.4290983080864	-7450.4339482188225	-3837.1236492991447	-3362.771710753441	-2330.1276552677155	-2544.9450291991234	-3690.9275745153427	-3491.972986102104	-2165.801715373993	-3316.187611579895	-3464.3690199255943	-3887.103423535824	-2509.2384108901024	-2690.149490594864	-7511.904258906841	-7704.461578905582	-2083.515387058258	-2875.3322464823723
-7316.183636844158	-3136.040260851383	-7315.075549125671	-3263.8340441584587	-3305.6821551918983	-7296.892327547073	-2749.114837229252	-2829.8704107403755	-7294.16582018137	-7126.944678604603	-677.1268313527107	-3814.9588057994843	-5602.347689926624	-7267.760688483715	-7156.710729300976	-7128.183518111706	-7392.306991517544	-652.1606689095497	-2982.4014058709145	-4322.260834634304	-2535.2575321793556	-5598.717842280865	-7277.096747338772	-8585.777526140213	-7014.974457621574	-7178.919181406498	-7650.422075390816	-6996.882005095482	-1672.1190140843391	-2525.0699719190598	-6950.5945318341255	-956.4637769460678	-3995.7195939421654	-7446.702014386654	-728.4150597453117	-3341.9126701951027	-4060.606085717678	-2617.3884578347206	-3688.954676628113	-3587.520260453224	-3858.2302561998367	-4173.917635202408	-4277.6686643362045	-5772.120599806309	-1735.5870651006699	-2674.1501501202583	-7290.645537078381	-7629.541438341141	-2011.8616716861725	-2926.1489536762238
-7278.879009723663	-3161.2768644690514	-7409.385125815868	-3356.8278108239174	-3284.189291536808	-7408.910947680473	-2793.3052737116814	-2868.9971764087677	-7097.855627000332	-6743.927663266659	-3702.6350875496864	-5226.107370495796	-4113.303469955921	-7338.088273048401	-7234.927682697773	-7140.035793066025	-7363.041845321655	-4148.315558671951	-2987.4022359848022	-5167.910964012146	-2547.4476942420006	-3963.5893337726593	-7112.174633383751	-5624.459384083748	-7454.941741883755	-7240.190146327019	-7388.506214022636	-7058.541568279266	-2561.484139442444	-3129.654646039009	-6880.780267834663	-3531.5190029144287	-4060.2477338314056	-7229.773332595825	-3845.585303544998	-3376.6165435910225	-4016.8159667253494	-2644.433422923088	-2111.705377459526	-2036.4841630458832	-3918.622633397579	-4970.078163087368	-5097.194747805595	-4178.980009615421	-2549.790252685547	-2711.652622997761	-7375.13314396143	-7410.5981772542	-2207.388251364231	-1361.3936089873314
-7478.189023017883	-3166.8003841638565	-7623.797721505165	-3357.049248456955	-3402.8013846874237	-7336.255470335484	-2777.7186384797096	-2880.843414723873	-7200.254427850246	-6953.824928402901	-3781.5040576457977	-6930.169519662857	-2347.4736953377724	-7267.421538174152	-7231.406978547573	-6874.604005217552	-7284.093624651432	-4206.933320641518	-1271.6563084721565	-3482.0400492548943	-2529.2928914427757	-2110.5944508314133	-7128.084221899509	-5500.109313011169	-7251.702205598354	-7273.359834432602	-7271.965069949627	-6898.975768566132	-2567.1045078635216	-3167.70385825634	-6776.455041706562	-3487.584342122078	-2287.635732471943	-7394.614513218403	-3886.089686512947	-3405.300842344761	-2333.692065834999	-2625.6071432232857	-3704.2802179455757	-3656.1987845897675	-2249.6019146442413	-3364.8395012021065	-3526.813773214817	-3941.8277191519737	-2521.901330590248	-2769.248755156994	-7420.541904628277	-7425.770712614059	-2206.4800379276276	-2876.3791676163673
-7481.800735414028	-1631.4285539984703	-7346.483248054981	-1143.9378290772438	-1134.286580145359	-7343.57453763485	-2899.003406703472	-1392.5009016394615	-7063.836443960667	-7069.606881380081	-3795.4431327581406	-4778.33625882864	-4570.814034461975	-7033.59877550602	-7135.701226055622	-7011.627860724926	-7159.142059326172	-4120.167594432831	-3054.443891942501	-3333.189972758293	-1752.8691761493683	-4648.892701983452	-6947.347605288029	-5449.565538227558	-7267.955781638622	-7654.045091152191	-7232.240820527077	-6836.475831389427	-2630.460528433323	-3236.316758751869	-7730.869098186493	-3517.638142287731	-2310.605462729931	-7414.699926495552	-3854.124168932438	-1594.300247311592	-2375.4589959979057	-2737.4084354639053	-3702.8490594625473	-3534.3903750777245	-2245.9158405661583	-3243.964837908745	-3326.06970846653	-3885.51089066267	-2592.713585495949	-2776.526189804077	-7381.123581945896	-7760.678355395794	-2183.2878510951996	-2923.363697052002
-7469.486795067787	-2625.4305047392845	-7316.480054318905	-3301.2027353048325	-3420.346627831459	-7292.688706636429	-2874.9304488301277	-2905.223253428936	-7322.670700609684	-6965.530569434166	-3757.3869263529778	-6482.55187022686	-2816.558591604233	-7109.803687393665	-7304.2369320988655	-6847.780256927013	-7182.7539498806	-4161.7993686795235	-1290.282586812973	-1661.1925321817398	-2515.752863109112	-2786.4103325605392	-7005.596633195877	-5408.577651262283	-7264.226788640022	-7444.32907897234	-7129.694046616554	-6885.696998894215	-2539.5637315511703	-3250.254664003849	-6878.725999653339	-3543.3791903853416	-528.1302961707115	-7418.458434045315	-3938.2459968924522	-1146.5421295762062	-657.0787576436996	-2715.586159527302	-3689.1894696354866	-3560.81987541914	-562.5124769210815	-1629.6029800772667	-1687.5966352820396	-2102.1876913905144	-2531.6668813228607	-2836.9549419879913	-7497.149767875671	-7745.037443101406	-2219.360319375992	-2922.195462167263
-7311.7161865234375	-3149.8313586115837	-7321.765459835529	-3372.4845156669617	-3366.9518320560455	-7322.654710590839	-2936.8708068728447	-2922.392701625824	-7185.3511808514595	-6766.1305720210075	-3810.379312992096	-7006.187677025795	-2380.502793073654	-7075.6552085876465	-7085.415752530098	-7022.533648014069	-7120.8126984238625	-4221.731104493141	-3033.0429612398148	-3378.545354962349	-2574.8179315924644	-2336.445866882801	-6895.231302201748	-5336.325979948044	-7252.053529441357	-7291.340681910515	-7300.749037742615	-6900.270942866802	-2634.5325012803078	-3212.885037958622	-6931.306604027748	-3564.248928785324	-2317.8120968937874	-7358.880491495132	-3903.0902061462402	-1636.8293789029121	-2379.0234065651894	-2818.0705494880676	-3716.2017028927803	-3698.6161735653877	-2329.7160398364067	-3292.6167275309563	-3388.5144617557526	-3940.23518627882	-2605.3765051960945	-2855.625454366207	-7289.761227667332	-7481.987489104271	-2306.252501964569	-2924.410618185997
-7346.587166130543	-1756.8587215542793	-7422.489302277565	-1281.6592859625816	-1208.6767443418503	-7324.770906090736	-1584.485064148903	-1499.3880390524864	-6983.186368465424	-7079.5356385707855	-3888.745199739933	-4839.763580977917	-4654.783618032932	-7003.234926879406	-7026.718782961369	-6929.835235238075	-7171.049179196358	-4235.763594448566	-3165.382349550724	-3237.192238152027	-1854.8425353169441	-4614.524582624435	-7144.582482278347	-5453.781733393669	-7029.726707100868	-7315.869930267334	-7161.4788309931755	-6860.7047119140625	-2747.094595015049	-1279.880659520626	-7498.140891134739	-3625.3928614854813	-4152.672112941742	-7401.749253332615	-3905.0603317022324	-3459.930691242218	-4196.069736838341	-1653.6889659166336	-3781.694107413292	-3623.8624999523163	-3958.170844376087	-3135.3868612647057	-3242.9823776483536	-5833.91202968359	-1862.4742786288261	-2790.1168652772903	-7211.874378085136	-7686.401746869087	-2180.6519172787666	-2962.260253369808
-7494.600570678711	-3180.693973362446	-7299.018251299858	-2749.0104637145996	-2918.347211241722	-7201.833636403084	-2988.5018367171288	-2984.14997702837	-7124.92947101593	-6918.945759057999	-3902.1206619143486	-6354.821918308735	-2906.7348605394363	-7100.168446600437	-7133.46004152298	-6771.729403436184	-7009.214445471764	-4289.157992720604	-1422.892378270626	-1751.8709696531296	-1887.6556096076965	-2903.3498876690865	-6795.977507472038	-5332.87347471714	-7200.047616958618	-7486.596696197987	-7029.813933491707	-6634.815806508064	-2681.7853194475174	-3349.6679089665413	-7465.71122699976	-3643.2652946710587	-680.6392294168472	-7397.047242581844	-4045.1058614254	-1742.9778404831886	-782.2292286157608	-2764.1979330182076	-3774.5943146348	-3676.2796028256416	-621.8220591545105	-1746.6246091723442	-1780.6010716557503	-2189.488037586212	-2630.145177423954	-2934.1798011660576	-7303.907448530197	-7681.310765862465	-2339.231679916382	-3015.588553249836
-7176.502617239952	-3275.2615261673927	-7397.771514058113	-3510.2059725522995	-3441.341996252537	-7303.851079046726	-1622.3524643182755	-3029.279839038849	-7104.701105356216	-6776.059329211712	-3903.6813799738884	-7067.614999175072	-2464.4723766446114	-7045.291359961033	-6976.433309435844	-6940.741022527218	-7132.719818294048	-4337.327104508877	-3143.9814188480377	-3282.547620356083	-2676.7912907600403	-2302.0777475237846	-7092.466179192066	-5340.542175114155	-7013.824454903603	-6953.165521025658	-7229.9870482087135	-6924.4998233914375	-2751.166567862034	-1256.4489387273788	-6698.578396975994	-3672.003647983074	-4159.878747105598	-7345.929818332195	-3954.0263689160347	-3502.459822833538	-4199.634147405624	-1734.351079940796	-3795.046750843525	-3788.0882984399796	-4041.9710436463356	-3184.038750886917	-3305.4271309375763	-5888.63632529974	-1875.1371983289719	-2869.2161298394203	-7120.512023806572	-7407.710880577564	-2303.616568148136	-2963.3071745038033
-7354.995759904385	-3273.986719250679	-7346.674376249313	-3469.8924377560616	-3594.413920342922	-7269.481589138508	-2985.9649017453194	-3004.5931174755096	-7172.247407257557	-6895.378466904163	-3901.863854587078	-7106.80470854044	-2227.5751344561577	-7062.275096476078	-7157.84743720293	-6742.816838622093	-6984.249279618263	-4325.036285459995	-1422.7169777154922	-959.8470525145531	-2679.4055564403534	-2198.8975732922554	-6931.90658134222	-5214.636543273926	-7133.6686155200005	-7243.282189428806	-7045.773502588272	-6686.917454838753	-2679.7546211481094	-2682.505127489567	-6659.251897573471	-3707.8342413902283	-626.144866168499	-7298.096236526966	-4058.974992454052	-1740.3667927980423	-725.3200591206551	-2807.055304348469	-3790.9926864504814	-3738.0519831180573	-676.0517321825027	-939.152530670166	-1031.703798532486	-2215.9951543211937	-1877.7016894221306	-2928.6193664073944	-7272.980776488781	-7692.940338969231	-2334.867005944252	-3020.9206193089485
-7135.888328492641	-1390.1821810007095	-7078.825607895851	-1373.7855407595634	-1280.0298303365707	-7129.4673582315445	-3001.755362212658	-1603.0884660482407	-6807.4756371974945	-6771.99880862236	-3928.5014414191246	-2779.9307949543	-6567.026256501675	-6989.654467642307	-7056.567539155483	-6864.292021274567	-7215.108147442341	-4305.932562351227	-3252.2397391200066	-5381.903748750687	-1971.3861926794052	-6532.3843368291855	-6953.930174410343	-5555.9574709534645	-7194.94566398859	-7307.246195137501	-7039.430513322353	-6818.962569475174	-2799.2803667783737	-3393.9694017767906	-7463.772944390774	-3738.1362466812134	-4311.339983403683	-6994.262339830399	-4061.27133923769	-3104.273542225361	-4275.009394526482	-2845.3310448527336	-2364.2751767635345	-2102.995956480503	-4096.500230014324	-5170.970135569572	-5287.0523517131805	-4393.318395376205	-2791.0098661780357	-2882.31003677845	-7298.568613290787	-7439.025195837021	-2344.8247579932213	-1630.2391368746758
-7171.53511762619	-3331.320628941059	-7036.982828378677	-3468.6178528666496	-3499.6902374625206	-7073.7386011481285	-1711.1437948346138	-3107.8990162611008	-7030.094249069691	-6917.131442904472	-910.6232813596725	-3998.2830957770348	-5453.68097370863	-6999.456237614155	-6916.885348975658	-6965.658025026321	-7184.724479734898	-819.6433188319206	-3228.7250096201897	-4190.85304492712	-2716.61056804657	-5467.040016710758	-7018.365068495274	-8382.303991556168	-6834.58584189415	-7046.278359234333	-7364.749482452869	-6913.372804939747	-1926.1361830234528	-2136.957626581192	-6776.886982560158	-1152.582649409771	-4232.786332845688	-7396.062624156475	-933.0767737030983	-3599.9902318120003	-4391.038816034794	-1772.4350375533104	-3916.766048669815	-3754.833715438843	-4064.9803845882416	-4107.136276304722	-4107.504063665867	-5981.210222542286	-2721.725126206875	-2966.3949660658836	-7006.103139579296	-7362.046057224274	-2195.6546800732613	-3138.5458747148514
-7213.732003450394	-3363.785874605179	-7105.671226978302	-3438.2858126163483	-3526.4620139598846	-6999.203573465347	-3012.789683878422	-3113.1569128632545	-7135.1422073841095	-7048.719910085201	-887.2611629366875	-2841.763480246067	-6571.592616379261	-7090.276767373085	-7018.565630912781	-6949.11979418993	-7159.634302318096	-844.9405454993248	-3259.8336810469627	-5395.12039732933	-2752.64640635252	-6596.2929456830025	-7025.1282823085785	-8220.715619206429	-6741.016520738602	-7189.688833415508	-7480.952968120575	-6781.240156173706	-1887.892262518406	-3473.8008822202682	-6848.875340223312	-1192.5023910403252	-4304.1175991892815	-7294.535083472729	-950.3213403820992	-3579.841001689434	-4353.163064479828	-2879.209991157055	-2631.267433166504	-2640.2037831544876	-4096.834415316582	-5273.687264800072	-5315.095901668072	-4753.162130475044	-2731.0452488064766	-1710.6044571399689	-7096.315764784813	-7295.934584677219	-2239.993511378765	-3138.6080931425095
-7177.427733242512	-1920.1065545678139	-7298.523609101772	-1445.2887587547302	-1345.247127711773	-7086.777884840965	-3048.109085023403	-1632.104152560234	-6772.554918289185	-6782.496076345444	-4060.362798154354	-5007.628750920296	-4365.140683352947	-6884.83925396204	-6834.225655436516	-6773.613624513149	-7074.21867531538	-4424.482060134411	-3279.2541860342026	-5413.385656774044	-2012.296458363533	-4229.424988210201	-6859.4744319319725	-5359.355728566647	-6979.532868504524	-7187.427486181259	-7093.944360375404	-6673.970713734627	-2899.869504928589	-3394.6489879488945	-7412.028322637081	-3715.071324288845	-4328.409782767296	-7099.525577902794	-4066.619931459427	-3623.245090305805	-4313.830142557621	-2928.989155113697	-3983.862250506878	-3860.506876170635	-4194.6830741763115	-5228.7452211380005	-5417.589203596115	-5994.2135998010635	-2836.8305679559708	-2958.576681315899	-7136.588833749294	-7191.147777199745	-2430.808727145195	-3147.4398515224457
-7032.8554228544235	-2069.4584032297134	-6985.391048371792	-2124.5826131105423	-2079.662078022957	-6924.313359677792	-3134.363480567932	-1731.1664702296257	-6745.265998244286	-6900.000897884369	-1067.0478922128677	-2690.2796377539635	-6675.189554333687	-6801.110781490803	-6799.0650906562805	-6769.618062198162	-7101.258170902729	-942.676567196846	-3363.8223762512207	-5529.667164206505	-2843.8656824827194	-6689.934943020344	-6921.302395105362	-8282.880613565445	-6733.915254056454	-7037.225817620754	-7244.6663637161255	-6714.945343613625	-2072.8084217906	-3607.994894325733	-6683.877578794956	-1260.2192724347115	-4346.823005259037	-7050.707377672195	-1059.5394672751427	-3718.164451599121	-4448.325641691685	-3009.930484056473	-4121.9799201488495	-3889.024673461914	-4271.92208814621	-5344.370668053627	-5470.768863201141	-6113.294613778591	-2930.9750078320503	-3050.195082783699	-6991.253277480602	-7157.11252695322	-2318.4821650981903	-3328.0106177926064
-7210.347240686417	-3469.267087340355	-7068.581655502319	-3674.6762464642525	-3788.4220026135445	-7046.327862739563	-1947.9938593506813	-3282.621722996235	-6908.175836145878	-6685.565231204033	-4135.36030459404	-7290.12899851799	-2078.908418238163	-6793.970645606518	-6918.022056877613	-6580.291345536709	-6776.666767835617	-4492.518935382366	-1669.0405814647675	-828.4392628073692	-2860.7585923075676	-2067.219747722149	-6673.174902498722	-5011.16300868988	-6953.279999792576	-7110.641367256641	-6760.100909650326	-6603.408254683018	-2933.771790087223	-2294.392782151699	-6485.544348299503	-3903.9531138539314	-863.2116050720215	-7247.456846296787	-4263.6367064118385	-1998.4443544149399	-1055.7527894377708	-1962.1018840670586	-4018.8040584921837	-3905.365438103676	-882.8018605709076	-872.37117177248	-861.5391978621483	-2425.084777057171	-2863.8397505283356	-3220.8641823530197	-6988.4383789896965	-7425.444957852364	-2518.660014331341	-3233.317540347576
-7252.54412651062	-3501.7323330044746	-7137.270054101944	-3644.344206213951	-3815.1937791109085	-6971.792835056782	-3249.6397483944893	-3287.8796195983887	-7013.223794460297	-6817.153698384762	-4111.998186171055	-6133.609382987022	-3196.8200609087944	-6884.791175365448	-7019.702338814735	-6563.753114700317	-6751.576590418816	-4517.81616204977	-1700.1492528915405	-2032.7066152095795	-2896.7944306135178	-3196.472676694393	-6679.938116312027	-4849.574636340141	-6859.710678637028	-7254.051841437817	-6876.304395318031	-6471.275605916977	-2895.527869582176	-3631.2360377907753	-6557.532705962658	-3943.8728554844856	-934.5428714156151	-7145.929305613041	-4280.881273090839	-1978.2951242923737	-1017.8770378828049	-3068.876837670803	-2733.3054429888725	-2790.7355058193207	-914.6558912992477	-2038.92216026783	-2069.131035864353	-1197.0366849899292	-2873.1598731279373	-1965.073673427105	-7078.651004195213	-7359.333485305309	-2562.9988456368446	-3233.379758775234
-6846.345244824886	-3613.200302898884	-6723.513455927372	-3729.4338101148605	-3745.110615968704	-6855.227935791016	-3239.4485458135605	-3310.9693073034286	-6703.960224449635	-6539.4425104260445	-1094.8564512729645	-2562.7031480669975	-6776.940155029297	-6938.347187459469	-6800.344610273838	-6795.151392757893	-7030.278777718544	-1053.0492035150528	-3448.0167900919914	-5634.219075858593	-2996.8069187402725	-6797.387011647224	-6754.022708773613	-8290.538621127605	-6869.24662566185	-6836.6077345609665	-7158.780620753765	-6672.851118445396	-2118.5128443837166	-3683.2968323230743	-6523.044933736324	-1429.7810856103897	-4489.468773305416	-6868.21351313591	-1210.0167768001556	-3838.157746016979	-4538.21977519989	-3055.5462613105774	-2601.1503348350525	-2411.199279665947	-4316.8490254879	-5452.269101202488	-5495.68120098114	-4654.424051165581	-2996.2955218553543	-3150.2525619864464	-6868.628383398056	-7062.572402060032	-2475.334207355976	-1905.2499153614044
-7045.655258119106	-3618.723822593689	-6937.926051616669	-3729.655247747898	-3863.72270911932	-6782.572458446026	-3223.8619105815887	-3322.815545618534	-6806.359025299549	-6749.339775562286	-1173.7254213690758	-4266.765297234058	-5011.110380411148	-6867.68045258522	-6796.823906123638	-6529.71960490942	-6951.330557048321	-1111.6669654846191	-1732.2708625793457	-3948.3481611013412	-2978.6521159410477	-4944.392128705978	-6769.9322972893715	-8166.188550055027	-6666.00708937645	-6869.77742266655	-7042.239476680756	-6513.285318732262	-2124.1332128047943	-3721.3460445404053	-6418.719707608223	-1385.846424818039	-2716.8567719459534	-7033.054693758488	-1250.5211597681046	-3866.8420447707176	-2855.09587430954	-3036.719981610775	-4193.725175321102	-4030.9139012098312	-2647.828306734562	-3847.0304393172264	-3925.300226390362	-4417.271760702133	-2968.4065997600555	-3207.8486941456795	-6914.037144064903	-7077.744937419891	-2474.4259939193726	-3420.2354739904404
-6900.656773328781	-3111.0939957499504	-6750.393920838833	-3683.790229141712	-3754.967804670334	-6698.840156972408	-3259.107172548771	-3377.14000248909	-6966.276954472065	-6773.314746081829	-1128.063697040081	-2623.4383229017258	-6835.004161536694	-6783.899395048618	-6789.920013844967	-6684.281809687614	-6973.371243536472	-1104.1210592389107	-3503.2702534794807	-5654.468564271927	-2998.533660233021	-6852.641113638878	-6814.76752024889	-8038.974147796631	-6465.118190646172	-6894.040472984314	-7200.38548463583	-6605.456268846989	-2129.7604627013206	-3714.6839171648026	-6632.305522620678	-1445.7304213047028	-4562.416482925415	-7003.2046557068825	-1214.9734132885933	-3350.0271319150925	-4614.920902848244	-3160.7697271108627	-2897.1898759007454	-2870.941375076771	-4358.512211203575	-5523.231126904488	-5567.39825886488	-5022.224811851978	-2984.927781999111	-1960.361135482788	-6928.388879835606	-7045.670736968517	-2500.394668877125	-3408.500542163849
-7071.66754591465	-2207.4048616290092	-7016.989875495434	-2330.641006708145	-2368.3938431739807	-6896.902621269226	-3371.2135450839996	-1905.8891769647598	-6623.347585320473	-6668.434686183929	-4291.784915447235	-5982.125540494919	-3300.41699886322	-6595.625189483166	-6800.201798558235	-6384.2513827085495	-6693.2004590034485	-4615.552183747292	-1804.1379480957985	-2167.253382086754	-2988.013706743717	-3290.1146740317345	-6576.11222910881	-4911.739630699158	-6852.60941195488	-7101.588825643063	-6640.017790913582	-6404.980793356895	-3080.44402885437	-3765.4300498962402	-6392.534944534302	-4011.589736878872	-977.2482774853706	-6902.101599812508	-4390.099399983883	-2116.6185742020607	-1113.0396150946617	-3199.597330570221	-4224.017929971218	-4039.556396126747	-1089.7435641288757	-2109.605563521385	-2224.803997397423	-2557.169168293476	-3073.089632153511	-3304.664299070835	-6973.588516891003	-7220.51142758131	-2641.48749935627	-3422.782283425331
-6879.1824216246605	-3601.754797041416	-6635.893789947033	-3745.090514957905	-3827.8731564879417	-6768.971698701382	-3383.014078974724	-3364.364832520485	-6791.455778300762	-6561.645419180393	-1202.600676715374	-4342.783454596996	-5044.13947814703	-6675.914122998714	-6650.832680106163	-6677.649247705936	-6788.049630820751	-1126.4647493362427	-3493.657515347004	-3844.853466808796	-3024.1771560907364	-5170.243544757366	-6537.07937759161	-8002.405216991901	-6666.358413219452	-6887.758270144463	-7071.023444473743	-6514.580493032932	-2191.5612062215805	-3766.527224242687	-6573.571269929409	-1462.511011481285	-2747.033136367798	-6997.320672035217	-1267.5216794013977	-2098.370581328869	-2900.42721503973	-3229.183387875557	-4205.646660268307	-4073.3312901854515	-2727.9424319267273	-3774.807665646076	-3787.0009149312973	-4415.6792278289795	-3051.881774365902	-3294.2253933548927	-6783.256467103958	-7133.961713910103	-2574.198457956314	-3468.26692456007
-6925.770548939705	-3666.3574643731117	-6732.932117819786	-3131.5979575514793	-3252.968388080597	-6607.985086739063	-3372.678560435772	-3456.066726088524	-6768.535724878311	-6726.729935705662	-1272.7974326014519	-2495.7083709836006	-6925.180430471897	-6774.26415425539	-6619.143123269081	-6608.230956196785	-6799.831739127636	-1231.4796832799911	-3635.880044937134	-5745.147001743317	-2370.4364067316055	-6969.580668747425	-6605.148394525051	-7963.269971251488	-6400.9390189647675	-6936.308090209961	-7100.5053715109825	-6354.575076460838	-2271.9820505976677	-3814.097162127495	-7219.290749967098	-1545.6165255904198	-4714.925416171551	-6981.793464243412	-1321.8332778215408	-3946.462842822075	-4740.071373820305	-3209.3815006017685	-2982.5947209000587	-2986.4011024832726	-4417.821793437004	-5640.252755999565	-5660.40269523859	-5109.525158047676	-3083.4060781002045	-2057.5859946608543	-6735.146560490131	-6981.944059729576	-2620.266029417515	-3501.893633246422
-6743.968852341175	-3727.184964597225	-6711.899844169617	-3882.8119718432426	-3902.263320684433	-6750.1680671572685	-2068.4957364201546	-3471.25196993351	-6710.805702805519	-6571.574176371098	-1295.9027436971664	-4404.210776746273	-5128.109061717987	-6645.550274372101	-6541.8502370119095	-6595.856622219086	-6799.956750690937	-1242.0607493519783	-3604.595972955227	-3748.85573220253	-3126.150515258312	-5135.87542539835	-6734.314254581928	-8006.621412158012	-6428.129338681698	-6549.583109259605	-7000.261454939842	-6538.809373557568	-2308.1952728033066	-1810.091125011444	-6340.843062877655	-1570.2657306790352	-4589.099786579609	-6984.36999887228	-1318.4578421711922	-3964.001025259495	-4721.037955880165	-2145.463918328285	-4284.491708219051	-4162.803415060043	-4440.197435736656	-3666.229689002037	-3703.913584113121	-6364.080366849899	-2321.6424674987793	-3307.816068828106	-6614.007263243198	-7059.685105383396	-2571.562524139881	-3507.1634808778763
-6786.165738165379	-3759.650210261345	-6780.588242769241	-3852.4799315929413	-3929.035097181797	-6675.633039474487	-3370.1416254639626	-3476.5098665356636	-6815.853661119938	-6703.1626435518265	-1272.5406252741814	-3247.6911612153053	-6246.0207043886185	-6736.370804131031	-6643.530518949032	-6579.318391382694	-6774.866573274136	-1267.3579760193825	-3635.704644382	-4953.12308460474	-3162.1863535642624	-6265.128354370594	-6741.077468395233	-7845.033039808273	-6334.56001752615	-6692.993583440781	-7116.464940607548	-6406.676724791527	-2269.9513522982597	-3146.9343806505203	-6412.83142054081	-1610.1854723095894	-4660.4310529232025	-6882.842458188534	-1335.702408850193	-3943.8517951369286	-4683.162204325199	-3252.2388719320297	-2998.99309271574	-3048.173482775688	-4472.051466464996	-4832.780677497387	-4911.505422115326	-5136.032274782658	-2330.962590098381	-2052.025559902191	-6704.219888448715	-6993.573632836342	-2615.901355445385	-3507.2256993055344
-6885.157367885113	-3751.1467612981796	-6755.112283051014	-3935.4922037124634	-4033.842381119728	-6827.81719738245	-3476.298610329628	-3485.692014038563	-6582.041811525822	-6307.876298725605	-4319.593474507332	-5854.549050807953	-3402.1675995588303	-6732.861595451832	-6801.481318175793	-6409.78471326828	-6622.2210658192635	-4725.924820065498	-1888.3323619365692	-2271.805293738842	-3140.9549430012703	-3397.566742658615	-6408.8325427770615	-4919.397638261318	-6987.940783560276	-6900.970742583275	-6554.1320479512215	-6362.886568188667	-3126.148451447487	-3840.7319878935814	-6231.70229947567	-4181.15155005455	-1119.8940455317497	-6719.607735276222	-4540.576709508896	-2236.611868619919	-1202.9337486028671	-3245.2131078243256	-2703.188344657421	-2561.73100233078	-1134.6705014705658	-2217.503996670246	-2249.7163351774216	-1098.2986056804657	-3138.410146176815	-3404.7217782735825	-6850.963622808456	-7125.971302688122	-2798.3395416140556	-2000.0215809941292
-6533.270014703274	-3360.5084240436554	-6368.236149787903	-3974.9382266402245	-3973.6164066791534	-6554.864519298077	-3485.7660344839096	-3574.952396929264	-6535.09497153759	-6264.037346422672	-1335.658985376358	-2344.3779907226562	-7040.351700186729	-6631.969815135002	-6571.698993206024	-6530.313408255577	-6844.01571893692	-1312.2297172546387	-3691.4533625245094	-5893.567242801189	-3242.6941726207733	-7053.7351796031	-6543.661946713924	-8108.797149717808	-6593.34829556942	-6540.959374129772	-6878.21313726902	-6497.067231118679	-2360.3810445666313	-3924.1798672676086	-6306.47511613369	-1683.0091158747673	-4747.76765704155	-6576.883085370064	-1474.6688497066498	-3608.3438762426376	-4799.977613568306	-3337.105997264385	-2867.072777569294	-2641.93687158823	-4578.526821374893	-5701.812963306904	-5747.983558177948	-4923.486732542515	-3250.178055047989	-3400.0092403292656	-6700.701498448849	-6812.30855435133	-2735.735364854336	-2175.142364382744
-6744.893968343735	-2372.0299929976463	-6612.651939213276	-1817.8947580456734	-1806.1684521436691	-6533.094872951508	-3494.2523571252823	-2074.076283454895	-6378.659515738487	-6578.010923504829	-1452.5841618776321	-2344.224528491497	-7028.777368426323	-6485.098168373108	-6399.642583012581	-6428.729224205017	-6741.455607712269	-1329.2157049775124	-3739.8687401413918	-5879.693768620491	-2461.655682861805	-7063.222666084766	-6501.322507321835	-8025.434965610504	-6393.8377522826195	-6783.845074415207	-6864.218767106533	-6288.280263900757	-2456.8982098698616	-3948.2911742329597	-7054.292988538742	-1613.333406984806	-4757.630822241306	-6737.965758442879	-1431.0514047145844	-4084.786292731762	-4835.233951032162	-3340.1019935011864	-4473.307207882404	-4235.221992790699	-4592.909466266632	-5710.93615925312	-5816.07565677166	-6469.657641351223	-3283.335837125778	-3397.1766203045845	-6630.084073185921	-6843.122002005577	-2698.75468313694	-3691.2961578965187
-6782.7809754014015	-3865.131422996521	-6743.498671293259	-4088.8703654408455	-4190.995085835457	-6722.757328748703	-2305.345800936222	-3645.974676668644	-6588.887289881706	-6340.007964670658	-4520.639766931534	-7696.056679487228	-1753.3365062475204	-6440.064682364464	-6542.986944913864	-6210.489942729473	-6391.8990387916565	-4914.936365902424	-2044.9115447998047	-386.44195008277893	-3270.29853951931	-1736.0551564097404	-6389.124088585377	-4635.480429291725	-6546.823496580124	-6613.946117281914	-6395.612882137299	-6228.8448233008385	-3315.830879867077	-1967.5262805819511	-6049.500428617001	-4321.636195123196	-1219.5250588059425	-6835.764221012592	-4649.017774879932	-2362.4551478624344	-1385.751929283142	-2335.1307648420334	-4386.52971804142	-4313.335137724876	-1258.0189117193222	-431.4645844697952	-457.94871830940247	-2807.9549213647842	-2463.75709182024	-3562.285285115242	-6596.342502653599	-7123.084006011486	-2894.5678583979607	-3601.935146510601
-6574.809419453144	-3890.4327976107597	-6587.934150993824	-4046.4414446353912	-4038.8337040543556	-6512.175045907497	-3532.119757294655	-3603.9680834412575	-6500.17425262928	-6274.534614145756	-1467.5203421115875	-4572.075946688652	-4838.466127038002	-6527.154601454735	-6349.357109487057	-6439.63501149416	-6703.126246809959	-1430.7792150378227	-3718.4678094387054	-5925.049150824547	-3283.604438304901	-4750.775830984116	-6449.206204235554	-7912.19540733099	-6377.935500085354	-6421.140665173531	-6932.726984322071	-6352.075375378132	-2460.9701827168465	-3924.8594534397125	-6254.730494379997	-1659.944193482399	-4764.837456405163	-6682.146323442459	-1480.0174419283867	-4127.315424323082	-4838.798361599445	-3420.7641075253487	-4486.659851312637	-4399.447791278362	-4676.7096655368805	-5759.588048875332	-5878.520410060883	-6524.381936967373	-3295.998756825924	-3476.2758848667145	-6538.721718907356	-6564.431135714054	-2821.7193340063095	-3692.3430790305138
-6605.870429813862	-2013.7921304106712	-6544.338301539421	-1962.431428194046	-1903.3827723264694	-6508.208070158958	-3622.7821504473686	-2249.7279218435287	-6329.163478136063	-6348.216773569584	-4523.915235340595	-2212.663150370121	-7210.699270963669	-6458.264583289623	-6543.387328803539	-6315.426894545555	-6597.667729198933	-4921.12986946106	-3905.542977631092	-6012.765998721123	-2598.315014064312	-7198.794848918915	-6417.9108954668045	-4815.212984621525	-6514.531223893166	-6821.320597171783	-6505.473378539085	-6228.757289171219	-3397.1127049922943	-4015.833810508251	-6926.009833097458	-4391.857942044735	-4976.05144238472	-6430.402783632278	-4668.558688342571	-3706.2126671671867	-4897.565513134003	-3480.1814589500427	-1674.313592851162	-1563.649178802967	-4710.321440279484	-5829.8331778645515	-5920.889109492302	-3757.2300703525543	-3386.385391175747	-2260.185446560383	-6712.142964661121	-6803.057390332222	-2948.864441752434	-2211.3158825039864
-6641.517218947411	-3954.930578351021	-6502.495522022247	-4057.263740301132	-4123.043179452419	-6452.479313075542	-2332.1705830693245	-3754.538472056389	-6551.782090008259	-6493.349407851696	-1506.0370752811432	-3431.015451192856	-6097.353988170624	-6468.066353261471	-6403.705138623714	-6416.79289829731	-6567.284061491489	-1434.8406259417534	-3882.028248131275	-4821.715294897556	-3343.5393894314766	-6133.4505288004875	-6482.345789551735	-7641.559505224228	-6154.171401798725	-6560.352761268616	-6830.792347669601	-6323.167524635792	-2523.9685212373734	-2758.8220353126526	-6239.123871266842	-1806.3043447732925	-4897.497791826725	-6832.203067958355	-1540.3641228079796	-4201.929356753826	-5013.594934642315	-2407.2854516506195	-3226.8044647574425	-3215.4869377613068	-4678.801594853401	-4765.999318599701	-4741.340821444988	-5345.121897518635	-3317.100651204586	-2344.2703758478165	-6419.677490949631	-6726.078251719475	-2799.6943638324738	-3719.622620344162
-6612.695318818092	-3413.6655855178833	-6377.654811680317	-3377.1023740768433	-3481.474178791046	-6307.621670246124	-3618.996049106121	-3720.0498157143593	-6599.670471966267	-6451.32477170229	-1513.5999667048454	-2277.3832136392593	-7188.59197562933	-6467.8867819309235	-6390.497506201267	-6343.392971694469	-6613.568680346012	-1490.660197019577	-3879.316617369652	-6004.495168685913	-2616.3236606121063	-7225.9288367033005	-6394.787632465363	-7781.52849984169	-6125.040688872337	-6640.659729778767	-6819.9378880262375	-6178.791189134121	-2513.8502507805824	-4054.980197072029	-7002.720932364464	-1798.8445558547974	-4973.224299907684	-6690.463036477566	-1586.485350728035	-3716.6489730477333	-5001.829212188721	-3490.9412365555763	-3248.5171636343002	-3217.1386944055557	-4679.4995893239975	-5889.796618103981	-5912.705052435398	-5378.58783942461	-3337.288611292839	-2307.3426730036736	-6567.219675540924	-6731.680212020874	-2880.6671869158745	-3771.7860822677612
-6473.090508043766	-3506.9583314061165	-6425.310936629772	-4097.984348118305	-4157.540887892246	-6375.269622981548	-3616.4591141343117	-3740.492956161499	-6646.988408207893	-6427.757479548454	-1513.343159377575	-3029.366003870964	-6509.432249546051	-6429.993431806564	-6414.884901881218	-6314.480406880379	-6588.603514492512	-1526.5384897589684	-3879.141216814518	-5212.471251547337	-3408.073607444763	-6521.476522326469	-6530.716706335545	-7663.291568398476	-6058.66168743372	-6397.345223009586	-6835.897457122803	-6230.892837464809	-2511.8195524811745	-3387.8174155950546	-6196.261602938175	-1863.413502573967	-4918.729936659336	-6591.5120304226875	-1600.3544817566872	-3714.037925362587	-4944.920042693615	-3533.7986078858376	-3264.9155354499817	-3278.9110746979713	-4733.72926235199	-5082.324539601803	-5163.807779312134	-5405.094956159592	-2584.8451232910156	-2301.7822382450104	-6536.293003499508	-6743.30978512764	-2876.3025129437447	-3777.118148326874
-6783.706091403961	-2509.976451396942	-6644.250766336918	-2023.9531516432762	-2094.900217294693	-6505.684134542942	-3731.10242164135	-2248.798990190029	-6256.741102814674	-6346.44471180439	-4677.3211851119995	-5636.070431232452	-3654.0048129558563	-6279.612576365471	-6400.7792909145355	-6043.3625447154045	-6333.397895812988	-5002.091321527958	-2180.1843119859695	-2517.27998650074	-2605.8037071228027	-3663.402397096157	-6156.132341325283	-4654.293982744217	-6512.5319101810455	-6848.208082437515	-6259.570194303989	-5978.315713644028	-3464.533816933632	-4105.726329803467	-6762.950354278088	-4364.7038714289665	-1388.05609446764	-6589.359980583191	-4761.611337423325	-2483.2404153347015	-1499.9479244351387	-3529.7688400149345	-4575.345217704773	-4385.753715455532	-1410.730942249298	-2476.1710547208786	-2570.1107909679413	-2913.532195866108	-3425.450461447239	-3651.6458365917206	-6612.419312596321	-6906.520902633667	-3021.7600173950195	-3786.0678235292435
-6613.6215425133705	-4028.3792560100555	-6619.532978117466	-4252.499838232994	-4327.5654692053795	-6484.764307498932	-3768.9698218107224	-3778.6907901763916	-6378.255839705467	-6042.968402445316	-4692.257365345955	-7863.921849429607	-1463.6935715675354	-6321.669009447098	-6350.493817389011	-6054.268332004547	-6295.068534910679	-5103.654831588268	-2158.7833812832832	-2562.635368704796	-3427.752462565899	-1350.9555619955063	-6104.016038239002	-4541.054424464703	-6496.62965798378	-6485.503673195839	-6328.078411519527	-6042.110825121403	-3468.6057897806168	-4082.2946090102196	-5963.387860119343	-4411.314657926559	-1395.2627286314964	-6533.540545582771	-4810.577374637127	-2525.7695469260216	-1503.5123350024223	-3610.430954039097	-4588.697861135006	-4549.979513943195	-1494.5311415195465	-2524.82294434309	-2632.555544257164	-2968.256491482258	-3438.1133811473846	-3730.7451011538506	-6521.056958317757	-6627.830036342144	-3144.724668264389	-3787.1147446632385
-6502.837524175644	-2693.068352639675	-6450.903742015362	-2713.228500545025	-2703.0150200128555	-6303.0540716052055	-3755.390268802643	-2377.805926024914	-6266.953839182854	-6476.218862831593	-1662.4616861343384	-2123.0119931697845	-7318.862568795681	-6269.720897138119	-6285.884880304337	-6220.7529354691505	-6483.817752659321	-1557.8738743066788	-4017.125614762306	-6160.529414176941	-3470.794503867626	-7356.345455110073	-6385.283116161823	-7542.136127233505	-6053.500813961029	-6551.300219655037	-6710.7092289328575	-6124.7400633096695	-2670.6407600045204	-4229.859303057194	-6146.11446750164	-1913.940967798233	-5011.534464240074	-6486.847821474075	-1666.826816380024	-4320.103576540947	-5070.881760299206	-3644.780898153782	-3432.018336236477	-3349.677895784378	-4885.743298411369	-6003.233710348606	-6104.605620980263	-5477.20628875494	-3526.3505328297615	-2428.070492565632	-6404.827628850937	-6521.1447214484215	-2922.521848857403	-3909.087363421917
-6478.407973229885	-4153.809423565865	-6695.53903234005	-4390.221295118332	-4401.955633401871	-6465.960675954819	-2454.451479256153	-3885.5779275894165	-6297.605764210224	-6052.897159636021	-4785.559432327747	-7925.349171578884	-1547.6631551384926	-6291.305160820484	-6241.511374294758	-5972.475706517696	-6306.975654780865	-5219.250831604004	-2269.721838891506	-2466.63763409853	-3529.7258217334747	-1316.5874426364899	-6301.2509152293205	-4545.270619630814	-6258.400583446026	-6147.328512310982	-6257.316421985626	-6066.339705646038	-3585.239856362343	-2125.8585097789764	-5730.659653067589	-4519.0693771243095	-3237.3293788433075	-6520.589872419834	-4861.513537406921	-4391.3999908566475	-3324.1230758428574	-2526.711484491825	-4667.542909085751	-4639.451638817787	-3206.7861453294754	-2416.244967699051	-2549.4682134389877	-4916.657630503178	-2707.874074280262	-3744.3357766270638	-6351.807754456997	-6553.553427815437	-3142.088734447956	-3826.0113009810448
-6469.705745279789	-3612.4395441412926	-6388.2213651537895	-4334.374781966209	-4419.500876545906	-6422.393912255764	-2551.663289606571	-3909.9577662944794	-6420.022036969662	-6064.602800667286	-4761.442301034927	-7477.731522142887	-2016.748051404953	-6133.687310039997	-6314.34132784605	-5945.651958227158	-6205.635980010033	-5174.11687964201	-2288.3481172323227	-645.7901170253754	-3516.185793399811	-1992.4033243656158	-6178.763326525688	-4453.7389578819275	-6270.925166487694	-6318.297756850719	-6115.045398652554	-6053.060935974121	-3557.6990800499916	-2208.4093155264854	-5832.930611014366	-4574.864225387573	-1477.823942542076	-6544.433793246746	-4913.6698477864265	-2132.641278088093	-1647.509767651558	-2616.690500795841	-4652.4521607756615	-4544.07272964716	-1519.6967076063156	-681.0084465742111	-710.2510755062103	-3077.0176027417183	-2717.6396250128746	-3812.041963458061	-6428.4156177043915	-6872.820158302784	-3154.9690158963203	-3871.8275955319405
-6311.935136735439	-4136.840398013592	-6393.506770670414	-4405.656562328339	-4366.106080770493	-6452.359916210175	-2613.603647649288	-3927.1272144913673	-6282.702517211437	-5865.2028032541275	-4814.434687674046	-8001.367328941822	-1580.6922528743744	-6099.538831233978	-6095.520148277283	-6120.405349314213	-6143.694728553295	-5234.048615455627	-4031.1084916591644	-2363.1429398059845	-3575.2508618831635	-1542.4388586878777	-6068.397995531559	-4381.487286567688	-6258.751907289028	-6165.309359788895	-6286.100389778614	-6067.634879946709	-3652.667849779129	-2171.0396894812584	-5885.511215388775	-4595.733963787556	-3267.505743265152	-6484.855850696564	-4878.5140570402145	-2622.9285274147987	-3369.4544165730476	-2719.174890756607	-4679.464394032955	-4681.869027793407	-3286.900270521641	-2344.0221940279007	-2411.1689019799232	-4915.065097630024	-2791.3492488861084	-3830.712475836277	-6221.027077496052	-6609.770204305649	-3241.8611984848976	-3874.0427515506744
-6316.327346146107	-4236.8102523088455	-6189.026149570942	-4318.079697549343	-4368.463557958603	-6233.96864771843	-3860.475334048271	-3957.6087630987167	-6225.648065388203	-6115.660475373268	-1690.2702451944351	-1995.4355034828186	-7420.613169491291	-6406.957303106785	-6287.164399921894	-6246.286266028881	-6412.838359475136	-1668.2465106248856	-4101.320028603077	-6265.081325829029	-3623.7357401251793	-7463.797523736954	-6218.003429830074	-7549.794134795666	-6188.832185566425	-6350.682136595249	-6624.823485970497	-6082.645838141441	-2716.345182597637	-4305.161241054535	-5985.281822443008	-2083.5027809739113	-5154.180232286453	-6304.35395693779	-1817.304125905037	-4440.096870958805	-5160.775893807411	-3690.3966754078865	-1911.18875092268	-1871.852501988411	-4930.670235753059	-6111.132143497467	-6129.5179587602615	-4018.3357261419296	-3591.6710468530655	-2528.127971768379	-6282.202734768391	-6426.604596555233	-3079.3738911151886	-2486.326660990715
-6328.441988825798	-3702.2386994957924	-6147.218215882778	-4302.768156826496	-4351.5489701628685	-6152.115896582603	-2578.4880717396736	-4018.5215616822243	-6382.916837096214	-6217.944243848324	-1746.8396093845367	-3212.6902938485146	-6360.765533328056	-6161.688980937004	-6175.059521555901	-6151.954913794994	-6381.021002709866	-1694.0211396813393	-4125.464820563793	-5081.063461840153	-3589.4266433119774	-6389.798696756363	-6271.985027492046	-7459.81803381443	-5878.273071706295	-6264.704400837421	-6550.224864184856	-6147.383637309074	-2765.836721420288	-2999.705070257187	-6022.5540536642075	-2059.53237503767	-5155.796675562859	-6540.872640192509	-1805.0161957144737	-3972.1154869794846	-5275.352773010731	-2688.8451876044273	-3492.726907491684	-3446.22452968359	-4940.479390740395	-5015.543180704117	-4993.643178641796	-5614.184578895569	-3570.9831843972206	-2594.0270541906357	-6251.750606000423	-6475.814404010773	-3060.0955213308334	-3989.5150693655014
-6515.637359440327	-4242.333772003651	-6403.438745260239	-4318.301135182381	-4487.075651109219	-6161.31317037344	-3844.8886988162994	-3969.455001413822	-6328.046866238117	-6325.55774050951	-1769.1392152905464	-3699.4976526498795	-5654.783394873142	-6336.290568232536	-6283.643695771694	-5980.8544781804085	-6333.890138804913	-1726.864272594452	-2385.574101090431	-4579.210411071777	-3605.5809373259544	-5610.802640795708	-6233.913018345833	-7425.444063723087	-5985.592649281025	-6383.851824700832	-6508.282341897488	-5923.080038428307	-2721.965551018715	-4343.210453271866	-5880.956596314907	-2039.5681201815605	-3381.5682309269905	-6469.195137560368	-1857.8085088729858	-4468.7811697125435	-3477.651992917061	-3671.570395708084	-3503.7635914087296	-3491.567123532295	-3261.6495169997215	-4505.8934816122055	-4559.136984169483	-3781.183435678482	-3563.7821247577667	-2585.7241039276123	-6327.611495435238	-6441.7771319150925	-3078.465677678585	-4001.312219619751
-6494.819520890713	-4167.703012764454	-6370.759562134743	-3782.1825103759766	-3917.501459956169	-6331.538842022419	-2665.2346774935722	-3988.8844898939133	-6222.280807375908	-6018.017990291119	-4906.176036596298	-7350.001570224762	-2106.9243203401566	-6124.052069246769	-6143.5644372701645	-5869.601104736328	-6032.096475601196	-5301.47550368309	-2420.9579086899757	-736.4685544967651	-2888.0885398983955	-2109.342879474163	-5969.144200801849	-4378.034781336784	-6206.74599480629	-6360.565374076366	-6015.165285527706	-5802.179743587971	-3699.9206679463387	-2307.8225604891777	-6419.915838360786	-4674.75032967329	-1630.3328757882118	-6523.022601783276	-5020.529712319374	-2729.076988995075	-1772.660238623619	-2665.302274286747	-4737.857005774975	-4659.532457053661	-1579.0062898397446	-798.0300756692886	-803.255511879921	-3164.317948937416	-2816.117921113968	-3909.2668226361275	-6235.173298358917	-6809.093481063843	-3274.8403764367104	-3965.2206866145134
-6349.164522945881	-4225.364746451378	-6101.406483590603	-4333.736402392387	-4451.22609847784	-6147.712410628796	-4004.0408672094345	-4011.004288315773	-6313.14361923933	-6137.863384127617	-1798.0144706368446	-3775.5158100128174	-5687.812492609024	-6144.52423864603	-6137.652469754219	-6128.784120976925	-6170.609212577343	-1741.6620564460754	-4146.960753858089	-4475.715716779232	-3651.105977475643	-5836.6540568470955	-6001.060098648071	-7261.660730659962	-5985.943973124027	-6401.832672178745	-6537.0663096904755	-5924.375212728977	-2789.393544435501	-4388.391632974148	-6035.808158636093	-2116.2327068448067	-3411.744595348835	-6433.461115837097	-1874.809028506279	-2700.3097062706947	-3522.983333647251	-3864.033801972866	-3515.685076355934	-3533.9845125079155	-3341.763642191887	-4433.670707941055	-4420.837672710419	-3779.5909028053284	-3647.257299363613	-2672.1008031368256	-6196.830818474293	-6497.993908405304	-3178.2381417155266	-4049.3436701893806
-6213.9509536623955	-4350.794914007187	-6177.412537813187	-4471.457859277725	-4525.616262674332	-6128.9087790846825	-2689.5225246548653	-4117.891425728798	-6232.493543744087	-6147.792141318321	-1891.316537618637	-3836.943132162094	-5771.782076179981	-6114.160390019417	-6028.6700266599655	-6046.991495490074	-6182.516332447529	-1857.258056461811	-4257.899211466312	-4379.717982172966	-3753.079336643219	-5802.285937488079	-6198.29497563839	-7265.876925826073	-5747.714898586273	-6063.657511293888	-6466.304320156574	-5948.6040932536125	-2906.027611017227	-2431.9555337429047	-5803.079951584339	-2223.9874260425568	-5253.811245560646	-6420.51044267416	-1925.7451912760735	-4565.940150201321	-5343.594074487686	-2780.3143324255943	-3594.5301243066788	-3623.4566373825073	-5054.018646001816	-4325.092731297016	-4337.750341892242	-5727.992041826248	-2917.0179924964905	-2685.6914786100388	-6027.581614613533	-6423.717299878597	-3175.6022078990936	-4088.240226507187
-6189.762294054031	-2440.3764737844467	-6095.626435875893	-2958.732917070389	-2931.5208107233047	-6002.6906551122665	-4001.707757472992	-2641.789015650749	-6098.088586270809	-6200.81369882822	-1903.264220237732	-1904.6868358254433	-7582.274113953114	-5963.343524813652	-6057.239263236523	-5955.914950966835	-6297.554693877697	-1817.0543880462646	-4260.562187194824	-6419.877581119537	-3716.681757748127	-7612.6936230659485	-6174.922354102135	-7360.394655823708	-5777.602483868599	-6255.651859223843	-6430.1417454481125	-5948.956175982952	-2912.508960187435	-4470.742338001728	-5929.544649899006	-2167.1689980626106	-5269.833347976208	-6195.517393708229	-1931.478889286518	-4090.2897067666054	-5332.639598667622	-3926.3406341075897	-3697.9407789707184	-3580.415487706661	-5147.421094298363	-6252.777572453022	-6356.907978177071	-5746.268970131874	-3780.233066022396	-2677.827170908451	-6236.90074390173	-6270.880873739719	-3182.9230063557625	-4178.979812443256
-6186.055277228355	-4424.243591666222	-6294.449993908405	-4666.693957209587	-4730.138552427292	-6161.193773508072	-4126.321763396263	-4142.043743848801	-6058.967293441296	-5697.4111359119415	-5077.536827683449	-8269.849530398846	-1138.1216595768929	-5967.763046205044	-5975.458705425262	-5684.466929197311	-5910.300805866718	-5526.072262108326	-2534.6543446183205	-2120.6380559802055	-3837.2924097776413	-1019.7909706830978	-5819.965224325657	-4165.371845066547	-6090.173154771328	-5988.808423221111	-5963.5903840065	-5667.5473937392235	-3850.6648795604706	-3755.4281074404716	-5527.34394043684	-4828.997739195824	-1751.5761823654175	-6121.847920298576	-5195.958443105221	-2889.780340373516	-1833.5114748477936	-3983.4598348140717	-4956.423520684242	-4957.949213564396	-1869.7481926679611	-2083.9163570404053	-2228.965064704418	-3351.126635789871	-3038.030722439289	-4072.166203916073	-6128.961081981659	-6325.4690845012665	-3520.632512331009	-4155.732350826263
-6003.252116024494	-3984.118373453617	-5833.748843431473	-4563.584114074707	-4596.969348669052	-5933.605231225491	-4106.79282271862	-4221.591852724552	-6056.782812476158	-5840.255311369896	-1931.0727792978287	-1777.1103461384773	-7684.024714648724	-6100.579930782318	-6058.51878285408	-5981.448281526566	-6226.575300693512	-1927.4270243644714	-4344.756601035595	-6524.4294927716255	-3869.62299400568	-7720.145691692829	-6007.642667770386	-7368.052663385868	-5912.933855473995	-6055.033776164055	-6344.256002485752	-5906.861950814724	-2958.213382780552	-4546.044275999069	-5768.712004840374	-2336.730811238289	-5412.479116022587	-6013.023529171944	-2081.956198811531	-4210.2830011844635	-5422.533732175827	-3971.9564113616943	-2177.1111936569214	-2102.590093910694	-5192.348031640053	-6360.676005601883	-6381.820315957069	-4287.398407518864	-3845.5535800457	-2777.8846501111984	-6114.275849819183	-6176.340748846531	-3339.7750486135483	-2756.2191100120544
-6214.876069664955	-2995.639942407608	-6078.164632856846	-2406.540645480156	-2429.521394133568	-5911.8355848789215	-4115.279145359993	-2720.715739250183	-5900.347356677055	-6154.228888452053	-2047.9979557991028	-1776.9568839073181	-7672.450382888317	-5953.708284020424	-5886.462372660637	-5879.864097476006	-6124.015189468861	-1944.4130120873451	-4393.171978652477	-6510.556018590927	-3088.5845042467117	-7729.633178174496	-5965.303228378296	-7284.690479278564	-5713.423312187195	-6297.91947644949	-6330.261632323265	-5698.074983596802	-3054.730548083782	-4570.15558296442	-6516.529877245426	-2267.0551023483276	-5422.342281222343	-6174.106202244759	-2038.3387538194656	-4686.725417673588	-5457.790069639683	-3974.9524075984955	-3783.3456239700317	-3695.875215113163	-5206.730676531792	-6369.7992015480995	-6449.912414550781	-5833.569316327572	-3878.7113621234894	-2775.0520300865173	-6043.658424556255	-6207.154196500778	-3302.7943668961525	-4272.372903525829
-6202.562129318714	-3989.6418931484222	-6048.1614391207695	-4563.805551707745	-4715.581441819668	-5860.949753880501	-4091.2061874866486	-4233.438091039658	-6159.181613326073	-6050.152576506138	-2009.94174939394	-3481.172495305538	-5918.194940030575	-6029.91319590807	-6054.99807870388	-5716.016493678093	-6147.627080023289	-1986.0447863340378	-2629.010673522949	-4838.558578014374	-3851.4681912064552	-5867.150808751583	-6023.552256286144	-7243.70259231329	-5709.694319188595	-6088.203464269638	-6227.714858412743	-5747.296151101589	-2963.8337512016296	-4584.0934882164	-5664.386778712273	-2292.796150445938	-3639.867114663124	-6177.864709794521	-2122.46058177948	-4238.967299938202	-3739.4098312854767	-3953.130131661892	-3769.686034142971	-3722.3047154545784	-3523.327312886715	-4755.437343716621	-4811.439341366291	-4050.246117055416	-3817.6646579504013	-2835.4807822704315	-6159.684610486031	-6191.51328420639	-3338.8668351769447	-4271.20466864109
-6252.763076722622	-4488.741372406483	-6209.011364936829	-4677.516252875328	-4814.3480278253555	-6101.498040676117	-2926.3725891709328	-4292.614132463932	-6110.575130820274	-5916.225929617882	-5116.0535608530045	-7128.7890349030495	-2397.0095207095146	-5908.67479801178	-6029.80673456192	-5661.624816000462	-5774.458620548248	-5530.133673012257	-2698.21478331089	-1017.304200053215	-3897.2273609042168	-2402.4656684994698	-5853.104809641838	-3894.7359429597855	-5866.409056484699	-6128.020519316196	-5861.655747354031	-5638.639542996883	-3913.6632180809975	-2589.3906893134117	-5511.737317323685	-4975.357890486717	-1884.2365177869797	-6271.904664814472	-5256.305123984814	-2964.3942728042603	-2008.3080478906631	-2969.9811789393425	-3696.5681341290474	-3773.9883600473404	-1871.8401219844818	-1090.3276267647743	-1091.7854760885239	-2171.866596341133	-3059.132616817951	-2940.160694897175	-6009.916854023933	-6487.116200506687	-3498.607542157173	-4183.011892139912
-6181.0877776145935	-4480.302694439888	-5933.66130822897	-4625.105837523937	-4788.486793637276	-5931.081295609474	-4215.1130939126015	-4220.662921071053	-5984.36043715477	-5838.483249604702	-2084.478729069233	-5200.517627000809	-4127.330256640911	-5921.927923858166	-5915.910744965076	-5709.383931696415	-5962.305467307568	-2008.3884764313698	-2619.3979353904724	-3028.943480551243	-3877.111687064171	-4184.753239870071	-5745.864113628864	-7207.13366150856	-5910.934541761875	-6081.921261429787	-6098.352818250656	-5656.420375287533	-3025.6344947218895	-4635.936795294285	-5605.652526021004	-2309.5767406225204	-1824.483768105507	-6171.980726122856	-2175.0088478922844	-2987.3107493519783	-2024.916143476963	-4021.543792426586	-5078.142818510532	-4924.694630563259	-1892.757533609867	-3007.01388245821	-3031.0419974327087	-3443.7005330324173	-3884.618650317192	-4169.345040142536	-6014.552197754383	-6279.804261147976	-3412.670624256134	-4330.971051037312
-6044.7915207743645	-4514.042747020721	-6053.446844637394	-4635.087332069874	-4662.186646044254	-5890.915757834911	-4153.1465455293655	-4250.607539236546	-6021.862093567848	-5850.752579092979	-2062.934136033058	-4004.808302104473	-5482.139141499996	-5995.764717102051	-5836.176899135113	-5890.769884765148	-6085.685828566551	-2045.9765221476555	-4371.771047949791	-6555.911400794983	-3910.533259689808	-5417.186343073845	-5913.186925292015	-7171.45092099905	-5697.521059989929	-5935.215067207813	-6398.769849538803	-5761.870095074177	-3058.802520930767	-4546.723862171173	-5716.967383086681	-2313.6658888459206	-5429.5489153862	-6118.286767244339	-2087.304791033268	-4729.254549264908	-5461.354480206966	-4055.614521622658	-3796.6982674002647	-3860.1010136008263	-5290.53087580204	-6418.451091170311	-6512.357167840004	-5888.293611943722	-3891.374281823635	-2854.1512946486473	-5952.296070277691	-5928.463330209255	-3425.759017765522	-4273.419824659824
-6036.089292824268	-3972.6728675961494	-5746.129177451134	-4579.240818917751	-4679.73188918829	-5847.348994135857	-4250.358355879784	-4274.987377941608	-6144.278366327286	-5862.458220124245	-2038.8170047402382	-3557.190652668476	-5951.224037766457	-5838.146866321564	-5909.006852686405	-5863.946136474609	-5984.346153795719	-2000.8425701856613	-4390.397326290607	-4735.0638837218285	-3896.993231356144	-6093.002224802971	-5790.699336588383	-7079.919259250164	-5710.045643031597	-6106.184311747551	-6256.49882620573	-5748.59132540226	-3031.261744618416	-4629.274667918682	-5819.238341033459	-2369.4607371091843	-3670.0434790849686	-6142.130688071251	-2139.461101412773	-2470.495836496353	-3784.741172015667	-4145.593537926674	-3781.6075190901756	-3764.7221044301987	-3603.4414380788803	-4683.214570045471	-4673.140029907227	-4048.6535841822624	-3901.1398325562477	-2921.857481479645	-6028.903933525085	-6247.730060696602	-3438.6392992138863	-4319.23611921072
-5900.875723540783	-4098.1030351519585	-5822.1352316737175	-4716.962275803089	-4754.122053384781	-5828.5453625917435	-2935.8400133252144	-4381.874515354633	-6063.628290832043	-5872.386977314949	-2132.1190717220306	-3618.617974817753	-6035.193621337414	-5807.78301769495	-5800.024409592152	-5782.153510987759	-5996.253273665905	-2116.438570201397	-4501.33578389883	-4639.066149115562	-3998.96659052372	-6058.6341054439545	-5987.934213578701	-7084.135454416275	-5471.816568493843	-5768.009150862694	-6185.736836671829	-5772.820205926895	-3147.895811200142	-2672.838568687439	-5586.510133981705	-2477.2154563069344	-5512.11012929678	-6129.180014908314	-2190.3972641825676	-4336.126280426979	-5605.351912856102	-3061.874068379402	-3860.4525670409203	-3854.1942293047905	-5315.696441888809	-4574.636593401432	-4590.05269908905	-5997.054723203182	-3170.900525689125	-2935.448156952858	-5859.654729664326	-6173.453452169895	-3436.0033653974533	-4358.132675528526
-6071.886496126652	-3194.4139010310173	-6088.731186330318	-3363.813053369522	-3367.5480918884277	-6026.607826888561	-3047.946385860443	-2910.623689830303	-5720.69892168045	-5767.506917417049	-5295.840290129185	-6977.305192410946	-2500.6064586639404	-5619.5088121294975	-5810.30619430542	-5482.123084008694	-5716.082489132881	-5627.869694709778	-2802.203478515148	-1151.8509669303894	-3988.446637034416	-2496.107665836811	-5749.2789224386215	-3956.900937318802	-5859.307789802551	-5975.557503521442	-5625.369142949581	-5572.344730436802	-4098.579377353191	-2723.5847014188766	-5346.7395558953285	-5043.0747718811035	-1926.9419238567352	-6028.076959013939	-5365.523250877857	-3102.7177227139473	-2103.47062510252	-3100.7016718387604	-5187.280621111393	-5022.809250354767	-2046.9277948141098	-1161.0110300183296	-1247.4584376215935	-3531.99907964468	-3259.062375843525	-4279.751320540905	-5904.854366719723	-6348.294142782688	-3577.0961958765984	-4372.4144167900085
-6041.406758010387	-4619.5239597558975	-6016.357273161411	-4871.477765917778	-4924.146634697914	-5938.040047109127	-3088.350721001625	-4420.072349369526	-5794.895722329617	-5487.597900211811	-5311.033277690411	-8453.173820376396	-989.4549433588982	-5699.458595335484	-5735.633325099945	-5521.941436111927	-5702.718294084072	-5693.554912030697	-2780.9779483675957	-1989.2302662730217	-4018.6454456448555	-888.1131451129913	-5561.233545482159	-3961.898310482502	-5909.784539043903	-5856.167601048946	-5677.917791068554	-5584.0381935834885	-4104.682048499584	-3367.315762102604	-5353.636391162872	-5025.116611659527	-1988.64292126894	-6071.2085300683975	-5400.620157063007	-3147.8579019904137	-2163.9442051649094	-3138.5064145326614	-5184.2348927259445	-5125.2626685500145	-2076.498321056366	-2017.1349981427193	-2058.8004640340805	-3560.2162585258484	-4024.168783545494	-4364.411019861698	-5844.4186844825745	-6057.973703384399	-3704.4255207180977	-4368.129271864891
-5901.800839543343	-2742.9480635523796	-5722.887326717377	-2652.04506200552	-2658.027184844017	-5611.4721683859825	-4361.596634030342	-2984.6988288760185	-5731.482103765011	-5878.823724448681	-2288.8004899024963	-1558.6317265629768	-7935.86192804575	-5647.330911695957	-5657.816755592823	-5615.02611297369	-5937.752130687237	-2203.593525826931	-4636.608551084995	-6769.904185533524	-3334.4717581272125	-7985.981346130371	-5754.942466318607	-7102.949007868767	-5437.524982094765	-6002.271116018295	-6049.69414883852	-5522.291096270084	-3296.598748266697	-4811.038617908955	-6299.960059642792	-2520.2831326127052	-5680.641164958477	-5882.775774478912	-2302.99082672596	-4456.911547899246	-5719.547908008099	-4256.512143552303	-4049.268066704273	-3926.612807035446	-5468.408472418785	-6619.343063652515	-6702.214771747589	-6102.631997704506	-4132.593895316124	-3024.8087084293365	-5875.731539607048	-5956.890348792076	-3563.195524394512	-4542.265352547169
-5885.376318097115	-4738.155800700188	-5826.853593885899	-4968.66425037384	-5032.996629834175	-5957.522403001785	-3153.0314511060715	-4490.426526904106	-5679.393147885799	-5406.948529958725	-5323.6488491892815	-6849.72870272398	-2602.3570593595505	-5756.745218098164	-5811.585713922977	-5507.656414568424	-5645.103095948696	-5738.242331027985	-2886.397892355919	-1256.4028785824776	-4141.387873291969	-2603.5597344636917	-5581.999236106873	-3964.5589448809624	-5994.6391614079475	-5774.939420461655	-5539.483399987221	-5530.250505268574	-4144.283799946308	-2798.886639416218	-5185.906910836697	-5212.636585056782	-2069.5876919031143	-5845.5830944776535	-5516.00056040287	-3222.7110171318054	-2193.3647586107254	-3146.317449092865	-3666.451035797596	-3544.9838565587997	-2091.8547321558	-1268.9094631671906	-1272.3707754015923	-2073.1285170316696	-3324.382889866829	-4379.808799743652	-5782.2294726371765	-6253.7540178895	-3733.948238134384	-2949.6537143588066
-5731.716290652752	-4261.350868165493	-5698.169538497925	-4880.591748595238	-4890.6924367547035	-5590.552341341972	-4399.464034199715	-4514.590628862381	-5852.996840655804	-5575.347415089607	-2303.7366701364517	-3786.483144760132	-5745.550686657429	-5689.387344777584	-5607.531282067299	-5625.931900262833	-5899.422769784927	-2305.1570358872414	-4615.207620382309	-6815.259567737579	-4156.420513570309	-5673.53451102972	-5702.8261632323265	-6989.7094495892525	-5421.622729897499	-5639.566706776619	-6118.202366054058	-5586.086207747459	-3300.670721113682	-4787.606897115707	-5500.397565484047	-2566.893919110298	-5687.8477991223335	-5826.956339478493	-2351.956863939762	-4499.440679490566	-5723.112318575382	-4337.174257576466	-4062.620710134506	-4090.8386055231094	-5552.2086716890335	-6667.994953274727	-6764.659525036812	-6157.356293320656	-4145.25681501627	-3103.9079729914665	-5784.369185328484	-5678.199482500553	-3686.1601752638817	-4543.312273681164
-5715.290661513805	-4286.68996322155	-5461.009734272957	-4256.896259009838	-4323.475722789764	-5542.3867444992065	-4466.6816992759705	-4564.5016659498215	-5690.17632997036	-5518.265336990356	-2316.609048962593	-1431.055236876011	-8037.61252874136	-5784.567317664623	-5659.096275210381	-5640.559443533421	-5866.772737503052	-2313.966162145138	-4720.802964925766	-6874.456097185612	-3487.4129943847656	-8093.433414757252	-5587.662779986858	-7110.607015430927	-5572.856353700161	-5801.6530329585075	-5963.80840587616	-5480.196871101856	-3342.3031708598137	-4886.340555906296	-6139.12741458416	-2689.8449457883835	-5823.286933004856	-5700.281909942627	-2453.4681362509727	-4576.904842317104	-5809.442041516304	-4302.127920806408	-2528.438481390476	-2448.787413239479	-5513.335409760475	-6727.241496801376	-6727.127109527588	-4643.7614350914955	-4197.914409339428	-3124.866187632084	-5753.106645524502	-5862.350223898888	-3720.047566652298	-3119.504650115967
-5575.685850739479	-4379.982709109783	-5508.665859222412	-4977.7782330513	-4999.5424318909645	-5610.034697234631	-4464.144764304161	-4584.944806396961	-5737.4942662119865	-5494.698044836521	-2316.3522416353226	-2183.0380271077156	-7358.452802658081	-5746.673967540264	-5683.483670890331	-5611.64687871933	-5841.807571649551	-2349.844454884529	-4720.627564370632	-6082.432180047035	-4279.1629412174225	-7388.981100380421	-5723.59185385704	-6992.370083987713	-5506.477352261543	-5558.338526189327	-5979.767974972725	-5532.298519432545	-3340.2724725604057	-4219.177774429321	-5332.668085157871	-2754.413892507553	-5768.792569756508	-5601.330903887749	-2467.337267279625	-4574.293794631958	-5752.532872021198	-4344.985292136669	-2544.8368532061577	-2510.5597935318947	-5567.565082788467	-5919.769418299198	-5978.229836404324	-4670.268551826477	-3445.4709213376045	-3119.3057528734207	-5722.179973483086	-5873.979797005653	-3715.682892680168	-3124.8367161750793
-5534.414080917835	-2992.3624918460846	-5340.729555666447	-2943.193059504032	-2876.6757868528366	-5467.496530711651	-4588.255495965481	-3182.5112233161926	-5300.300120830536	-5369.546324789524	-2496.3957782387733	-1279.5713943839073	-8141.2094666957855	-5495.401331782341	-5439.59573495388	-5461.057711541653	-5808.396606087685	-2411.702183842659	-4824.791660130024	-7009.002864062786	-3578.632270514965	-8187.075412094593	-5483.836892783642	-7172.772009789944	-5565.755087018013	-5649.1900171637535	-5727.52180147171	-5413.902058541775	-3527.2193301320076	-5020.534568011761	-5974.129653155804	-2757.56182718277	-5865.992339074612	-5456.454204142094	-2562.6862631440163	-4715.228292226791	-5904.604618728161	-4432.848413705826	-4019.150968372822	-3697.6083035469055	-5688.423082590103	-6797.924900054932	-6882.8000710606575	-6003.893918395042	-4397.844168365002	-4464.456813275814	-5648.044158220291	-5723.528166174889	-3798.536220371723	-3308.9071747660637
-5783.925041615963	-3496.98549079895	-5715.9920771718025	-3057.125198304653	-3094.05446600914	-5635.389340162277	-3407.8352624177933	-3253.5335030555725	-5354.092439174652	-5445.51694303751	-5681.376559793949	-6631.2500831484795	-2854.1942727565765	-5303.496199011803	-5410.88368666172	-5141.234246015549	-5356.279925942421	-6014.408832490444	-3178.249842405319	-1501.8775713443756	-3606.2366374135017	-2869.3953889012337	-5329.299034655094	-3699.455289363861	-5519.230288028717	-5722.176760315895	-5244.921546339989	-5145.679650723934	-4482.669165432453	-3063.880981326103	-5717.154965639114	-5396.188906431198	-2337.7497408390045	-5715.335339784622	-5737.035188317299	-3469.339563846588	-2490.378934442997	-3430.873181283474	-5538.607908844948	-5369.006569683552	-2367.915172934532	-1527.576521217823	-1592.765231192112	-3888.362107217312	-3611.423205137253	-4626.7328580617905	-5543.685162425041	-6034.303617835045	-3957.368713915348	-4735.699956893921
-5613.840492725372	-5015.388295412064	-5691.274288952351	-5285.671884894371	-5326.7197179198265	-5614.469513118267	-3445.702662587166	-4783.425303041935	-5475.607176065445	-5142.040633678436	-5696.3127400279045	-8859.101501345634	-663.8830313682556	-5345.55263209343	-5360.598213136196	-5152.140033304691	-5317.9505650401115	-6115.972342550755	-3156.848911702633	-1547.2329535484314	-4428.185392856598	-556.9485538005829	-5277.182731568813	-3586.2157310843468	-5503.328035831451	-5359.472351074219	-5313.429763555527	-5209.474762201309	-4486.741138279438	-3040.449260532856	-4917.59247148037	-5442.799692928791	-2344.956375002861	-5659.515904784203	-5786.001225531101	-3511.868695437908	-2493.9433450102806	-3511.5352953076363	-5551.960552275181	-5533.232368171215	-2451.7153722047806	-1576.2284108400345	-1655.2099844813347	-3943.0864028334618	-3624.0861248373985	-4705.83212262392	-5452.322808146477	-5755.612751543522	-4080.3333647847176	-4736.746878027916
-5431.037331521511	-4575.263077199459	-5230.573138475418	-5182.562041759491	-5193.550514161587	-5386.880970835686	-3426.173721909523	-4862.9734119176865	-5473.4226951003075	-5284.884809136391	-2549.8486916422844	-2366.362317085266	-7209.786086440086	-5478.369516670704	-5443.658290565014	-5449.1213856339455	-5634.225059866905	-2517.3271048069	-4966.951168119907	-5951.024390339851	-4460.515977084637	-7257.303274810314	-5464.860175013542	-6788.896549403667	-5326.088736534119	-5425.697704017162	-5694.095382034779	-5448.78931927681	-3594.2896414995193	-3831.0654290914536	-5158.9605358839035	-2950.5327649712563	-6005.85930866003	-5550.69151365757	-2671.9989812374115	-4832.371356248856	-6082.965602338314	-3500.031871855259	-2772.64822524786	-2677.8732485175133	-5774.315211176872	-5852.988059401512	-5808.065235733986	-4879.358174562454	-4431.6089824438095	-3411.550568819046	-5437.637575984001	-5606.484415888786	-3899.475901067257	-3337.233637213707
-5651.069878935814	-5103.91264384985	-5399.1740018725395	-5213.75172495842	-5411.839735627174	-5309.822007536888	-4836.139882147312	-4867.302376866341	-5506.048278093338	-5414.701214551926	-2679.8925229907036	-4633.24998241663	-4771.003271102905	-5390.538039505482	-5402.7305346131325	-5160.518804967403	-5344.865049064159	-2623.5857835412025	-3272.701173901558	-3659.805730521679	-4504.040508449078	-4851.163751959801	-5209.844834685326	-6466.3891751766205	-5230.5201016664505	-5595.995663464069	-5564.395683467388	-5066.215094983578	-3623.46683293581	-5257.801204025745	-5067.889414727688	-2963.298435986042	-2489.195227086544	-5608.121169924736	-2782.2961969971657	-3589.249874293804	-2647.472262084484	-4656.394206523895	-4388.18123459816	-4385.347852885723	-2506.5787438750267	-3665.876924753189	-3664.87875521183	-2807.612208008766	-4479.994175314903	-3547.220449924469	-5428.126549124718	-5643.836455643177	-4016.7103080153465	-4912.047796666622
-5292.357636749744	-3313.4008514881134	-5178.981358468533	-3838.5268020033836	-3773.522354722023	-5237.455729365349	-4849.393407642841	-3486.2408658862114	-5188.594444274902	-5267.754264116287	-2706.2733024954796	-1058.3588590621948	-8431.294667065144	-5280.024060547352	-5325.838032245636	-5253.081422805786	-5550.758751034737	-2640.3603531718254	-5102.048534750938	-7289.838509619236	-4587.771091520786	-8480.1982011199	-5367.7975016236305	-6689.473171412945	-5225.418148696423	-5416.6451624035835	-5574.012263298035	-5250.361857950687	-3740.9618802666664	-5302.102696835995	-5065.951132118702	-3058.1693879961967	-6119.8959810733795	-5205.33626717329	-2798.461674809456	-4950.545576035976	-6140.252427995205	-4737.527318358421	-2977.8620967268944	-2812.0642065405846	-5981.25691473484	-7090.222451150417	-7171.33003526926	-5011.4425657987595	-4640.858864068985	-3495.3506855368614	-5422.787713885307	-5401.550885617733	-4022.303386092186	-3526.698380291462
-5300.76526260376	-4762.696416556835	-5335.9969828128815	-5531.176301419735	-5555.225508630276	-5314.106096625328	-3692.020151257515	-5047.40839266777	-5306.7419231534	-4866.635469675064	-5937.115274131298	-8640.776344001293	-927.2945765256882	-5039.175259768963	-5131.952596068382	-4887.302048802376	-5131.687506258488	-6375.15285629034	-3400.285484135151	-1806.5811204910278	-4674.072646737099	-813.2967217564583	-5066.821969509125	-3404.474259674549	-5227.429705739021	-5063.823990643024	-5032.862280070782	-5033.690874874592	-4728.609338462353	-3281.3322954773903	-4701.022653877735	-5696.027723193169	-2603.2552587389946	-5368.185477018356	-6050.653298437595	-3282.0548256635666	-2755.7011833786964	-3793.095031261444	-5817.882995009422	-5763.969960093498	-2713.393168091774	-1825.7722729444504	-1907.5123416781425	-4212.149084210396	-3877.968658030033	-4955.58880096674	-5284.395923197269	-5505.34890383482	-4340.734522283077	-5006.639327049255
-5317.471412360668	-3868.6643201112747	-5161.519555449486	-3286.334530413151	-3271.522938132286	-5146.600659132004	-4962.964795529842	-3565.1675894856453	-4990.8532146811485	-5221.16945374012	-2851.0070380568504	-930.6289071440697	-8521.470936000347	-5270.388819754124	-5155.06114166975	-5177.030569314957	-5377.2192466259	-2767.718977212906	-5234.6583262085915	-7380.516947090626	-3959.673838019371	-8597.137756228447	-5158.178375899792	-6613.768994867802	-5161.2389770150185	-5458.9127796292305	-5474.132150173187	-4999.480665564537	-3883.1834681630135	-5401.515941798687	-5652.936359465122	-3158.0554922819138	-6272.404914319515	-5183.92507570982	-2905.3215393424034	-5546.981286942959	-6265.402898967266	-4786.139091849327	-3063.2669417262077	-2927.5239339470863	-6040.566496968269	-7207.244080245495	-7264.334471642971	-5098.742911994457	-4739.337160170078	-3592.5755447149277	-5229.545394539833	-5337.824208378792	-4142.174746632576	-3620.091471374035
-5305.157472014427	-4862.666270852089	-5131.516361713409	-5443.599436640739	-5557.582985818386	-5095.714828133583	-4938.891837656498	-5077.88994127512	-5249.687471330166	-5117.093141794205	-2812.9508316516876	-2634.8445185422897	-6767.215493142605	-5346.593731641769	-5323.596847712994	-5013.182965517044	-5400.831137180328	-2809.3507514595985	-3470.4970210790634	-5708.519506514072	-4722.5575249791145	-6734.655386805534	-5216.42740380764	-6572.781107902527	-5157.5099840164185	-5249.196767449379	-5371.585376262665	-5048.7018330693245	-3792.286671280861	-5415.453847050667	-4800.793260931969	-3183.7965403795242	-4489.929747760296	-5187.6835832595825	-2989.4433673024178	-5099.223169207573	-4547.02266061306	-4764.3168159127235	-3049.607351899147	-2953.9534342885017	-4357.163133323193	-5592.882222414017	-5625.861398458481	-3315.4197127223015	-4678.29045599699	-3653.004296898842	-5345.571580469608	-5322.183296084404	-4178.247214913368	-3618.923236489296
-5138.684635519981	-4845.697245299816	-4829.484100043774	-5459.034703850746	-5521.733433187008	-5082.114068388939	-5098.044006049633	-5119.439228177071	-5234.784224331379	-4929.398785412312	-2841.826086997986	-2710.8626759052277	-6800.244590878487	-5154.8274020552635	-5177.6056216955185	-5161.1126083135605	-5237.550210952759	-2824.148535311222	-5231.883673846722	-5605.024812221527	-4768.082565128803	-6960.506802856922	-4983.5744841098785	-6408.997774839401	-5157.861307859421	-5267.177614927292	-5400.369344055653	-5049.997007369995	-3859.714664697647	-5460.635026752949	-4955.644823253155	-3260.4611270427704	-4520.10611218214	-5151.949561536312	-3006.443886935711	-3330.751705765724	-4592.35400134325	-4956.7802221775055	-3061.5288368463516	-2996.370823264122	-4437.277258515358	-5520.6594487428665	-5487.562086999416	-3313.827179849148	-4761.765630602837	-3739.380996108055	-5214.790903508663	-5378.4000725746155	-4278.01967895031	-3666.9546870589256
-5337.994648814201	-4851.220764994621	-5043.89669573307	-5459.256141483784	-5640.345526337624	-5009.458591043949	-5082.457370817661	-5131.285466492176	-5337.1830251812935	-5139.2960505485535	-2920.695057094097	-4414.9248250722885	-5034.414816260338	-5084.160667181015	-5174.084917545319	-4895.680820465088	-5158.601990282536	-2882.7662972807884	-3516.137746334076	-3919.1538974642754	-4749.927762329578	-5107.511919915676	-4999.484072625637	-6284.647703766823	-4954.62177157402	-5300.347303032875	-5283.828199982643	-4890.43120765686	-3865.335033118725	-5498.68423897028	-4851.319597125053	-3216.5264662504196	-2747.4941108226776	-5316.79074215889	-3046.94826990366	-3359.4360045194626	-2909.2301004529	-4937.953942477703	-4654.103677332401	-4616.085444808006	-2768.25653976202	-3915.420786857605	-3917.181112408638	-3076.6748893857	-4733.876708507538	-3796.977128267288	-5260.19966417551	-5393.572607934475	-4277.111465513706	-5181.940245687962
-5325.8790382146835	-5317.9598851799965	-5318.535179793835	-4978.984029829502	-5053.226092040539	-5223.251026391983	-3805.591539144516	-5126.335116267204	-5109.000693559647	-4820.050659298897	-6081.849009692669	-8513.046392083168	-1017.4708454608917	-5029.540018975735	-4961.1757054924965	-4811.251195311546	-4958.148001849651	-6502.511480331421	-3532.895275592804	-1897.2595579624176	-4045.9753932356834	-930.2362768650055	-4857.202843785286	-3328.770083129406	-5163.250534057617	-5106.091607868671	-4932.982166945934	-4782.8096824884415	-4870.8309263587	-3380.7455404400826	-5288.007881224155	-5795.913827478886	-2755.7641919851303	-5346.774285554886	-6157.513162970543	-3878.490536570549	-2880.8516543507576	-3841.70680475235	-5903.287840008736	-5879.4296875	-2772.702750325203	-1942.793902039528	-2000.5167780518532	-4299.449430406094	-3976.4469541311264	-5052.813660144806	-5091.153603851795	-5441.622226595879	-4460.605882823467	-5100.032418131828
-5003.471066236496	-4971.127412855625	-4905.490154266357	-5596.756160736084	-5596.123597383499	-5063.310436844826	-3783.525663495064	-5226.3263655900955	-5154.134148836136	-4939.327542603016	-2935.1281539797783	-2772.2899980545044	-6884.214174449444	-5124.46355342865	-5068.623178601265	-5079.31998282671	-5249.457330822945	-2939.7445353269577	-5342.822131454945	-5509.027077615261	-4870.055924296379	-6926.138683497906	-5180.809361100197	-6413.213970005512	-4919.632233321667	-4929.002454042435	-5329.607354521751	-5074.22588789463	-3976.348731279373	-3504.1989275217056	-4722.916616201401	-3368.2158462405205	-6362.172762393951	-5138.998888373375	-3057.3800497055054	-5196.38214969635	-6412.964742183685	-3873.0607526302338	-3140.3738847970963	-3085.842948138714	-6149.532262325287	-5412.081472098827	-5404.47475618124	-5262.228318870068	-4031.526323735714	-3752.9716715812683	-5045.541699647903	-5304.123464047909	-4275.383745133877	-3705.851243376732
-5181.306727826595	-5467.311733841896	-5005.402619063854	-5658.277884185314	-5787.641042351723	-5060.786501228809	-3891.845934689045	-5225.397433936596	-5081.711773514748	-4937.555480837822	-3088.5341037511826	-6195.697278916836	-3327.5197164416313	-4945.8115465044975	-4926.015140712261	-4807.255632996559	-4985.187497437	-3020.705987393856	-3617.463465809822	-2013.5410653948784	-4877.54461735487	-3390.746231675148	-4919.030806958675	-6252.294968128204	-4917.632919609547	-4955.8899393081665	-5083.704170286655	-4823.784312367439	-4043.7698432207108	-3594.0914468169212	-4559.8571373820305	-3341.061775624752	-2774.1774144768715	-5297.956085324287	-3150.4326987862587	-3973.409897863865	-3015.3471534848213	-3922.6481336951256	-6041.405509650707	-5907.947484791279	-2849.941764295101	-2058.4193489551544	-2053.6964376568794	-4418.530444383621	-4070.591394007206	-5144.432061612606	-4945.818047583103	-5407.586976349354	-4348.279320776463	-5280.603184401989
-5004.396182239056	-3615.9724412560463	-4806.242249310017	-3531.8389469385147	-3500.0287288427353	-4846.237242639065	-5209.2822842001915	-3829.1506791114807	-4821.987961769104	-4945.764289736748	-3091.809572160244	-712.3037497997284	-8784.88248115778	-4964.011447429657	-4926.415524601936	-4912.192584812641	-5190.956187844276	-3026.8994909524918	-5478.0948986411095	-7639.865114033222	-4205.561091899872	-8853.485924184322	-4947.817613840103	-6432.027523458004	-4885.340646922588	-5163.264419198036	-5193.564666688442	-4823.69677823782	-4125.051668345928	-5642.398976743221	-5436.366541862488	-3411.2835225462914	-6530.703798055649	-4892.5946479439735	-3169.9736122488976	-5317.167417168617	-6527.160737335682	-5067.698827803135	-3329.189384460449	-3158.2615258693695	-6302.244292855263	-7456.787942349911	-7516.636828839779	-5367.805593371391	-4993.219693362713	-3842.332223057747	-5061.618509590626	-5087.56036067009	-4402.575904130936	-3889.9839203953743
-4834.311633348465	-5134.37524586916	-4781.524461090565	-5760.385633528233	-5732.693980753422	-4825.317415595055	-5247.149684369564	-5359.042479097843	-4943.502698659897	-4642.287980377674	-3106.7457523941994	-2940.1551679968834	-6594.571239769459	-5006.067880511284	-4876.130051076412	-4923.098372101784	-5152.626826941967	-3128.463001012802	-5456.693967938423	-7685.220496237278	-5027.509847342968	-6541.039089083672	-4895.701310753822	-6318.78796517849	-4869.438394725323	-4800.56000995636	-5262.07288390398	-4887.491889715195	-4129.123641192913	-5618.967255949974	-4636.804047703743	-3457.8943090438843	-6537.910432219505	-4836.775212943554	-3218.9396494627	-5359.696548759937	-6530.725147902966	-5148.360941827297	-3342.542027890682	-3322.487324357033	-6386.044492125511	-7505.439831972122	-7579.081582129002	-5422.529888987541	-5005.882613062859	-3921.431487619877	-4970.256155312061	-4808.869494378567	-4525.540555000305	-3891.0308415293694
-5083.822594046593	-5638.998244822025	-5156.786982595921	-5874.317772328854	-5950.072659909725	-4993.210225045681	-4066.7294508218765	-5430.064758837223	-4997.295017004013	-4718.25859862566	-6291.726533949375	-8291.833856761456	-1307.5560458302498	-4814.1627477407455	-4847.418002784252	-4603.27490657568	-4700.510146796703	-6731.169649660587	-3810.1521502137184	-2178.0952035188675	-5055.114214241505	-1223.3590658903122	-4741.163452625275	-2845.471244752407	-4822.913595736027	-4873.546753108501	-4779.472628772259	-4619.269481897354	-5084.573476493359	-3662.3136692643166	-4379.829360187054	-6096.521388292313	-3009.667833983898	-5095.6563485860825	-6393.2885746359825	-4113.807820379734	-3116.4994636178017	-4146.385709404945	-4861.998968362808	-4993.885590493679	-3065.53658246994	-2235.0914531350136	-2289.046742260456	-3306.9980778098106	-4219.46164983511	-4083.7075324058533	-4865.897159516811	-5119.644946038723	-4684.37304854393	-5317.823623657227
-4902.946013450623	-4344.67077344656	-5036.50680398941	-4560.614572823048	-4503.272723972797	-4918.320011258125	-4188.303247511387	-4048.074316203594	-4607.418807864189	-4569.539586424828	-6471.513263225555	-8140.350014269352	-1411.1529837846756	-4524.996761858463	-4627.917462527752	-4423.773174583912	-4642.134015381336	-6828.9056713581085	-3914.1408454179764	-2312.641970396042	-5146.333490371704	-1317.0010632276535	-4637.337565422058	-2907.6362391114235	-4815.812329053879	-4721.083737313747	-4543.186024367809	-4552.974669337273	-5269.4896357655525	-3796.5076813697815	-4214.8315987586975	-6164.238269686699	-3052.3732400536537	-4851.828642785549	-6502.506701529026	-4252.131270289421	-3211.6620408296585	-4277.106202304363	-6352.711455345154	-6242.7064808011055	-3240.624255299568	-2305.774856388569	-2444.7197037935257	-4667.1305611133575	-4419.391408860683	-5423.298158049583	-4760.834672212601	-4980.822888314724	-4762.861702263355	-5507.2261483073235
-4716.435835421085	-5888.41267311573	-4774.6292115449905	-6165.465769827366	-6168.721261918545	-4849.234587371349	-4293.388312757015	-5627.877153277397	-4566.113034069538	-4208.981198966503	-6499.321822285652	-8012.773524582386	-1512.9035844802856	-4662.233167827129	-4629.196982145309	-4449.306505143642	-4571.154622197151	-6939.278307676315	-3998.335259258747	-2417.19388204813	-5299.274726629257	-1424.4531318545341	-4470.057879090309	-2915.294246673584	-4951.143700659275	-4520.46565425396	-4457.300281405449	-4510.8804441690445	-5315.194058358669	-3871.8096193671227	-4053.9989537000656	-6333.800082862377	-3195.019008100033	-4669.334778249264	-6652.984011054039	-4372.124564707279	-3301.556174337864	-4322.721979558468	-4831.881870031357	-4764.881087005138	-3285.5511926412582	-2413.67328953743	-2469.6320415735245	-3208.259998500347	-4484.711922883987	-5523.355637252331	-4638.2097781300545	-4886.2827634215355	-4919.713744521141	-4084.4654458761215
-4576.8299169540405	-4011.8367769122124	-4481.159265100956	-3946.0330659151077	-3902.6018120646477	-4522.666708648205	-5566.634225785732	-4192.50363278389	-4502.699415504932	-4600.207023203373	-3477.089034497738	-1118.2314307689667	-8459.310569167137	-4610.105484187603	-4551.380412638187	-4542.391182005405	-4806.188458800316	-3449.3169214725494	-5853.965861976147	-7197.867801308632	-4615.101039111614	-8522.321332871914	-4663.766799926758	-6056.344944059849	-4478.884143710136	-4666.569169223309	-4829.076639175415	-4449.13334685564	-4507.110758125782	-5315.532475173473	-5000.322622179985	-3828.9666038155556	-6887.01725178957	-4480.902022659779	-3555.3546807169914	-5681.178210616112	-6857.159877181053	-5440.72770857811	-3696.9150440096855	-3566.23122549057	-6677.461344003677	-7015.881355047226	-7113.046349287033	-5750.675737679005	-4593.137034654617	-4183.753325819969	-4669.522633254528	-4785.199408829212	-4778.4837481975555	-4258.601526558399
-4651.288829147816	-6090.921683251858	-4470.915312707424	-6246.923771619797	-6410.993984341621	-4439.527213156223	-4512.872722923756	-5872.036889731884	-4603.399614453316	-4513.773445785046	-3683.947897672653	-5628.429634332657	-3971.1927309036255	-4414.4216621518135	-4412.834930360317	-4258.390506267548	-4367.747079193592	-3635.903294503689	-4270.766704320908	-2644.4033153653145	-5504.473438739777	-4057.1567437648773	-4383.011528015137	-5511.550481796265	-4237.218479514122	-4469.964341342449	-4549.747035503387	-4233.579032063484	-4641.602181434631	-4215.955855548382	-4022.0940260887146	-3994.7834709882736	-3438.8888734579086	-4734.096529126167	-3757.72004789114	-4575.349022805691	-3637.9032720923424	-4557.498547792435	-5351.443925738335	-5368.600707113743	-3463.762974560261	-2717.2823912501335	-2687.533195436001	-3782.44211935997	-4665.966919004917	-4522.307471394539	-4359.392398953438	-4771.619170844555	-4952.319004535675	-5861.6799300313
-4614.984558939934	-4647.242363214493	-4663.7676948308945	-4253.926717758179	-4229.77909809351	-4527.101524531841	-4548.192124068737	-4390.9841294288635	-4240.812325358391	-4247.549612045288	-6857.04953289032	-7794.2949050068855	-1764.7407978773117	-4208.984148740768	-4228.494954884052	-4082.884336590767	-4282.331452190876	-7215.444809138775	-4290.187209308147	-2662.668574810028	-4764.12349075079	-1690.288786292076	-4217.357677638531	-2650.1905911564827	-4475.734827280045	-4467.7029941082	-4162.738427758217	-4126.309589624405	-5653.579423844814	-4136.803961277008	-4585.247008502483	-6517.3524042367935	-3463.181057035923	-4539.087023556232	-6874.018638968468	-4618.753111422062	-3598.5703501701355	-4607.277711749077	-6704.038743078709	-6588.90380012989	-3561.6116334199905	-2672.3403475880623	-2790.026497364044	-5023.493588685989	-4771.752238154411	-5770.279695570469	-4399.665467917919	-4666.832363367081	-5143.134220302105	-5870.511688411236
-4432.1813977360725	-4207.117145001888	-4203.066544353962	-4150.816874623299	-4096.60989433527	-4299.51298224926	-4528.663183391094	-4470.532238304615	-4238.627844393253	-4390.3937875032425	-3710.5854845046997	-1301.5557207465172	-8310.643852949142	-4341.801033318043	-4311.55503231287	-4379.865688920021	-4598.60594701767	-3616.7995713949203	-6100.289465725422	-7066.460011601448	-4796.454074978828	-8390.643507301807	-4405.03512108326	-5852.871409475803	-4298.495527982712	-4533.928347051144	-4543.404046237469	-4365.624146699905	-4761.127927064896	-4927.420129835606	-4826.615072906017	-4025.0854762792587	-7124.083990693092	-4430.2626324296	-3760.016394674778	-5939.255772233009	-7187.592607498169	-4595.7742882966995	-3924.726416051388	-3733.5446804761887	-6884.211472392082	-6949.09999614954	-6942.881748616695	-5959.765360414982	-5579.275095760822	-4475.9981417655945	-4384.980235755444	-4517.704027712345	-4962.276756584644	-4470.998447597027
-4440.589991509914	-5724.245142698288	-4127.25161832571	-6339.050026416779	-6482.347070336342	-4244.223665297031	-5930.143020987511	-5975.737316727638	-4427.688883185387	-4206.23661583662	-3723.704139351845	-3568.59684830904	-5883.435369372368	-4400.841202914715	-4442.683686554432	-4192.847292304039	-4411.806047439575	-3706.072262406349	-4357.62409389019	-4789.114825963974	-5621.017096102238	-5975.016497969627	-4192.359220147133	-5613.72621935606	-4402.437436401844	-4461.340606212616	-4427.698717832565	-4191.836889624596	-4693.787953197956	-6330.044597804546	-3987.7260793447495	-4107.526856184006	-3597.5567439198494	-4326.609615623951	-3913.9310554265976	-4219.691873788834	-3716.8429297804832	-5749.140626728535	-3934.0249950885773	-3847.7341636419296	-3602.0923601984978	-4752.865665555	-4731.603169500828	-2341.8484850525856	-5594.502506554127	-4614.500642895699	-4446.086634159088	-4524.242619812489	-5116.49184525013	-4529.658813536167
-4338.213599026203	-5838.229804396629	-4115.638006567955	-6492.428188145161	-6639.499775052071	-4139.163796663284	-4759.190211594105	-6136.019979357719	-4434.534361541271	-4238.368281781673	-3924.7504317760468	-5410.104476988316	-4234.604276061058	-4108.044289827347	-4184.189313292503	-3993.552521765232	-4181.484020411968	-3895.0838082432747	-4514.203276753426	-2903.751482307911	-5750.360692620277	-4313.504911720753	-4172.650765955448	-5329.809010386467	-3961.320149421692	-4174.315980911255	-4269.179552018642	-4057.795144736767	-4883.470381617546	-4456.838890492916	-3805.52420848608	-4248.011501252651	-3697.187757194042	-4442.766101360321	-4022.372120797634	-4345.535153031349	-3899.661110460758	-4839.0582837462425	-5617.366368472576	-5599.338299036026	-3725.440770447254	-2966.8262533545494	-2939.8355526328087	-4051.504800736904	-4919.849452197552	-4772.064149737358	-4191.4655140042305	-4521.355323135853	-5212.720162034035	-6131.572379052639
-4306.301538228989	-4494.520338654518	-4104.009767591953	-4411.854269504547	-4460.642365992069	-4008.3468395471573	-6041.381299138069	-4685.448767662048	-4014.8926206231117	-4222.6021201610565	-3973.687624514103	-1570.0379222035408	-7868.073259651661	-4210.025248289108	-4191.49358946085	-3943.9272688031197	-4365.212024331093	-3908.823218047619	-4603.835318684578	-6823.955127775669	-5058.495622873306	-7867.995619297028	-4156.6023498773575	-5636.755967974663	-4129.916775465012	-4357.42741048336	-4220.894040465355	-3965.53666049242	-4959.124956846237	-6511.808547794819	-4468.4477979540825	-4258.349251687527	-5608.154429793358	-4067.2547020316124	-4077.4607807397842	-6206.107585191727	-5651.649665772915	-5860.059232354164	-4201.685542702675	-4009.624866247177	-5467.059394538403	-6688.9941591620445	-6760.67791134119	-4395.826898574829	-5825.956569314003	-4717.45186984539	-4292.914240241051	-4233.402907907963	-5241.048070430756	-4752.688046872616
-4139.828701734543	-4477.551313102245	-3801.9775059223175	-4427.289536714554	-4424.792813360691	-3994.746079802513	-6200.533467531204	-4726.998054563999	-3999.989373624325	-4034.9077637791634	-4002.562879860401	-1646.0560795664787	-7901.102357387543	-4018.2589187026024	-4045.5023634433746	-4091.856911599636	-4201.931098103523	-3923.6210018992424	-6365.221971452236	-6720.460433483124	-5104.020663022995	-8093.847035348415	-3923.749430179596	-5472.972634911537	-4130.268099308014	-4375.408257961273	-4249.678008258343	-3966.831834793091	-5026.552950263023	-6556.989727497101	-4623.299360275269	-4335.013838350773	-5638.330794215202	-4031.520680308342	-4094.4613003730774	-4437.636121749878	-5696.981006503105	-6052.522638618946	-4213.6070276498795	-4052.0422552227974	-5547.173519730568	-6616.771385490894	-6622.378599882126	-4394.234365701675	-5909.431743919849	-4803.828569054604	-4162.133563280106	-4289.619684398174	-5340.820534467697	-4800.7194974422455
-4004.6151324510574	-4602.981480658054	-3877.9835601449013	-4565.010993599892	-4499.182977557182	-3975.9424482584	-4886.015124976635	-4833.885191977024	-3919.3392981290817	-4044.8365209698677	-4095.8649468421936	-1707.4834017157555	-7985.0719409585	-3987.8950700759888	-3936.519920349121	-4010.0642861127853	-4213.838217973709	-4039.217001914978	-6476.160429060459	-6624.462698876858	-5205.994022190571	-8059.478915989399	-4120.984307169914	-5477.188830077648	-3892.03902477026	-4037.233097076416	-4178.9160187244415	-3991.060715317726	-5143.187016844749	-4600.553628265858	-4390.571153223515	-4442.768557548523	-7480.397444427013	-4018.570007145405	-4145.397463142872	-6303.266565680504	-7517.59174734354	-4968.803169071674	-4292.452075600624	-4141.514380097389	-7259.428523540497	-6508.193408846855	-6539.29126906395	-6342.635504722595	-5179.192437052727	-4817.419244527817	-3992.884359419346	-4215.343075871468	-5338.184600651264	-4839.616053760052
-4012.366245150566	-6617.568606257439	-3953.178236722946	-6855.07940363884	-6923.365674436092	-3952.4986855983734	-5032.202796339989	-6362.848060309887	-3968.4316596984863	-3739.5881498456	-4264.207076847553	-7358.742100775242	-2238.0662415623665	-3851.2994962334633	-3743.626408934593	-3748.9057235717773	-3911.2390236854553	-4221.741964042187	-4729.40083271265	-3174.332068860531	-6035.431470692158	-2211.6396290659904	-3807.089449942112	-5203.030269920826	-3874.137458860874	-3701.4161731004715	-4001.5210517048836	-3804.41425126791	-5214.680101633072	-4667.014426767826	-3427.9491802453995	-4462.225273430347	-3899.60873067379	-4121.707769095898	-4287.4161494374275	-5122.823445439339	-4123.53856921196	-5099.052664160728	-7206.836343884468	-7127.8447152376175	-4043.6382247805595	-3203.1831753253937	-3250.9577038288116	-5553.661925852299	-5230.9204270243645	-6287.9788991212845	-3801.798353075981	-4040.1157218813896	-5534.044827163219	-6415.414915919304
-3835.4556995630264	-4766.229313671589	-3754.0178669691086	-4728.64046639204	-4635.753360927105	-3737.949427008629	-6349.639145851135	-4966.601305484772	-3708.7078479528427	-3747.796958744526	-4267.482545256615	-1875.3485716581345	-7695.429006278515	-3869.4993971586227	-3744.0267928242683	-3853.8426753878593	-4117.0077140927315	-4227.935467600822	-6590.032265543938	-8800.656117498875	-5363.44794523716	-7674.379321575165	-3835.8762568235397	-5382.762825250626	-3841.845186173916	-3908.790652990341	-4111.38154810667	-3804.3267171382904	-5295.961926758289	-6715.321956694126	-4304.458584725857	-4532.447020351887	-7656.135114252567	-3716.346331715584	-4306.957062900066	-6466.580964744091	-7635.35215306282	-6244.103358268738	-4494.62021869421	-4378.158756315708	-7495.940753340721	-8601.55176872015	-8713.898095011711	-6502.937074840069	-6153.548726379871	-4985.879060566425	-3917.5988150835037	-3720.0891062021255	-5588.341410517693	-5024.795651912689
-3717.579901635647	-5520.2667409181595	-3747.1226174235344	-5133.720602691174	-5071.780642092228	-3761.8665987849236	-5395.877774238586	-5235.435979664326	-3331.318183362484	-3314.490177333355	-7660.0586151480675	-6947.966928243637	-2613.7613509893417	-3525.6646844744682	-3497.0937238931656	-3380.050808429718	-3535.5355093479156	-8038.750774264336	-5131.673556864262	-3532.6295033097267	-5635.212824523449	-2557.7933643460274	-3410.2328251600266	-1979.26910674572	-3923.550492107868	-3628.696297287941	-3306.608945608139	-3427.71527159214	-6482.032343924046	-4968.164320111275	-3721.6534907221794	-7408.35279417038	-4313.243690133095	-3548.9058970212936	-7741.0014244914055	-5479.008980691433	-4406.183179497719	-5418.464395999908	-5983.960060834885	-5820.552518963814	-4395.447453856468	-3509.7852262854576	-3604.448554456234	-4288.667184352875	-5632.378036201	-6587.803210198879	-3585.552437901497	-3797.5023752450943	-5982.514600038528	-5218.230256259441
-3440.808941721916	-6711.254182100296	-3198.992929160595	-7372.2220730781555	-7481.501319050789	-3373.9288709163666	-5606.875861763954	-6980.471829593182	-3525.0402195453644	-3305.3088470697403	-4727.759514033794	-4563.776500225067	-5083.624829173088	-3424.7248255610466	-3452.7880823016167	-3290.718993604183	-3434.688077569008	-4718.389773368835	-5355.68962430954	-3773.7124108076096	-6621.450026392937	-5181.009489774704	-3365.525913476944	-4658.887525975704	-3409.1358142495155	-3335.309284090996	-3413.0500698685646	-3359.200826704502	-5711.923301696777	-5288.199249327183	-2941.930690705776	-5139.011891186237	-4547.250390291214	-3452.5849748253822	-4889.354906320572	-5205.79102230072	-4707.2739397883415	-5650.244967997074	-4897.287686228752	-4830.987017869949	-4559.276590883732	-3804.2711320519447	-3754.2576097249985	-3316.6783964037895	-5780.475250244141	-5589.587664365768	-3377.3524839878082	-3652.0253350138664	-6052.100541770458	-5479.290946900845
-3404.5046715140343	-5267.574862062931	-3391.8453112840652	-5379.2250192165375	-5300.286432802677	-3461.5031822919846	-5642.195262908936	-5499.419069290161	-3162.4529304504395	-3039.0850133299828	-7900.861149251461	-6729.641770899296	-2877.1728961467743	-3219.2873121500015	-3268.4481068253517	-3115.2128239274025	-3349.272450566292	-8297.931288003922	-5375.11012929678	-3791.977670252323	-5881.10007840395	-2814.1415323019028	-3199.872063100338	-1797.5276353359222	-3647.652162015438	-3333.0479368567467	-3026.041462123394	-3251.931384265423	-6723.90054410696	-5209.047355055809	-3505.083673119545	-7661.580824434757	-4571.542573869228	-3257.5754692554474	-8005.6534973979	-5249.195110917091	-4667.941017866135	-5700.024131953716	-6249.882503569126	-6051.290110886097	-4657.125249743462	-3759.3290883898735	-3856.750911653042	-4557.729865729809	-5886.260569393635	-6837.5598885416985	-3417.6255529522896	-3547.238527536392	-6242.915757536888	-5488.122705280781
-3482.3483464717865	-7241.1785556674	-3418.690930366516	-7443.725291073322	-7546.718616425991	-3331.2393975257874	-5653.229584574699	-7009.487516105175	-3490.1195006370544	-3315.806114792824	-4859.620870769024	-6791.474456191063	-2881.7392560243607	-3319.9096118807793	-3230.4461985826492	-3200.040596842766	-3293.798605442047	-4836.9392711520195	-5382.704071223736	-3805.194318830967	-6662.3602920770645	-2878.0501411557198	-3271.0701709985733	-4462.285783588886	-3193.7230187654495	-3215.490575134754	-3467.5639169216156	-3214.208970963955	-5812.5124398469925	-5288.878835499287	-2890.1860689520836	-5115.946968793869	-4564.320189654827	-3557.8482128977776	-4894.703498542309	-5724.762570381165	-4746.094687819481	-5733.903078258038	-6516.8747599720955	-6588.4979375600815	-4657.459435045719	-3862.0462176203728	-3884.794461607933	-4917.573600828648	-5826.295952022076	-5665.854308903217	-3215.3727044463158	-3404.1479163765907	-6138.084510922432	-6996.4916615486145
-3441.734057724476	-5356.099210500717	-3099.745024204254	-5307.304859280586	-5385.406450510025	-3156.8556767106056	-7032.632482469082	-5583.296143114567	-3192.8940324783325	-3311.745594203472	-4884.44093221426	-2503.790251970291	-6984.293135881424	-3264.2727195620537	-3310.580428302288	-3123.5915955901146	-3376.1869345903397	-4805.5447289943695	-5490.962391495705	-5904.550447225571	-5956.955193996429	-7108.356730461121	-3132.5341662168503	-4677.701079428196	-3374.844227850437	-3569.5712492465973	-3277.0073820352554	-3108.6717170476913	-5860.626238763332	-7426.399298548698	-3655.3806163668633	-5182.079567492008	-4715.781425952911	-3206.180734395981	-5001.948468863964	-5326.576289772987	-4821.469934940338	-6844.883043169975	-5086.103185892105	-4903.405595600605	-4711.988621413708	-5848.977602303028	-5866.419682383537	-3422.255670905113	-6742.1686198711395	-5678.948215842247	-3393.4292939305305	-3435.4622316360474	-6179.292700767517	-5663.423623919487
-3169.273116350174	-6988.486676812172	-3063.413624227047	-7689.229707598686	-7775.22440713644	-3030.8759810328484	-5899.5470732450485	-7273.47060573101	-3321.25424772501	-3040.4009507894516	-5100.423404872417	-6573.149298846722	-3145.150801181793	-3013.5322395563126	-3001.8005815148354	-2935.2026123404503	-3107.5355466604233	-5096.119784891605	-5626.140643656254	-4064.5424857735634	-6908.247545957565	-3134.398309111595	-3060.7094089388847	-4280.544312179089	-2917.8246886730194	-2919.84221470356	-3186.9964334368706	-3038.4250836372375	-6054.380640029907	-5529.761870443821	-2673.616251349449	-5369.174999058247	-4822.619073390961	-3266.5177851319313	-5159.355571448803	-5494.948700606823	-5007.852526187897	-6015.462814211845	-6782.797202706337	-6819.235529482365	-4919.137230932713	-4111.590079724789	-4137.096818804741	-5186.636282205582	-6080.17848521471	-5915.6109872460365	-3047.4458194971085	-3153.8840686678886	-6398.485668420792	-7266.384110569954
-2835.6746497750282	-5753.238353073597	-2825.759177803993	-5761.812513053417	-5634.907609641552	-2867.654632627964	-6026.371986627579	-5971.335818350315	-2806.0591843128204	-2846.869189977646	-5271.537919938564	-2870.5282235741615	-6895.618466079235	-2893.3830198049545	-2754.131188571453	-2951.7143766880035	-3139.889744222164	-5240.252978563309	-7588.097795963287	-7785.25370234251	-6363.880875527859	-6880.372313380241	-3009.042950153351	-4427.92413187027	-2848.5435640215874	-2782.759330868721	-3096.7329001426697	-2971.690654218197	-6314.097275257111	-5673.4766082167625	-3258.6631960868835	-5563.932055354118	-8605.828760623932	-2842.321690917015	-5282.380913794041	-7452.680113255978	-8625.783163070679	-6145.207699537277	-5457.882909834385	-5361.411610543728	-8453.124984025955	-7652.957235217094	-7736.552535235882	-7477.766986191273	-6339.521470069885	-5960.966082036495	-2848.864664912224	-2847.8718214035034	-6523.950107038021	-5974.427785277367
-2874.4867728352547	-5891.184811472893	-2857.358004927635	-5967.87090665102	-5923.639374792576	-2840.2438942193985	-6263.222051143646	-6146.058525085449	-2684.1407713890076	-2615.3029782772064	-8496.274943172932	-6162.374126315117	-3520.8459106087685	-2687.8974277973175	-2755.2678964734077	-2566.347697198391	-2731.8320323228836	-8913.128595113754	-6028.413367807865	-4422.839920222759	-6508.0288997888565	-3480.552044391632	-2663.8527841567993	-1056.7831490039825	-2967.2377219200134	-2847.1223388910294	-2492.084327340126	-2661.7261039614677	-7321.732882320881	-5830.91176378727	-2967.320561826229	-8315.302519798279	-5236.2540328502655	-2693.7159130573273	-8612.940846502781	-5851.134235858917	-5290.497136473656	-6334.874546051025	-5559.9209196567535	-5511.943333208561	-5270.946460008621	-4418.192130684853	-4490.587669432163	-3921.6415407061577	-6481.636094391346	-6215.435298323631	-2831.199904322624	-2911.2707220315933	-6846.955441296101	-6069.199450910091
-2441.9530079364777	-6343.108249902725	-2171.486335039139	-6340.476905941963	-6384.560699224472	-2286.560882329941	-6709.365323245525	-6588.03065598011	-2290.2453688383102	-2410.817825436592	-5888.49630689621	-3498.969903886318	-6184.482595682144	-2288.1563422083855	-2320.684824049473	-2221.463296890259	-2399.0689647197723	-5817.862239956856	-6489.027921915054	-4889.148032069206	-6957.388124287128	-6314.349722266197	-2305.7008595466614	-3722.86238604784	-2381.5426056981087	-2443.539927124977	-2262.3587340712547	-2276.035654127598	-6878.761587262154	-6384.553950071335	-2609.58522772789	-6213.56460249424	-5665.475072324276	-2332.156093597412	-5977.372319757938	-6312.675438284874	-5811.900944948196	-6745.987384438515	-6049.36587703228	-5886.658449828625	-5669.172852098942	-4900.3830687999725	-4889.074122607708	-4397.085582256317	-6928.141363561153	-6654.035237312317	-2324.6951437592506	-2563.2449468374252	-7114.901397287846	-6613.055757284164
-2271.868459045887	-7861.511054515839	-2146.768546819687	-8569.023592531681	-8617.225951135159	-2265.6410552859306	-6747.232723414898	-8117.922455966473	-2411.760105729103	-2107.3415160775185	-5903.432487130165	-5726.821322083473	-3994.1713542938232	-2330.2127752900124	-2270.3993505239487	-2232.3690841794014	-2360.739603817463	-5919.425750017166	-6467.626991212368	-4934.503414273262	-7779.336879730225	-4001.9028871655464	-2253.5845564603806	-3609.622827768326	-2365.640353500843	-2080.835517883301	-2330.8669512867928	-2339.830765604973	-6882.8335601091385	-6361.122229278088	-1810.0227335691452	-6260.175388991833	-5672.6817064881325	-2276.3366585969925	-6026.338356971741	-6355.204569876194	-5815.46535551548	-6826.649498462677	-6062.718520462513	-6050.884248316288	-5752.97305136919	-4949.034958422184	-4951.518875896931	-4451.809877872467	-6940.804283261299	-6733.134501874447	-2233.332789480686	-2284.5540805459023	-7237.866048157215	-6614.1026784181595
-2272.7935750484467	-6506.35608291626	-2047.520641863346	-6504.106378734112	-6521.131082594395	-2048.5678610801697	-8172.989344120026	-6720.746769487858	-2079.6139186620712	-2113.7782632112503	-6060.113905310631	-3666.835073828697	-5894.839661002159	-2169.7606692910194	-2128.19169652462	-2065.241686165333	-2302.2384608387947	-6006.5807056427	-6602.899758398533	-7065.341450691223	-7114.842047333717	-5929.250127851963	-2020.5928092002869	-3628.4363812208176	-2331.3487671017647	-2315.0974830389023	-2194.8242634534836	-2089.301655948162	-7031.5364971756935	-8499.322278499603	-2523.4726592302322	-6303.243065297604	-5841.21274214983	-2029.932418167591	-6138.931919515133	-6475.989837348461	-5929.661350667477	-8021.287573635578	-6251.534020125866	-6123.302826046944	-5905.685081899166	-6993.741428673267	-7063.6809485554695	-4557.387152373791	-7902.497652888298	-6822.495053350925	-2249.4095994234085	-2067.990977168083	-7365.058207154274	-6798.235355436802
-2137.5800057649612	-6631.786250472069	-2123.52669608593	-6641.82783561945	-6595.521246790886	-2029.7642295360565	-6858.471001565456	-6827.633906900883	-1998.9638431668282	-2123.7070204019547	-6153.415972292423	-3728.262395977974	-5978.809244573116	-2139.396820664406	-2019.2092534303665	-1983.449060678482	-2314.1455807089806	-6122.176705658436	-6713.838216006756	-6969.343716084957	-7216.815406501293	-5894.882008492947	-2217.827686190605	-3632.6525763869286	-2093.1196925640106	-1976.922322154045	-2124.0622739195824	-2113.5305364727974	-7148.17056375742	-6542.88617926836	-2290.7444521784782	-6410.997784495354	-7683.279392361641	-2016.981745004654	-6189.868082284927	-8341.620281279087	-7750.272091507912	-6937.568104088306	-6330.379068076611	-6212.7749509215355	-7617.940085709095	-6885.163452029228	-6980.593617737293	-6505.7882913947105	-7172.258346021175	-6836.085728824139	-2080.160395562649	-1993.7143686413765	-7362.422273337841	-6837.131911754608
-1971.1071692705154	-6614.817224919796	-1821.494434416294	-6657.263102829456	-6559.671694159508	-2016.1634697914124	-7017.6231699585915	-6869.183193802834	-1984.0605961680412	-1936.0126640200615	-6182.2912276387215	-3804.280553340912	-6011.838342308998	-1947.6304910779	-1873.2180274128914	-2131.3787034749985	-2150.864654481411	-6136.974489510059	-8475.224868774414	-6865.849021792412	-7262.340446650982	-6120.733424544334	-1984.9747664928436	-3468.869243323803	-2093.471016407013	-1994.903169631958	-2152.84624171257	-2114.825710773468	-7215.598557174206	-6588.067358970642	-2445.5960144996643	-6487.6623711586	-7713.455756783485	-1981.2477232813835	-6206.8686019182205	-6573.148817837238	-7795.603432238102	-7130.031510353088	-6342.300553023815	-6255.192339897156	-7698.05421090126	-6812.940678358078	-6842.294306278229	-6504.195758521557	-7255.733520627022	-6922.462428033352	-1949.3797186017036	-2049.931145131588	-7462.194737374783	-6885.163362324238
-2170.4171825647354	-6620.340744614601	-2035.9070301055908	-6657.484540462494	-6678.283787310123	-1943.5079924464226	-7002.03653472662	-6881.029432117939	-2086.459397017956	-2145.9099291563034	-6261.160197734833	-5508.342702507973	-4246.008567690849	-1876.9637562036514	-1869.6973232626915	-1865.9469156265259	-2071.9164338111877	-6195.592251479626	-6759.478941261768	-5179.97810703516	-7244.185643851757	-4267.738541603088	-2000.8843550086021	-3344.5191722512245	-1890.2314801216125	-2028.0728577375412	-2036.3050976395607	-1955.2599110603333	-7221.2189255952835	-6626.116571187973	-2341.270788371563	-6443.727710366249	-5940.843755424023	-2146.088903903961	-6247.372984886169	-6601.833116590977	-6112.479531347752	-7111.205230653286	-7934.875393509865	-7874.90696144104	-6029.0334921479225	-5207.7020164728165	-5271.91333168745	-6267.043468058109	-7227.844598531723	-6980.058560192585	-1994.7884792685509	-2065.1036804914474	-7461.286523938179	-8400.148920953274
-1983.9070045351982	-8164.0826442837715	-1774.029437661171	-8262.335737466812	-8343.73232525587	-1874.4225685596466	-7107.121599972248	-8460.832269191742	-2045.1536232233047	-1785.351541697979	-6288.9687567949295	-5380.766212821007	-4347.759168386459	-2014.2001621723175	-1870.976842880249	-1891.4802461862564	-2000.9370406270027	-6305.9648877978325	-6843.673355102539	-5284.530018687248	-7397.12688010931	-4375.190610229969	-1833.6046686768532	-3352.177179813385	-2025.5628517270088	-1827.4547746777534	-1950.4193546772003	-1913.165685892105	-7266.9233481884	-6701.418509185314	-2180.438143312931	-6613.289523541927	-6083.489523470402	-1963.5950393676758	-6397.850294411182	-6721.826411008835	-6202.373664855957	-7156.821007907391	-6414.045808196068	-6397.081567645073	-6073.960429489613	-5315.600449621677	-5296.825669467449	-4808.172905445099	-7293.165112555027	-7080.116039395332	-1872.1635851860046	-1970.563555598259	-7618.138566195965	-6977.388218522072
-1803.030423939228	-6869.755172908306	-1653.7492590546608	-6948.632537961006	-6896.932389318943	-1799.532354772091	-7228.695396661758	-7078.841826558113	-1655.2774140834808	-1636.6325294971466	-6468.75548607111	-5229.282370328903	-4451.356106340885	-1725.0341762900352	-1651.4763026237488	-1711.9785141944885	-1942.5609092116356	-6403.700909495354	-6947.662050306797	-5419.076785564423	-7488.34615623951	-4468.83260756731	-1729.7787814736366	-3414.3421741724014	-2018.4615850448608	-1674.9917588829994	-1714.1327502727509	-1846.8708733320236	-7451.839507460594	-6835.612521290779	-2015.440381884575	-6681.006404936314	-6126.194929540157	-1719.7673335671425	-6507.068421304226	-6860.149860918522	-6297.536242067814	-7287.5415008068085	-7904.758295178413	-7645.902457952499	-6249.048102319241	-5386.283852875233	-5452.498631000519	-6168.305388748646	-7493.094871580601	-8419.706665039062	-1767.101097881794	-1831.74149787426	-7696.62721991539	-7166.790743172169
-1845.2273097634315	-6902.220418572426	-1722.4376576542854	-6918.300497710705	-6923.704165816307	-1724.9973270893097	-8530.341285705566	-7084.099723160267	-1760.3253723978996	-1768.2209966778755	-6445.393367648125	-4072.7627547979355	-5569.267749011517	-1815.8547060489655	-1753.1565845608711	-1695.440283358097	-1917.4707317948341	-6428.998136162758	-6978.77072173357	-6623.344137966633	-7524.38199454546	-5598.085536539555	-1736.5419952869415	-3252.7538018226624	-1924.8922638893127	-1818.4022330641747	-1830.3362359404564	-1714.7382245659828	-7413.595586955547	-8172.455776929855	-2087.4287395477295	-6720.926146566868	-6197.526195883751	-1618.2397928833961	-6524.312987983227	-6840.000630795956	-6259.660490512848	-8394.316454410553	-6619.259679675102	-6531.272525668144	-6280.902133047581	-6552.834841370583	-6660.090469002724	-4940.257296681404	-7502.4149941802025	-7163.916156113148	-1857.3137230873108	-1765.6300253272057	-7740.966051220894	-7166.852961599827
-1700.5787905454636	-7097.500786662102	-1444.3449369072914	-7123.084306418896	-7117.712248086929	-1501.8436006903648	-7492.370243310928	-7362.128328680992	-1496.2538012862206	-1558.407760977745	-6678.8898176550865	-4256.087044775486	-5420.601032793522	-1547.5502551794052	-1513.3312042355537	-1532.9147902727127	-1709.888220012188	-6596.480786085129	-7225.094325482845	-6491.936348259449	-7705.735030412674	-5466.407710969448	-1477.8103164434433	-3049.280267238617	-1744.5036481618881	-1685.7614108920097	-1544.66364300251	-1631.2290244102478	-7667.612755894661	-7784.343431591988	-1913.7211902737617	-6917.045019030571	-6434.592934787273	-1567.6004026532173	-6728.974701941013	-7098.078192412853	-6590.093220829964	-7549.363034129143	-6847.0710517168045	-6698.585980653763	-6487.652261435986	-6486.053482472897	-6489.925868332386	-5149.346919417381	-8488.553055286407	-7456.160972058773	-1572.7713255882263	-1498.1346442103386	-7924.759059607983	-7379.249882638454
-1560.9739797711372	-7190.793532550335	-1492.0010618567467	-7843.966280460358	-7793.778957188129	-1569.4915534257889	-7489.833308339119	-7382.571469128132	-1543.5717375278473	-1534.8404688239098	-6678.633010327816	-5008.069835007191	-4741.441306710243	-1509.656905055046	-1537.7185999155045	-1504.002225458622	-1684.9230541586876	-6632.35907882452	-7224.9189249277115	-5699.9124311208725	-8497.48497724533	-4761.955396592617	-1613.7393903136253	-2931.0433357954025	-1678.1246467232704	-1442.4469041228294	-1560.6232120990753	-1683.3306727409363	-7665.582057595253	-7117.180650115013	-1107.2618608474731	-6981.613965749741	-6380.098571538925	-1468.649396598339	-6742.8438329696655	-7095.467144727707	-6533.184051334858	-7592.220405459404	-6863.469423532486	-6760.358360946178	-6541.881934463978	-5678.581403970718	-5741.028595209122	-5175.854036152363	-7736.109567284584	-7450.60053730011	-1541.8446535468102	-1509.7642173171043	-7920.394385635853	-7384.581948697567
-1586.087755382061	-7746.057001173496	-1474.5392588377	-7291.774008870125	-7291.7795405983925	-1478.6364831924438	-7603.40469622612	-7461.498192727566	-1345.8305079340935	-1488.2556584477425	-6823.366745889187	-4880.339883089066	-4831.617575645447	-1500.021664261818	-1366.9417093396187	-1427.9513719677925	-1511.3835497498512	-6759.717702865601	-7357.5287163853645	-5790.590868592262	-7869.387723743916	-4878.894951701164	-1404.1202645897865	-2855.3391592502594	-1613.9454750418663	-1484.7145213484764	-1460.743098974228	-1432.449480354786	-7807.8036454916	-7216.593895077705	-1694.2470881938934	-7081.500070035458	-6532.607504785061	-1447.2382051348686	-6849.703697502613	-7691.902855634689	-6658.334522306919	-7640.83217895031	-6948.874268531799	-6875.81808835268	-6601.191516697407	-5795.603033065796	-5834.033031582832	-5263.154382348061	-7834.587863385677	-7547.825396478176	-1348.602334201336	-1446.0375400781631	-8040.265746176243	-7477.97503978014
-1273.0125252604485	-7493.365122318268	-1119.2619526982307	-7537.278425395489	-7520.285331308842	-1178.2730666995049	-7849.722184896469	-7725.481282353401	-1176.965255022049	-1212.8504944443703	-7064.16927999258	-4662.014725744724	-5095.029120802879	-1193.6442919373512	-1138.2960922718048	-1163.113387465477	-1325.1204909682274	-7018.8982166051865	-7600.9652888178825	-6049.939035534859	-8115.274977624416	-5135.24311965704	-1193.759502530098	-2673.5976878404617	-1338.0471449494362	-1189.066160917282	-1180.1756154894829	-1256.6655930280685	-8049.671845674515	-7457.47693002224	-1477.677270591259	-7334.728100299835	-6790.9063885211945	-1155.9077773690224	-7114.355770409107	-7462.088985860348	-6920.092360675335	-7922.391914904118	-7214.796711266041	-7106.555680274963	-6862.8693125844	-6045.146895170212	-6086.33538877964	-5532.217063724995	-8088.470396578312	-7797.582074820995	-1180.6754492521286	-1195.773692369461	-8300.666903674603	-7747.867488801479
