-19028.736819267273	-17694.995421528816	-17593.29655134678	-13133.352891921997	-44401.43359375	-56560.9453125	-14640.442556381226	-11849.51505279541	-15033.361124038696	-174.28212636709213	-19431.94081568718	-7764.2425318956375	-15299.061561584473	-15200.435216486454	-19961.57575595379	-16954.135540008545	-18072.40359210968	-455.59204292297363	-16607.16513943672	-18960.602326750755	-16595.63311767578	-57878.998046875	-224.70256459712982	-28097.677734375	-46255.8359375	-57625.1875	-30409.07830810547	-70323.7900390625	-308.021160364151	-35804.56329345703	-37775.013671875	-13583.190673828125	-20159.33184427023	-50468.74609375	-14879.304602146149	-14668.624875068665	-843.5593457818031	-75318.63671875	-65990.31178855896	-16690.93092918396	-16605.86530303955	-9859.844711303711	-16154.20580482483	-10386.821350097656	-7785.992266058922	-8984.732117414474	-313.59227430820465
-19568.366817235947	-18155.733511447906	-18043.44370561838	-12893.640453994274	-43511.28179174662	-55398.76654320955	-14327.350342154503	-11726.1233574152	-14754.859412491322	-538.8256626725197	-20024.051757752895	-7647.250283360481	-14985.426639318466	-15544.841734588146	-19594.424307644367	-16608.27538985014	-17688.9854144454	-653.494707107544	-16266.666879534721	-18645.605670928955	-16263.807439565659	-56692.68656843901	-537.2030450105667	-27550.39889025688	-45331.79190528393	-56525.95861572027	-29764.5071130991	-68894.75902563334	-587.5419838428497	-35079.68788933754	-36998.37826114893	-13320.910820007324	-19787.745352625847	-49449.02102577686	-15167.808610916138	-14422.23567378521	-1188.012202680111	-73824.55895400047	-65596.24924063683	-16336.066980302334	-16247.413671076298	-9685.606346130371	-15870.531851947308	-10168.823463439941	-7662.007204413414	-8814.134041547775	-613.4209956526756
-18266.2328902483	-17098.374985933304	-17013.490583240986	-12687.246262073517	-42799.92035615444	-54437.81596267223	-14129.311210513115	-11422.92147821188	-14510.872423410416	-947.2955995798111	-18772.37965720892	-7509.8951197862625	-14751.973128318787	-14553.735955357552	-20761.95741689205	-17326.33655166626	-17642.96875309944	-794.7606067657471	-16308.637553334236	-18531.90741455555	-16057.772813737392	-55727.96787250042	-986.5120740532875	-27040.1191842556	-44600.04454791546	-55463.376991808414	-29302.259701788425	-67651.11956995726	-830.0433365106583	-34456.6155025363	-36387.795879781246	-13124.238443136215	-19439.296402335167	-48591.35768800974	-14303.047720193863	-14139.137223482132	-1461.4275614619255	-72569.6924444437	-63449.1060538888	-16063.25765311718	-16022.55177783966	-9509.409442842007	-15559.542248547077	-10018.278331756592	-7511.499978423119	-8700.760163068771	-845.5601356625557
-18048.745188117027	-15005.202792346478	-18467.155701816082	-12112.421307563782	-42316.7078204155	-53788.942236185074	-13947.963974237442	-11329.636563718319	-14325.938523769379	-1053.2233290672302	-18630.283958673477	-7413.397225499153	-14610.38660478592	-14446.520277261734	-18932.018877387047	-16079.664484322071	-17187.652645528316	-909.720048904419	-15793.457075357437	-18023.09431785345	-15794.378414392471	-55030.6310403347	-1177.9871047735214	-26686.564729094505	-43995.60744047165	-54823.9300429225	-28947.78047966957	-67003.21723842621	-964.1817346215248	-34031.52070522308	-35902.07881915569	-12939.554464817047	-19150.10940670967	-47982.946606993675	-14141.059291660786	-13929.782013952732	-1651.6739511489868	-71612.98505783081	-62660.35916388035	-15908.496581971645	-15764.70506119728	-9395.810165405273	-15311.801482617855	-9912.720672607422	-7441.425699591637	-8537.033333539963	-1040.3948642611504
-18805.862888216972	-17559.113075852394	-17463.63773751259	-12447.533824145794	-41909.76855415106	-53275.637193381786	-13816.218996286392	-11299.529782831669	-14232.370711863041	-1311.8391358852386	-19364.490599274635	-7392.902871251106	-14438.33820605278	-14898.142473459244	-20394.80596858263	-16980.476401507854	-17259.55057543516	-992.6632709503174	-15968.139293432236	-18216.91075873375	-15725.94713562727	-54541.65639406443	-1299.0125544667244	-26492.84034013748	-43676.00051569939	-54364.14810752869	-28657.688506782055	-66222.08855652809	-1109.564159989357	-33731.740098416805	-35611.160469055176	-12861.958589315414	-19067.709910690784	-47571.6326200366	-14591.551728963852	-13892.748022198677	-1805.8804183602333	-71075.61467969418	-63055.04350596666	-15708.393704235554	-15664.100145876408	-9335.171077668667	-15275.868295669556	-9800.280445098877	-7387.514916777611	-8530.162087202072	-1145.3888570070267
-18588.3751860857	-15465.940882265568	-18917.302856087685	-11872.708869636059	-41426.55601841211	-52626.76346689463	-13634.87176001072	-11206.244868338108	-14047.436812222004	-1417.7668653726578	-19222.394900739193	-7296.404976963997	-14296.751682519913	-14790.926795363426	-18564.867429077625	-15733.804334163666	-16804.234467864037	-1107.6227130889893	-15452.958815455437	-17708.09766203165	-15462.552736282349	-53844.31956189871	-1490.4875851869583	-26139.285884976387	-43071.56340825558	-53724.70115864277	-28303.2092846632	-65574.18622499704	-1243.7025581002235	-33306.64530110359	-35125.44340842962	-12677.274610996246	-18778.52291506529	-46963.22153902054	-14429.563300430775	-13683.392812669277	-1996.1268080472946	-70118.90729308128	-62266.296615958214	-15553.63263309002	-15406.253429234028	-9221.571800231934	-15028.127529740334	-9694.722785949707	-7317.440637946129	-8366.435257673264	-1340.2235856056213
-17567.259744524956	-16486.4246468544	-16519.112019777298	-12371.973575949669	-41276.93769055605	-52565.91743540764	-13698.750662744045	-11042.594797730446	-14089.0493786335	-1373.2568271756172	-19489.572491526604	-7291.293746113777	-14404.053594768047	-13865.759421229362	-18448.7041760087	-15656.57766199112	-16761.90858513117	-1171.3329448699951	-15422.548393130302	-17640.62433028221	-15432.332166731358	-53818.213521540165	-1625.5049200057983	-26146.359821558	-43030.105786561966	-53584.46497583389	-28256.80789732933	-65447.68714636564	-1337.322643995285	-33287.052840054035	-35085.34485077858	-12627.964273452759	-18702.863155543804	-46903.32266485691	-13257.374409973621	-14668.241014003754	-2018.9199219346046	-69969.27071237564	-61236.57223343849	-15560.892585814	-15413.813766539097	-9207.56453704834	-14998.44614994526	-9689.768323898315	-7294.488909125328	-8440.092442274094	-1348.857993364334
-19388.5411131382	-16397.484425902367	-16518.99343496561	-12243.389243125916	-41204.895480036736	-52491.377043783665	-13603.664801478386	-11037.128762960434	-13965.142992854118	-1535.0045232772827	-18130.478275954723	-7271.844025731087	-14259.983100950718	-14143.76789188385	-18642.908087730408	-15773.830619573593	-16907.737614393234	-1145.195571899414	-15570.923545479774	-18648.928895890713	-15686.520931243896	-53645.665218412876	-1688.922226846218	-26064.669319927692	-42903.922548770905	-53526.73163127899	-28187.51345729828	-65238.88047206402	-1359.2043713331223	-33273.276743113995	-35065.24819737673	-12622.077732205391	-18821.91913217306	-46899.5356978178	-13876.736614584923	-13641.611408352852	-2086.1362807154655	-70043.59910488129	-61052.20627999306	-15504.519244551659	-15457.054791271687	-9213.186527252197	-14940.133780777454	-9666.891653060913	-7346.65001386404	-8396.640232801437	-1389.1891513466835
-17286.241259098053	-14408.582356750965	-17887.34973371029	-11666.314677715302	-40715.19458281994	-51665.81288635731	-13436.832628369331	-10903.042989134789	-13803.449823141098	-1826.2368022799492	-17970.722800195217	-7159.049813389778	-14063.298171520233	-13799.821016132832	-19732.40053832531	-16451.865495979786	-16758.217806518078	-1248.8886127471924	-15494.929489254951	-17594.399405658245	-15256.518110454082	-52879.60086596012	-1939.796614229679	-25629.006178975105	-42339.81605088711	-52662.11953473091	-27840.961873352528	-64330.546769320965	-1486.203910768032	-32683.57291430235	-34514.86102706194	-12480.602234125137	-18430.07396477461	-46105.558201253414	-13564.8024097085	-13400.2943623662	-2269.542166829109	-68864.04078352451	-60119.153429210186	-15280.823305904865	-15181.39153599739	-9045.37489694357	-14717.137926340103	-9544.177654266357	-7166.933411955833	-8253.06137919426	-1572.3627256155014
-17182.755927443504	-16420.261750936508	-16093.638060212135	-12633.1083406806	-40657.2521340847	-51860.51417863369	-13408.216044783592	-10917.31153780222	-13695.038833498955	-1585.377153813839	-17596.761213719845	-7195.853234410286	-14171.149370253086	-13850.647290706635	-18339.479863405228	-15535.194198668003	-16539.472083091736	-1343.9727458953857	-15591.676759004593	-17346.033408164978	-15170.437181174755	-52915.14600819349	-1823.318644106388	-25687.84026092291	-42272.15149092674	-52591.58312624693	-27804.648802101612	-64320.66584980488	-1539.012197971344	-32683.59203583002	-34477.3212672472	-12414.59478020668	-18434.34961384535	-46204.67816179991	-13595.717755675316	-13361.174563109875	-2286.3860401511192	-68915.71686285734	-60132.14149534702	-16063.477125167847	-15401.092926800251	-9097.386867523193	-14727.272730410099	-9683.854892730713	-7185.843887686729	-8301.214619398117	-1537.0670332312584
-18106.88974249363	-16947.16273677349	-16969.2591740489	-12132.261138021946	-40386.785888552666	-51403.73866611719	-13385.658448517323	-10919.203102350235	-13810.547667086124	-1737.8003634810448	-20081.68343359232	-7174.301497578621	-14090.41867250204	-14210.165939331055	-18081.55272769928	-15310.717511832714	-16378.490407466888	-1369.2356090545654	-15082.050133228302	-17325.62767446041	-15100.506488621235	-52631.90204310417	-1938.0054004192352	-25599.08097743988	-42106.061754345894	-52485.236091554165	-27612.23670232296	-64018.65613293648	-1616.8434674739838	-32562.177435934544	-34308.70944005251	-12365.684419631958	-18331.27666389942	-45883.597596883774	-13545.87841874361	-14421.851812720299	-2363.3727788329124	-68475.19294762611	-60842.50968551636	-15206.028636932373	-15055.362134575844	-9033.326171875	-14714.772197067738	-9471.7704372406	-7170.50384747982	-8269.494366407394	-1648.686714708805
-19928.171111106873	-16858.222515821457	-16969.140589237213	-12003.676805198193	-40314.74367803335	-51329.19827449322	-13290.572587251663	-10913.737067580223	-13686.641281306744	-1899.5480595827103	-18722.58921802044	-7154.8517771959305	-13946.348178684711	-14488.174409985542	-18275.756639420986	-15427.970469415188	-16524.319436728954	-1343.0982360839844	-15230.425285577774	-18333.932240068913	-15354.695253133774	-52459.35373997688	-2001.422707259655	-25517.390475809574	-41979.87851655483	-52427.502746999264	-27542.94226229191	-63809.84945863485	-1638.725194811821	-32548.401338994503	-34288.61278665066	-12359.79787838459	-18450.33264052868	-45879.810629844666	-14165.240623354912	-13395.222207069397	-2430.5891376137733	-68549.52134013176	-60658.14373207092	-15149.655295670033	-15098.603159308434	-9038.948162078857	-14656.459827899933	-9448.893766403198	-7222.664952218533	-8226.042156934738	-1689.0178726911545
-16964.666865825653	-16183.51146376133	-15878.974428474903	-11990.268635451794	-40015.45819604397	-50972.353534162045	-13186.615879178047	-10814.647002279758	-14122.235411703587	-2000.7893235683441	-17165.526520729065	-7138.935586094856	-13374.402114391327	-14634.753693401814	-17916.657852828503	-15216.68251156807	-16172.136259675026	-1410.1130657196045	-15069.363322496414	-16951.626601338387	-14895.631609976292	-52173.30293464661	-2145.3273755908012	-25331.385951578617	-41710.75093173981	-52008.22038370371	-27438.997310578823	-63284.929865419865	-1748.164219737053	-32290.38976275921	-34072.33983176947	-12253.034027695656	-19147.055245637894	-45498.683957874775	-14195.696270227432	-12785.28421574831	-2519.214370548725	-67917.270765841	-59163.521486878395	-15080.510559678078	-14980.170533776283	-8927.193101882935	-14504.12013566494	-9381.95474243164	-7120.264749884605	-8141.583675146103	-1714.600795686245
-17065.13674402237	-16085.698412895203	-15966.639767408371	-11757.112627506256	-39890.30798840523	-50960.02460551262	-13390.750538349152	-11222.284670054913	-13601.776705265045	-2016.5631574392319	-17411.55555844307	-7327.108399510384	-13858.818151056767	-13697.23776870966	-18008.799533963203	-15273.72425186634	-16355.148411035538	-1279.8188877105713	-14897.809658288956	-16996.027814507484	-14926.918692409992	-52208.21407085657	-1870.3562123775482	-25175.476147055626	-41564.91764360666	-51983.68820500374	-27415.554927170277	-63264.20195275545	-1646.3095131516457	-32265.148948848248	-34103.092302024364	-12252.178393244743	-18098.437650442123	-45527.262189269066	-13339.448350012302	-13214.277770400047	-2464.953271150589	-68043.56795543432	-59287.89767497778	-14995.831621050835	-15047.760650515556	-8901.520900726318	-14470.635653018951	-9359.158222198486	-7274.90443867445	-8538.309748530388	-1597.7135637402534
-16804.75581550598	-15889.804211258888	-15939.306051671505	-11925.866946101189	-39675.42445296049	-50442.78808557987	-13187.619316875935	-10616.001223146915	-13566.560678005219	-2146.270300388336	-18830.011333048344	-7036.946334004402	-13856.965161502361	-13219.06016010046	-19249.085836946964	-16028.778673648834	-16332.47374612093	-1510.5015087127686	-15124.020807027817	-17211.929418087006	-14894.471862792969	-51667.183347165585	-2387.314429461956	-25088.8012714386	-41374.314396977425	-51422.65446764231	-27149.989291012287	-62775.0166772604	-1859.3448201417923	-31939.1050491333	-33698.127058684826	-12169.012042760849	-17982.82771360874	-45025.93425911665	-12681.117528021336	-14138.753362417221	-2636.788137614727	-67220.32643806934	-58695.36649876833	-14933.219309747219	-14830.500241339207	-8857.129268586636	-14403.782593667507	-9321.225305557251	-7019.996621489525	-8156.1204879283905	-1880.8258547186852
-18626.037184119225	-15800.863990306854	-15939.187466859818	-11797.282613277435	-39603.38224244118	-50368.2476939559	-13092.533455610275	-10610.535188376904	-13442.654292225838	-2308.0179964900017	-17470.917117476463	-7017.496613621712	-13712.894667685032	-13497.068630754948	-19443.28974866867	-16146.031631231308	-16478.302775382996	-1484.3641357421875	-15272.395959377289	-18220.233983695507	-15148.660627305508	-51494.635044038296	-2450.731736302376	-25007.110769808292	-41248.13115918636	-51364.921123087406	-27080.694850981236	-62566.210002958775	-1881.2265474796295	-31925.32895219326	-33678.030405282974	-12163.125501513481	-18101.883690238	-45022.14729207754	-13300.479732632637	-13112.12375676632	-2704.004496395588	-67294.65483057499	-58511.000545322895	-14876.845968484879	-14873.741266071796	-8862.751258790493	-14345.470224499702	-9298.348634719849	-7072.157726228237	-8112.668278455734	-1921.1570127010345
-17722.385925412178	-16880.9998408556	-16543.785214483738	-12393.395902752876	-39767.10033208132	-50698.33540934324	-13095.12383055687	-10793.919842422009	-13416.53712195158	-1949.9206901192665	-18188.87215578556	-7078.86098587513	-13857.51444798708	-14195.053808808327	-17972.328415095806	-15189.334048509598	-16156.053905427456	-1541.875410079956	-15251.178499102592	-17031.036752343178	-14838.611503064632	-51728.8345297575	-2135.819124519825	-25140.56141680479	-41348.10745871067	-51492.3542419672	-27160.07760709524	-62891.63483637571	-1818.5330214500427	-31958.71663171053	-33700.68585652113	-12152.31492638588	-18062.763122200966	-45184.95309382677	-13884.221764445305	-13114.78536182642	-2630.838897049427	-67421.63909810781	-59738.07894742489	-15708.61317628622	-15042.641294836998	-8923.148502349854	-14443.598777532578	-9465.857006072998	-7061.858826041222	-8130.616543531418	-1836.8957545757294
-17108.66363722086	-17493.63666898012	-13988.049437582493	-12331.992393374443	-39720.90731352568	-50582.03181749582	-13031.283564448357	-10766.54313081503	-13406.678008973598	-2194.383154630661	-17296.05101877451	-7019.458499908447	-13658.533637225628	-13515.231316745281	-17657.7122695446	-15011.07411146164	-16077.402503490448	-1527.8918323516846	-14734.953404605389	-17033.49885082245	-14826.659849345684	-51626.437523663044	-2232.026674091816	-25094.744707345963	-41236.843610048294	-51493.18907529116	-27179.074634492397	-62619.37712049484	-1851.1617876291275	-31919.92443871498	-33705.360250115395	-12114.09106516838	-17917.977667570114	-45115.91094958782	-13297.940034210682	-13208.824715197086	-1554.3511444330215	-67029.66947937012	-59507.62035936117	-14943.357077419758	-14773.606866240501	-8844.928954839706	-15543.455643415451	-9331.837177276611	-7100.056555151939	-8154.261167407036	-1883.6616396307945
-16587.26811337471	-13796.632017672062	-17392.9711702466	-11351.041991591454	-39192.211917221546	-49793.91435909271	-13006.272080600262	-10522.716308653355	-13381.626778364182	-2252.1980298757553	-18687.9156345129	-6940.448439717293	-13715.378637969494	-13111.844482004642	-17419.14729744196	-14782.106606304646	-15877.157638549805	-1625.4609508514404	-14608.840329051018	-16703.116321384907	-14631.077463448048	-50969.84651499987	-2578.78946018219	-24735.246816277504	-40769.877289533615	-50783.20751875639	-26795.510068893433	-62127.11434572935	-1993.4832182526588	-31514.010251820087	-33212.40999805927	-11984.32806444168	-17693.640717983246	-44417.523178100586	-12519.129099488258	-13929.398152887821	-2827.0345273017883	-66263.61905145645	-57906.61960875988	-14778.458238601685	-14572.653524696827	-8743.529991149902	-14156.041827738285	-9215.667646408081	-6949.922342658043	-7992.393658399582	-2075.66058331728
-18408.549481987953	-13707.691796720028	-17392.852585434914	-11222.4576587677	-39120.16970670223	-49719.37396746874	-12911.186219334602	-10517.250273883343	-13257.7203925848	-2413.945725977421	-17328.82141894102	-6920.998719334602	-13571.308144152164	-13389.85295265913	-17613.351209163666	-14899.35956388712	-16022.98666781187	-1599.3235778808594	-14757.21548140049	-17711.42088699341	-14885.266227960587	-50797.29821187258	-2642.2067670226097	-24653.556314647198	-40643.694051742554	-50725.47417420149	-26726.21562886238	-61918.30767142773	-2015.364945590496	-31500.234154880047	-33192.31334465742	-11978.441523194313	-17812.696694612503	-44413.73621106148	-13138.49130409956	-12902.76854723692	-2894.2508860826492	-66337.9474439621	-57722.253655314445	-14722.084897339344	-14615.894549429417	-8749.15198135376	-14097.72945857048	-9192.790975570679	-7002.083447396755	-7948.941448926926	-2115.991741299629
-17504.296863794327	-16644.24955368042	-16329.121582746506	-11750.55619752407	-39125.306394040585	-49810.1747648716	-12873.523664951324	-10691.255306899548	-13843.733700156212	-2365.3328598737717	-17757.63746279478	-7021.9433375597	-13060.76719212532	-14979.160211503506	-17549.50640451908	-14870.822361409664	-15788.718082010746	-1608.0157299041748	-14728.865062594414	-16636.629945516586	-14563.805931866169	-50986.99145621061	-2457.827856004238	-24784.1071074605	-40786.706899523735	-50908.99149942398	-26794.426115572453	-61855.8988519907	-2027.6850432157516	-31565.514358639717	-33295.704421043396	-11990.754173874855	-18775.46875399351	-44478.95888990164	-14484.200278997421	-12538.895014464855	-2863.667227447033	-66423.19300109148	-58769.45893895626	-14725.646610796452	-14621.71890181303	-8752.954736709595	-14220.446182787418	-9163.956855773926	-6996.279688239098	-7970.985599279404	-2014.429517030716
-17604.766741991043	-16546.436502814293	-16416.786921679974	-11517.400189578533	-39000.156186401844	-49797.84583622217	-13077.658324122429	-11098.892974674702	-13323.27499371767	-2381.1066937446594	-18003.666500508785	-7210.116150975227	-13545.18322879076	-14041.644286811352	-17641.648085653782	-14927.864101707935	-15971.730233371258	-1477.7215518951416	-14557.311398386955	-16681.031158685684	-14595.09301429987	-51021.90259242058	-2182.856692790985	-24628.197302937508	-40640.87361139059	-50884.45932072401	-26770.983732163906	-61835.170939326286	-1925.8303366303444	-31540.273544728756	-33326.456891298294	-11989.898539423943	-17726.85115879774	-44507.53712129593	-13627.952358782291	-12967.888569116592	-2809.406128048897	-66549.4901906848	-58893.835127055645	-14640.967672169209	-14689.309018552303	-8727.282535552979	-14186.96170014143	-9141.160335540771	-7150.919377028942	-8367.711672663689	-1897.5422850847244
-16420.25199842453	-15823.641315340996	-15513.832092106342	-12187.001710832119	-39055.73889648914	-49737.38482880592	-12897.084698915482	-10490.717963218689	-13172.550132870674	-2358.390627026558	-16937.200055241585	-6941.505822300911	-13624.0609369874	-13203.948029577732	-19139.86152434349	-15907.395210325718	-16110.037244081497	-1683.1413097381592	-15293.149172902107	-16917.338495969772	-14632.576877236366	-50764.11583381891	-2585.128153562546	-24630.28171080351	-40616.3601013422	-50429.77261805534	-26697.83019578457	-61647.995380699635	-2061.0343741178513	-31335.644244909286	-33090.103475153446	-11955.64254951477	-17714.314171910286	-44327.28975605965	-13019.46087372303	-12831.686911523342	-2904.2542558312416	-66166.77258855104	-57590.93576067686	-15435.803849101067	-14817.77940160036	-8746.95159906149	-14132.609174132347	-9315.311874389648	-6911.351600050926	-8017.242665052414	-2069.0348945856094
-17648.293635189533	-17954.374758899212	-14438.196591854095	-12092.27995544672	-38830.75551152229	-49419.853048205376	-12718.191350221634	-10643.151435434818	-13128.176297426224	-2558.9266909360886	-17888.161960840225	-6902.466251373291	-13344.898714959621	-13859.637834846973	-17290.56082123518	-14665.213961303234	-15693.984325826168	-1725.7944965362549	-14394.455144703388	-16718.50219500065	-14494.834171235561	-50440.12604522705	-2544.527154505253	-24547.465863227844	-40312.79957783222	-50393.96019101143	-26534.503439486027	-61190.34610706568	-2130.6826111078262	-31195.04903459549	-32928.724839389324	-11851.81121134758	-17546.39117592573	-44096.185881614685	-13586.444042980671	-12962.435513913631	-1898.8040013313293	-65535.59171462059	-59113.55781143904	-14588.493128538132	-14415.155234277248	-8670.690589666367	-15259.78169053793	-9113.839290618896	-6976.071493506432	-7983.663091540337	-2183.4903609752655
-16202.162936806679	-15586.891028165817	-15299.16846036911	-11544.162005603313	-38413.94495844841	-48849.22418433428	-12675.484533309937	-10388.053427696228	-13599.746711075306	-2773.802796781063	-16505.965362250805	-6884.588173985481	-12827.31368112564	-13988.054432272911	-18717.039513766766	-15588.883523225784	-15742.701420664787	-1749.281629562378	-14770.835736393929	-16522.93168914318	-14357.771306037903	-50022.272760272026	-2907.136885046959	-24273.827401459217	-40054.959542155266	-49846.40987551212	-26332.17870426178	-60612.25939631462	-2270.18639588356	-30942.441971838474	-32685.122039675713	-11794.081797003746	-18427.01980370283	-43621.295552134514	-13619.439388275146	-12255.796564161777	-3137.0825862288475	-65168.32649153471	-56622.31575220823	-14452.837283611298	-14396.857008576393	-8576.75783342123	-13909.456579387188	-9013.411724090576	-6845.772462248802	-7857.6117208004	-2246.568657040596
-16202.764296293259	-13730.46912175417	-16967.49721068144	-11612.176756322384	-38572.5263607502	-49088.511102318764	-12715.737462639809	-10397.433048725128	-12987.616233229637	-2464.318356513977	-16795.104356706142	-6845.007928013802	-13482.474413454533	-13096.732351481915	-17309.922984838486	-14660.72314298153	-15654.721136510372	-1798.100751876831	-14777.968694925308	-16408.525399267673	-14369.182477891445	-50066.779001653194	-2776.6031842827797	-24276.727255642414	-40011.92299389839	-49790.325669169426	-26343.350973665714	-61000.09304916859	-2195.172772228718	-30910.549447596073	-32604.386414527893	-11770.958571195602	-17425.12717628479	-43718.87867504358	-12857.472445189953	-12622.331701993942	-3094.500645518303	-65210.06520193815	-56802.18887066841	-15281.042777955532	-14559.932684957981	-8633.352321624756	-13884.868408203125	-9209.754215240479	-6841.277321219444	-7853.515835523605	-2263.869623184204
-16302.632815003395	-15489.07797729969	-15386.833799302578	-11311.005997657776	-38288.79475080967	-48836.89525568485	-12879.619192481041	-10795.691095471382	-13079.288004636765	-2789.576630651951	-16751.99439996481	-7072.760987401009	-13311.72971779108	-13050.538507580757	-18809.181194901466	-15645.925263524055	-15925.713572025299	-1618.9874515533447	-14599.28207218647	-16567.33290231228	-14389.058388471603	-50057.18389648199	-2632.165721833706	-24117.917596936226	-39909.12625402212	-49821.87769681215	-26308.736320853233	-60591.53148365021	-2168.331689298153	-30917.201157927513	-32715.87450993061	-11793.226162552834	-17378.40220850706	-43649.873783528805	-12763.191468060017	-12684.790118813515	-3082.8214868307114	-65294.623681128025	-56746.69194030762	-14368.158344984055	-14464.447125315666	-8551.085632264614	-13875.9720967412	-8990.615203857422	-7000.412151038647	-8254.337794184685	-2129.6814250946045
-17927.06403839588	-15188.913651227951	-15444.80890339613	-11482.009927153587	-38080.399576842785	-48496.3491666913	-12661.972907841206	-10230.20850789547	-13020.831247448921	-2733.979224085808	-18188.109951794147	-6798.895239949226	-13364.975134134293	-12809.092096626759	-17130.03650778532	-14476.272741556168	-15597.242607414722	-1860.9364738464355	-14386.306799173355	-17328.95089942217	-14523.219980299473	-49584.88069307804	-3089.7245822548866	-24113.35140711069	-39678.19239783287	-49486.009107112885	-26035.24304652214	-60362.77757936716	-2388.5058549642563	-30755.766289711	-32375.579376280308	-11666.851331830025	-17365.450443446636	-43334.11226892471	-12254.806422412395	-13641.227547287941	-3261.496856868267	-64694.23309850693	-56298.46672487259	-14374.480901181698	-14265.003254771233	-8560.906352996826	-13784.374125897884	-8969.838626861572	-6855.146656930447	-7852.0005576610565	-2424.454870402813
-16346.159708201885	-16897.01623338461	-13408.2434694767	-11885.885763525963	-38119.39407593012	-48458.90246766806	-12520.152218580246	-10339.949556231499	-12884.189308345318	-2967.39662784338	-16636.48986029625	-6765.111087799072	-13111.445203959942	-12868.532055616379	-18458.093930482864	-15383.275123119354	-15647.96766448021	-1867.060396194458	-14436.425818502903	-16604.803938627243	-14288.799545407295	-49475.40734928846	-2993.8361835479736	-24037.186157226562	-39581.05222046375	-49331.37856709957	-26072.256028175354	-59946.7066513896	-2373.1839637756348	-30571.976647794247	-32318.14245802164	-11655.138834476471	-17197.94222563505	-43238.52254384756	-12721.683152258396	-12679.337063610554	-2172.219360113144	-64280.72520506382	-56966.41462469101	-14315.683801352978	-14190.293341040611	-8494.493686378002	-14948.7920871377	-8963.294158935547	-6825.564267516136	-7870.289213061333	-2415.6295009851456
-15984.675234675407	-13493.718834578991	-16752.833578944206	-10969.337051093578	-37930.732422709465	-48200.35045784712	-12494.137297034264	-10294.768513202667	-13414.812811434269	-2879.730526268482	-16363.869663715363	-6788.090279698372	-12685.727157592773	-13880.838754177094	-16887.10097426176	-14342.211455881596	-15287.385313093662	-1864.2410717010498	-14255.65525841713	-16014.118592441082	-14094.376906692982	-49324.93592810631	-3098.611915767193	-23920.272946298122	-39450.522434711456	-49206.962926626205	-25977.699482142925	-59964.35706478357	-2404.3247939944267	-30517.34717452526	-32199.40497905016	-11609.397818684578	-18137.832808077335	-43012.88447111845	-13457.45095974207	-12046.441354632378	-3327.328975915909	-64211.61910492182	-55833.56886219978	-14298.076212465763	-14139.010291934013	-8463.158555984497	-13661.715813457966	-8907.854064941406	-6775.69818341732	-7693.884891271591	-2441.4033856391907
-16085.145112872124	-13395.905783712864	-16840.498917877674	-10736.18104314804	-37805.582215070724	-48188.02152919769	-12698.271956205368	-10702.406180977821	-12894.354104995728	-2895.50436013937	-16609.898701429367	-6976.263093113899	-13170.143194258213	-12943.32282948494	-16979.24265539646	-14399.253196179867	-15470.397464454174	-1733.9468936920166	-14084.101594209671	-16058.51980561018	-14125.663989126682	-49359.84706431627	-2823.64075255394	-23764.36314177513	-39304.68914657831	-49182.430747926235	-25954.25709873438	-59943.62915211916	-2302.4700874090195	-30492.1063606143	-32230.157449305058	-11608.542184233665	-17089.215212881565	-43041.46270251274	-12601.20303952694	-12475.434909284115	-3273.0678765177727	-64337.91629451513	-55957.94505029917	-14213.39727383852	-14206.600408673286	-8437.48635482788	-13628.231330811977	-8885.057544708252	-6930.337872207165	-8090.610964655876	-2324.516153693199
-16128.672006070614	-14803.844039797783	-14861.908588051796	-11311.060809016228	-37636.18154019117	-47810.0287411809	-12338.804982304573	-10246.664641737938	-12699.25540870428	-3073.324357330799	-16494.394161760807	-6668.613193511963	-12969.858680427074	-12761.316377520561	-16628.15539097786	-14136.603055775166	-15192.651556909084	-1982.0198383331299	-13921.245340526104	-16095.990841925144	-14025.405146062374	-48778.070517122746	-3185.3112142682076	-23683.631702065468	-38976.61511301994	-48691.93161821365	-25717.7768060565	-59298.80431985855	-2507.3223618865013	-30146.881850481033	-31832.425397396088	-11470.454856157303	-16908.755230009556	-42630.1114628315	-12559.694723725319	-12469.981854081154	-2362.4657498002052	-63324.01781845093	-56177.66773468256	-14160.922730207443	-13932.446624398232	-8380.894408941269	-14701.051321208477	-8857.736499786377	-6755.489988684654	-7706.562383532524	-2610.4642295837402
-15721.278852701187	-15211.690976262093	-15019.453528642654	-11871.729024708271	-37532.75623089075	-47865.48630154133	-12466.524151146412	-10110.391282737255	-12750.727088093758	-2784.351854622364	-17654.39288955927	-6722.904448628426	-13276.14140343666	-12515.971495449543	-16826.60828346014	-14237.636320650578	-15228.977076113224	-2059.713647842407	-14407.060012698174	-16026.055411696434	-14007.136230230331	-48854.36148285866	-3224.1209995150566	-23736.522348105907	-39046.42133998871	-48550.86060208082	-25652.378391325474	-59444.56295710802	-2568.313681602478	-30166.081582427025	-31787.65244615078	-11459.368379831314	-16977.880925118923	-42639.25473290682	-11973.787563502789	-13360.790702044964	-3461.7466163039207	-63566.35085648298	-55378.401940226555	-14933.438781797886	-14209.041390299797	-8445.106693267822	-13571.513075530529	-8986.801866531372	-6694.340530753136	-7756.574944257736	-2572.332752287388
-17542.56022131443	-15122.750755310059	-15019.334943830967	-11743.144691884518	-37460.71402037144	-47790.945909917355	-12371.438289880753	-10104.925247967243	-12626.820702314377	-2946.0995507240295	-16295.298673987389	-6703.454728245735	-13132.070909619331	-12793.97996610403	-17020.812195181847	-14354.889278233051	-15374.80610537529	-2033.5762748718262	-14555.435165047646	-17034.359977304935	-14261.32499474287	-48681.81317973137	-3287.5383063554764	-23654.8318464756	-38920.23810219765	-48493.12725752592	-25583.083951294422	-59235.7562828064	-2590.1954089403152	-30152.305485486984	-31767.555792748928	-11453.481838583946	-17096.93690174818	-42635.46776586771	-12593.14976811409	-12334.161096394062	-3528.9629750847816	-63640.67924898863	-55194.03598678112	-14877.065440535545	-14252.282415032387	-8450.72868347168	-13513.200706362724	-8963.92519569397	-6746.501635491848	-7713.12273478508	-2612.6639102697372
-15503.189791083336	-14974.940689086914	-14804.789896905422	-11228.889319479465	-36890.96229285002	-46977.32565706968	-12244.923985540867	-10007.726747214794	-13177.92366629839	-3199.764024376869	-17223.15819656849	-6665.986800312996	-12479.394147574902	-13300.077898144722	-16403.786272883415	-13919.124633550644	-14861.641252696514	-2125.853967666626	-13884.746576189995	-15631.648604869843	-13732.330659031868	-48112.51840931177	-3546.1297309994698	-23380.068038761616	-38485.02078080177	-47967.4978595376	-25286.726899802685	-58408.82697272301	-2777.465703368187	-29772.879309356213	-31382.671010673046	-11297.80762732029	-17690.58655691147	-41933.260528981686	-12573.766078054905	-12784.9003546834	-3694.5749467015266	-62567.90475946665	-54409.78193175793	-13950.472216308117	-13788.11899727583	-8274.912927627563	-13348.36048078537	-8684.9017162323	-6628.761392951012	-7596.944000005722	-2749.8665147423744
-17324.47115969658	-14886.00046813488	-14804.671312093735	-11100.304986655712	-36818.920082330704	-46902.78526544571	-12149.838124275208	-10002.260712444782	-13054.017280519009	-3361.5117204785347	-15864.063980996609	-6646.5370799303055	-12335.323653757572	-13578.08636879921	-16597.99018460512	-14036.377591133118	-15007.47028195858	-2099.716594696045	-14033.121728539467	-16639.953170478344	-13986.519423544407	-47939.97010618448	-3609.5470378398895	-23298.37753713131	-38358.83754301071	-47909.7645149827	-25217.432459771633	-58200.02029842138	-2799.347430706024	-29759.103212416172	-31362.574357271194	-11291.921086072922	-17809.642533540726	-41929.47356194258	-13193.128282666206	-11758.270749032497	-3761.7913054823875	-62642.233151972294	-54225.41597831249	-13894.098875045776	-13831.360022008419	-8280.53491783142	-13290.048111617565	-8662.025045394897	-6680.922497689724	-7553.491790533066	-2790.197672724724
-15603.659669280052	-14877.127638220787	-14892.45523583889	-10995.733311533928	-36765.81208521128	-46964.99672842026	-12449.058644711971	-10415.364414989948	-12657.464959859848	-3215.537858247757	-17469.187234282494	-6854.159613728523	-12963.810184240341	-12362.561973452568	-16495.927954018116	-13976.166373848915	-15044.653404057026	-1995.5597896575928	-13713.192911982536	-15676.04981803894	-13763.617741465569	-48147.429545521736	-3271.1585677862167	-23224.158234238625	-38339.18749266863	-47942.96568083763	-25263.28451639414	-58388.099060058594	-2675.6109967827797	-29747.63849544525	-31413.423480927944	-11296.951992869377	-16641.9689617157	-41961.83876037598	-11717.518157839775	-13213.893909335136	-3640.3138473033905	-62694.20194905996	-54534.15811985731	-13865.793277680874	-13855.709114015102	-8249.240726470947	-13314.875998139381	-8662.105195999146	-6783.401081740856	-7993.670073390007	-2632.979282796383
-17424.941037893295	-14788.187417268753	-14892.336651027203	-10867.148978710175	-36693.76987469196	-46890.456336796284	-12353.972783446312	-10409.898380219936	-12533.558574080467	-3377.2855543494225	-16110.093018710613	-6834.709893345833	-12819.739690423012	-12640.570444107056	-16690.131865739822	-14093.419331431389	-15190.482433319092	-1969.4224166870117	-13861.568064332008	-16684.354383647442	-14017.806505978107	-47974.88124239445	-3334.5758746266365	-23142.46773260832	-38213.00425487757	-47885.23233628273	-25193.990076363087	-58179.29238575697	-2697.492724120617	-29733.86239850521	-31393.326827526093	-11291.06545162201	-16761.024938344955	-41958.05179333687	-12336.880362451077	-12187.264303684235	-3707.5302060842514	-62768.53034156561	-54349.79216641188	-13809.419936418533	-13898.950138747692	-8254.862716674805	-13256.563628971577	-8639.228525161743	-6835.5621864795685	-7950.217863917351	-2673.3104407787323
-17164.560109376907	-14592.293215632439	-14865.002935290337	-11035.903297305107	-36478.88633924723	-46373.21981686354	-12150.841561973095	-9803.61493331194	-12498.34254682064	-3506.9926972985268	-17528.548793315887	-6544.547827839851	-12817.886700868607	-12162.392835497856	-17930.418168723583	-14848.473753213882	-15167.807768404484	-2200.105037689209	-14087.77921307087	-16900.255987226963	-13985.359676361084	-47433.85051870346	-3851.5340917110443	-23055.79285699129	-38022.40100824833	-47324.1985989213	-24928.424440205097	-57690.10711026192	-2910.5280311107635	-29407.818498790264	-30988.361584186554	-11207.899101138115	-16645.415001511574	-41456.72386318445	-11678.54954046011	-13111.739895701408	-3879.3650725483894	-61945.28882420063	-53757.26099020243	-13746.807625114918	-13681.689729571342	-8210.471084535122	-13189.710569620132	-8601.295608520508	-6580.654369294643	-7568.028603315353	-2956.422731757164
-16260.90885066986	-15672.429066181183	-15469.600682914257	-11632.016586780548	-36642.60442888737	-46703.30753225088	-12153.43193691969	-9986.999587357044	-12472.225376546383	-3148.8953909277916	-18246.503831624985	-6605.912200093269	-12962.506481170654	-12860.378013551235	-16459.45683515072	-13891.776170492172	-14845.558898448944	-2257.6163120269775	-14066.561752796173	-15711.058755874634	-13675.310552120209	-47668.050004422665	-3536.6214799284935	-23189.24350398779	-38122.37730777264	-47451.631717801094	-25007.807196319103	-58015.531943678856	-2847.8345050811768	-29441.206178307533	-31011.01703542471	-11197.088526010513	-16606.29443347454	-41619.52966493368	-12262.291572272778	-13114.401500761509	-3806.1994732022285	-62072.273091733456	-54984.33939230442	-14578.57483291626	-13850.589758336544	-8270.868328094482	-13287.839122653008	-8768.803979873657	-6570.355469107628	-7585.976868391037	-2872.161473631859
-15647.186562478542	-16285.065894305706	-12913.864906013012	-11570.613077402115	-36596.411410331726	-46587.00394040346	-12089.591670811176	-9959.622875750065	-12462.366263568401	-3393.357855439186	-17353.682694613934	-6546.509714126587	-12763.525670409203	-12180.55552148819	-16144.840689599514	-13713.516233444214	-14766.907496511936	-2243.632734298706	-13550.33665829897	-15713.520854353905	-13663.35889840126	-47565.65299832821	-3632.8290295004845	-23143.42679452896	-38011.11345911026	-47452.46655112505	-25026.80422371626	-57743.274227797985	-2880.4632712602615	-29402.413985311985	-31015.691429018974	-11158.864664793015	-16461.50897884369	-41550.48752069473	-11676.009842038155	-13208.440854132175	-2729.711720585823	-61680.30347299576	-54753.8808042407	-13813.318734049797	-13581.555329740047	-8192.648780584335	-14387.695988535881	-8634.78415107727	-6608.553198218346	-7609.621492266655	-2918.927358686924
-17468.467931091785	-16196.125673353672	-12913.746321201324	-11442.028744578362	-36524.36919981241	-46512.46354877949	-11994.505809545517	-9954.156840980053	-12338.45987778902	-3555.1055515408516	-15994.588479042053	-6527.0599937438965	-12619.455176591873	-12458.563992142677	-16339.04460132122	-13830.769191026688	-14912.736525774002	-2217.495361328125	-13698.711810648441	-16721.825419962406	-13917.5476629138	-47393.10469520092	-3696.2463363409042	-23061.736292898655	-37884.9302213192	-47394.73320657015	-24957.509783685207	-57534.46755349636	-2902.3449985980988	-29388.637888371944	-30995.594775617123	-11152.978123545647	-16580.564955472946	-41546.700553655624	-12295.372046649456	-12181.811248481274	-2796.928079366684	-61754.631865501404	-54569.51485079527	-13756.945392787457	-13624.796354472637	-8198.270770788193	-14329.383619368076	-8611.907480239868	-6660.714302957058	-7566.169282793999	-2959.2585166692734
-15118.685974001884	-14908.777793169022	-14379.31593734026	-11490.024084210396	-36271.27673637867	-46271.922400295734	-11954.389367580414	-9882.443487286568	-12783.913121163845	-3411.884351015091	-15330.34691876173	-6570.546288609505	-12246.48992305994	-13284.965767621994	-16294.561960279942	-13797.741170227528	-14639.204750657082	-2298.4937686920166	-14053.874942064285	-15337.05768275261	-13470.435673475266	-47209.4508959651	-3743.9434551000595	-22921.548478126526	-37727.06648516655	-46974.61600995064	-24834.567804574966	-57281.80567616224	-2979.155257344246	-29169.4185051322	-30774.647427141666	-11084.438134074211	-17422.073015213013	-41234.61602592468	-12912.1094237566	-11477.83390378952	-3962.0410649180412	-61514.35090994835	-53305.35119366646	-14453.056755661964	-13775.398157536983	-8164.735258102417	-13077.18706125021	-8678.988285064697	-6520.116371512413	-7458.0661771297455	-2938.0755546092987
-15219.1558521986	-14810.964742302895	-14466.981276273727	-11256.868076264858	-36146.12652873993	-46259.59347164631	-12158.524026751518	-10290.081155061722	-12263.454414725304	-3427.6581848859787	-15576.375956475735	-6758.719102025032	-12730.90595972538	-12347.44984292984	-16386.703641414642	-13854.782910525799	-14822.216902017593	-2168.1995906829834	-13882.321277856827	-15381.458895921707	-13501.722755908966	-47244.362032175064	-3468.9722918868065	-22765.638673603535	-37581.233197033405	-46950.08383125067	-24811.12542116642	-57261.07776349783	-2877.3005507588387	-29144.177691221237	-30805.399897396564	-11083.582499623299	-16373.455420017242	-41263.19425731897	-12055.86150354147	-11906.827458441257	-3907.779965519905	-61640.648099541664	-53429.72738176584	-14368.377817034721	-13842.988274276257	-8139.063056945801	-13043.702578604221	-8656.191764831543	-6674.7560603022575	-7854.7922505140305	-2821.188322663307
-14958.774923682213	-14615.07054066658	-14439.647560536861	-11425.62239485979	-35931.24299329519	-45742.35695171356	-11955.392805278301	-9683.797708153725	-12228.238387465477	-3557.365327835083	-16994.83173108101	-6468.557036519051	-12729.052970170975	-11869.27223432064	-17626.989944398403	-14609.837332308292	-14799.542237102985	-2398.8822116851807	-14108.532426595688	-15597.360499501228	-13469.275926291943	-46703.33130848408	-3985.9305089712143	-22678.963797986507	-37390.62995040417	-46389.05009388924	-24545.55978500843	-56771.89248800278	-3090.3358577489853	-28818.13379150629	-30400.434654057026	-11000.416149139404	-16257.84548318386	-40761.86632716656	-11397.530681550503	-12831.303050458431	-4079.614831984043	-60817.406582176685	-52837.19620555639	-14305.765505731106	-13625.727865099907	-8094.671424806118	-12976.849519252777	-8618.258848190308	-6419.8482431173325	-7472.602989912033	-3104.300613641739
-16780.056292295456	-14526.130319714546	-14439.528975725174	-11297.038062036037	-35859.20078277588	-45667.81656008959	-11860.306944012642	-9678.331673383713	-12104.332001686096	-3719.1130239367485	-15635.737515509129	-6449.10731613636	-12584.982476353645	-12147.280704975128	-17821.19385612011	-14727.090289890766	-14945.371266365051	-2372.7448387145996	-14256.90757894516	-16605.66506510973	-13723.464690804482	-46530.78300535679	-4049.347815811634	-22597.2732963562	-37264.446712613106	-46331.316749334335	-24476.26534497738	-56563.08581370115	-3112.2175850868225	-28804.35769456625	-30380.338000655174	-10994.529607892036	-16376.901459813118	-40758.07936012745	-12016.892886161804	-11804.67344480753	-4146.831190764904	-60891.73497468233	-52652.83025211096	-14249.392164468765	-13668.968889832497	-8100.293415009975	-12918.537150084972	-8595.382177352905	-6472.009347856045	-7429.150780439377	-3144.6317716240883
-15262.682745397091	-16218.902998387814	-12488.39094644785	-11831.747842133045	-35976.72585386038	-45881.60068362951	-11799.057052850723	-9834.339615821838	-12068.355718433857	-3605.478182077408	-15460.871416807175	-6451.069202423096	-12530.621445894241	-12165.443390965462	-16035.61637699604	-13592.132770121098	-14544.470994472504	-2416.2725353240967	-13719.46502417326	-15418.929932236671	-13401.463912844658	-46662.58548498154	-3830.642753601074	-22684.90723389387	-37253.15916347504	-46459.584701538086	-24574.64512848854	-56616.25293123722	-3082.1528252363205	-28798.95318108797	-30407.667845487595	-10945.495171546936	-16192.995437145233	-40851.84301763773	-12014.35318773985	-11901.374403238297	-2997.1778388023376	-60626.74962347746	-53649.450066149235	-14315.903273403645	-13568.834490001202	-8082.471111059189	-14116.522569000721	-8628.870719909668	-6499.908176779747	-7470.743669390678	-3107.1363985538483
-15001.06679058075	-14574.214455127716	-14252.317644536495	-10614.028371036053	-35504.332590699196	-45371.43282717466	-11936.923861145973	-10187.41661953926	-12690.650992929935	-3843.070354640484	-15145.141263484955	-6701.801453709602	-11934.15870386362	-13131.556245625019	-15963.881630837917	-13536.271223425865	-14454.881078600883	-2234.339910507202	-13360.007841348648	-14987.052089095116	-13226.917184710503	-46502.51895862818	-3790.9810233712196	-22409.184364259243	-37019.83263784647	-46366.72108870745	-24445.47392964363	-56225.341779112816	-3086.4525725245476	-28750.975418150425	-30400.41846191883	-10922.021747112274	-17086.161051809788	-40557.20005339384	-12655.840018093586	-11330.937111079693	-4140.608295917511	-60642.20200252533	-52461.107373297215	-13385.411251544952	-13422.065881252289	-7968.869291305542	-12820.549983859062	-8354.29161453247	-6609.1769225001335	-7695.161306262016	-2998.7220851182938
-14741.287221550941	-12521.898347079754	-15893.312679111958	-10850.797440350056	-35448.03045755625	-45093.4832252264	-11774.045569002628	-9590.512793660164	-12043.30448782444	-3663.293057322502	-16852.736032545567	-6372.059142231941	-12587.466446638107	-11762.056556224823	-15797.051404893398	-13363.165264964104	-14344.22612953186	-2513.8416538238525	-13593.351948618889	-15088.54740279913	-13205.881526947021	-46005.99447631836	-4177.405539691448	-22325.409342825413	-36786.19284296036	-45749.60314500332	-24191.080562889576	-56123.99015647173	-3224.474255859852	-28393.038994193077	-29914.717593431473	-10815.732170820236	-15968.658487558365	-40153.45524615049	-11235.542253017426	-12621.947840929031	-4269.861221671104	-59860.69919556379	-52048.44931554794	-14151.004434585571	-13367.881148457527	-7981.072147369385	-12729.108753323555	-8512.701189041138	-6349.7739642858505	-7308.8761603832245	-3299.1353422403336
-15044.59368377924	-15982.152711212635	-12273.727314710617	-11188.90813690424	-35334.931915819645	-44993.44003915787	-11577.456887245178	-9731.675080299377	-12495.552296638489	-4020.890351831913	-15029.636723816395	-6394.151554107666	-11733.874190032482	-12949.54979366064	-15612.794366419315	-13273.621083021164	-14177.135171055794	-2482.4128551483154	-13197.151587665081	-15024.52312541008	-13126.658341646194	-45920.74241143465	-4152.651485085487	-22328.45292454958	-36691.7586042881	-45876.221958994865	-24208.99363696575	-55580.51694685221	-3291.3048470020294	-28405.75090801716	-30002.68641000986	-10783.934419035912	-16905.70106893778	-40145.8488137126	-12614.331702291965	-11325.484055876732	-3230.0061691999435	-59628.303526461124	-52680.83005768061	-13332.936707913876	-13147.912096977234	-7912.27734541893	-13893.369974255562	-8326.970569610596	-6434.329038977623	-7311.112725138664	-3284.670161008835
-15145.063561975956	-15884.339660346508	-12361.392653644085	-10955.752128958702	-35209.781708180904	-44981.11111050844	-11781.591546416283	-10139.312748074532	-11975.093590199947	-4036.6641857028008	-15275.6657615304	-6582.324367523193	-12218.290226697922	-12012.033868968487	-15704.936047554016	-13330.662823319435	-14360.147322416306	-2352.118677139282	-13025.597923457623	-15068.924338579178	-13157.945424079895	-45955.653547644615	-3877.6803218722343	-22172.54312002659	-36545.92531615496	-45851.689780294895	-24185.551253557205	-55559.789034187794	-3189.450140416622	-28380.510094106197	-30033.43888026476	-10783.078784584999	-15857.083473742008	-40174.42704510689	-11758.083782076836	-11754.477610528469	-3175.7450698018074	-59754.60071605444	-52805.20624577999	-13248.257769286633	-13215.502213716507	-7886.605144262314	-13859.885491609573	-8304.174049377441	-6588.9687277674675	-7707.838798522949	-3167.7829290628433
-15498.404921650887	-15075.80863058567	-14889.794714808464	-11185.909956932068	-35041.09119129181	-44580.178182423115	-11642.300591051579	-9560.406012773514	-11949.736675918102	-3921.9088641405106	-17586.942673146725	-6351.564787983894	-12415.418047904968	-12213.678752422333	-17259.83849608898	-14263.977182149887	-14416.124059438705	-2596.784875869751	-13768.034166693687	-15282.363843679428	-13137.45024818182	-45517.019830048084	-4298.430989384651	-22131.68495386839	-36466.585918188095	-45289.82120960951	-23900.98859000206	-55342.86147457361	-3369.856681227684	-28093.2583873868	-29623.799243330956	-10738.136295318604	-15886.258991539478	-39742.14125919342	-11686.034690320492	-12584.913849174976	-4424.067688882351	-59323.32881742716	-52443.13365763426	-13950.90155684948	-13267.276233136654	-7920.433059632778	-12693.175566375256	-8400.260961532593	-6295.863181471825	-7302.004914045334	-3404.12933498621
-15540.696788549423	-15034.952545046806	-14702.464798808098	-10374.31593310833	-34614.18078869581	-44209.254057884216	-11623.83164691925	-10064.02492415905	-12412.14928138256	-4207.613890945911	-15737.25220555067	-6584.809205174446	-11620.523781597614	-13475.962763726711	-15596.730182528496	-13190.41107326746	-14071.462900936604	-2432.2425746917725	-13019.509581446648	-14672.055433273315	-12895.09150660038	-45316.207480192184	-4103.4815037846565	-21861.905520141125	-36095.7886056304	-45267.49220442772	-23800.90273463726	-54796.31076568365	-3365.9733960032463	-28026.100014030933	-29623.78305119276	-10659.741893291473	-16714.574560165405	-39537.474985420704	-12944.344026863575	-11084.547909796238	-4485.061152815819	-59148.1242377758	-52067.04482537508	-13030.547302663326	-13063.614249289036	-7794.630926132202	-12536.87603098154	-8136.293727874756	-6485.191860854626	-7524.563230395317	-3298.5508064627647
-16081.083146572113	-13914.179980635643	-13945.150412261486	-10981.76537591219	-34336.21811717749	-43795.91803282499	-11429.746396243572	-9298.004992902279	-11682.50895690918	-4145.074251532555	-16352.930349826813	-6230.505942463875	-12237.062942802906	-11459.304170846939	-15507.94061523676	-13057.331400215626	-14064.311098396778	-2749.3171768188477	-13370.818418741226	-15714.381980836391	-13098.024043798447	-44621.028654396534	-4688.340661764145	-21703.5139336586	-35694.50795125961	-44452.404733359814	-23430.813540518284	-54359.65339010954	-3619.4968925714493	-27634.79503208399	-29077.886971652508	-10498.25543820858	-15640.468213021755	-39070.04433697462	-10971.219575941563	-12333.777235329151	-4704.323551237583	-58291.31324261427	-50440.29643166065	-13747.027097165585	-13060.230878531933	-7798.448509216309	-12357.441051483154	-8266.872169494629	-6254.998278558254	-7168.483059644699	-3647.9296293258667
-14238.562861561775	-13977.594019532204	-13672.511676430702	-10167.921741187572	-33902.81935310364	-43248.3034773469	-11425.792515277863	-9760.82304495573	-12168.162292301655	-4616.083827853203	-14485.580105006695	-6447.454041600227	-11387.070270597935	-12484.856984496117	-16764.26329177618	-13908.47223508358	-14025.446239590645	-2573.5084743499756	-13061.480255246162	-14558.35717689991	-12689.056880772114	-44351.4887842536	-4552.790532827377	-21351.625814139843	-35364.04124826193	-44204.91058051586	-23338.655323326588	-53552.67131000757	-3608.474748671055	-27403.02762722969	-29013.200669825077	-10463.069516420364	-16366.125609874725	-38679.81164765358	-12079.5831361413	-10801.44945949316	-4758.476511597633	-57893.25772821903	-49919.90163862705	-12757.737975478172	-12838.752356052399	-7618.434022843838	-12225.88642758131	-7985.748596191406	-6334.68463486433	-7411.189351916313	-3530.689946472645
-13978.783292531967	-11925.277911484241	-15313.506711006165	-10404.690810501575	-33846.51721996069	-42970.353875398636	-11262.914223134518	-9163.919219076633	-11520.81578719616	-4436.306530535221	-16193.174874067307	-6117.711730122566	-12040.378013372421	-11115.35729509592	-16597.43306583166	-13735.366276621819	-13914.791290521622	-2853.010217666626	-13294.824362516403	-14659.852490603924	-12668.021223008633	-43854.96430194378	-4939.215049147606	-21267.850792706013	-35130.401453375816	-43587.79263681173	-23084.261956572533	-53451.319687366486	-3746.496432006359	-27045.091203272343	-28527.49980133772	-10356.779940128326	-15248.623045623302	-38276.06684041023	-10659.28537106514	-12092.460189342499	-4887.729437351227	-57111.754921257496	-49507.24358087778	-13523.331158518791	-12784.567623257637	-7630.6368789076805	-12134.445197045803	-8144.158170700073	-6075.281676650047	-7024.904206037521	-3831.1032035946846
-14021.075159430504	-11884.421825945377	-15126.176795005798	-9593.096786677837	-33419.60681736469	-42599.42975085974	-11244.44527900219	-9667.53813046217	-11983.228392660618	-4722.011557340622	-14343.484406471252	-6350.956147313118	-11245.483747065067	-12377.641306400299	-14934.324752271175	-12661.800167739391	-13570.13013201952	-2688.4679164886475	-12546.299777269363	-14049.544080197811	-12425.662481427193	-43654.15195208788	-4744.265563547611	-20998.07135897875	-34759.60414081812	-43565.463631629944	-22984.176101207733	-52904.768978476524	-3742.6131467819214	-26977.932829916477	-28527.483609199524	-10278.385538101196	-16076.93861424923	-38071.400566637516	-11917.594707608223	-10592.09424996376	-4948.722901284695	-56936.55034160614	-49131.1547486186	-12602.976904332638	-12580.905639410019	-7504.8347454071045	-11978.145661652088	-7880.190937042236	-6264.610356032848	-7247.462522387505	-3725.5246750712395
-13657.208899259567	-13700.207018494606	-13305.131405770779	-10728.644768238068	-33146.78083318472	-42276.89452320337	-11012.697473943233	-9075.523232221603	-11839.601375758648	-4610.859051823616	-15387.978594601154	-6097.597502827644	-11351.481956243515	-11950.289972364902	-14781.690380334854	-12500.183292210102	-13328.70974367857	-3014.234670639038	-12869.258195757866	-14017.079686284065	-12307.134722530842	-43148.666370630264	-5144.745810508728	-20970.230565309525	-34501.336334228516	-42933.89348578453	-22682.297393798828	-52405.702783465385	-4008.45674097538	-26651.908051729202	-28084.978606045246	-10129.211733698845	-15965.604326486588	-37669.19259703159	-11290.179231584072	-11477.45004272461	-5137.401641070843	-56164.98490357399	-48551.61163854599	-13323.018412292004	-12583.34662103653	-7512.455083847046	-11921.42740637064	-7981.935258865356	-6028.613014578819	-6913.426501989365	-3973.341273665428
-13757.678777456284	-13602.393967628479	-13392.796744704247	-10495.48876029253	-33021.63062554598	-42264.56559455395	-11216.832133114338	-9483.160899996758	-11319.142669320107	-4626.632885694504	-15634.007632315159	-6285.770316243172	-11835.897992908955	-11012.774047672749	-14873.832061469555	-12557.225032508373	-13511.721895039082	-2883.940492630005	-12697.704531550407	-14061.480899453163	-12338.421804964542	-43183.57750684023	-4869.774647295475	-20814.320760786533	-34355.50304609537	-42909.36130708456	-22658.85501039028	-52384.97487080097	-3906.6020343899727	-26626.66723781824	-28115.731076300144	-10128.356099247932	-14916.986731290817	-37697.770828425884	-10433.931311368942	-11906.443597376347	-5083.140541672707	-56291.282093167305	-48675.987826645374	-13238.33947366476	-12650.936737775803	-7486.78288269043	-11887.942923724651	-7959.138738632202	-6183.252703368664	-7310.15257537365	-3856.4540417194366
-15318.579217553139	-13317.55954504013	-13365.344444155693	-10535.65874606371	-32734.70487958193	-41672.78868299723	-10918.615050375462	-8871.411418318748	-11160.020256280899	-4918.087724745274	-15693.369191348553	-5976.1585303545	-11689.97450953722	-10812.604909718037	-16308.322276175022	-13429.53241187334	-13634.87625938654	-3088.485740661621	-13072.29083263874	-15285.687068641186	-12560.163739860058	-42469.99848002195	-5450.150171220303	-20645.9553835392	-34038.71656167507	-42290.59422516823	-22323.99493420124	-51686.982921004295	-4141.5190687179565	-26286.847241163254	-27690.669179558754	-10039.30320751667	-14920.432771086693	-37192.65593123436	-10394.962693989277	-11804.289583742619	-5322.1917669177055	-55542.36896830797	-47899.09069699049	-13119.353821098804	-12476.917353332043	-7448.013240754604	-11762.777495205402	-7898.329151153564	-5980.505990922451	-6884.511105298996	-4179.897490680218
-13801.205670654774	-15010.332223713398	-11414.206414878368	-11070.368526160717	-32852.22995066643	-41886.57280653715	-10857.365159213543	-9027.419360756874	-11124.04397302866	-4804.452882885933	-15518.503092646599	-5978.120416641235	-11635.613479077816	-10830.76759570837	-14522.744797050953	-12294.574892103672	-13233.975987493992	-3132.013437271118	-12534.84827786684	-14098.951935768127	-12238.162961900234	-42601.8009596467	-5231.445109009743	-20733.58932107687	-34027.429012537	-42418.86217737198	-22422.374717712402	-51740.15003854036	-4111.4543088674545	-26281.442727684975	-27717.999024391174	-9990.26877117157	-14736.526748418808	-37286.41958874464	-10392.422995567322	-11900.990542173386	-4172.538414955139	-55277.3836171031	-48895.71051102877	-13185.864930033684	-12376.782953500748	-7430.190936803818	-12960.762914121151	-7931.817693710327	-6008.404819846153	-6926.103994250298	-4142.402117609978
-13539.589715838432	-13365.6436804533	-13178.133112967014	-9852.649055063725	-32379.836687505245	-41376.4049500823	-10995.231967508793	-9380.496364474297	-11746.339247524738	-5042.045055449009	-15202.772939324379	-6228.852667927742	-11039.150737047195	-11796.880450367928	-14451.01005089283	-12238.71334540844	-13144.386071622372	-2950.0808124542236	-12175.391095042229	-13667.074092626572	-12063.616233766079	-42441.73443329334	-5191.783378779888	-20457.86645144224	-33794.102486908436	-42325.99856454134	-22293.203518867493	-51349.23888641596	-4115.754056155682	-26233.46496474743	-27710.74964082241	-9966.795346736908	-15629.692363083363	-36991.77662450075	-11033.909825921059	-11330.553250014782	-5315.9688720703125	-55292.83599615097	-47707.36781817675	-12255.372908174992	-12230.014344751835	-7316.589117050171	-11664.790328979492	-7657.23858833313	-6117.67356556654	-7150.521631121635	-4033.987804174423
-15360.871084451675	-13276.703459501266	-13178.014528155327	-9724.064722239971	-32307.79447698593	-41301.86455845833	-10900.146106243134	-9375.030329704285	-11622.432861745358	-5203.792751550674	-13843.678723752499	-6209.402947545052	-10895.080243229866	-12074.888921022415	-14645.213962614536	-12355.966302990913	-13290.215100884438	-2923.9434394836426	-12323.7662473917	-14675.378658235073	-12317.804998278618	-42269.186130166054	-5255.200685620308	-20376.175949811935	-33667.919249117374	-42268.26521998644	-22223.90907883644	-51140.432212114334	-4137.635783493519	-26219.68886780739	-27690.65298742056	-9960.90880548954	-15748.74833971262	-36987.98965746164	-11653.27203053236	-10303.92364436388	-5383.185230851173	-55367.164388656616	-47523.00186473131	-12198.999566912651	-12273.255369484425	-7322.211107254028	-11606.477959811687	-7634.3619174957275	-6169.834670305252	-7107.069421648979	-4074.3189621567726
-15858.209215521812	-13778.29763495922	-13815.491598427296	-10295.946308135986	-31844.553077578545	-40510.60991370678	-10605.522836148739	-8748.019722938538	-10881.518544733524	-5282.631261050701	-16285.480133414268	-5859.166281819344	-11376.339587271214	-11157.011427819729	-15941.1708278656	-13083.672261714935	-13251.45808172226	-3286.3884048461914	-12731.79257273674	-14970.690412819386	-12228.338061749935	-41283.68700158596	-5762.6506516337395	-20098.67653942108	-33114.672529459	-41191.3653408885	-21679.42373919487	-50257.95190757513	-4421.039892196655	-25561.971837043762	-26914.033768832684	-9777.02335369587	-14548.84627944231	-36172.93086326122	-10683.466702759266	-11557.900382459164	-5666.644623816013	-54048.291203558445	-47505.028149068356	-12764.489872217178	-12118.46572136879	-7273.7748755812645	-11479.10354232788	-7680.33126449585	-5856.520929276943	-6713.913029432297	-4479.726212024689
-13155.08589875698	-13299.480784535408	-12752.659153401852	-10113.783819794655	-31760.151131033897	-40671.00169330835	-10704.69734954834	-9255.21310454607	-11352.328702390194	-5254.165382087231	-13309.96166151762	-6133.412156224251	-10806.246512532234	-11781.7683198452	-14341.785738289356	-12117.329882085323	-12921.94956958294	-3122.7206134796143	-12344.51946091652	-13372.483170509338	-11801.721248209476	-41538.66691994667	-5389.597102880478	-19999.34689080715	-33036.14819127321	-41333.116714954376	-21841.044423639774	-50222.217589855194	-4317.443610131741	-25630.004160523415	-27102.72605729103	-9753.42585349083	-15361.178821384907	-36293.13212144375	-11372.253171622753	-10023.486799120903	-5583.434990286827	-54239.28214663267	-46602.93708008528	-12757.95744752884	-12217.293505012989	-7206.411447525024	-11393.616909444332	-7651.325157165527	-6009.028544127941	-7011.643808245659	-4222.1968440413475
-12894.704970240593	-13103.586582899094	-12725.325437664986	-10282.538138389587	-31545.26759558916	-40153.76517337561	-10501.566128075123	-8648.929657638073	-11317.112675130367	-5383.872525036335	-14728.417436122894	-5843.250090718269	-10804.393522977829	-11303.590711236	-15582.072041273117	-12872.384303867817	-12899.274904668331	-3353.4032344818115	-12570.73060965538	-13588.38477408886	-11769.274418592453	-40997.636196255684	-5906.555319964886	-19912.672015190125	-32845.544944643974	-40772.082977592945	-21575.478787481785	-49733.03231436014	-4530.478917121887	-25303.960260808468	-26697.760813951492	-9670.259503006935	-15245.568884551525	-35791.80419129133	-10713.922349631786	-10947.962391138077	-5755.269856750965	-53416.04062926769	-46010.40590387583	-12695.345136225224	-12000.03309583664	-7162.019815385342	-11326.763850092888	-7613.392240524292	-5754.120726943016	-6629.4545476436615	-4505.309135019779
-12995.17484843731	-13005.773532032967	-12812.990776598454	-10049.38213044405	-31420.11738795042	-40141.43624472618	-10705.700787246227	-9056.567325413227	-10796.653968691826	-5399.646358907223	-14974.446473836899	-6031.422904133797	-11288.809559643269	-10366.074786543846	-15674.213722407818	-12929.426044166088	-13082.287056028843	-3223.1090564727783	-12399.176945447922	-13632.785987257957	-11800.561501026154	-41032.54733246565	-5631.584156751633	-19756.762210667133	-32699.71165651083	-40747.550798892975	-21552.03640407324	-49712.30440169573	-4428.62421053648	-25278.719446897507	-26728.51328420639	-9669.403868556023	-14196.951289355755	-35820.38242268562	-9857.674429416656	-11376.955945789814	-5701.008757352829	-53542.33781886101	-46134.78209197521	-12610.66619759798	-12067.623212575912	-7136.347614228725	-11293.2793674469	-7590.595720291138	-5908.760415732861	-7026.1806210279465	-4388.421903073788
-13038.7017416358	-14413.711788117886	-10834.400446772575	-10624.261896312237	-31250.71671307087	-39763.443456709385	-10346.233813345432	-8600.825786173344	-10601.55527240038	-5577.466356098652	-14858.941934168339	-5723.77300453186	-11088.52504581213	-10184.068334579468	-15323.126457989216	-12666.775903761387	-12804.541148483753	-3471.1820011138916	-12236.320691764355	-13670.257023572922	-11700.302657961845	-40450.77078527212	-5993.2546184659	-19676.03077095747	-32371.63762295246	-40257.05166918039	-21315.55611139536	-49067.47956943512	-4633.476485013962	-24933.49493676424	-26330.78123229742	-9531.31654047966	-14016.491306483746	-35409.03118300438	-9816.166113615036	-11371.502890586853	-4790.4066306352615	-52528.4393427968	-46354.504776358604	-12558.191653966904	-11793.469428300858	-7079.7556683421135	-12366.099357843399	-7563.274675369263	-5733.91253221035	-6642.132039904594	-4674.369978964329
-13080.993608534336	-14372.855702579021	-10647.07053077221	-9812.667872488499	-30823.806310474873	-39392.51933217049	-10327.764869213104	-9104.44469755888	-11063.967877864838	-5863.171382904053	-13009.251466572285	-5957.017421722412	-10293.630779504776	-11446.352345883846	-13660.01814442873	-11593.20979487896	-12459.879989981651	-3306.639699935913	-11487.796106517315	-13059.948613166809	-11457.943916380405	-40249.95843541622	-5798.305132865906	-19406.251337230206	-32000.840310394764	-40234.722663998604	-21215.47025603056	-48520.92886054516	-4629.593199789524	-24866.336563408375	-26330.765040159225	-9452.92213845253	-14844.806875109673	-35204.36490923166	-11074.47545015812	-9871.136951208115	-4851.400094568729	-52353.23476314545	-45978.415944099426	-11637.83739978075	-11589.80744445324	-6953.9535348415375	-12209.799822449684	-7299.307441711426	-5923.241211593151	-6864.690356254578	-4568.791450440884
-14338.587586402893	-10627.766915857792	-14239.203594624996	-9514.727161705494	-30649.979106247425	-38900.7856066823	-10226.136468231678	-8351.532929241657	-10452.597656011581	-5797.028927445412	-14891.71233433485	-5625.313223958015	-11001.299552738667	-10058.689970493317	-15278.76539760828	-12555.061356186867	-12750.125312805176	-3542.6137466430664	-12258.582768559456	-14348.179059743881	-11758.909036576748	-39621.631473481655	-6403.434711396694	-19234.842378258705	-31778.48806464672	-39489.336768090725	-20862.697105765343	-48366.410120368004	-4797.67964297533	-24513.804652929306	-25817.734326839447	-9395.666998505592	-13911.210333526134	-34706.856444478035	-9656.717383503914	-11065.446722626686	-6130.306372284889	-51836.71730738878	-44569.13807231188	-12336.91947388649	-11635.757111489773	-6983.978694856167	-10920.373172998428	-7424.22847366333	-5635.939424455166	-6436.812321424484	-4906.700080633163
-14878.217584371567	-11088.505005776882	-14689.350748896599	-9275.014723777771	-29759.82730424404	-37738.60683739185	-9913.044254004955	-8228.141233861446	-10174.095944464207	-6161.572463750839	-15483.823276400566	-5508.320975422859	-10687.66463047266	-10403.096488595009	-14911.613949298859	-12209.201206028461	-12366.707135140896	-3740.5164108276367	-11918.084508657455	-14033.182403922081	-11427.083358466625	-38435.31999504566	-6715.935191810131	-18687.563534140587	-30854.44403243065	-38390.107883811	-20218.125910758972	-46937.37910693884	-5077.200466454029	-23788.929248809814	-25041.098916113377	-9133.387144684792	-13539.623841881752	-33687.1313765049	-9945.221392273903	-10819.057521343231	-6474.759229183197	-50342.639542639256	-44175.075524389744	-11982.055525004864	-11277.30547952652	-6809.740329682827	-10636.699220120907	-7206.230587005615	-5511.954362809658	-6266.214245557785	-5206.528801977634
-11771.491276979446	-11739.480789124966	-11801.73296481371	-8224.70129776001	-28219.53132212162	-35991.10299098492	-9427.946893632412	-7331.516568958759	-9483.948364198208	-6765.491079449654	-12233.086333692074	-5024.052239537239	-9929.173753261566	-9682.452048301697	-12517.396651506424	-10695.518124520779	-11562.111304223537	-4164.655614852905	-10522.332146406174	-11900.313192665577	-10448.168756067753	-37072.8322789073	-7355.967276394367	-18113.074086368084	-29656.63006591797	-36625.70138442516	-19397.82986009121	-45189.5836468935	-5491.077805638313	-22969.097995340824	-24179.577143132687	-8735.590485334396	-12765.821610987186	-32046.336237967014	-9694.134754896164	-9407.270970344543	-6681.523016273975	-47941.43904983997	-41909.78489178419	-10508.937955737114	-10654.22589892149	-6395.526153564453	-10153.022204816341	-6715.1359004974365	-5097.500032782555	-5760.584449529648	-5561.5849850177765
-11693.608824014664	-12090.910009860992	-11678.47462183237	-9352.404503822327	-28635.655227839947	-36675.97381621599	-9763.00545591116	-8448.292849481106	-10408.016956984997	-6453.140082895756	-13367.593337357044	-5660.46337044239	-9911.238545715809	-10447.092524588108	-12828.914158344269	-10819.772004067898	-11611.454562604427	-3838.4615154266357	-11159.9027146101	-12052.505174040794	-10638.420297265053	-37477.882394611835	-6790.399458289146	-18048.02897799015	-29810.41804033518	-37292.39419078827	-19688.774012863636	-45346.11469715834	-5346.745093762875	-23112.49370712042	-24413.05723619461	-8798.199453115463	-13904.710132658482	-32727.70869255066	-9750.322979450226	-10023.102938055992	-6758.795566439629	-48889.91614025831	-41849.19752496481	-11627.919104158878	-11025.241968512535	-6554.131273269653	-10237.857254564762	-6954.2721309661865	-5517.525187194347	-6467.004133105278	-5257.462563097477
-13254.509264111519	-11806.075587272644	-11651.022321283817	-9392.574489593506	-28348.729481875896	-36084.19690465927	-9464.788373172283	-7836.543367803097	-10248.89454394579	-6744.594921946526	-13426.954896390438	-5350.851584553719	-9765.315062344074	-10246.923386633396	-14263.404373049736	-11692.079383432865	-11734.608926951885	-4043.006763458252	-11534.489015698433	-13276.711343228817	-10860.162232160568	-36764.30336779356	-7370.774982213974	-17879.663600742817	-29493.63155591488	-36673.62710887194	-19353.913936674595	-44648.12274736166	-5581.6621280908585	-22772.67371046543	-23987.99533945322	-8709.146561384201	-13908.156172454357	-32222.593795359135	-9711.35436207056	-9920.948924422264	-6997.8467916846275	-48141.00301539898	-41072.300395309925	-11508.933451592922	-10851.222584068775	-6515.361631333828	-10112.691826045513	-6893.462543487549	-5314.778474748135	-6041.362663030624	-5580.906012058258
-13354.979142308235	-11708.262536406517	-11738.687660217285	-9159.418481647968	-28223.579274237156	-36071.867976009846	-9668.923032343388	-8244.18103557825	-9728.435837507248	-6760.368755817413	-13672.983934104443	-5539.024397969246	-10249.731099009514	-9309.407461941242	-14355.546054184437	-11749.121123731136	-11917.621078312397	-3912.7125854492188	-11362.935351490974	-13321.112556397915	-10891.449314594269	-36799.214504003525	-7095.803819000721	-17723.753796219826	-29347.798267781734	-36649.09493017197	-19330.47155326605	-44627.39483469725	-5479.807421505451	-22747.43289655447	-24018.74780970812	-8708.290926933289	-12859.538577258587	-32251.172026753426	-8855.10644185543	-10349.942479074001	-6943.585692286491	-48267.300204992294	-41196.67658340931	-11424.25451296568	-10918.812700808048	-6489.689430177212	-10079.207343399525	-6870.6660232543945	-5469.418163537979	-6438.088736414909	-5464.0187801122665
-13398.506035506725	-13116.200792491436	-9760.097330391407	-9734.298247516155	-28054.178599357605	-35693.87518799305	-9309.456058442593	-7788.4394963383675	-9533.337141215801	-6938.1887530088425	-13557.479394435883	-5231.37449836731	-10049.446585178375	-9127.401009976864	-14004.458789765835	-11486.470983326435	-11639.875170767307	-4160.785530090332	-11200.079097807407	-13358.58359271288	-10791.19047152996	-36217.43795681	-7457.474280714989	-17643.022356510162	-29019.724234223366	-36158.595800459385	-19093.99126058817	-43982.57000243664	-5684.659695982933	-22402.208386421204	-23621.01575779915	-8570.203598856926	-12679.078594386578	-31839.82078707218	-8813.59812605381	-10344.48942387104	-6032.983565568924	-47253.40172892809	-41416.3992677927	-11371.779969334602	-10644.658916532993	-6433.0974842906	-11152.027333796024	-6843.3449783325195	-5294.570280015469	-6054.040155291557	-5749.966856002808
-12311.12127494812	-12200.218879044056	-12251.880119085312	-7984.988859832287	-27329.379520118237	-34828.92422169447	-9114.85467940569	-7208.124873578548	-9205.446652650833	-7130.034615755081	-12825.19727575779	-4907.059991002083	-9615.53883099556	-10026.858566403389	-12150.245203197002	-10349.657974362373	-11178.693126559258	-4362.558279037476	-10181.833886504173	-11585.316536843777	-10116.34307795763	-35886.520800471306	-7668.467756807804	-17565.795242249966	-28732.586033701897	-35526.472500145435	-18753.25866508484	-43760.55263346434	-5770.598629117012	-22244.222591221333	-23402.941732406616	-8473.310631513596	-12394.235119342804	-31026.611169993877	-9982.638763666153	-9160.881769061089	-7025.975873172283	-46447.36128509045	-41515.72234386206	-10154.074006855488	-10295.774266958237	-6221.287788391113	-9869.34825193882	-6497.138013839722	-4973.514971137047	-5589.986373662949	-5861.4137063622475
-11008.987347960472	-11142.860353529453	-11221.926996707916	-7778.5946679115295	-26618.018084526062	-33867.97364115715	-8916.815547764301	-6904.922994375229	-8961.459663569927	-7538.504552662373	-11573.525175213814	-4769.704827427864	-9382.08531999588	-9035.752787172794	-13317.778312444687	-11067.719136178493	-11132.676465213299	-4503.824178695679	-10223.804560303688	-11471.618280470371	-9910.308452129364	-34921.80210453272	-8117.776785850525	-17055.515536248684	-28000.838676333427	-34463.89087623358	-18291.011253774166	-42516.91317778826	-6013.099981784821	-21621.15020442009	-22792.359351038933	-8276.638254642487	-12045.786169052124	-30168.947832226753	-9117.877872943878	-8877.78331875801	-7299.391231954098	-45192.494775533676	-39368.57915711403	-9881.264679670334	-10070.9123737216	-6045.090885102749	-9558.35864853859	-6346.592882156372	-4823.007745146751	-5476.612495183945	-6093.5528463721275
-10931.10489499569	-11494.28957426548	-11098.668653726578	-8906.297873973846	-27034.14199024439	-34552.844466388226	-9251.874110043049	-8021.699274897575	-9885.528256356716	-7226.153556108475	-12708.032178878784	-5406.115958333015	-9364.150112450123	-9800.393263459206	-13629.295819282532	-11191.973015725613	-11182.019723594189	-4177.630079269409	-10861.375128507614	-11623.810261845589	-10100.559993326664	-35326.852220237255	-7552.208967745304	-16990.47042787075	-28154.626650750637	-35130.58368259668	-18581.955406546593	-42673.44422805309	-5868.767269909382	-21764.545916199684	-23025.839444100857	-8339.247222423553	-13184.67469072342	-30850.320286810398	-9174.06609749794	-9493.61528646946	-7376.663782119751	-46140.971865952015	-39307.99179029465	-11000.245828092098	-10441.928443312645	-6203.696004807949	-9643.19369828701	-6585.729112625122	-5243.032899558544	-6183.032178759575	-5789.430424451828
-10791.4996458292	-9049.688159942627	-12675.592115283012	-7203.769713401794	-26134.805548787117	-33219.09991466999	-8735.468311488628	-6811.638079881668	-8776.52576392889	-7644.432282149792	-11431.429476678371	-4673.206933140755	-9240.498796463013	-8928.537109076977	-11487.839772939682	-9821.047068834305	-10677.360357642174	-4618.783620834351	-9708.624082326889	-10962.805183768272	-9646.914052784443	-34224.465272367	-8309.251816570759	-16701.96108108759	-27396.401568889618	-33824.44392734766	-17936.53203165531	-41869.01084625721	-6147.238379895687	-21196.055407106876	-22306.64229041338	-8091.9542763233185	-11756.599173426628	-29560.53675121069	-8955.889444410801	-8668.428109228611	-7489.637621641159	-44235.787388920784	-38579.83226710558	-9726.5036085248	-9813.06565707922	-5931.491607666016	-9310.617882609367	-6241.035223007202	-4752.9334663152695	-5312.885665655136	-6288.387574970722
-10310.01420223713	-10530.91001445055	-10727.548433244228	-7463.321981787682	-25095.03541892767	-31996.075113892555	-8486.254999995232	-6524.596313893795	-8539.63661879301	-7964.465780258179	-12290.718009531498	-4551.103453755379	-9034.16578644514	-8347.776253044605	-11004.525071561337	-9397.960246503353	-10251.616297245026	-4880.396516799927	-9337.715400099754	-10580.335196197033	-9284.86780512333	-33012.047753572464	-8756.769631803036	-16161.756173551083	-26430.899914979935	-32584.978860259056	-17245.55944931507	-40313.480754196644	-6520.379289269447	-20451.587541937828	-21489.908322036266	-7780.36408495903	-11309.352922260761	-28480.912809073925	-8072.204562723637	-9406.887109279633	-7856.883592426777	-42592.073043465614	-37156.04533666372	-9378.899612367153	-9462.174362421036	-5743.245979309082	-8997.262549936771	-6018.082874298096	-4605.996675848961	-5215.944774389267	-6596.850704073906
-12131.295570850372	-10441.969793498516	-10727.42984843254	-7334.737648963928	-25022.993208408356	-31921.53472226858	-8391.169138729572	-6519.130279123783	-8415.73023301363	-8126.213476359844	-10931.623793959618	-4531.653733372688	-8890.095292627811	-8625.784723699093	-11198.728983283043	-9515.213204085827	-10397.445326507092	-4854.259143829346	-9486.090552449226	-11588.639761805534	-9539.056569635868	-32839.499450445175	-8820.186938643456	-16080.065671920776	-26304.716677188873	-32527.245515704155	-17176.26500928402	-40104.67407989502	-6542.261016607285	-20437.811444997787	-21469.811668634415	-7774.477543711662	-11428.408898890018	-28477.125842034817	-8691.566767334938	-8380.25750362873	-7924.099951207638	-42666.40143597126	-36971.67938321829	-9322.526271104813	-9505.415387153625	-5748.867969512939	-8938.950180768967	-5995.206203460693	-4658.157780587673	-5172.492564916611	-6637.181862056255
-9925.510385155678	-10464.747118532658	-10302.074473679066	-7724.456746518612	-24475.34986245632	-31290.671857118607	-8195.720382034779	-6399.3130539655685	-8145.626073658466	-8176.5861068964	-10397.906731724739	-4455.6629420518875	-8801.26156193018	-8332.664122521877	-10895.300758957863	-9276.576783180237	-10029.179795205593	-5053.036317825317	-9506.843765974045	-10285.7442740798	-9022.972819566727	-32108.980240225792	-8954.583355903625	-15703.236612915993	-25672.94561934471	-31592.097010672092	-16793.400354087353	-39186.45945763588	-6722.068843245506	-19848.126737713814	-20881.884738504887	-7566.994591712952	-11040.839380562305	-27782.268306016922	-8410.547908425331	-8099.820658385754	-8124.3497106432915	-41538.519193947315	-36051.614598572254	-9881.484151721	-9449.45352268219	-5633.068309783936	-8726.089130401611	-6012.169443130493	-4497.351654410362	-5077.06695151329	-6785.05974394083
-9707.421323537827	-10227.99683135748	-10087.410841941833	-7081.617041289806	-23833.55592441559	-30402.51121264696	-7974.120216429234	-6296.648518443108	-8572.822651863098	-8591.998276650906	-9966.67203873396	-4398.745293736458	-8004.51430606842	-9116.770525217056	-10472.478748381138	-8958.065096080303	-9661.843971788883	-5119.176637649536	-8984.530329465866	-9891.337467253208	-8748.167248368263	-31367.137166678905	-9276.592087388039	-15346.782303571701	-25111.545060157776	-31008.734268128872	-16427.748862564564	-38150.723473250866	-6931.220865011215	-19454.924464643	-20476.903303027153	-7405.433839201927	-11753.54501235485	-27076.27410209179	-9010.526422977448	-7523.930311024189	-8357.178041040897	-40540.07309693098	-35082.994590103626	-8898.517586231232	-9028.531129658222	-5462.874544143677	-8502.936535656452	-5710.269292831421	-4431.772516608238	-4917.436007261276	-6962.593506395817
-9807.891201734543	-10130.183780491352	-10175.076180875301	-6848.461033344269	-23708.405716776848	-30390.182283997536	-8178.254875600338	-6704.286186218262	-8052.363945424557	-8607.772110521793	-10212.701076447964	-4586.918107151985	-8488.93034273386	-8179.254600524902	-10564.620429515839	-9015.106836378574	-9844.856123149395	-4988.882459640503	-8812.976665258408	-9935.738680422306	-8779.454330801964	-31402.04830288887	-9001.620924174786	-15190.87249904871	-24965.71177202463	-30984.2020894289	-16404.306479156017	-38129.99556058645	-6829.366158425808	-19429.68365073204	-20507.65577328205	-7404.578204751015	-10704.92741715908	-27104.85233348608	-8154.278502762318	-7952.923865675926	-8302.916941642761	-40666.370286524296	-35207.37077820301	-8813.838647603989	-9096.121246397495	-5437.202342987061	-8469.452053010464	-5687.472772598267	-4586.412205398083	-5314.162080645561	-6845.706274449825
-11290.909188866615	-10196.77857863903	-10024.36553734541	-8016.334225177765	-23837.603876531124	-30483.27619767189	-8215.09635514021	-7209.312985062599	-8817.310125172138	-8586.875953018665	-11406.569639146328	-4913.717452168465	-8325.071651816368	-8743.725938856602	-12310.62815105915	-10011.66809529066	-10017.353745877743	-4867.23360824585	-9825.133534550667	-11312.136830985546	-9191.44780689478	-31093.51939177513	-9016.428629994392	-14957.462013423443	-24802.71326202154	-31032.127813875675	-16360.390555739403	-37588.53466105461	-6919.950480878353	-19233.259365856647	-20316.073969602585	-7378.134280800819	-11847.261978626251	-27281.1098908782	-8171.498109936714	-8466.601819753647	-8619.240717053413	-40865.9342520833	-34369.886281728745	-9813.834143459797	-9293.11793154478	-5557.037820756435	-8429.121674239635	-5865.799415588379	-4803.690647363663	-5594.940294146538	-6865.027301490307
-9851.418094933033	-11538.122036576271	-8196.485851049423	-7423.340799212456	-23539.005041897297	-30012.18949598074	-7818.787901699543	-6248.544646978378	-7857.26524913311	-8785.592107713223	-10097.196536779404	-4279.268207550049	-8288.645828902721	-7997.248148560524	-10213.533165097237	-8752.456695973873	-9567.110215604305	-5236.955404281616	-8650.12041157484	-9973.20971673727	-8679.195487737656	-30820.271755695343	-9363.291385889053	-15110.141059339046	-24637.637738466263	-30493.70295971632	-16167.826186478138	-37485.170728325844	-7034.21843290329	-19084.459140598774	-20109.92372137308	-7266.490876674652	-10524.467434287071	-26693.501093804836	-8112.770186960697	-7947.470810472965	-7392.314814925194	-39652.47181046009	-35427.0934625864	-8761.364103972912	-8821.96746212244	-5380.610397100449	-9542.272043406963	-5660.151727676392	-4411.564321875572	-4930.113499522209	-7131.654350340366
-10391.048092901707	-11998.860126495361	-8646.633005321026	-7183.628361284733	-22648.853239893913	-28850.010726690292	-7505.69568747282	-6125.152951598167	-7578.763537585735	-9150.13564401865	-10689.30747884512	-4162.275959014893	-7975.010906636715	-8341.654666662216	-9846.381716787815	-8406.596545815468	-9183.692037940025	-5434.8580684661865	-8309.62215167284	-9658.21306091547	-8347.369809627533	-29633.96027725935	-9675.79186630249	-14562.862215220928	-23713.59370625019	-29394.474075436592	-15523.254991471767	-36056.13971489668	-7313.7392563819885	-18359.583736479282	-19333.28831064701	-7004.211022853851	-10152.880942642689	-25673.7760258317	-8401.274195730686	-7701.08160918951	-7736.767671823502	-38158.394045710564	-35033.03091466427	-8406.500155091286	-8463.515830159187	-5206.372031927109	-9258.598090529442	-5442.153841018677	-4287.579260230064	-4759.51542365551	-7431.483071684837
-9088.914165914059	-10941.501600980759	-7616.67988294363	-6977.2341693639755	-21937.49180430174	-27889.060146152973	-7307.656555831432	-5821.951072394848	-7334.776548504829	-9558.605580925941	-9437.635378301144	-4024.920795440674	-7741.557395637035	-7350.548887431622	-11013.9148260355	-9124.657707631588	-9137.675376594067	-5576.12396812439	-8351.592825472355	-9544.514804542065	-8141.335183799267	-28669.241581320763	-10125.100895345211	-14052.582509219646	-22981.84634888172	-28331.892451524734	-15061.007580161095	-34812.5002592206	-7556.240609049797	-17736.51134967804	-18722.705929279327	-6807.538645982742	-9804.431992352009	-24816.112688064575	-7536.513305008411	-7417.983158886433	-8010.183030605316	-36903.52753615379	-32885.88772791624	-8133.690827906132	-8238.65393692255	-5030.175128638744	-8947.608487129211	-5291.608709335327	-4137.072034239769	-4646.141545176506	-7663.622211694717
-10310.91755771637	-7506.985949456692	-10898.224687814713	-6995.40264081955	-21752.87810319662	-27711.273121356964	-7522.617772996426	-6689.434495985508	-8109.887524902821	-9465.817155718803	-10604.912782132626	-4562.87214577198	-7636.396695017815	-7989.810999631882	-11281.071272492409	-9137.197039604187	-9132.602799296379	-5321.361614227295	-9011.425470471382	-10374.628822088242	-8390.19310361147	-28245.152385234833	-9969.713170170784	-13546.349008142948	-22542.48476499319	-28230.870356798172	-14899.092727303505	-34267.96186041832	-7576.111055135727	-17460.2167776227	-18443.139116883278	-6734.4980717897415	-10838.039541065693	-24795.310404121876	-7433.252799451351	-7727.758958637714	-9427.355322420597	-37160.28259116411	-31039.933657050133	-9031.399796247482	-8451.95768970251	-5093.003274857998	-7586.717352032661	-5391.6987380981445	-4459.124080896378	-5147.241510272026	-7591.829891443253
-8871.426463782787	-8848.329407393932	-9070.345001518726	-6402.40921485424	-21454.279268562794	-27240.186419665813	-7126.309319555759	-5728.666157901287	-7149.842648863792	-9664.53331041336	-9295.539679765701	-3928.4229011535645	-7599.970872104168	-7243.333209335804	-9183.976286530495	-7877.985640287399	-8682.359269022942	-5691.0834102630615	-7836.412347495556	-9035.701707839966	-7877.940784454346	-27971.904749155045	-10316.575926065445	-13699.028054058552	-22377.409241437912	-27692.445502638817	-14706.52835804224	-34164.59792768955	-7690.379007160664	-17311.416552364826	-18236.988868653774	-6622.854667663574	-9515.244996726513	-24207.70160704851	-7374.524876475334	-7208.627949357033	-8200.429420292377	-35946.8201495409	-32097.14083790779	-7978.929756760597	-7980.80722028017	-4916.575851202011	-8699.86772119999	-5186.051050186157	-4066.997755408287	-4482.414715647697	-7858.456940293312
-8464.03331041336	-9256.176343858242	-9227.889942109585	-6963.077430546284	-21350.85395926237	-27295.643980026245	-7254.028488397598	-5592.392798900604	-7201.314328253269	-9375.560807704926	-10455.538407564163	-3982.714156270027	-7906.253595113754	-6997.988327264786	-9382.429179012775	-7979.018905162811	-8718.684788227081	-5768.777219772339	-8322.227019667625	-8965.766277611256	-7859.671868622303	-28048.195714890957	-10355.385711312294	-13751.918700098991	-22447.215468406677	-27551.374486505985	-14641.129943311214	-34310.35656493902	-7751.37032687664	-17330.616284310818	-18192.215917408466	-6611.768191337585	-9584.37069183588	-24216.844877123833	-6788.617716252804	-8099.436797320843	-9299.710286796093	-36189.153187572956	-31297.875043451786	-8751.44580835104	-8257.401986181736	-4980.788135528564	-7570.329475522041	-5315.116416931152	-4005.8482974767685	-4532.42727637291	-7820.32546299696
-10850.547555685043	-7967.724039375782	-11348.371842086315	-6755.690202891827	-20862.726301193237	-26549.094352066517	-7209.525558769703	-6566.042800605297	-7831.385813355446	-9830.360692024231	-11197.023724198341	-4445.879897236824	-7322.761772751808	-8334.217517733574	-10913.919824182987	-8791.336889445782	-8749.1846216321	-5519.264278411865	-8670.927210569382	-10059.632166266441	-8058.367425501347	-27058.84090679884	-10282.21365058422	-12999.07016402483	-21618.44073277712	-27131.641472518444	-14254.521532297134	-32838.930846989155	-7855.631878614426	-16735.341373503208	-17666.503706157207	-6472.218217968941	-10466.45304942131	-23775.58533614874	-7721.75680822134	-7481.3697573542595	-9771.808179318905	-35666.204826414585	-30645.871109128	-8676.535847365856	-8093.506057739258	-4918.764909684658	-7303.04339915514	-5173.70085144043	-4335.13901925087	-4976.643434405327	-7891.6586127877235
-8389.941020190716	-10329.551261901855	-7122.301319479942	-6661.961483240128	-20414.509138703346	-26017.161618888378	-6877.096008062363	-5441.624391913414	-6912.953503727913	-9984.566808521748	-10154.828212618828	-3806.3194217681885	-7393.637862086296	-6662.5723533034325	-8700.66158515215	-7454.898817956448	-8256.615208625793	-5952.696306228638	-7465.503665268421	-8653.231720268726	-7515.894536793232	-26759.487230360508	-10764.093741297722	-13158.823146522045	-21411.90758752823	-26452.980435550213	-14015.555775702	-32609.067835628986	-8063.519916534424	-16566.948687195778	-17420.25490027666	-6311.264476299286	-9067.998745560646	-23128.077664911747	-6490.83999478817	-7947.086949408054	-8567.675391077995	-34303.10580408573	-30673.353907465935	-7631.325760602951	-7629.915925621986	-4728.3302228450775	-8386.512388527393	-4963.098701477051	-3920.0609649419785	-4385.473824381828	-8166.920069396496
-10211.222388803959	-10240.611040949821	-7122.182734668255	-6533.377150416374	-20342.466928184032	-25942.621227264404	-6782.010146796703	-5436.158357143402	-6789.047117948532	-10146.314504623413	-8795.733997046947	-3786.869701385498	-7249.567368268967	-6940.58082395792	-8894.865496873856	-7572.151775538921	-8402.44423788786	-5926.558933258057	-7613.878817617893	-9661.536285877228	-7770.083301305771	-26586.93892723322	-10827.511048138142	-13077.132644891739	-21285.724349737167	-26395.24709099531	-13946.261335670948	-32400.261161327362	-8085.401643872261	-16553.172590255737	-17400.15824687481	-6305.377935051918	-9187.054722189903	-23124.29069787264	-7110.202199399471	-6920.457343757153	-8634.891749858856	-34377.43419659138	-30488.9879540205	-7574.9524193406105	-7673.156950354576	-4733.952213048935	-8328.200019359589	-4940.222030639648	-3972.2220696806908	-4342.021614909172	-8207.251227378845
-7701.529381394386	-8659.55590826273	-8648.083974003792	-6516.9708006978035	-19749.340721666813	-25172.51463019848	-6742.897142529488	-5165.799224317074	-6678.825627624989	-10148.574280917645	-9795.977249085903	-3728.366744160652	-7359.165161848068	-6351.289066135883	-10182.810839951038	-8351.219916820526	-8289.249949216843	-6107.945783615112	-8023.69943356514	-8537.07136541605	-7321.811564683914	-25897.165540516376	-11117.195220768452	-12694.360149979591	-20791.424078822136	-25389.5639783144	-13534.311336994171	-31637.68609583378	-8273.392503023148	-15982.668493390083	-16804.998125314713	-6152.815960645676	-8864.335249900818	-22339.45647138357	-6212.360834300518	-7569.94914573431	-9917.578502476215	-33440.20891326666	-28756.669308781624	-8123.77253228426	-7674.088460981846	-4630.35286706686	-6975.665919244289	-4946.573398590088	-3731.3560098409653	-4248.455322027206	-8352.29332435131
-8005.437203109264	-10263.388365983963	-6696.82735991478	-6923.096247971058	-19794.823582232	-25311.75836211443	-6586.56139010191	-5316.3411319851875	-6518.9429585933685	-10196.68713515997	-8262.016934812069	-3710.8789100646973	-7160.733637571335	-6647.4602227807045	-8591.437272548676	-7333.515354633331	-8034.178706586361	-6125.336107254028	-7634.632031142712	-8358.640798151493	-7253.9995512366295	-25856.419717013836	-10961.907465398312	-12700.303585886955	-20653.953291893005	-25460.09858596325	-13563.396680474281	-31482.046539068222	-8265.209470510483	-15963.487882971764	-16812.23131674528	-6097.894983053207	-8799.48520386219	-22429.433161854744	-6829.183340489864	-6640.020498514175	-8835.14150929451	-33249.55195456743	-29568.923169374466	-8133.910299956799	-7617.195085883141	-4618.152553319931	-8115.338968992233	-4957.185270309448	-3811.41594350338	-4246.596001505852	-8355.12910926342
-7743.821248292923	-8618.699822723866	-8460.754058003426	-5705.376776874065	-19322.430319070816	-24801.59050565958	-6724.42819839716	-5669.41813570261	-7141.238233089447	-10434.279307723045	-7946.286781489849	-3961.611161351204	-6564.270895540714	-7613.573077440262	-8519.702526390553	-7277.653807938099	-7944.588790714741	-5943.403482437134	-7275.1748483181	-7926.762955009937	-7079.452823102474	-25696.353190660477	-10922.245735168457	-12424.580716252327	-20420.62676626444	-25367.23497313261	-13434.225481629372	-31091.135386943817	-8269.50921779871	-15915.510120034218	-16804.981933176517	-6074.4215586185455	-9692.650818526745	-22134.790197610855	-7470.670170843601	-6069.583206355572	-9978.571966409683	-33265.0043336153	-28380.580476522446	-7203.418278098106	-7470.426477134228	-4504.550733566284	-6819.3663838505745	-4682.606164932251	-3920.6846892237663	-4471.01363837719	-8246.714795827866
-7787.348141491413	-10026.638078808784	-6482.1637281775475	-6280.256542742252	-19153.029644191265	-24423.597717642784	-6364.961224496365	-5213.676596462727	-6946.139536798	-10612.099304914474	-7830.782241821289	-3653.9612617492676	-6363.986381709576	-7431.5666254758835	-8168.6152619719505	-7015.003667533398	-7666.842883169651	-6191.476427078247	-7112.318594634533	-7964.233991324902	-6979.193980038166	-25114.57664346695	-11283.916196882725	-12343.849276542664	-20092.55273270607	-24876.73584342003	-13197.745188951492	-30446.31055468321	-8474.361492276192	-15570.285609900951	-16407.249881267548	-5936.334230542183	-9512.190835654736	-21723.43895792961	-7429.161855041981	-6064.130151152611	-9067.969839692116	-32251.105857551098	-28600.303160905838	-7150.94373446703	-7196.272692859173	-4447.958787679672	-7892.186374247074	-4655.285120010376	-3745.836805701256	-4086.9650572538376	-8532.662871718407
-7887.818019688129	-9928.825027942657	-6569.829067111015	-6047.100534796715	-19027.879436552525	-24411.26878899336	-6569.095883667469	-5621.314264237881	-6425.680830359459	-10627.873138785362	-8076.811279535294	-3842.134075164795	-6848.402418375015	-6494.05070078373	-8260.756943106651	-7072.045407831669	-7849.855034530163	-6061.182249069214	-6940.764930427074	-8008.6352044939995	-7010.481062471867	-25149.487779676914	-11008.945033669472	-12187.939472019672	-19946.719444572926	-24852.20366472006	-13174.302805542946	-30425.582642018795	-8372.506785690784	-15545.04479598999	-16438.002351522446	-5935.47859609127	-8463.573240458965	-21752.017189323902	-6572.913934826851	-6493.123705804348	-9013.70874029398	-32377.403047144413	-28724.679349005222	-7066.2647958397865	-7263.862809598446	-4422.286586523056	-7858.701891601086	-4632.488599777222	-3900.4764944911003	-4483.691130638123	-8415.775639772415
-9370.836006820202	-9995.419826090336	-6419.118423581123	-7214.973726630211	-19157.0775963068	-24504.362702667713	-6605.93736320734	-6126.341063082218	-7190.62701010704	-10606.976981282234	-9270.679842233658	-4168.933420181274	-6684.543727457523	-7058.522039115429	-10006.764664649963	-8068.606666743755	-8022.352657258511	-5939.533397674561	-7952.921799719334	-9385.03335505724	-7422.474538564682	-24840.958868563175	-11023.752739489079	-11954.528986394405	-19783.720934569836	-24900.129389166832	-13130.386882126331	-29884.121742486954	-8463.09110814333	-15348.620511114597	-16246.42054784298	-5909.034672141075	-9605.907801926136	-21928.274746716022	-6590.133542001247	-7006.801659882069	-9330.032515704632	-32576.96701270342	-27887.194852530956	-8066.260291695595	-7460.859494745731	-4542.122064292431	-7818.371512830257	-4810.815242767334	-4117.75493645668	-4764.469344139099	-8435.096666812897
-8061.333675265312	-7362.04491263628	-7573.780857622623	-5627.007151901722	-16552.80260795355	-21102.946361482143	-5706.119387626648	-4353.412934482098	-5610.607496440411	-11509.296677827835	-8494.514709353447	-3235.9682379961014	-6320.0867012143135	-5294.621741533279	-8864.143171727657	-7170.914996385574	-7124.583971500397	-6797.549312591553	-6987.457839608192	-8225.397934556007	-6412.699378252029	-21663.832712054253	-12581.41488301754	-10661.351735532284	-17439.51069009304	-21291.10810959339	-11312.746486186981	-26552.776528835297	-9324.575713992119	-13451.381943047047	-14095.23265081644	-5191.703019022942	-7526.92253780365	-18770.246075451374	-5209.792846739292	-6542.9356790184975	-11160.155437409878	-28165.171299397945	-23818.56380021572	-6937.3608476519585	-6525.277949213982	-3983.6946830153465	-5761.593895196915	-4226.643701553345	-3292.013757646084	-3660.3634374141693	-9427.89020138979
-8390.844375669956	-7305.627196907997	-7292.9775740504265	-6194.0421422719955	-17072.351822972298	-21732.359626352787	-5913.458781063557	-5606.462574005127	-6483.204409837723	-11485.918183982372	-8469.022985219955	-3818.08811378479	-5995.86877065897	-6304.607099890709	-8977.207786083221	-7194.1356110572815	-7137.601710677147	-6393.661403656006	-7139.213735640049	-8447.525346159935	-6621.219835281372	-21992.591862022877	-11977.03727966547	-10543.41598111391	-17523.492437541485	-22098.87193208933	-11669.089053690434	-26563.548941850662	-9119.251682400703	-13575.57792288065	-14373.485695123672	-5265.398463129997	-8596.685364365578	-19442.475259959698	-5851.888231515884	-6267.958798766136	-10138.147121071815	-28871.31535178423	-24557.242227852345	-7283.82594448328	-6619.6992529034615	-4078.0875183939934	-6975.967190623283	-4336.7145652771	-3773.188369989395	-4316.770560264587	-9161.899256765842
-6543.960128366947	-9054.817591309547	-5622.642828345299	-6161.71693199873	-16670.327679038048	-21316.730485022068	-5644.869496464729	-4509.420876920223	-5574.631213188171	-11395.661835968494	-8319.648610651493	-3237.930124282837	-6265.7256707549095	-5312.784427523613	-7078.565692603588	-6035.957476615906	-6723.683699607849	-6841.07700920105	-6450.015284836292	-7038.662801682949	-6090.698600292206	-21795.635191679	-12362.70982080698	-10748.985673069954	-17428.22314095497	-21419.376061797142	-11411.126269698143	-26605.943646371365	-9294.510954141617	-13445.977429568768	-14122.562495648861	-5142.668582677841	-7343.016515135765	-18864.009732961655	-5207.253148317337	-6639.6366374492645	-10010.502085447311	-27900.185948193073	-24815.183614253998	-7003.871956586838	-6425.143549382687	-3965.87237906456	-6959.579314112663	-4260.132244110107	-3319.912586569786	-3701.956326365471	-9390.39482831955
-8930.47437363863	-7766.365286827087	-7743.124728322029	-5954.329704344273	-16182.200020968914	-20570.18085706234	-5600.366566836834	-5483.070878624916	-6204.702698290348	-11850.4617202878	-9061.133927285671	-3701.095865249634	-5682.233848392963	-6649.013617992401	-8610.0563377738	-6848.275460898876	-6754.183533012867	-6591.564067840576	-6798.715475738049	-8132.528690338135	-6289.394157171249	-20806.280383586884	-12289.537760078907	-9996.137136995792	-16599.448405325413	-20999.6430478096	-11024.517858684063	-25134.517928421497	-9398.772505879402	-12850.702518761158	-13596.850284397602	-5003.1186093091965	-8225.098872721195	-18422.75019198656	-6140.392240285873	-6021.569597482681	-10482.599977970123	-27377.237587034702	-24163.17967993021	-6928.961995601654	-6261.247620940208	-3903.8491532206535	-6692.293237745762	-4118.716678619385	-3649.2033083438873	-4146.172484397888	-9461.727978110313
-5781.456199347973	-8458.197155714035	-5042.836860239506	-5715.6103021502495	-15068.81444144249	-19193.6011351943	-5133.738150596619	-4082.827302336693	-5052.142512559891	-12168.675309181213	-7660.087452173233	-2983.582712173462	-5718.6372374892235	-4666.0851663947105	-7878.947353541851	-6408.158488273621	-6294.2488605976105	-7180.245573043823	-6151.487698733807	-6609.967889487743	-5552.838296353817	-19644.60501730442	-13124.519330263138	-9691.427122950554	-15772.43175137043	-19257.565553605556	-10304.3076633811	-23933.27317726612	-9816.533130288124	-12098.029638648033	-12735.344703555107	-4683.716351985931	-6622.981073200703	-16986.621327221394	-4630.996266365051	-6110.148985862732	-10628.370301127434	-25151.241673886776	-22273.977879583836	-6376.198680520058	-5841.8300241827965	-3615.4371106028557	-6364.915757834911	-3891.589225769043	-3045.420298933983	-3417.9843720197678	-9922.3626896739
-5823.74806624651	-8417.34107017517	-4855.50694423914	-4904.016278326511	-14641.904038846493	-18822.677010655403	-5115.269206464291	-4586.446213722229	-5514.555118024349	-12454.380335986614	-5810.396984577179	-3216.8271293640137	-4923.7429711818695	-5928.369177699089	-6215.839039981365	-5334.592379391193	-5949.587702095509	-7015.703271865845	-5402.963113486767	-5999.659479081631	-5310.479554772377	-19443.79266744852	-12929.569844663143	-9421.64768922329	-15401.634438812733	-19235.236548423767	-10204.2218080163	-23386.72246837616	-9812.649845063686	-12030.871265292168	-12735.328511416912	-4605.321949958801	-7451.29664182663	-16781.955053448677	-5889.3056029081345	-4609.7830464839935	-10689.363765060902	-24976.03709423542	-21897.889047324657	-5455.844426333904	-5638.168040335178	-3489.6349771022797	-6208.616222441196	-3627.621992111206	-3234.748978316784	-3640.542688369751	-9816.784161150455
-6363.378064215183	-8878.079160094261	-5305.654098510742	-4664.303840398788	-13751.75223684311	-17660.498241364956	-4802.176992237568	-4463.054518342018	-5236.0534064769745	-12818.923872292042	-6402.507926642895	-3099.8348808288574	-4610.108048915863	-6272.775695800781	-5848.687591671944	-4988.732229232788	-5566.169524431229	-7213.605936050415	-5062.464853584766	-5684.6628232598305	-4978.653876662254	-18257.481189012527	-13242.07032507658	-8874.368845105171	-14477.59040659666	-18136.00766414404	-9559.65061300993	-21957.691454946995	-10092.170668542385	-11305.995861172676	-11958.693100690842	-4343.0420961380005	-7079.710150182247	-15762.22998547554	-6177.8096116781235	-4363.393845200539	-11033.81662195921	-23481.959329485893	-21503.826499402523	-5100.980477452278	-5279.716408371925	-3315.39661192894	-5924.942269563675	-3409.624105453491	-3110.763916671276	-3469.9446125030518	-10116.612882494926
-5061.244137227535	-7820.7206345796585	-4275.700976133347	-4457.909648478031	-13040.390801250935	-16699.547660827637	-4604.13786059618	-4159.852639138699	-4992.066417396069	-13227.393809199333	-5150.835826098919	-2962.4797172546387	-4376.6545379161835	-5281.669916570187	-7016.220700919628	-5706.793391048908	-5520.15286308527	-7354.871835708618	-5104.435527384281	-5570.964566886425	-4772.619250833988	-17292.76249307394	-13691.3793541193	-8364.08913910389	-13745.843049228191	-17073.42604023218	-9097.403201699257	-20714.051999270916	-10334.672021210194	-10682.923474371433	-11348.110719323158	-4146.3697192668915	-6731.261199891567	-14904.566647708416	-5313.048720955849	-4080.295394897461	-11307.231980741024	-22227.092819929123	-19356.683312654495	-4828.171150267124	-5054.854515135288	-3139.1997086405754	-5613.9526661634445	-3259.0789737701416	-2960.2566906809807	-3356.570734024048	-10348.752022504807
-4843.756435096264	-5727.548440992832	-5729.366094708443	-3883.084693968296	-12557.17826551199	-16050.673934340477	-4422.790624320507	-4066.567724645138	-4807.132517755032	-13333.321538686752	-5008.740127563477	-2865.9818229675293	-4235.068014383316	-5174.454238474369	-5186.282161414623	-4460.1213237047195	-5064.836755514145	-7469.83127784729	-4589.255049407482	-5062.151470184326	-4509.224851489067	-16595.425660908222	-13882.854384839535	-8010.534683942795	-13141.405941784382	-16433.979091346264	-8742.923979580402	-20066.149667739868	-10468.81041932106	-10257.82867705822	-10862.393658697605	-3961.6857409477234	-6442.074204266071	-14296.155566692352	-5151.060292422771	-3870.940185368061	-11497.478370428085	-21270.38543331623	-18567.936422646046	-4673.41007912159	-4797.0077984929085	-3025.600431203842	-5366.211900234222	-3153.5213146209717	-2890.1824118494987	-3192.8439044952393	-10543.586751103401
-6141.260493218899	-7160.686160087585	-3968.5337438583374	-4825.646653354168	-11872.276327729225	-15124.032866477966	-4096.960395693779	-3270.4410125017166	-3983.924381375313	-13529.397706091404	-6358.624912440777	-2491.184206008911	-4679.558776855469	-3609.4178417921066	-6560.27968531847	-5227.853567838669	-5129.582882881165	-7869.849102020264	-5115.246104776859	-6298.294458627701	-4643.726109921932	-15411.272188842297	-14588.738992512226	-7658.418708503246	-12420.518362641335	-15159.109684884548	-8082.74281257391	-18848.36361026764	-10867.716341257095	-9566.743088304996	-10025.579229056835	-3722.6034103631973	-5285.568361103535	-13417.410931289196	-3628.4282788038254	-5083.135519146919	-11870.947236061096	-19876.204060018063	-17335.872371017933	-5189.786995887756	-4693.019512414932	-2968.778926551342	-5150.843733787537	-3171.6595287323	-2606.0780467391014	-2829.8924874067307	-10997.95956671238
-5383.386433064938	-6188.2865309119225	-6179.513248980045	-3643.372256040573	-11667.026463508606	-14888.49516505003	-4109.698410093784	-3943.176029264927	-4528.630806207657	-13697.86507499218	-5600.851069629192	-2748.989574432373	-3921.4330921173096	-5518.860756576061	-4819.130713105202	-4114.261173546314	-4681.418577849865	-7667.73394203186	-4248.756789505482	-4747.154814362526	-4177.399173378944	-15409.114182472229	-14195.354865252972	-7463.2558398246765	-12217.36190956831	-15334.750207066536	-8098.352784574032	-18637.118654310703	-10748.331242799759	-9532.953272938728	-10085.758247971535	-3699.4058871269226	-6070.487712621689	-13276.430498719215	-5439.5643011927605	-3624.550984084606	-11841.931227326393	-19776.307668566704	-18173.87387472391	-4318.5461302399635	-4438.5561665296555	-2851.3620660305023	-5082.537947356701	-2935.523427963257	-2766.197350203991	-3022.24582862854	-10843.415472447872
-4362.270991504192	-7208.770295500755	-3781.3224126696587	-4142.636962354183	-11517.408135652542	-14827.649133563042	-4173.57731282711	-3779.5259586572647	-4570.243372619152	-13653.35503679514	-5868.028660416603	-2743.8783435821533	-4028.735004365444	-4593.6933824419975	-4702.967460036278	-4037.034501373768	-4639.092695116997	-7731.444173812866	-4218.346367180347	-4679.681482613087	-4147.178603827953	-15383.008142113686	-14330.372200071812	-7470.329776406288	-12175.904287874699	-15194.51402425766	-8051.951397240162	-18510.619575679302	-10841.95132869482	-9513.360811889172	-10045.659690320492	-3650.095549583435	-5994.8279531002045	-13216.531624555588	-4267.375410735607	-4609.399185419083	-11864.724341213703	-19626.67108786106	-17144.14949220419	-4325.8060829639435	-4446.116503834724	-2837.3548028469086	-5052.856567561626	-2930.5689659118652	-2743.24562138319	-3095.90301322937	-10852.049880206585
-6183.5523601174355	-7119.830074548721	-3781.203827857971	-4014.05262953043	-11445.365925133228	-14753.108741939068	-4078.491451561451	-3774.059923887253	-4446.336986839771	-13815.102732896805	-4508.934444844723	-2724.428623199463	-3884.664510548115	-4871.701853096485	-4897.171371757984	-4154.287458956242	-4784.921724379063	-7705.306800842285	-4366.7215195298195	-5687.986048221588	-4401.367368340492	-15210.459838986397	-14393.789506912231	-7388.639274775982	-12049.721050083637	-15136.780679702759	-7982.65695720911	-18301.812901377678	-10863.833056032658	-9499.584714949131	-10025.56303691864	-3644.209008336067	-6113.883929729462	-13212.74465751648	-4886.737615346909	-3582.769579768181	-11931.940699994564	-19700.999480366707	-16959.783538758755	-4269.432741701603	-4489.357528567314	-2842.976793050766	-4994.544198393822	-2907.692295074463	-2795.4067261219025	-3052.450803756714	-10892.381038188934
-3977.767174422741	-7142.607399582863	-3355.848453104496	-4403.7717270851135	-10897.722579181194	-14122.245876789093	-3883.0426948666573	-3654.2426987290382	-4176.232827484608	-13865.475363433361	-3975.217382609844	-2648.437831878662	-3795.830779850483	-4578.58125191927	-4593.743147432804	-3915.6510380506516	-4416.656193077564	-7904.083974838257	-4387.474733054638	-4385.090560495853	-3885.283618271351	-14479.940628767014	-14528.185924172401	-7011.810215771198	-11417.949992239475	-14201.632174670696	-7599.7923020124435	-17383.598279118538	-11043.64088267088	-8909.900007665157	-9437.636106789112	-3436.7260563373566	-5726.314411401749	-12517.887121498585	-4605.718756437302	-3302.3327345252037	-12132.190459430218	-18573.117238342762	-16039.71875411272	-4828.390622317791	-4433.395664095879	-2727.177133321762	-4781.683148026466	-2924.6555347442627	-2634.6005999445915	-2957.0251903533936	-11040.25892007351
-5421.048431098461	-6523.209638953209	-3201.397859752178	-3567.9459996819496	-9843.85268753767	-12629.979392111301	-3567.3601056933403	-3347.4663493037224	-3923.8482862114906	-14588.116206109524	-3849.3732863664627	-2470.081211090088	-3337.5760772824287	-4225.002591967583	-5697.553032696247	-4526.488470613956	-4355.486885368824	-8044.475364685059	-4068.193933427334	-5259.291136026382	-3863.5070644021034	-13059.429664611816	-15155.59901636839	-6331.080724656582	-10393.929660499096	-12974.970171511173	-6875.838350892067	-15629.142432272434	-11385.855232179165	-8151.636924028397	-8638.345244824886	-3185.2567776441574	-5393.848487794399	-11335.356251776218	-4310.480733394623	-3053.2819281816483	-12549.808915674686	-16952.05520606041	-14418.577804088593	-3641.759465634823	-3906.044003367424	-2492.5415245890617	-4399.88064211607	-2539.1492767333984	-2520.9144384860992	-2768.4788494110107	-11424.348899543285
-5161.268862068653	-4470.893530905247	-4842.3928943276405	-3804.7150689959526	-9787.550554394722	-12352.02979016304	-3404.4818135499954	-2750.5625234246254	-3276.501781105995	-14408.338908791542	-5556.968055427074	-2140.3388996124268	-3990.8838200569153	-2855.5029025673866	-5530.722806751728	-4353.382512152195	-4244.831936299801	-8323.977108001709	-4301.538040697575	-5360.786449730396	-3842.4714066386223	-12562.905182301998	-15542.023532688618	-6247.305703222752	-10160.289865612984	-12357.852227807045	-6621.444984138012	-15527.790809631348	-11523.87691551447	-7793.700500071049	-8152.644376337528	-3078.9672013521194	-4276.345923542976	-10931.611444532871	-2890.1829683184624	-4344.292658030987	-12679.06184142828	-16170.552399098873	-14005.919746339321	-4407.352648675442	-3851.8592705726624	-2504.7443806529045	-4308.439411580563	-2697.5588512420654	-2261.5114802718163	-2382.193703532219	-11724.762156665325
-5203.56072896719	-4430.037445366383	-4655.062978327274	-2993.1210451722145	-9360.640151798725	-11981.105665624142	-3386.0128694176674	-3254.1814348101616	-3738.9143865704536	-14694.043935596943	-3707.2775878310204	-2373.5833168029785	-3195.9895537495613	-4117.786913871765	-3867.614493191242	-3279.8164032697678	-3900.170777797699	-8159.4348068237305	-3553.013455450535	-4750.478039324284	-3600.1126650571823	-12362.092832446098	-15347.074047088623	-5977.526269495487	-9789.492553055286	-12335.523222625256	-6521.359128773212	-14981.240100741386	-11519.993630290031	-7726.542126715183	-8152.628184199333	-3000.5727993249893	-5104.661492168903	-10726.945170760155	-4148.492304861546	-2843.9267186522484	-12740.055305361748	-15995.347819447517	-13629.830914080143	-3486.9983944892883	-3648.1972867250443	-2378.9422471523285	-4152.139876186848	-2433.5916175842285	-2450.8401596546173	-2604.752019882202	-11619.18362814188
-5700.898860037327	-4931.631620824337	-5292.540048599243	-3565.0026310682297	-8897.398752391338	-11189.851020872593	-3091.3895993232727	-2627.1708280444145	-2998.0000695586205	-14772.88244509697	-6149.07899749279	-2023.3466510772705	-3677.248897790909	-3199.909420669079	-5163.5713584423065	-4007.5223619937897	-3861.413758635521	-8521.87977218628	-3961.039780795574	-5045.789793908596	-3510.6457285284996	-11376.593703866005	-15854.524013102055	-5700.026859104633	-9236.245833396912	-11258.623343527317	-5976.873789131641	-14098.759796202183	-11803.397738993168	-7068.825095951557	-7376.008965611458	-2816.6873475313187	-3904.759431898594	-9911.886376559734	-3178.6869770884514	-4097.903456747532	-13023.514698326588	-14676.474634349346	-13611.857198417187	-4052.4886997938156	-3493.4076386094093	-2330.5060154795647	-4024.765458703041	-2479.5609645843506	-2137.5264186263084	-2211.5956276655197	-12024.590878009796
-5743.1907269358635	-4890.775535285473	-5105.210132598877	-2753.4086072444916	-8470.488349795341	-10818.926896333694	-3072.9206551909447	-3130.7897394299507	-3460.412675023079	-15058.58747190237	-4299.388529896736	-2256.5910682678223	-2882.354631483555	-4462.193431973457	-3500.4630448818207	-2933.9562531113625	-3516.752600133419	-8357.3374710083	-3212.5151955485344	-4435.481383502483	-3268.2869869470596	-11175.781354010105	-15659.57452750206	-5430.247425377369	-8865.448520839214	-11236.294338345528	-5876.787933766842	-13552.209087312222	-11799.51445376873	-7001.666722595692	-7375.992773473263	-2738.2929455041885	-4733.075000524521	-9707.220102787018	-4436.996313631535	-2597.5375173687935	-13084.508162260056	-14501.27005469799	-13235.768366158009	-3132.134445607662	-3289.7456547617912	-2204.7038819789886	-3868.465923309326	-2215.5937309265137	-2326.8550980091095	-2434.153944015503	-11919.012349486351
-4441.0567999482155	-3833.41700977087	-4075.2570102214813	-2547.0144153237343	-7759.126914203167	-9857.976315796375	-2874.8815235495567	-2827.587860226631	-3216.425685942173	-15467.057408809662	-3047.7164293527603	-2119.2359046936035	-2648.9011204838753	-3471.0876527428627	-4667.996154129505	-3652.0174149274826	-3470.7359387874603	-8498.603370666504	-3254.485869348049	-4321.783127129078	-3062.2523611187935	-10211.062658071518	-16108.88355654478	-4919.967719376087	-8133.701163470745	-10173.71271443367	-5414.540522456169	-12308.569631636143	-12042.015806436539	-6378.594335794449	-6765.410392105579	-2541.6205686330795	-4384.626050233841	-8849.556765019894	-3572.23542290926	-2314.439067065716	-13357.92352104187	-13246.40354514122	-11088.62517940998	-2859.3251184225082	-3064.883761525154	-2028.5069786906242	-3557.4763199090958	-2065.048599243164	-2176.347872018814	-2320.780065536499	-12151.151489496231
-4033.6636465787888	-4241.26394623518	-4232.80195081234	-3107.6826310157776	-7655.701604902744	-9913.433876156807	-3002.6006923913956	-2691.3145012259483	-3267.89736533165	-15178.084906101227	-4207.715157151222	-2173.527159810066	-2955.1838434934616	-3225.7427706718445	-4866.449046611786	-3753.0506798028946	-3507.0614579916	-8576.297180175781	-3740.3005415201187	-4251.847696900368	-3043.983445286751	-10287.35362380743	-16147.69334179163	-4972.858365416527	-8203.50739043951	-10032.641698300838	-5349.142107725143	-12454.328268885612	-12103.007126152515	-6397.79406774044	-6720.637440860271	-2530.5340923070908	-4453.751745343208	-8858.700035095215	-2986.3282626867294	-3205.2479150295258	-14457.204387545586	-13488.736583173275	-10289.359384953976	-3631.841170012951	-3341.4785274267197	-2092.7192630171776	-2427.9380742311478	-2194.113965988159	-2115.1984140872955	-2370.792626261711	-12113.020012199879
-2516.2900996804237	-5934.036624908447	-2281.663921535015	-3642.3924111127853	-7773.226675987244	-10127.217999696732	-2941.350801229477	-2847.322443664074	-3231.9210820794106	-15064.450064241886	-4032.8490584492683	-2175.4890460968018	-2900.8228130340576	-3243.905456662178	-3080.8715674877167	-2618.093160033226	-3106.1611860990524	-8619.824876785278	-3202.8579867482185	-3065.1125640273094	-2721.982667326927	-10419.156103432178	-15928.98827958107	-5060.492302954197	-8192.219841301441	-10160.909650504589	-5447.521891236305	-12507.49538642168	-12072.942366302013	-6392.389554262161	-6747.967285692692	-2481.4996559619904	-4269.8457226753235	-8952.463692605495	-2983.7885642647743	-3301.948873460293	-13307.55103558302	-13223.751231968403	-11285.979198992252	-3698.35227894783	-3241.3441275954247	-2074.896959066391	-3625.9234931468964	-2227.602508544922	-2143.0972430109978	-2412.3855152130127	-12075.524639129639
-4077.190539777279	-5649.202202320099	-2254.2116209864616	-3682.5623968839645	-7486.300930023193	-9535.44108814001	-2643.1337184906006	-2235.572961986065	-3072.798669040203	-15355.904903292656	-4092.210617482662	-1865.8772602081299	-2754.899329662323	-3043.736318707466	-4515.361782193184	-3490.4005393981934	-3229.3155504465103	-8824.370124816895	-3577.4442878365517	-4289.318733215332	-2943.7246022224426	-9705.577076613903	-16509.363803505898	-4892.126925706863	-7875.433356881142	-9542.142568588257	-5112.661815047264	-11809.503436625004	-12307.859400629997	-6052.569557607174	-6322.905388951302	-2392.446764230728	-4273.291762471199	-8447.348795413971	-2944.819946885109	-3199.794859826565	-13546.602260828018	-12474.83810710907	-10509.082069337368	-3579.366626381874	-3067.3247431516647	-2036.1273171305656	-3500.7580646276474	-2166.792921066284	-1940.350530564785	-1986.744045138359	-12398.96808809042
-4177.660417973995	-5551.389151453972	-2341.8769599199295	-3449.406388938427	-7361.150722384453	-9523.112159490585	-2847.268377661705	-2643.210629761219	-2552.3399626016617	-15371.678737163544	-4338.239655196667	-2054.050073623657	-3239.3153663277626	-2106.220394015312	-4607.503463327885	-3547.4422796964645	-3412.327701807022	-8694.075946807861	-3405.890623629093	-4333.71994638443	-2975.011684656143	-9740.488212823868	-16234.392640292645	-4736.217121183872	-7729.600068747997	-9517.610389888287	-5089.219431638718	-11788.77552396059	-12206.00469404459	-6027.328743696213	-6353.6578592062	-2391.5911297798157	-3224.6741672754288	-8475.927026808262	-2088.572026669979	-3628.788414478302	-13492.341161429882	-12601.135296702385	-10633.458257436752	-3494.687687754631	-3134.914859890938	-2010.4551159739494	-3467.273581981659	-2143.99640083313	-2094.9902193546295	-2383.470118522644	-12282.080856144428
-4980.686797916889	-4294.1550996899605	-4525.404164493084	-2307.3019773960114	-6868.975112199783	-8695.797546505928	-2561.789309322834	-2704.1961648464203	-2937.9239743947983	-15831.60094511509	-3639.827371418476	-2002.2436561584473	-2335.266198217869	-3815.494170844555	-4300.844705820084	-3306.1572647690773	-3087.3177611231804	-8696.506034851074	-2913.9876094460487	-4006.7864713072777	-2730.426683008671	-9024.751179635525	-16421.384036958218	-4372.688875257969	-7209.657131254673	-9074.483830153942	-4769.969327449799	-10879.538618206978	-12321.536629915237	-5653.718931674957	-5988.774981379509	-2279.3407148122787	-4013.0395585894585	-7829.831697046757	-3860.739431679249	-2068.049865782261	-13702.376377940178	-11752.325780391693	-10694.562631487846	-2504.461169540882	-2706.432129561901	-1854.2686135172844	-3273.8023670315742	-1847.0507125854492	-2052.3628103733063	-2150.1819896698	-12450.980210840702
-3959.571356356144	-5314.638864278793	-2127.2133281826973	-2806.5666837096214	-6719.3567843437195	-8634.95151501894	-2625.66821205616	-2540.546094238758	-2979.5365408062935	-15787.090906918049	-3907.004962205887	-1997.1324253082275	-2442.5681104660034	-2890.326796710491	-4184.68145275116	-3228.930592596531	-3044.991878390312	-8760.21626663208	-2883.5771871209145	-3939.3131395578384	-2700.2061134576797	-8998.645139276981	-16556.401371777058	-4379.7628118395805	-7168.199509561062	-8934.247647345066	-4723.567940115929	-10753.039539575577	-12415.156715810299	-5634.1264706254005	-5948.676423728466	-2230.030377268791	-3937.379799067974	-7769.932822883129	-2688.5505412220955	-3052.8980671167374	-13725.169491827488	-11602.68919968605	-9664.838248968124	-2511.721122264862	-2713.99246686697	-1840.2613503336906	-3244.1209872365	-1842.0962505340576	-2029.4110815525055	-2223.83917427063	-12459.614618599415
-1753.7861706614494	-5337.416189312935	-1701.857953429222	-3196.285781264305	-6171.7134383916855	-8004.088649868965	-2430.2194553613663	-2420.7288690805435	-2709.43238145113	-15837.463537454605	-3373.2878999710083	-1921.1416339874268	-2353.7343797683716	-2597.2061955332756	-3881.2532284259796	-2990.294171690941	-2676.726347088814	-8958.993440628052	-2904.330400645733	-2636.4176518321037	-2184.1223633885384	-8268.125929057598	-16690.797789037228	-4002.933752834797	-6536.4284517169	-7999.0991423130035	-4340.703284919262	-9834.824917316437	-12594.96454244852	-5044.441763341427	-5360.749493598938	-2022.5474252700806	-3549.810280740261	-7075.075286865234	-2407.5316823124886	-2772.46122187376	-13925.419251263142	-10474.806957662106	-8744.77346432209	-3070.67900288105	-2658.0306023955345	-1724.4616906046867	-3031.2599368691444	-1859.0594902038574	-1868.6049553751945	-2128.4135608673096	-12607.49250048399
-3575.0675392746925	-5248.475968360901	-1701.7393686175346	-3067.7014484405518	-6099.671227872372	-7929.548258244991	-2335.133594095707	-2415.2628343105316	-2585.525995671749	-15999.21123355627	-2014.193684399128	-1901.6919136047363	-2209.663885951042	-2875.214666187763	-4075.457140147686	-3107.5471292734146	-2822.5553763508797	-8932.85606765747	-3052.705552995205	-3644.722217440605	-2438.3111279010773	-8095.577625930309	-16754.215095877647	-3921.2432512044907	-6410.2452139258385	-7941.365797758102	-4271.40884488821	-9626.018243014812	-12616.846269786358	-5030.665666401386	-5340.652840197086	-2016.6608840227127	-3668.8662573695183	-7071.288319826126	-3026.89388692379	-1745.8316162228584	-13992.635610044003	-10549.135350167751	-8560.407510876656	-3014.3056616187096	-2701.2716271281242	-1730.0836808085442	-2972.9475677013397	-1836.182819366455	-1920.7660601139069	-2084.9613513946533	-12647.82365846634
-3053.672015428543	-1551.4713170528412	-5106.661101281643	-2086.7510466575623	-5570.975831568241	-7141.430799841881	-2310.122110247612	-2171.436012148857	-2560.474765062332	-16057.026108801365	-3406.05830013752	-1822.6818534135818	-2266.508886694908	-2471.8278314471245	-3836.892168045044	-2878.5796241164207	-2622.3105114102364	-9030.425186157227	-2926.592477440834	-3314.339688003063	-2242.728742003441	-7438.986617267132	-17100.97788196802	-3561.745360136032	-5943.2788934111595	-7231.384241223335	-3887.8442792892456	-9133.755468249321	-12759.16770040989	-4624.751479506493	-4847.7025881409645	-1886.8978832960129	-3444.52930778265	-6372.90054833889	-2248.0829522013664	-2466.4050539135933	-15265.31899291277	-9783.084922254086	-6959.406760275364	-2849.4068228006363	-2500.3182855844498	-1628.68471711874	-1585.5337520241737	-1720.0132884979248	-1770.6318476200104	-1923.0938423871994	-12839.822602152824
-3097.1989086270332	-2959.40957313776	-3128.0707714557648	-2661.630812525749	-5401.57515668869	-6763.438011825085	-1950.655136346817	-1715.6944729089737	-2365.3760687708855	-16234.846105992794	-3290.55376046896	-1515.0319538116455	-2066.2243728637695	-2289.821379482746	-3485.804903626442	-2615.9294837117195	-2344.5646038651466	-9278.49813079834	-2763.736223757267	-3351.8107243180275	-2142.4698989391327	-6857.210070073605	-17462.64834368229	-3481.0139204263687	-5615.204859852791	-6740.885111510754	-3651.3639866113663	-8488.930635988712	-12964.019974887371	-4279.526969373226	-4449.970536231995	-1748.8105552196503	-3264.0693249106407	-5961.549308657646	-2206.574636399746	-2460.9519987106323	-14354.716866195202	-8769.18644618988	-7179.129444658756	-2796.9322791695595	-2226.164501309395	-1572.0927712321281	-2658.3537424206734	-1692.6922435760498	-1595.7839640974998	-1539.0452612638474	-13125.770678043365
-3197.6687868237495	-2861.596522271633	-3215.7361103892326	-2428.4748045802116	-5276.42494904995	-6751.109083175659	-2154.7897955179214	-2123.332140684128	-1844.917362332344	-16250.619939863682	-3536.5827981829643	-1703.2047672271729	-2550.640409529209	-1352.3054547905922	-3577.9465847611427	-2672.9712240099907	-2527.5767552256584	-9148.203952789307	-2592.1825595498085	-3396.2119374871254	-2173.7569813728333	-6892.121206283569	-17187.677180469036	-3325.1041159033775	-5469.371571719646	-6716.352932810783	-3627.92160320282	-8468.202723324299	-12862.165268301964	-4254.286155462265	-4480.723006486893	-1747.9549207687378	-2215.4517297148705	-5990.127540051937	-1350.326716184616	-2889.9455533623695	-14300.455766797066	-8895.483635783195	-7303.505632758141	-2712.2533405423164	-2293.754618048668	-1546.420570075512	-2624.869259774685	-1669.8957233428955	-1750.4236528873444	-1935.7713346481323	-13008.883446097374
-3593.302013397217	-2012.2094069719315	-5556.8082555532455	-1847.0386087298393	-4680.8240295648575	-5979.252030551434	-1997.0298960208893	-2048.0443167686462	-2281.9730535149574	-16421.569645106792	-3998.1692422032356	-1705.6896048784256	-1952.8739644289017	-2816.2343495488167	-3469.7407197356224	-2532.7194739580154	-2238.8923337459564	-9228.327850341797	-2586.0942175388336	-2999.343032181263	-1910.9030638933182	-6252.675138831139	-17413.47836238146	-3014.466516017914	-5019.234861195087	-6132.155356943607	-3243.273084282875	-7704.724454820156	-13038.688523888588	-3899.876075387001	-4071.067177414894	-1624.618029475212	-3072.9428161382675	-5353.175480365753	-2536.5869609713554	-2220.0158526301384	-15609.771849811077	-8289.007157504559	-6565.3442123532295	-2494.54287391901	-2141.8666536211967	-1454.4463519454002	-1301.8597991466522	-1502.01540184021	-1646.6467859745026	-1752.4957665205002	-13139.651323497295
-2979.5797252058983	-2624.8462350964546	-3001.0724786520004	-1785.635099351406	-4634.631011009216	-5862.948438704014	-1933.1896299123764	-2020.6676051616669	-2272.113940536976	-16666.032109618187	-3105.3481051921844	-1646.2871189117432	-1753.89315366745	-2136.411857485771	-3155.1245741844177	-2354.459536910057	-2160.2409318089485	-9214.344272613525	-2069.86912304163	-3001.805130660534	-1898.9514101743698	-6150.278132736683	-17509.68591195345	-2968.649806559086	-4907.971012532711	-6132.990190267563	-3262.270111680031	-7432.466738939285	-13071.317290067673	-3861.083882391453	-4075.741571009159	-1586.3941682577133	-2928.1573615074158	-5284.133336126804	-1950.3052307367325	-2314.055206000805	-14533.284097194672	-7897.037538766861	-6334.885624289513	-1729.2867750525475	-1872.8322250247002	-1376.2268044352531	-2401.7166650295258	-1367.9955730438232	-1684.8445150852203	-1776.1403903961182	-13186.41720855236
-2876.0943935513496	-4636.525629281998	-1207.3608051538467	-2752.428762316704	-4576.688562273979	-6057.649730980396	-1904.5730463266373	-2034.9361538290977	-2163.7029508948326	-16425.172461152077	-2731.386518716812	-1683.090539932251	-1861.744352400303	-2187.238132059574	-1762.2038992643356	-1437.7882395982742	-1941.4952083826065	-9309.428405761719	-2166.616392791271	-2753.439133167267	-1812.8704808950424	-6185.823274970055	-17393.20794183016	-3027.4838885068893	-4840.306452572346	-6062.453781783581	-3225.9570404291153	-7422.585819423199	-13124.125577270985	-3861.1030039191246	-4038.20181119442	-1520.3867143392563	-2932.4330105781555	-5383.253296673298	-1981.2205767035484	-2274.93540674448	-14550.127970516682	-7948.7136180996895	-6347.87369042635	-2511.940594315529	-2092.5336158275604	-1428.2387750148773	-2411.8514690995216	-1507.6728115081787	-1703.7549908161163	-1824.2936305999756	-13151.121516168118
-3636.828906595707	-3420.1476630568504	-3578.2179257273674	-2421.9183745980263	-4511.423354685307	-5601.259242534637	-1637.5629221200943	-1592.3027775287628	-2086.8743572235107	-16599.38964229822	-3882.6647025346756	-1398.0397052764893	-1752.589450597763	-2634.2278975844383	-3118.6534553170204	-2270.069333553314	-1961.1464262008667	-9476.40079498291	-2423.2379638552666	-3036.8140684962273	-1810.64422082901	-5670.898591637611	-17775.148824095726	-2933.7350763082504	-4691.160827636719	-5641.656227231026	-3006.7927916049957	-7059.899622559547	-13243.54079836607	-3554.6515652537346	-3673.335125505924	-1486.5307013988495	-2892.4828332662582	-4941.824240684509	-2495.078645169735	-2214.5627974271774	-14699.16972309351	-7275.108681440353	-6785.066896736622	-2442.0683302879333	-1867.7128693461418	-1397.8544060587883	-2374.679789543152	-1474.694356918335	-1471.798902451992	-1368.4471853971481	-13425.599399387836
-3737.2987847924232	-3322.3346121907234	-3665.8832646608353	-2188.7623666524887	-4386.273147046566	-5588.930313885212	-1841.6975812911987	-1999.940445303917	-1566.4156507849693	-16615.16347616911	-4128.69374024868	-1586.2125186920166	-2237.0054872632027	-1696.7119728922844	-3210.795136451721	-2327.1110738515854	-2144.1585775613785	-9346.106616973877	-2251.684299647808	-3081.215281665325	-1841.9313032627106	-5705.809727847576	-17500.177660882473	-2777.8252717852592	-4545.327539503574	-5617.124048531055	-2983.3504081964493	-7039.171709895134	-13141.686091780663	-3529.4107513427734	-3704.0875957608223	-1485.675066947937	-1843.865238070488	-4970.4024720788	-1638.830724954605	-2643.5563520789146	-14644.908623695374	-7401.4058710336685	-6909.443084836006	-2357.3893916606903	-1935.302986085415	-1372.182204902172	-2341.1953068971634	-1451.8978366851807	-1626.4385912418365	-1765.173258781433	-13308.712167441845
-773.7945395112038	-2647.623560130596	-2575.7171038985252	-2175.35419690609	-4086.9876650571823	-5232.085573554039	-1737.7408732175827	-1900.8503800034523	-2002.0097811818123	-16716.404740154743	-2571.631042957306	-1570.2963275909424	-1665.0594229698181	-1843.2912563085556	-2851.6963498592377	-2115.823116004467	-1791.97540050745	-9413.121446609497	-2090.622336566448	-1698.9096429347992	-1382.8676601052284	-5419.7589225173	-17644.08232921362	-2591.820747554302	-4276.199954688549	-5197.8416852355	-2879.405456483364	-6514.252116680145	-13251.125116705894	-3271.399175107479	-3487.814640879631	-1378.9112162590027	-2540.5878431797028	-4589.27580010891	-1669.2863718271255	-2033.6183607578278	-14733.533856630325	-6769.155296742916	-5414.820839643478	-2288.2446556687355	-1816.8703605532646	-1260.4271447062492	-2188.8556146621704	-1384.958812713623	-1524.0383889079094	-1680.7147769927979	-13334.295090436935
-2595.075908124447	-2558.683339178562	-2575.5985190868378	-2046.7698640823364	-4014.9454545378685	-5157.545181930065	-1642.6550119519234	-1895.3843452334404	-1878.1033954024315	-16878.15243625641	-1212.5368273854256	-1550.846607208252	-1520.9889291524887	-2121.299726963043	-3045.900261580944	-2233.0760735869408	-1937.804429769516	-9386.984073638916	-2238.9974889159203	-2707.2142085433006	-1637.0564246177673	-5247.210619390011	-17707.49963605404	-2510.130245923996	-4150.016716897488	-5140.108340680599	-2810.1110164523125	-6305.445442378521	-13273.006844043732	-3257.6230781674385	-3467.7179874777794	-1373.0246750116348	-2659.64381980896	-4585.488833069801	-2288.648576438427	-1006.988755106926	-14800.750215411186	-6843.483689248562	-5230.454886198044	-2231.871314406395	-1860.1113852858543	-1266.0491349101067	-2130.5432454943657	-1362.0821418762207	-1576.1994936466217	-1637.2625675201416	-13374.626248419285
-3519.209723174572	-3085.584325015545	-3451.219632923603	-1545.9226614236832	-3744.4792090058327	-4700.769669413567	-1620.0974156856537	-1897.275909781456	-1993.6122289896011	-17030.575645923615	-3697.4590472579002	-1529.294870376587	-1440.2582314014435	-2480.8183755874634	-2787.973125874996	-2008.5993867516518	-1776.8227541446686	-9412.246936798096	-1729.3708631396294	-2686.8084748387337	-1567.1257320642471	-4963.96665430069	-17822.186392366886	-2421.3709624409676	-3983.926980316639	-5033.761305987835	-2617.6989166736603	-6003.43572551012	-13350.838113546371	-3136.208478271961	-3299.1061602830887	-1324.1143144369125	-2556.5708698630333	-4264.408268153667	-2238.8092395067215	-2067.66600471735	-14877.73695409298	-6402.959774017334	-5940.823076367378	-1374.4228261709213	-1514.3805930614471	-1201.9884392619133	-2118.0427121520042	-1149.9976863861084	-1560.8594534397125	-1605.542314529419	-13486.245929896832
-1313.4245374798775	-3108.3616500496864	-3025.864258170128	-1935.6417589783669	-3196.8358630537987	-4069.9068042635918	-1424.64865899086	-1777.4586846232414	-1723.5080696344376	-17080.94827646017	-3163.7419850230217	-1453.3040790557861	-1351.4245007038116	-2187.697774410248	-2484.544901549816	-1769.9629658460617	-1408.5572228431702	-9611.024110794067	-1750.1240766644478	-1383.912987112999	-1051.0419819951057	-4233.4474440813065	-17956.582809627056	-2044.541903436184	-3352.155922472477	-4098.612800955772	-2234.8342614769936	-5085.22110325098	-13530.645940184593	-2546.5237709879875	-2711.1792301535606	-1116.631362438202	-2169.0013515353203	-3569.5507321357727	-1957.7903805971146	-1787.2291594743729	-15077.986713528633	-5275.077531993389	-5020.758291721344	-1933.3807067871094	-1458.4187285900116	-1086.1887795329094	-1905.181661784649	-1166.9609260559082	-1400.0533272624016	-1510.1167011260986	-13634.123811781406
-3134.7059060931206	-3019.4214290976524	-3025.7456733584404	-1807.0574261546135	-3124.793652534485	-3995.366412639618	-1329.5627977252007	-1771.9926498532295	-1599.6016838550568	-17242.695972561836	-1804.6477694511414	-1433.8543586730957	-1207.3540068864822	-2465.7062450647354	-2678.7488132715225	-1887.2159234285355	-1554.386252105236	-9584.886737823486	-1898.4992290139198	-2392.2175527215004	-1305.2307465076447	-4060.8991409540176	-18020.000116467476	-1962.8514018058777	-3225.9726846814156	-4040.8794564008713	-2165.539821445942	-4876.414428949356	-13552.52766752243	-2532.747674047947	-2691.082576751709	-1110.744821190834	-2288.0573281645775	-3565.7637650966644	-2577.152585208416	-760.5995538234711	-15145.203072309494	-5349.405924499035	-4836.392338275909	-1877.0073655247688	-1501.6597533226013	-1091.8107697367668	-1846.8692926168442	-1144.0842552185059	-1452.214432001114	-1466.6644916534424	-13674.454969763756
-2113.5904645323753	-4039.9051936864853	-627.5548370480537	-2306.3221324682236	-2975.175324678421	-3934.52038115263	-1393.4417004585266	-1608.3425792455673	-1641.214250266552	-17198.185934364796	-2071.825360238552	-1428.743127822876	-1314.6559191346169	-1540.5388709306717	-2562.5855602025986	-1809.989251255989	-1512.0603693723679	-9648.596969604492	-1868.0888066887856	-2324.744220972061	-1275.0101769566536	-4034.7931005954742	-18155.017451286316	-1969.9253383874893	-3184.5150629878044	-3900.6432735919952	-2119.138434112072	-4749.915350317955	-13646.147753417492	-2513.15521299839	-2650.984019100666	-1061.4344836473465	-2212.397568643093	-3505.864890933037	-1404.9636947512627	-1745.4477551579475	-15167.996186196804	-5199.769343793392	-3806.6679557561874	-1884.2673182487488	-1509.2200906276703	-1077.803506553173	-1817.1879128217697	-1139.1297931671143	-1429.262703180313	-1540.3216762542725	-13683.089377522469
-1896.102762401104	-1946.733000099659	-2081.21995562315	-1731.4971779584885	-2491.962788939476	-3285.64665466547	-1212.0944641828537	-1515.0576647520065	-1456.280350625515	-17304.113663852215	-1929.7296617031097	-1332.2452335357666	-1173.0693956017494	-1433.3231928348541	-732.6470206975937	-563.3171839118004	-1056.7442618012428	-9763.556411743164	-1352.9083287119865	-1815.9311242699623	-1011.6157776117325	-3337.456268429756	-18346.49248200655	-1616.3708832263947	-2580.077955543995	-3261.1963247060776	-1764.6592119932175	-4102.013018786907	-13780.286151528358	-2088.060415685177	-2165.266958475113	-876.7505053281784	-1923.2105730175972	-2897.453809916973	-1242.9752662181854	-1536.0925456285477	-15358.242575883865	-4243.0619571805	-3017.921065747738	-1729.5062471032143	-1251.3733739852905	-964.2042291164398	-1569.4471468925476	-1033.5721340179443	-1359.1884243488312	-1376.5948467254639	-13877.924106121063
-2653.220462501049	-4500.643283605576	-1077.7019913196564	-2066.6096945405006	-2085.0235226750374	-2772.3416118621826	-1080.349486231804	-1484.9508838653564	-1362.7125387191772	-17562.729470670223	-2663.936302304268	-1311.7508792877197	-1001.0209968686104	-1884.945389032364	-2195.434111893177	-1464.1291010975838	-1128.642191708088	-9846.499633789062	-1527.5905467867851	-2009.747565150261	-943.1844988465309	-2848.481622159481	-18467.517931699753	-1422.646494269371	-2260.4710307717323	-2801.4143893122673	-1474.5672391057014	-3320.88433688879	-13925.66857689619	-1788.2798088788986	-1874.3486083745956	-799.1546298265457	-1840.8110769987106	-2486.1398229599	-1693.4677035212517	-1499.0585538744926	-15512.449043095112	-3705.691579043865	-3412.605407834053	-1529.4033693671227	-1150.7684586644173	-903.5651413798332	-1533.5139599442482	-921.1319065093994	-1305.2776415348053	-1369.7236003875732	-13982.91809886694
-2435.7327603697777	-2407.4710900187492	-2531.3671098947525	-1491.7847400307655	-1601.8109869360924	-2123.467885375023	-899.002249956131	-1391.6659693717957	-1177.7786390781403	-17668.657200157642	-2521.8406037688255	-1215.2529850006104	-859.434473335743	-1777.7297109365463	-365.49557238817215	-217.45703375339508	-673.3260841369629	-9961.459075927734	-1012.4100688099861	-1500.934468448162	-679.7900995016098	-2151.144789993763	-18658.992962419987	-1069.0920391082764	-1656.0339233279228	-2161.9674404263496	-1120.088016986847	-2672.9820053577423	-14059.806975007057	-1363.1850115656853	-1388.6315477490425	-614.4706515073776	-1551.6240813732147	-1877.7287419438362	-1531.4792749881744	-1289.7033443450928	-15702.695432782173	-2748.984192430973	-2623.8585178256035	-1374.6422982215881	-892.9217420220375	-789.9658639431	-1285.773194015026	-815.5742473602295	-1235.2033627033234	-1205.9967708587646	-14177.752827465534
-1133.5988333821297	-1350.1125645041466	-1501.4139875173569	-1285.3905481100082	-890.4495513439178	-1162.5173048377037	-700.963118314743	-1088.464090168476	-933.7916499972343	-18077.127137064934	-1270.1685032248497	-1077.8978214263916	-625.9809623360634	-786.6239317059517	-1533.0286816358566	-935.5181955695152	-627.3094227910042	-10102.724975585938	-1054.3807426095009	-1387.2362120747566	-473.75547367334366	-1186.4260940551758	-19108.301991462708	-558.8123331069946	-924.2865659594536	-1099.385816514492	-657.8406056761742	-1429.3425496816635	-14302.308327674866	-740.1126247644424	-778.0491663813591	-417.7982746362686	-1203.1751310825348	-1020.065404176712	-666.7183842658997	-1006.6048940420151	-15976.110791563988	-1494.1176828742027	-476.7153310775757	-1101.8329710364342	-668.0598487854004	-613.7689606547356	-974.7835906147957	-665.0291156768799	-1084.696136713028	-1092.6228923797607	-14409.891967475414
-1673.2288313508034	-1810.8506544232368	-1951.5611417889595	-1045.6781101822853	-0.2977493405342102	-0.3385355472564697	-387.8709040880203	-965.0723947882652	-655.2899384498596	-18441.67067337036	-1862.2794452905655	-960.9055728912354	-312.3460400700569	-1131.030449807644	-1165.877233326435	-589.6580454111099	-243.89124512672424	-10300.627639770508	-713.8824827075005	-1072.2395562529564	-141.92979556322098	-0.11461561918258667	-19420.802471876144	-11.533488988876343	-0.24253374338150024	-0.15693223476409912	-13.26941066980362	-0.3115362524986267	-14581.829151153564	-15.237220644950867	-1.4137556552886963	-155.51842081546783	-831.5886394381523	-0.3403362035751343	-955.2223930358887	-760.2156927585602	-16320.563648462296	-0.03991812467575073	-82.65278315544128	-746.969022154808	-309.60821682214737	-439.5305954813957	-691.1096377372742	-447.03122901916504	-960.7110750675201	-922.0248165130615	-14709.720688819885
