-89703.2578125	-23245.144112110138	-95162.56640625	-76394.046875	-87756.7890625	-84564.349609375	-80398.765625	-68435.677734375	-22497.84932899475	-22101.45676422119	-25599.641691684723	-1096.9807195067406	-1116.377357006073	-26498.388567447662	-2955.0922895669937	-16961.2958984375	-26316.028402090073	-1122.193963110447	-39182.43926239014	-23886.231548309326	-3190.270306825638	-1443.1987206935883	-1868.891922712326	-29019.979188501835	-11826.978507995605	-77424.185546875	-92350.265625	-23439.450037002563	-86414.7890625
-89592.21905511618	-23218.69402074814	-95057.88677203655	-76304.03922647238	-87667.07050794363	-84469.64778703451	-80302.76661324501	-68350.58413231373	-22470.779287338257	-22121.522743225098	-25571.553633213043	-1068.1020879149437	-1087.3048205375671	-26469.233789920807	-2981.2087770700455	-16944.53402709961	-26286.4285466671	-1092.7508955597878	-39127.61572599411	-23858.38055038452	-3214.3281376361847	-1467.2565515041351	-1892.949753522873	-29042.053376734257	-11814.732963562012	-77327.4434145093	-92246.01563537121	-23402.636802077293	-86313.37502199411
-89596.00788384676	-23217.652626514435	-95044.08222866058	-76293.30491489172	-87631.96876364946	-84467.22214967012	-80286.1799672246	-68338.92792195082	-22468.481309890747	-22074.666191101074	-25566.44311761856	-1131.542241036892	-1151.5797686576843	-26467.50607919693	-2984.992315888405	-16940.047393798828	-26284.21120619774	-1163.4514831900597	-39127.05798792839	-23851.99608230591	-3207.800641298294	-1462.3774316310883	-1883.4750831127167	-28971.973165392876	-11851.681602478027	-77315.68560528755	-92238.42971473932	-23409.46314048767	-86299.15626603365
-89484.96912646294	-23191.202535152435	-94939.40259444714	-76203.2972663641	-87542.2502090931	-84372.52032732964	-80190.18095546961	-68253.83431988955	-22441.411268234253	-22094.73217010498	-25538.35505914688	-1102.663609445095	-1122.5072321891785	-26438.351301670074	-3011.1088033914566	-16923.285522460938	-26254.611350774765	-1134.0084156394005	-39072.234451532364	-23824.145084381104	-3231.858472108841	-1486.4352624416351	-1907.5329139232635	-28994.047353625298	-11839.436058044434	-77218.94347292185	-92134.17972511053	-23372.6499055624	-86197.74222552776
-89053.93761408329	-23053.991579771042	-94430.86554473639	-75815.88516587019	-87112.3600037694	-83956.38944756985	-79790.39938652515	-67903.85103338957	-22330.02613568306	-21934.13180601597	-25410.11111396551	-1310.1405874490738	-1349.2307451367378	-26315.562564611435	-3122.4284821748734	-16843.87371826172	-26099.50181609392	-1345.9085564017296	-38874.85481929779	-23693.064860880375	-3312.2057926654816	-1243.4435517787933	-1990.8274085521698	-29141.91467434168	-11745.539207458496	-76820.90266114473	-91651.50080728531	-23270.55939745903	-85775.9267411828
-88942.89885669947	-23027.541488409042	-94326.18591052294	-75725.87751734257	-87022.64144921303	-83861.68762522936	-79694.40037477016	-67818.7574313283	-22302.956094026566	-21954.197785019875	-25382.02305549383	-1281.261955857277	-1320.158208668232	-26286.40778708458	-3148.544969677925	-16827.111846923828	-26069.901960670948	-1316.4654888510704	-38820.031282901764	-23665.21386295557	-3336.2636234760284	-1267.5013825893402	-2014.8852393627167	-29163.9888625741	-11733.293663024902	-76724.16052877903	-91547.25081765652	-23233.74616253376	-85674.51270067692
-88946.68768543005	-23026.50009417534	-94312.38136714697	-75715.14320576191	-86987.53970491886	-83859.26198786497	-79677.81372874975	-67807.10122096539	-22300.658116579056	-21907.34123289585	-25376.91253989935	-1344.7021089792252	-1384.4331567883492	-26284.680076360703	-3152.3285084962845	-16822.625213623047	-26067.684620201588	-1387.1660764813423	-38819.473544836044	-23658.829394876957	-3329.736127138138	-1262.6222627162933	-2005.4105689525604	-29093.90865123272	-11770.242301940918	-76712.40271955729	-91539.66489702463	-23240.572500944138	-85660.29394471645
-88786.00982934237	-23045.769161701202	-94190.66066247225	-75587.13310480118	-86872.4470898509	-83731.82185745239	-79557.5055937767	-67733.63844406605	-22281.243267655373	-21895.945589900017	-25351.573483765125	-1408.9046603441238	-1434.631735086441	-26240.449441432953	-2703.7535724639893	-16792.479064941406	-26059.697780013084	-1401.8468278050423	-38741.440872848034	-23647.876167297363	-3338.2254269123077	-1594.0920732021332	-1533.4519090652466	-29164.06687694788	-11704.615043640137	-76618.17604219913	-91364.17220187187	-23214.15213370323	-85531.6108943224
-88674.97107195854	-23019.319070339203	-94085.9810282588	-75497.12545627356	-86782.72853529453	-83637.1200351119	-79461.50658202171	-67648.54484200478	-22254.17322599888	-21916.011568903923	-25323.485425293446	-1380.026028752327	-1405.5591986179352	-26211.294663906097	-2729.870059967041	-16775.717193603516	-26030.09792459011	-1372.403760254383	-38686.61733645201	-23620.02516937256	-3362.2832577228546	-1618.14990401268	-1557.5097398757935	-29186.1410651803	-11692.369499206543	-76521.43390983343	-91259.92221224308	-23177.33889877796	-85430.19685381651
-88678.75990068913	-23018.2776761055	-94072.17648488283	-75486.3911446929	-86747.62679100037	-83634.69439774752	-79444.9199360013	-67636.88863164186	-22251.87524855137	-21869.1550167799	-25318.374909698963	-1443.4661818742752	-1469.8341467380524	-26209.56695318222	-2733.6535987854004	-16771.230560302734	-26027.88058412075	-1443.104347884655	-38686.05959838629	-23613.640701293945	-3355.755761384964	-1613.2707841396332	-1548.0350694656372	-29116.06085383892	-11729.318138122559	-76509.67610061169	-91252.3362916112	-23184.16523718834	-85415.97809785604
-88136.68963092566	-22854.616629362106	-93458.95980095863	-75008.97139567137	-86228.0180311203	-83123.86169564724	-78949.13935530186	-67201.81174308062	-22113.42007434368	-21728.620631694794	-25162.042906045914	-1622.064528286457	-1667.4851232171059	-26057.623438596725	-2871.089765071869	-16675.056884765625	-25843.171194016933	-1625.561421096325	-38433.85642975569	-23454.709479868412	-3460.1609127521515	-1394.3369042873383	-1655.3873949050903	-29286.002362787724	-11623.175743103027	-76014.89315646887	-90665.40738415718	-23045.2614941597	-84892.7485730052
-88082.70401191711	-22831.752854049206	-93411.92603707314	-75025.45137166977	-86187.02347362041	-83027.90619289875	-78956.85451090336	-67198.3555354476	-22083.735625386238	-21690.086825549603	-25997.095666885376	-1617.1995487213135	-1623.3910089731216	-25971.552518308163	-3405.5847564935684	-16666.27671813965	-25824.116537868977	-1657.844562470913	-38474.912973463535	-23428.07365602255	-3488.0208446979523	-1729.9348256587982	-2170.0123336315155	-28349.07147103548	-11629.359245300293	-75992.7398198843	-90675.2867141962	-23051.440255701542	-84841.24867457151
-87971.66525453329	-22805.302762687206	-93307.24640285969	-74935.44372314215	-86097.30491906404	-82933.20437055826	-78860.85549914837	-67113.26193338633	-22056.665583729744	-21710.15280455351	-25969.007608413696	-1588.3209171295166	-1594.3184725046158	-25942.397740781307	-3431.70124399662	-16649.514846801758	-25794.516682446003	-1628.4014949202538	-38420.08943706751	-23400.222658097744	-3512.078675508499	-1753.992656469345	-2194.0701644420624	-28371.145659267902	-11617.1137008667	-75895.9976875186	-90571.03672456741	-23014.627020776272	-84739.83463406563
-87975.45408326387	-22804.261368453503	-93293.44185948372	-74924.70941156149	-86062.20317476988	-82930.77873319387	-78844.26885312796	-67101.60572302341	-22054.367606282234	-21663.296252429485	-25963.897092819214	-1651.7610702514648	-1658.593420624733	-25940.67003005743	-3435.4847828149796	-16645.028213500977	-25792.299341976643	-1699.1020825505257	-38419.53169900179	-23393.83819001913	-3505.5511791706085	-1749.1135365962982	-2184.595494031906	-28301.06544792652	-11654.062339782715	-75884.23987829685	-90563.45080393553	-23021.45335918665	-84725.61587810516
-87433.3838135004	-22640.60032171011	-92680.22517555952	-74447.28966253996	-85542.59441488981	-82419.9460310936	-78348.48827242851	-66666.52883446217	-21915.912432074547	-21522.76186734438	-25807.565089166164	-1830.3594166636467	-1856.2443971037865	-25788.726515471935	-3572.920949101448	-16548.854537963867	-25607.589951872826	-1881.5591557621956	-38167.32853037119	-23234.906968593597	-3609.956330537796	-1530.1796567440033	-2291.9478194713593	-28471.006956875324	-11547.919944763184	-75389.45693415403	-89976.52189648151	-22882.54961615801	-84202.38635325432
-87165.45602875948	-22632.37790364027	-92440.02029329538	-74218.53760147095	-85302.68150097132	-82195.37844097614	-78115.59447968006	-66496.31624513865	-21867.12956404686	-21484.575651228428	-25749.02745896578	-1929.1234895586967	-1941.6453870534897	-25713.613392293453	-3154.246039390564	-16497.459884643555	-25567.78591579199	-1937.4974271655083	-38033.91458392143	-23189.718275010586	-3635.975964784622	-1880.8281781673431	-1834.572319984436	-28493.159159481525	-11506.995780944824	-75186.73031520844	-89689.19329106808	-22826.14235240221	-83958.07050639391
-86510.11134654284	-22403.09198743105	-91811.63053846359	-73784.53863400221	-84685.91660106182	-81612.16574919224	-77602.45427852869	-66090.78013646603	-21711.593181610107	-21340.33770108223	-24705.90131020546	-2155.7352284789085	-2149.923360824585	-25616.814717531204	-3818.175312757492	-16378.348487854004	-25366.104550778866	-2077.851345181465	-39582.44402194023	-23059.870120108128	-3707.556065797806	-1892.8405911326408	-2387.6182334423065	-27663.833775758743	-11455.49211883545	-74761.23699396849	-89125.05759513378	-22656.569002091885	-83450.83303242922
-86399.07258915901	-22376.64189606905	-91706.95090425014	-73694.53098547459	-84596.19804650545	-81517.46392685175	-77506.4552667737	-66005.68653440475	-21684.523139953613	-21360.403680086136	-24677.81325173378	-2126.8565968871117	-2120.850824356079	-25587.65994000435	-3844.291800260544	-16361.586616516113	-25336.504695355892	-2048.408277630806	-39527.620485544205	-23032.019122183323	-3731.6138966083527	-1916.8984219431877	-2411.6760642528534	-27685.907963991165	-11443.246574401855	-74664.49486160278	-89020.80760550499	-22619.755767166615	-83349.41899192333
-86402.8614178896	-22375.600501835346	-91693.14636087418	-73683.79667389393	-84561.09630221128	-81515.03828948736	-77489.86862075329	-65994.03032404184	-21682.225162506104	-21313.547127962112	-24672.702736139297	-2190.29675000906	-2185.1257724761963	-25585.93222928047	-3848.075339078903	-16357.099983215332	-25334.287354886532	-2119.108865261078	-39527.062747478485	-23025.63465410471	-3725.086400270462	-1912.0193020701408	-2402.201393842697	-27615.827752649784	-11480.195213317871	-74652.73705238104	-89013.2216848731	-22626.582105576992	-83335.20023596287
-85860.79114812613	-22211.939455091953	-91079.92967694998	-73206.3769248724	-84041.48754233122	-81004.20558738708	-76994.08804005384	-65558.9534354806	-21543.769988298416	-21173.012742877007	-24516.370732486248	-2368.8950964212418	-2382.77674895525	-25433.988714694977	-3985.5115053653717	-16260.926307678223	-25149.577964782715	-2301.565938472748	-39274.859578847885	-22866.703432679176	-3829.4915516376495	-1693.085422217846	-2509.5537192821503	-27785.769261598587	-11374.05281829834	-74157.95410823822	-88426.29277741909	-22487.67836254835	-82811.97071111202
-86033.83945536613	-22289.302892804146	-91198.40795946121	-73263.2509291172	-84076.39676207304	-81089.14894777536	-77111.72145807743	-65645.98843705654	-21573.7497228384	-21177.16460609436	-24586.338052749634	-125.84883332252502	-135.703677713871	-25522.38798570633	-3979.7178619503975	-16288.835311889648	-25393.125636041164	-291.4772242307663	-37595.86166578531	-22998.073404967785	-4065.845473766327	-2334.0559005737305	-2757.308825492859	-29815.70553189516	-11408.990837097168	-74247.29832017422	-88670.54123204947	-22503.55867534876	-82908.66275751591
-85922.80069798231	-22262.852801442146	-91093.72832524776	-73173.24328058958	-83986.67820751667	-80994.44712543488	-77015.72244632244	-65560.89483499527	-21546.679681181908	-21197.230585098267	-24558.249994277954	-96.97020173072815	-106.63114124536514	-25493.233208179474	-4005.8343494534492	-16272.073440551758	-25363.52578061819	-262.0341566801071	-37541.038129389286	-22970.22240704298	-4089.903304576874	-2358.1137313842773	-2781.3666563034058	-29837.779720127583	-11396.745292663574	-74150.55618780851	-88566.29124242067	-22466.74544042349	-82807.24871701002
-85926.5895267129	-22261.811407208443	-91079.9237818718	-73162.50896900892	-83951.5764632225	-80992.02148807049	-76999.13580030203	-65549.23862463236	-21544.381703734398	-21150.374032974243	-24553.13947868347	-160.4103548526764	-170.90608936548233	-25491.505497455597	-4009.6178882718086	-16267.586807250977	-25361.30844014883	-332.734744310379	-37540.48039132357	-22963.837938964367	-4083.375808238983	-2353.2346115112305	-2771.8919858932495	-29767.6995087862	-11433.69393157959	-74138.79837858677	-88558.70532178879	-22473.571778833866	-82793.02996104956
-85815.55076932907	-22235.361315846443	-90975.24414765835	-73072.5013204813	-83861.85790866613	-80897.31966573	-76903.13678854704	-65464.14502257109	-21517.311662077904	-21170.44001197815	-24525.051420211792	-131.53172326087952	-141.83355289697647	-25462.35071992874	-4035.7343757748604	-16250.824935913086	-25331.708584725857	-303.29167675971985	-37485.65685492754	-22935.986941039562	-4107.43363904953	-2377.2924423217773	-2795.9498167037964	-29789.773697018623	-11421.448387145996	-74042.05624622107	-88454.45533216	-22436.758543908596	-82691.61592054367
-85592.8633633852	-22203.717037022114	-90839.72479468584	-72977.62486380339	-83801.57462841272	-80779.63799726963	-76761.1942473054	-65388.740846157074	-21494.98712027073	-21134.826526761055	-24457.833102285862	-2467.659169316292	-2468.177738904953	-25358.875591516495	-3566.8365956544876	-16209.53165435791	-25109.773928701878	-2357.5042098760605	-39141.44563239813	-22821.514739096165	-3855.5111858844757	-2043.7339436411858	-2052.178219795227	-27807.92146420479	-11333.12865447998	-73955.22748929262	-88138.96417200565	-22431.271098792553	-82567.65486425161
-85276.9060536623	-22139.535160541534	-90525.60344290733	-72671.61735254526	-83489.51247411966	-80376.84355539083	-76549.53629606962	-65230.00580704212	-21478.952409267426	-21042.314500808716	-24341.688154160976	-2558.6719066500664	-2507.010906279087	-25302.04540526867	-1849.6931257843971	-16169.374717712402	-25147.628205299377	-2567.6006711125374	-37314.37375408411	-22804.745612502098	-2052.8679470419884	-2245.383452653885	-2668.7861273288727	-29820.62192827463	-11322.727294921875	-73704.57597190142	-87888.04151165485	-22326.535658180714	-82115.16624045372
-85165.86729627848	-22113.085069179535	-90420.92380869389	-72581.60970401764	-83399.7939195633	-80282.14173305035	-76453.53728431463	-65144.91220498085	-21451.88236761093	-21062.380479812622	-24313.600095689297	-2529.7932750582695	-2477.938369810581	-25272.890627741814	-1875.8096132874489	-16152.612846374512	-25118.028349876404	-2538.157603561878	-37259.550217688084	-22776.894614577293	-2076.9257778525352	-2269.4412834644318	-2692.8439581394196	-29842.696116507053	-11310.481750488281	-73607.83383953571	-87783.79152202606	-22289.722423255444	-82013.75219994783
-85169.65612500906	-22112.04367494583	-90407.11926531792	-72570.87539243698	-83364.69217526913	-80279.71609568596	-76436.95063829422	-65133.25599461794	-21449.58439016342	-21015.5239276886	-24308.489580094814	-2593.2334281802177	-2542.2133179306984	-25271.162917017937	-1879.5931521058083	-16148.12621307373	-25115.811009407043	-2608.85819119215	-37258.992479622364	-22770.51014649868	-2070.3982815146446	-2264.562163591385	-2683.3692877292633	-29772.615905165672	-11347.430389404297	-73596.07603031397	-87776.20560139418	-22296.54876166582	-81999.53344398737
-85384.51925694942	-22098.15036046505	-90466.7070979476	-72685.08921998739	-83431.96770334244	-80481.18878597021	-76503.35521960258	-65114.16173607111	-21405.92652952671	-21009.839647889137	-24396.807475030422	-339.00870126485825	-368.5570658445358	-25339.561982870102	-4147.054054558277	-16171.413131713867	-25176.599050045013	-515.191817522049	-37288.27722269297	-22804.906717538834	-4187.780959606171	-2134.3007316589355	-2879.2443113327026	-29937.641017735004	-11327.551536560059	-73644.01543444395	-87971.77641433477	-22334.668035805225	-82269.80043619871
-85273.4804995656	-22071.70026910305	-90362.02746373415	-72595.08157145977	-83342.24914878607	-80386.48696362972	-76407.3562078476	-65029.06813400984	-21378.856487870216	-21029.905626893044	-24368.719416558743	-310.13006967306137	-339.48452937602997	-25310.407205343246	-4173.170542061329	-16154.651260375977	-25146.99919462204	-485.74874997138977	-37233.45368629694	-22777.05571961403	-4211.8387904167175	-2158.3585624694824	-2903.3021421432495	-29959.715205967426	-11315.305992126465	-73547.27330207825	-87867.52642470598	-22297.854800879955	-82168.38639569283
-85116.5914722085	-22089.92794239521	-90226.50221568346	-72456.33715891838	-83192.05478942394	-80256.62119585276	-76270.46142685413	-64943.94914674759	-21357.143661499023	-20971.653431773186	-24338.269844830036	-437.7727741599083	-453.95805579423904	-25264.44885969162	-3728.379144847393	-16120.018478393555	-25136.795013964176	-571.1300889253616	-37154.86327624321	-22759.718023955822	-4213.800593852997	-2484.9492530822754	-2421.8688118457794	-29959.793220341206	-11286.6273727417	-73441.28881549835	-87684.44780892134	-22278.260772049427	-82025.4845893383
-84889.55754595995	-21989.700729370117	-90060.99016928673	-72415.94313067198	-83116.15101218224	-80075.72233271599	-76160.54316443205	-64853.457937538624	-21297.479478001595	-20928.96776241064	-25103.355285406113	-2675.9540576934814	-2656.9370127916336	-25089.978668391705	-4268.667779684067	-16083.329307556152	-24874.19268655777	-2613.501944541931	-38874.91773301363	-22601.71222782135	-4005.3066036701202	-2179.576696097851	-2688.738644361496	-26992.92605829239	-11257.872856140137	-73329.79126697779	-87450.07868432999	-22268.559220790863	-81877.29264450073
-85005.55271482468	-22063.47785103321	-90121.82258147001	-72366.32951039076	-83102.33623486757	-80161.91937351227	-76174.46241509914	-64858.85554468632	-21330.07361984253	-20991.719410777092	-24310.181786358356	-408.8941425681114	-424.8855193257332	-25235.294082164764	-3754.495632350445	-16103.256607055664	-25107.195158541203	-541.6870213747025	-37100.03973984718	-22731.867026031017	-4237.858424663544	-2509.0070838928223	-2445.9266426563263	-29981.867408573627	-11274.381828308105	-73344.54668313265	-87580.19781929255	-22241.447537124157	-81924.07054883242
-84627.58585524559	-21948.38262820244	-89793.90258139372	-72093.45564341545	-82845.08341538906	-79768.88339358568	-75941.17005759478	-64698.17910605669	-21311.129215955734	-20874.989542603493	-24152.157576441765	-2771.8317745923996	-2739.864294409752	-25119.21940243244	-2017.0293183922768	-16051.952537536621	-24931.101619303226	-2791.31526440382	-37006.789310991764	-22611.578925073147	-2174.803432881832	-2045.62828373909	-2790.7216131687164	-29942.557414114475	-11241.287994384766	-73101.29308617115	-87189.27669394016	-22157.64501863718	-81476.30391913652
-85136.30310791731	-22082.71711707115	-90438.0197981596	-72504.94319438934	-83318.9173745513	-80264.80806684494	-76297.04253405333	-64930.72179508209	-21371.728253364563	-21155.335476636887	-24418.319930791855	-2604.9620441794395	-2568.8672155737877	-25190.230577290058	-1711.2157844305038	-16115.288681030273	-24985.35019648075	-2531.885896027088	-37119.95635139942	-22679.91624325514	-1822.295777618885	-1960.6748158931732	-1262.6629419922829	-28333.624459922314	-11239.217018127441	-73557.44760417938	-87630.95755535364	-22287.70377212763	-81984.62338322401
-84778.51878857613	-21963.250638008118	-89956.31053507328	-72325.93548214436	-83026.43245762587	-79981.0205103755	-76064.54415267706	-64768.36433547735	-21270.4094363451	-20949.033741414547	-25075.267226934433	-2647.0754261016846	-2627.8644763231277	-25060.82389086485	-4294.7842671871185	-16066.567436218262	-24844.592831134796	-2584.058876991272	-38820.0941966176	-22573.861229896545	-4029.364434480667	-2203.6345269083977	-2712.796475172043	-27015.00024652481	-11245.627311706543	-73233.04913461208	-87345.8286947012	-22231.745985865593	-81775.87860399485
-84782.30761730671	-21962.209243774414	-89942.50599169731	-72315.2011705637	-82991.3307133317	-79978.59487301111	-76047.95750665665	-64756.70812511444	-21268.11145889759	-20902.177189290524	-25070.15671133995	-2710.515579223633	-2692.139424443245	-25059.096180140972	-4298.567806005478	-16062.08080291748	-24842.375490665436	-2654.759464621544	-38819.536458551884	-22567.476761817932	-4022.8369381427765	-2198.755407035351	-2703.3218047618866	-26944.92003518343	-11282.575950622559	-73221.29132539034	-87338.24277406931	-22238.57232427597	-81761.65984803438
-85025.26435053349	-22056.267025709152	-90333.34016394615	-72414.93554586172	-83229.19881999493	-80170.10624450445	-76201.04352229834	-64845.62819302082	-21344.65821170807	-21175.401455640793	-24390.231872320175	-2576.0834125876427	-2539.794679105282	-25161.075799763203	-1737.3322719335556	-16098.526809692383	-24955.750341057777	-2502.442828476429	-37065.132815003395	-22652.065245330334	-1846.353608429432	-1984.73264670372	-1286.7207728028297	-28355.698648154736	-11226.971473693848	-73460.70547181368	-87526.70756572485	-22250.89053720236	-81883.20934271812
-85029.05317926407	-22055.22563147545	-90319.53562057018	-72404.20123428106	-83194.09707570076	-80167.68060714006	-76184.45687627792	-64833.97198265791	-21342.36023426056	-21128.54490351677	-24385.121356725693	-2639.523565709591	-2604.069627225399	-25159.348089039326	-1741.115810751915	-16094.040176391602	-24953.533000588417	-2573.143416106701	-37064.575076937675	-22645.68077725172	-1839.8261120915413	-1979.8535268306732	-1277.2461023926735	-28285.618436813354	-11263.920112609863	-73448.94766259193	-87519.12164509296	-22257.716875612736	-81868.99058675766
-84359.65807050467	-21940.1602101326	-89553.69769912958	-71864.70358234644	-82605.17050147057	-79544.31580346823	-75708.27626484632	-64527.96651673317	-21262.346347928047	-20836.80332648754	-24093.61994624138	-2870.5958474874496	-2825.265284359455	-25044.10627925396	-1598.3544086813927	-16000.557884216309	-24891.29758322239	-2847.2535358071327	-36873.37536454201	-22566.390231490135	-2200.8230671286583	-2396.27680516243	-2333.346113681793	-29964.709616720676	-11200.363830566406	-72898.56646722555	-86901.94808852673	-22101.237754881382	-81231.98807227612
-84240.23734754324	-21798.54819703102	-89329.28930777311	-71837.78142154217	-82471.72195345163	-79467.76217091084	-75552.1769259572	-64321.63123655319	-21129.656284689903	-20761.642804205418	-24913.8247076869	-2889.1139256358147	-2889.7904009222984	-24907.152665555477	-4436.003972291946	-15965.907127380371	-24657.66610056162	-2837.216537833214	-38567.333289921284	-22408.5455403924	-4127.242089509964	-1979.8215271830559	-2810.6741302013397	-27114.861544132233	-11176.433555603027	-72726.50838124752	-86751.3138666153	-22099.66858124733	-81238.43032318354
-84413.28565478325	-21875.911634743214	-89447.76759028435	-71894.65542578697	-82506.63117319345	-79552.70553129911	-75669.81034398079	-64408.66623812914	-21159.63601922989	-20765.79466742277	-24983.792027950287	-646.0676625370979	-642.7173296809196	-24995.55193656683	-4430.210328876972	-15993.816131591797	-24901.21377182007	-827.1278235912323	-36888.33537685871	-22539.915512681007	-4363.596011638641	-2620.7920055389404	-3058.4292364120483	-29144.797814428806	-11211.371574401855	-72815.85259318352	-86995.56232124567	-22115.548894047737	-81335.12236958742
-84486.9829095006	-21891.564584732056	-89706.31893664598	-71926.78148525953	-82674.4883158207	-79656.84790503979	-75688.67629557848	-64398.89509409666	-21203.90506005287	-20988.010518431664	-24228.789353072643	-2818.1219121217728	-2801.7206037044525	-25007.40457445383	-1878.5519770383835	-15997.866500854492	-24768.8236104846	-2755.600489318371	-36812.371908307076	-22486.749555826187	-1944.2312634587288	-1760.9196469783783	-1384.5984278321266	-28455.559945762157	-11157.777717590332	-72954.16471844912	-86932.19273763895	-22118.813132584095	-81345.76106190681
-84302.24689739943	-21849.461543381214	-89343.0879560709	-71804.64777725935	-82416.91261863708	-79458.00370895863	-75573.8113322258	-64323.57263606787	-21132.565977573395	-20785.860646426678	-24955.703969478607	-617.189030945301	-613.6447932124138	-24966.397159039974	-4456.326816380024	-15977.054260253906	-24871.613916397095	-797.6847560405731	-36833.511840462685	-22512.064514756203	-4387.653842449188	-2644.8498363494873	-3082.487067222595	-29166.872002661228	-11199.126029968262	-72719.11046081781	-86891.31233161688	-22078.735659122467	-81233.70832908154
-83972.30956280231	-21790.32577896118	-89089.08442550898	-71609.02936047316	-82231.80903953314	-79243.19458079338	-75319.28313320875	-64151.41864722967	-21080.873416662216	-20723.456588089466	-24855.287077486515	-2987.8779985308647	-2975.1913908720016	-24832.039542376995	-4017.3290625810623	-15914.512474060059	-24617.86206448078	-2893.1548092365265	-38433.91934347153	-22363.356846809387	-4153.26172375679	-2330.4700486063957	-2353.2986307144165	-27137.013746738434	-11135.509391784668	-72523.78176230192	-86463.98526120186	-22043.26131749153	-80994.11447632313
-84219.05512475967	-21883.342166662216	-89466.11405438185	-71698.02942419052	-82434.5754019022	-79432.28031492233	-75455.78250283003	-64228.68250477314	-21155.122192025185	-20949.824302315712	-24170.251722872257	-2916.885985016823	-2887.1215936541557	-24932.29145127535	-1459.8770673274994	-15946.47184753418	-24729.019574403763	-2811.5387607216835	-36678.95796185732	-22441.560862243176	-1970.250897705555	-2111.568168401718	-927.2229283452034	-28477.71214836836	-11116.853553771973	-72751.43809950352	-86644.86413222551	-22062.405868828297	-81101.4452150464
-83656.35225307941	-21726.143902480602	-88774.96307373047	-71303.02184921503	-81919.74688524008	-78840.40013891459	-75107.62518197298	-63992.68360811472	-21064.838705658913	-20630.944562137127	-24739.14212936163	-3078.8907358646393	-3014.0245582461357	-24775.20935612917	-2300.185592710972	-15874.35553741455	-24655.71634107828	-3103.2512704730034	-36606.84746515751	-22346.58772021532	-2350.618484914303	-2532.119557619095	-2969.906538248062	-29149.714210808277	-11125.108032226562	-72273.13024491072	-86213.06260085106	-21938.525876879692	-80541.62585252523
-83515.74930733442	-21669.32585901022	-88687.37942898273	-71136.34769105911	-81749.15178567171	-78728.36465036869	-74855.13141995668	-63693.39959615469	-20957.61454975605	-20743.965537965298	-24815.773905992508	-3125.1808733940125	-3075.8808675408363	-24663.39452815056	-2161.7082513570786	-15820.269500732422	-24493.438332259655	-3067.536495387554	-36412.43006247282	-22221.75835096836	-2120.0463154911995	-2247.410920858383	-1563.7833529114723	-27662.71674245596	-11041.597755432129	-72126.00187718868	-85955.97864454985	-21899.693990826607	-80411.08299529552
-83308.68423813581	-22116.39386075735	-88212.26881986856	-70841.2532774806	-81346.70312941074	-78409.83830678463	-74479.73395866156	-63464.61355113983	-20885.261706769466	-20635.78380447626	-23754.580305814743	-3291.0893083810806	-3166.651921391487	-24515.086451232433	-4474.58242470026	-15762.313064575195	-24820.256032049656	-2919.0468112826347	-36620.81220346689	-22743.069224357605	-4584.273977220058	-2828.768324315548	-3227.146727025509	-30183.187720119953	-11030.660179138184	-71702.62893992662	-85575.44600117207	-21712.37008357048	-80078.63693207502
-83197.64548075199	-22089.94376939535	-88107.58918565512	-70751.24562895298	-81256.98457485437	-78315.13648444414	-74383.73494690657	-63379.51994907856	-20858.191665112972	-20655.849783480167	-23726.492247343063	-3262.2106767892838	-3137.5793849229813	-24485.931673705578	-4500.698912203312	-15745.551193237305	-24790.656176626682	-2889.6037437319756	-36565.988667070866	-22715.2182264328	-4608.331808030605	-2852.826155126095	-3251.2045578360558	-30205.261908352375	-11018.41463470459	-71605.88680756092	-85471.19601154327	-21675.55684864521	-79977.22289156914
-83201.43430948257	-22088.902375161648	-88093.78464227915	-70740.51131737232	-81221.88283056021	-78312.71084707975	-74367.14830088615	-63367.86373871565	-20855.893687665462	-20608.993231356144	-23721.38173174858	-3325.650829911232	-3201.8543330430984	-24484.2039629817	-4504.482451021671	-15741.064559936523	-24788.438836157322	-2960.3043313622475	-36565.430929005146	-22708.833758354187	-4601.804311692715	-2847.947035253048	-3241.7298874258995	-30135.181697010994	-11055.363273620605	-71594.12899833918	-85463.61009091139	-21682.383187055588	-79963.00413560867
-82840.69298940897	-21447.250768125057	-87847.4720916748	-70653.74268811941	-81005.52430063486	-78136.9650875926	-74315.41011160612	-63301.09083914757	-20787.49357545376	-20416.0455429554	-23692.59767127037	-1184.603342294693	-1169.249681532383	-24640.81413578987	-4842.800885140896	-15705.887901306152	-24443.201784729958	-1247.1346063017845	-37995.86642533541	-22171.711976766586	-4583.131232738495	-2783.697771012783	-3276.0351362228394	-28459.56011915207	-11037.504447937012	-71584.3497672677	-85445.33320218325	-21720.67764043808	-79944.70672744513
-82729.65423202515	-21420.800676763058	-87742.79245746136	-70563.73503959179	-80915.80574607849	-78042.26326525211	-74219.41109985113	-63215.997237086296	-20760.423533797264	-20436.111521959305	-23664.50961279869	-1155.7247107028961	-1140.177145063877	-24611.659358263016	-4868.917372643948	-15689.126029968262	-24413.601929306984	-1217.6915387511253	-37941.04288893938	-22143.86097884178	-4607.189063549042	-2807.75560182333	-3300.0929670333862	-28481.63430738449	-11025.258903503418	-71487.607634902	-85341.08321255445	-21683.86440551281	-79843.29268693924
-82083.75958770514	-21297.483035862446	-87174.66757512093	-70062.10911154747	-80418.64001268148	-77424.65969520807	-73753.22494959831	-62885.10820913315	-20692.696261882782	-20281.195437669754	-23447.947772681713	-3617.4264156222343	-3540.556910097599	-24420.47155535221	-2712.7761489748955	-15586.427307128906	-24197.70435398817	-3523.2580531835556	-37714.378513634205	-21978.3841843009	-2570.1537060141563	-2695.0253230929375	-3187.512438058853	-28464.47651553154	-10951.240905761719	-71041.6274189949	-84662.83348178864	-21543.654623270035	-79151.21021038294
-82659.3640397191	-21925.241328418255	-87480.56795835495	-70263.09156835079	-80702.27407068014	-77801.87814497948	-73871.36772018671	-62932.7868501544	-20717.438513457775	-20468.458846271038	-23565.04972809553	-3504.249176323414	-3399.505309522152	-24332.260448396206	-4641.91861730814	-15644.890884399414	-24603.729446053505	-3142.7614045739174	-36313.227760374546	-22549.902536928654	-4706.209463059902	-2629.013155400753	-3349.0822128653526	-30305.123205959797	-10949.220878601074	-71099.34605419636	-84876.68118345737	-21543.479444026947	-79439.77461075783
-82391.43625497818	-21917.018910348415	-87240.36307609081	-70034.33950728178	-80462.36115676165	-77577.31055486202	-73638.47392743826	-62762.57426083088	-20668.655645430088	-20430.272630155087	-23506.512097895145	-3603.013249218464	-3484.906299471855	-24257.147325217724	-4223.243707597256	-15593.496231079102	-24563.925409972668	-3198.69967597723	-36179.81381392479	-22504.713843345642	-4732.229097306728	-2979.661676824093	-2891.7067133784294	-30327.275408565998	-10908.296714782715	-70896.61943525076	-84589.35257804394	-21487.07218027115	-79195.45876389742
-81607.48769652843	-21183.693941235542	-86561.44499611855	-69540.82140666246	-79809.1201736927	-76901.6428937912	-73262.49212914705	-62440.31650972366	-20554.852803111076	-20118.022342681885	-23328.384515225887	-1587.5400204658508	-1526.337226986885	-24326.044823527336	-2874.318698167801	-15496.91413116455	-24224.72543925047	-1736.8839322328568	-35727.796157479286	-21916.587469160557	-2928.4431139826775	-3136.240632534027	-3557.2030301094055	-30616.348271667957	-10904.739624023438	-70527.68874520063	-84208.31711870432	-21390.64429652691	-78609.03993546963
-81943.15664196014	-21240.664992392063	-87087.08393037319	-69895.43495339155	-80248.04491311312	-77312.62420666218	-73500.73118758202	-62585.82419717312	-20585.47210597992	-20394.216413497925	-23524.57954931259	-3663.7165531516075	-3602.4132193922997	-24308.6567273736	-2574.298807621002	-15532.341270446777	-24035.426345169544	-3487.5432780981064	-37519.961110949516	-21853.55481505394	-2339.581536591053	-2410.316686332226	-1781.3892527222633	-26977.479047179222	-10867.730628967285	-70894.49905127287	-84405.74952548742	-21504.82273721695	-79020.66735315323
-81496.44893914461	-21157.243849873543	-86456.7653619051	-69450.81375813484	-79719.40161913633	-76806.94107145071	-73166.49311739206	-62355.22290766239	-20527.782761454582	-20138.08832168579	-23300.296456754208	-1558.661388874054	-1497.2646905183792	-24296.89004600048	-2900.4351856708527	-15480.15225982666	-24195.125583827496	-1707.4408646821976	-35672.97262108326	-21888.736471235752	-2952.5009447932243	-3160.298463344574	-3581.2608609199524	-30638.42245990038	-10892.494079589844	-70430.94661283493	-84104.06712907553	-21353.83106160164	-78507.62589496374
-82281.02849191427	-21892.716788947582	-87121.42623531818	-69822.1456361413	-80276.82472610474	-77356.55469858646	-73509.14545625448	-62545.47681248188	-21279.357335090637	-20870.771215319633	-23338.504779934883	-3534.966988801956	-3513.9626230597496	-24524.227517187595	-4972.904615998268	-15523.5751953125	-24355.836479365826	-3505.435490310192	-35738.41492640972	-21861.52563840151	-4249.0065497756	-1829.5251124501228	-2892.9545037150383	-25882.16173118353	-10875.425102233887	-70759.01159369946	-84563.96104246378	-21893.907268047333	-79155.61219549179
-82169.98973453045	-21866.266697585583	-87016.74660110474	-69732.13798761368	-80187.10617154837	-77261.85287624598	-73413.14644449949	-62460.38321042061	-21252.287293434143	-20890.83719432354	-23310.416721463203	-3506.0883572101593	-3484.8900865912437	-24495.07273966074	-4999.02110350132	-15506.81332397461	-24326.236623942852	-3475.992422759533	-35683.591390013695	-21833.674640476704	-4273.064380586147	-1853.5829432606697	-2917.012334525585	-25904.23591941595	-10863.179557800293	-70662.26946133375	-84459.71105283499	-21857.094033122063	-79054.1981549859
-82173.77856326103	-21865.22530335188	-87002.94205772877	-69721.40367603302	-80152.0044272542	-77259.42723888159	-73396.55979847908	-62448.7270000577	-21249.989315986633	-20843.980642199516	-23305.30620586872	-3569.5285103321075	-3549.165034711361	-24493.345028936863	-5002.804642319679	-15502.326690673828	-24324.01928347349	-3546.693010389805	-35683.033651947975	-21827.29017239809	-4266.536884248257	-1848.7038233876228	-2907.537664115429	-25834.15570807457	-10900.128196716309	-70650.511652112	-84452.1251322031	-21863.92037153244	-79039.97939902544
-81688.13043755293	-21703.00260269642	-86461.6284506917	-69472.65777415037	-79776.93754053116	-76873.39489030838	-73037.82284456491	-62227.29135221243	-20471.148003160954	-20224.413865804672	-24152.034281015396	-3811.3081375956535	-3673.6655733585358	-23988.250402092934	-4925.074891626835	-15467.293884277344	-24328.34416782856	-3454.6974106431007	-35913.28591454029	-22284.911332070827	-4882.024515092373	-3115.504429280758	-3528.2671379446983	-29512.2800026536	-10833.040916442871	-70271.18321293592	-83900.46709036827	-21324.36030226946	-78505.09654414654
-81220.13918882608	-21033.859510064125	-86096.83172249794	-69285.14718478918	-79435.75871175528	-76600.52167111635	-72873.49899750948	-62063.768640220165	-20373.379871845245	-20004.67560428381	-24090.051646471024	-1704.822171509266	-1676.2633334994316	-24113.97808665037	-5293.293352067471	-15410.8687210083	-23951.28992050886	-1782.7852056622505	-37288.340136408806	-21713.55408447981	-4880.881770610809	-3070.433875977993	-3577.155547142029	-27788.652401685715	-10839.8851852417	-70152.904040277	-83770.35429137945	-21332.66785913706	-78371.16633951664
-81466.88475078344	-21126.87589776516	-86473.86135137081	-69374.14724850655	-79638.52507412434	-76789.6074052453	-73009.99836713076	-62141.032497763634	-20447.628647208214	-20231.043318510056	-23405.016291856766	-1633.830157995224	-1588.1935362815857	-24214.229995548725	-2735.8413568139076	-15442.828094482422	-24062.447430431843	-1701.1691571474075	-35533.3787547946	-21791.758099913597	-2697.870944559574	-2851.5319957733154	-2151.0798447728157	-29129.35080331564	-10821.229347229004	-70380.5603774786	-83951.2331624031	-21351.812410473824	-78478.49707823992
-81109.10043144226	-21007.409418702126	-85992.15208828449	-69195.13953626156	-79346.0401571989	-76505.81984877586	-72777.49998575449	-61978.67503815889	-20346.30983018875	-20024.741583287716	-24061.963587999344	-1675.943539917469	-1647.1907970309258	-24084.823309123516	-5319.409839570522	-15394.10684967041	-23921.690065085888	-1753.3421381115913	-37233.51660001278	-21685.703086555004	-4904.939601421356	-3094.49170678854	-3601.2133779525757	-27810.726589918137	-10827.639640808105	-70056.1619079113	-83666.10430175066	-21295.854624211788	-78269.75229901075
-81355.84599339962	-21100.42580640316	-86369.18171715736	-69284.13959997892	-79548.80651956797	-76694.90558290482	-72913.99935537577	-62055.93889570236	-20420.55860555172	-20251.10929751396	-23376.928233385086	-1604.9515264034271	-1559.1209998130798	-24185.07521802187	-2761.9578443169594	-15426.066223144531	-24032.84757500887	-1671.7260895967484	-35478.55521839857	-21763.907101988792	-2721.928775370121	-2875.5898265838623	-2175.1376755833626	-29151.42499154806	-10808.98380279541	-70283.8182451129	-83846.98317277431	-21314.999175548553	-78377.08303773403
-81631.70829349756	-21701.564256608486	-86389.72537380457	-69243.98392701149	-79632.39566737413	-76748.59453678131	-72900.77921777964	-62013.65011149645	-21111.534141778946	-20703.44625711441	-23148.97420221567	-3748.1268567442894	-3746.8160111904144	-24341.401514351368	-5140.240808606148	-15406.153015136719	-24139.309893369675	-3729.1500836014748	-35430.830483317375	-21668.358950972557	-4370.942035615444	-1629.769943535328	-3014.889989554882	-26004.097217023373	-10793.985801696777	-70155.72870796919	-83865.19622474909	-21725.0166285038	-78516.7498741746
-80463.20578712225	-20884.091777801514	-85424.02720594406	-68693.51360821724	-78848.8744238019	-75888.21627873182	-72311.31383550167	-61647.786010205746	-20278.58255827427	-19869.825498998165	-23845.401747882366	-4137.645244836807	-4047.5705620646477	-23893.63550621271	-3163.26861590147	-15291.408126831055	-23705.792489767075	-4058.9086525440216	-37006.8522247076	-21520.226292014122	-2867.904243886471	-2981.7614280581474	-3488.6328489780426	-27793.568798065186	-10753.621643066406	-69610.1816920042	-82987.85457098484	-21155.644841969013	-77577.66982245445
-80579.20095598698	-20957.868899464607	-85484.85961812735	-68643.89998793602	-78835.05964648724	-75974.4133195281	-72325.23308616877	-61653.18361735344	-20311.176700115204	-19932.577147364616	-23052.22824883461	-1870.5853297114372	-1815.5190685987473	-24038.95091998577	-2649.096468567848	-15311.335426330566	-23938.794961750507	-1987.093729376793	-35231.97423154116	-21650.38109022379	-3100.4560648798943	-3311.191815853119	-3245.820847272873	-30782.510148346424	-10770.130615234375	-69624.93710815907	-83117.9737059474	-21128.533158302307	-77624.44772678614
-81363.78050875664	-21693.341838538647	-86149.52049154043	-69015.23186594248	-79392.48275345564	-76524.02694666386	-72667.88542503119	-61843.43752217293	-21062.75127375126	-20665.26004099846	-23090.436572015285	-3846.8909296393394	-3832.2170011401176	-24266.288391172886	-4721.565898895264	-15354.758361816406	-24099.505857288837	-3785.0883550047874	-35297.41653686762	-21623.170257389545	-4396.96166986227	-1980.4184649586678	-2557.514490067959	-26026.249419629574	-10753.061637878418	-69953.00208902359	-83577.86761933565	-21668.609364748	-78272.43402731419
-80709.95134907961	-20977.10816550255	-85801.05683481693	-68782.5136719346	-79051.64078617096	-76077.30201286077	-72447.81320512295	-61725.049867749214	-20352.831333637238	-20096.19321322441	-23160.36639326811	-4066.6532313227654	-3959.5007648468018	-23993.887415111065	-605.8166206479073	-15323.367500305176	-23816.949999690056	-3977.2926040291786	-35251.890843093395	-21598.43030744791	-684.8934178352356	-2762.85954785347	-2062.5571466088295	-29134.26719969511	-10734.965805053711	-69837.8380292058	-83168.7334420085	-21174.78939330578	-77685.00056117773
-80322.60284137726	-20827.27373433113	-85336.44356119633	-68526.83945006132	-78678.27932423353	-75776.18079018593	-72058.82007348537	-61348.501998245716	-20171.358402371407	-19982.846474826336	-23922.033524513245	-4183.93538236618	-4109.426871359348	-23781.8206782341	-3024.791274547577	-15237.322090148926	-23543.51448094845	-4023.1938774585724	-36812.434822022915	-21395.396922767162	-2637.3320744633675	-2697.0527912974358	-2082.509663641453	-26306.571329712868	-10670.111366271973	-69463.05332428217	-82730.77061468363	-21116.812955915928	-77447.12696522474
-80115.53777217865	-21274.341736078262	-84861.33295208216	-68231.74503648281	-78275.83066797256	-75457.65444660187	-71683.42261219025	-61119.71595323086	-20099.005559384823	-19874.6647413373	-22860.83992433548	-4349.843817353249	-4200.197925209999	-23633.512601315975	-5337.6654478907585	-15179.3656539917	-23870.33218073845	-3874.704193353653	-37020.81696301699	-21916.707796156406	-5101.559736192226	-3278.4101947546005	-3745.8730377554893	-28827.04230737686	-10659.173789978027	-69039.68038702011	-82350.23797130585	-20929.4890486598	-77114.68090200424
-80660.47469133139	-21479.32553088665	-85370.78586614132	-68453.55013281107	-78707.05913722515	-75820.11128211021	-72067.23434215784	-61308.15461355448	-20865.243631482124	-20459.401276648045	-23735.958755135536	-4055.185818016529	-4020.9762750267982	-23997.391468048096	-5423.397082924843	-15228.556015014648	-23863.92461514473	-4041.086089670658	-35030.88863748312	-21403.36774611473	-4546.757087647915	-2116.261217415333	-3194.0749146342278	-25211.254013717175	-10677.805839538574	-69327.56586670876	-82888.98213165998	-21505.89748674631	-77582.0718075633
-79792.70336592197	-20777.733215093613	-84829.15109103918	-67975.59990173578	-78167.29881352186	-75244.77426093817	-71606.55317389965	-61023.01057744026	-20136.22527229786	-19890.682038903236	-22912.29818534851	-4378.577172160149	-4277.75514292717	-23735.948289096355	-354.4779035449028	-15154.550666809082	-23560.619377613068	-4256.945468723774	-34810.89245355129	-21360.074926435947	-832.8485379219055	-2913.7529003620148	-1727.11713296175	-29278.354888141155	-10612.602340698242	-69031.82852452993	-82182.64001888037	-20949.491490006447	-76801.82239300013
-79639.26588100195	-21160.55264145136	-84248.11037307978	-67710.4573315978	-77666.31082898378	-74934.637645185	-71192.68979173899	-60674.92425382137	-19961.162100613117	-19711.49164634943	-22741.276666879654	-2319.957422196865	-2185.978242099285	-23539.0858694911	-5499.207997083664	-15089.852478027344	-23897.353266000748	-2088.330072402954	-35034.23460686207	-21854.911081016064	-5459.8491441607475	-3719.62550419569	-4115.563629806042	-30978.91406351328	-10612.672508239746	-68525.74171322584	-81895.72160822153	-20776.478721916676	-76572.51062709093
-79528.22712361813	-21134.10255008936	-84143.43073886633	-67620.44968307018	-77576.59227442741	-74839.9358228445	-71096.690779984	-60589.8306517601	-19934.092058956623	-19731.557625353336	-22713.188608407974	-2291.078790605068	-2156.9057056307793	-23509.931091964245	-5525.324484586716	-15073.090606689453	-23867.753410577774	-2058.887004852295	-34979.41107046604	-21827.06008309126	-5483.906974971294	-3743.683335006237	-4139.621460616589	-31000.9882517457	-10600.426963806152	-68428.99958086014	-81791.47161859274	-20739.665486991405	-76471.09658658504
-78882.33247929811	-21010.784909188747	-83575.3058565259	-67118.82375502586	-77079.4265410304	-74222.33225280046	-70630.50462973118	-60258.94162380695	-19866.36478704214	-19576.641541063786	-22496.626768290997	-4752.780495524406	-4557.285470664501	-23318.74328905344	-3369.1832609176636	-14970.391883850098	-23651.85583525896	-4364.453519284725	-34752.746695160866	-21661.583288550377	-3446.871617436409	-3630.9530562758446	-4027.0409316420555	-30983.83045989275	-10526.408966064453	-67983.01936495304	-81113.22188782692	-20599.45570474863	-75779.01411002874
-79087.88202595711	-21050.664664268494	-83770.49036753178	-67212.63739514351	-77205.95226466656	-74404.3708384037	-70712.83410978317	-60200.57921457291	-20493.101187705994	-20109.65215218067	-22444.76439845562	-4593.721497774124	-4547.508626878262	-23642.653667271137	-5835.9876391887665	-14940.627784729004	-23405.91262805462	-4461.09287238121	-36138.419685959816	-21035.16421020031	-4766.292308747768	-2279.1669828891754	-3411.6808144450188	-24526.016318440437	-10503.93871307373	-68096.06304079294	-81338.75301259756	-21111.026233136654	-76191.65616542101
-78494.98397159576	-20860.95047801733	-83110.69258290529	-66863.14953315258	-76706.06507909298	-73921.21103012562	-70241.5114980936	-59882.393754303455	-19684.89185577631	-19463.29480266571	-23258.293899536133	-4870.0626465678215	-4707.211577177048	-23106.676552176476	-5788.157914817333	-14884.346473693848	-23378.420316517353	-4410.354792714119	-36313.290674090385	-21458.54990386963	-5399.310274064541	-3565.1462997198105	-4046.993448674679	-28156.134589910507	-10461.554527282715	-67608.23466002941	-80675.25906050205	-20541.47926735878	-75541.14051407576
-78741.72953355312	-20953.966865718365	-83487.72221177816	-66952.14959686995	-76908.83144146204	-74110.29676425457	-70378.01086771488	-59959.657611846924	-19759.14063113928	-19689.662516891956	-22573.258544921875	-4799.07063305378	-4619.141779959202	-23206.92846107483	-3230.7059195637703	-14916.305847167969	-23489.577826440334	-4328.738744199276	-34558.32929247618	-21536.753919303417	-3216.2994480133057	-3346.244419515133	-2620.9177463054657	-29496.832991540432	-10442.89868927002	-67835.890997231	-80856.1379315257	-20560.623818695545	-75648.47125279903
-78611.6101347804	-20936.87556964159	-83157.2677885294	-66691.3496902585	-76596.43242567778	-73881.35403698683	-70222.10128933191	-59755.78751516342	-20355.257728934288	-19946.479057192802	-22325.201140999794	-2563.8351026177406	-2533.2889437675476	-23548.226935446262	-5997.530188381672	-14851.114608764648	-23432.933713316917	-2674.7187514305115	-34151.8373298049	-20973.367495059967	-5124.5817167162895	-2720.382292330265	-3781.371406495571	-26677.888074576855	-10457.43743133545	-67582.12436699867	-80884.23664951324	-20958.015906393528	-75649.4858905077
-78500.57137739658	-20910.42547827959	-83052.58815431595	-66601.34204173088	-76506.7138711214	-73786.65221464634	-70126.10227757692	-59670.69391310215	-20328.187687277794	-19966.54503619671	-22297.113082528114	-2534.9564710259438	-2504.2164072990417	-23519.072157919407	-6023.646675884724	-14834.352737426758	-23403.333857893944	-2645.2756838798523	-34097.01379340887	-20945.516497135162	-5148.639547526836	-2744.440123140812	-3805.429237306118	-26699.962262809277	-10445.191886901855	-67485.38223463297	-80779.98665988445	-20921.202671468258	-75548.07185000181
-77854.67673307657	-20787.10783737898	-82484.46327197552	-66099.71611368656	-76009.5481377244	-73169.0486446023	-69659.9161273241	-59339.804885149	-20260.46041536331	-19811.628951907158	-22080.551242411137	-4996.658175945282	-4904.596172332764	-23327.884355008602	-3867.5054522156715	-14731.654014587402	-23187.43628257513	-4950.842198312283	-33870.349418103695	-20780.03970259428	-3111.604189991951	-2631.7098444104195	-3692.848708331585	-26682.804470956326	-10371.173889160156	-67039.40201872587	-80101.73692911863	-20780.992889225483	-74855.98937344551
-77467.32822537422	-20637.27340620756	-82019.84999835491	-65844.04189181328	-75636.18667578697	-72867.92742192745	-69270.92299568653	-58963.257015645504	-20078.98748409748	-19698.282213509083	-22842.218373656273	-5113.940326988697	-5054.52227884531	-23115.817618131638	-6286.480106115341	-14645.608604431152	-22914.000763833523	-4996.743471741676	-35430.893397033215	-20577.006317913532	-5064.042846620083	-2565.9030878543854	-3712.801225364208	-23855.108600974083	-10306.319450378418	-66664.61731380224	-79663.77410179377	-20723.016451835632	-74618.11577749252
-77714.07378733158	-20730.289793908596	-82396.87962722778	-65933.04195553064	-75838.95303815603	-73057.0131560564	-69407.42236530781	-59040.52087318897	-20153.23625946045	-19924.64992773533	-22157.183019042015	-5042.948313474655	-4966.452481627464	-23216.06952702999	-3729.0281108617783	-14677.567977905273	-23025.158273756504	-4915.127423226833	-33675.932015419006	-20655.21033334732	-2881.0320205688477	-2347.001207649708	-2286.725522994995	-25195.807002604008	-10287.663612365723	-66892.27365100384	-79844.65297281742	-20742.161003172398	-74725.4465162158
-77360.07829672098	-20609.78192061186	-81901.3658207655	-65743.299931705	-75511.36637693644	-72770.79996222258	-69158.33733791113	-58866.50720322132	-20049.619464993477	-19671.491640388966	-22809.01979959011	-5148.501848518848	-5089.7246904969215	-23084.935129880905	-6316.380132436752	-14624.36009979248	-22882.18356794119	-5038.000991821289	-35375.51212257147	-20542.770851910114	-5081.573181092739	-2585.0817987918854	-3727.384385764599	-23807.102577865124	-10331.02254486084	-66556.1173722148	-79551.93819153309	-20693.02955532074	-74502.48298102617
-76012.24625140429	-19795.44190442562	-80760.31301003695	-64754.79630732536	-74397.18795853853	-71674.87177699804	-68223.50999522209	-58148.22767806053	-19185.055624485016	-18986.45585978031	-21870.906487941742	-3378.566654384136	-3268.008927166462	-22730.792929828167	-1405.2199634313583	-14465.32820892334	-22608.116756141186	-3396.785662293434	-33169.49132055044	-20444.0657851696	-1732.4815356731415	-3828.667911052704	-2639.5918665528297	-30096.155419766903	-10182.369125366211	-65758.19916546345	-78398.66563630104	-19976.786893427372	-73194.28204751015
-75101.87536478043	-20028.493598520756	-79506.46777552366	-63898.020160615444	-73309.31568604708	-70652.42976886034	-67247.46145105362	-57384.15872442722	-18915.195139229298	-18672.41536194086	-21455.235070884228	-3752.769977748394	-3547.5392549037933	-22313.58792978525	-4419.925320804119	-14281.169425964355	-22699.35321378708	-3504.2937128543854	-33111.345562160015	-20745.57414728403	-4346.504615187645	-4545.868066966534	-4939.515665233135	-31801.630991518497	-10096.175750732422	-64709.390005886555	-77329.2475052476	-19626.751108169556	-72171.47376453876
-75886.45491755009	-20763.966537594795	-80171.12864893675	-64269.3520386219	-73866.73879301548	-71202.0433959961	-67590.11378991604	-57574.41262924671	-19666.769712865353	-19405.098255574703	-21493.443394064903	-5729.075577676296	-5564.237187445164	-22540.925400972366	-6492.394751131535	-14324.592361450195	-22860.06410932541	-5302.28833848238	-33176.78786748648	-20718.363314449787	-5643.010220170021	-3215.0947160720825	-4251.209308028221	-27045.370262801647	-10079.106773376465	-65037.45498675108	-77789.14141863585	-20166.82731461525	-72819.46006506681
-76912.45553928614	-19769.20217078924	-81790.25746202469	-65324.80269342661	-75141.14959990978	-72462.42477071285	-68880.46630066633	-58278.618868649006	-19191.360475838184	-18767.030775129795	-21792.489985764027	-5196.700087785721	-5197.927093446255	-22630.418848514557	-6196.720108151436	-14445.935684204102	-22069.872753620148	-5130.182909607887	-33014.69409900904	-20010.488227427006	-5215.186566591263	-3072.5911767482758	-3904.54029917717	-21933.532703638077	-10036.262336730957	-66263.8831551671	-79220.8995488286	-19945.495635569096	-73989.37645024061
-76801.41678190231	-19742.752079427242	-81685.57782781124	-65234.79504489899	-75051.43104535341	-72367.72294837236	-68784.46728891134	-58193.525266587734	-19164.29043418169	-18787.0967541337	-21764.401927292347	-5167.821456193924	-5168.854556977749	-22601.2640709877	-6222.836595654488	-14429.173812866211	-22040.272898197174	-5100.739842057228	-32959.87056261301	-19982.6372295022	-5239.24439740181	-3096.6490075588226	-3928.5981299877167	-21955.6068918705	-10024.016792297363	-66167.1410228014	-79116.64955919981	-19908.682400643826	-73887.96240973473
-76805.2056106329	-19741.71068519354	-81671.77328443527	-65224.06073331833	-75016.32930105925	-72365.29731100798	-68767.88064289093	-58181.86905622482	-19161.99245673418	-18740.240202009678	-21759.291411697865	-5231.261609315872	-5233.129505097866	-22599.536360263824	-6226.620134472847	-14424.68717956543	-22038.055557727814	-5171.4404296875	-32959.31282454729	-19976.252761423588	-5232.716901063919	-3091.7698876857758	-3919.1234595775604	-21885.526680529118	-10060.965431213379	-66155.38321357965	-79109.06363856792	-19915.508739054203	-73873.74365377426
-76263.13534086943	-19578.049638450146	-81058.55660051107	-64746.6409842968	-74496.72054117918	-71854.4646089077	-68272.10006219149	-57746.792167663574	-19023.537282526493	-18599.705816924572	-21602.959408044815	-5409.859955728054	-5430.78048157692	-22447.59284567833	-6364.0563007593155	-14328.51350402832	-21853.346167623997	-5353.89750289917	-32707.10965591669	-19817.321539998055	-5337.122052431107	-2872.836007833481	-4026.4757850170135	-22055.46818947792	-9954.823036193848	-65660.60026943684	-78522.13473111391	-19776.604996025562	-73350.51412892342
-74184.62738162279	-19829.11864811182	-78534.56203174591	-63091.10639041662	-72424.97371339798	-69819.90201693773	-66406.20141983032	-56682.11943411827	-18698.58907788992	-18466.904187619686	-21207.16686296463	-4064.6939185857773	-3865.7936329841614	-22055.648803770542	-4168.586603701115	-14112.352592468262	-22443.02259171009	-3783.9465775489807	-32670.347172617912	-20507.218766272068	-4494.459735274315	-4696.761419475079	-4604.075651586056	-31945.718679964542	-9973.812286376953	-63903.38050121069	-76343.15408211946	-19401.453204870224	-71288.29559636116
-75995.2075561285	-19569.827220380306	-80818.35171824694	-64517.88892322779	-74256.80762726068	-71629.89701879025	-68039.20626944304	-57576.57957834005	-18974.754414498806	-18561.51960080862	-21544.42177784443	-5508.624028623104	-5516.181471526623	-22372.479722499847	-5945.381391048431	-14277.118850708008	-21813.54213154316	-5409.835774302483	-32573.695709466934	-19772.132846415043	-5363.141686677933	-3223.4845292568207	-3569.1002855300903	-22077.62039208412	-9913.898872375488	-65457.87365049124	-78234.80612570047	-19720.197732269764	-73106.19828206301
-75291.90173870325	-19355.81091272831	-80039.61709284782	-63956.20719009638	-73571.3840110302	-70925.9813542366	-67438.55518656969	-57041.2966697216	-18777.24677222967	-18355.660836458206	-22189.94396096468	-5716.918917000294	-5704.940745413303	-22103.582799375057	-6647.212575078011	-14150.91650390625	-21577.96088939905	-5665.833508968353	-32307.167810082436	-19552.33033514023	-5512.937104463577	-3359.3272817134857	-4205.660710096359	-21262.624986171722	-9838.643074035645	-64832.4374281764	-77545.9206380248	-19557.485854268074	-72415.83606231213
-73719.30907332897	-18927.150046110153	-78439.32159423828	-62715.29445242882	-72070.2771384716	-69510.24091053009	-66084.15495419502	-55933.72127074003	-18405.10432845354	-18005.911711990833	-20898.749604284763	-6255.454596757889	-6231.473097264767	-21748.8449985981	-7059.803131341934	-13862.988273620605	-21119.94890230894	-6085.8402916789055	-33414.69885855913	-19184.126799225807	-5732.472325563431	-3522.2330471873283	-4423.26660990715	-20577.387290894985	-9664.7759475708	-63600.93460226059	-75995.69151896238	-19162.614600658417	-71025.42042016983
-73243.03718215227	-18813.36095148325	-77826.0990152359	-62194.00674754381	-71460.75729948282	-68987.22410911322	-65593.42213374376	-55488.92957133055	-18267.260869681835	-17842.738617002964	-20779.186346828938	-4225.568201601505	-4217.253414154053	-21654.418266773224	-7221.34568053484	-13773.47509765625	-21146.96998757124	-4299.466170728207	-31428.116502404213	-19122.330084085464	-6090.761733531952	-3963.448356628418	-4792.957201957703	-22729.259047031403	-9618.27466583252	-63086.99592846632	-75541.17515587807	-19009.60427391529	-70483.25014525652
-73131.99842476845	-18786.91086012125	-77721.41938102245	-62103.99909901619	-71371.03874492645	-68892.52228677273	-65497.42312198877	-55403.835969269276	-18240.19082802534	-17862.80459600687	-20751.098288357258	-4196.689570009708	-4188.180877685547	-21625.26348924637	-7247.462168037891	-13756.71322631836	-21117.370132148266	-4270.0231031775475	-31373.292966008186	-19094.47908616066	-6114.819564342499	-3987.506187438965	-4817.0150327682495	-22751.333235263824	-9606.029121398926	-62990.25379610062	-75436.92516624928	-18972.79103899002	-70381.83610475063
-72486.10378044844	-18663.59321922064	-77153.29449868202	-61602.37317097187	-70873.87301152945	-68274.91871672869	-65031.236971735954	-55072.94694131613	-18172.46355611086	-17707.88851171732	-20534.53644824028	-6658.391274929047	-6588.560642719269	-21434.075686335564	-5091.320944368839	-13654.014503479004	-20901.472556829453	-6575.589617609978	-31146.62859070301	-18929.002291619778	-4077.7842068076134	-3874.7759087085724	-4704.434503793716	-22734.175443410873	-9532.011123657227	-62544.27358019352	-74758.67543548346	-18832.581256747246	-69689.75362819433
-72098.75527274609	-18513.75878804922	-76688.68122506142	-61346.69894909859	-70500.51154959202	-67973.79749405384	-64642.24384009838	-54696.39907181263	-17990.990624845028	-17594.541773319244	-21296.203579485416	-6775.673425972462	-6738.486749231815	-21222.0089494586	-7510.295598268509	-13567.969093322754	-20628.037038087845	-6621.4908910393715	-32707.17256963253	-18725.96890693903	-6030.222863435745	-3808.9691521525383	-4724.38702082634	-19906.47957342863	-9467.156684875488	-62169.48887526989	-74320.71260815859	-18774.604819357395	-69451.88003224134
-72345.50083470345	-18606.775175750256	-77065.71085393429	-61435.69901281595	-70703.27791196108	-68162.88322818279	-64778.74320971966	-54773.6629293561	-18065.239400207996	-17820.90948754549	-20611.16822487116	-6704.68141245842	-6650.416952013969	-21322.260858356953	-4952.843603014946	-13599.928466796875	-20739.194548010826	-6539.8748425245285	-30952.211188018322	-18804.172922372818	-3847.21203738451	-3590.0672719478607	-3298.3113184571266	-21247.177975058556	-9448.500846862793	-62397.145212471485	-74501.59147918224	-18793.74937069416	-69559.21077096462
-71991.50534409285	-18486.267302453518	-76570.197047472	-61245.95698899031	-70375.69125074148	-67876.67003434896	-64529.65818232298	-54599.64925938845	-17961.622605741024	-17567.751200199127	-21263.005005419254	-6810.234947502613	-6773.689160883427	-21191.126461207867	-7540.19562458992	-13546.720588684082	-20596.21984219551	-6662.748411118984	-32651.791295170784	-18691.73344093561	-6047.7531979084015	-3828.1478630900383	-4738.97018122673	-19858.47355031967	-9491.85977935791	-62060.98893368244	-74208.87669789791	-18744.617922842503	-69336.247235775
-69617.6726770401	-18666.691653072834	-73810.01542365551	-59202.002709805965	-67987.10202544928	-65520.36047440767	-62304.47832888365	-53177.16349482536	-17572.46800225973	-17520.78290003538	-20025.845102071762	-5572.675243258476	-5318.283491551876	-20747.490813612938	-2924.710098564625	-13266.345375061035	-21112.34438610077	-5193.638510465622	-30607.864261627197	-19300.90346121788	-3126.485206067562	-5214.2375146746635	-3997.8466708660126	-31259.36395138502	-9386.050796508789	-60036.64255851507	-71623.8460124731	-18249.70693999529	-66858.12991708517
-70517.88196492195	-18640.451919436455	-74839.95987564325	-59772.00909590721	-68731.06366682053	-66307.91346812248	-62961.43463432789	-53307.55468541384	-17578.7728536129	-17301.357815384865	-19947.428599894047	-7390.808676660061	-7248.201657831669	-20647.116732299328	-7716.210243284702	-13246.952850341797	-20574.10038357973	-6927.035757780075	-30453.067040085793	-18867.325903475285	-6609.190236985683	-4458.160780370235	-5262.795103490353	-23096.741235256195	-9239.944007873535	-60542.32654821873	-72446.07992500067	-18218.415682137012	-67653.22431981564
-69490.22621870041	-18416.774847626686	-73749.11729109287	-58752.90145456791	-67661.18526351452	-65254.62985992432	-61990.846131920815	-52388.417946755886	-17972.86848193407	-17536.345226228237	-19531.353074014187	-7634.686357080936	-7595.512359499931	-20656.25779825449	-8214.53243458271	-13008.214981079102	-20109.6808308959	-7513.424436807632	-29570.66976302862	-17985.782317519188	-6273.922809541225	-3458.9175685048103	-4928.602880179882	-18795.71524631977	-9084.708930969238	-59598.70920199156	-71434.59496629238	-18399.952866613865	-66730.1995832324
-69379.18746131659	-18390.324756264687	-73644.43765687943	-58662.89380604029	-67571.46670895815	-65159.92803758383	-61894.847120165825	-52303.324344694614	-17945.798440277576	-17556.411205232143	-19503.265015542507	-7605.80772548914	-7566.4398230314255	-20627.103020727634	-8240.648922085762	-12991.453109741211	-20080.080975472927	-7483.981369256973	-29515.846226632595	-17957.931319594383	-6297.980640351772	-3482.975399315357	-4952.660710990429	-18817.789434552193	-9072.463386535645	-59501.967069625854	-71330.34497666359	-18363.139631688595	-66628.78554272652
-69382.97629004717	-18389.283362030983	-73630.63311350346	-58652.15949445963	-67536.36496466398	-65157.50240021944	-61878.26047414541	-52291.6681343317	-17943.500462830067	-17509.55465310812	-19498.154499948025	-7669.247878611088	-7630.714771151543	-20625.375310003757	-8244.432460904121	-12986.96647644043	-20077.863635003567	-7554.681956887245	-29515.288488566875	-17951.54685151577	-6291.453144013882	-3478.0962794423103	-4943.186040580273	-18747.70922321081	-9109.41202545166	-59490.20926040411	-71322.7590560317	-18369.965970098972	-66614.56678676605
-68840.9060202837	-18225.62231528759	-73017.41642957926	-58174.7397454381	-67016.75620478392	-64646.66969811916	-61382.47989344597	-51856.591245770454	-17805.04528862238	-17369.020268023014	-19341.822496294975	-7847.84622502327	-7828.365747630596	-20473.431795418262	-8381.86862719059	-12890.79280090332	-19893.15424489975	-7737.139030098915	-29263.085319936275	-17792.615630090237	-6395.858295381069	-3259.1623995900154	-5050.538366019726	-18917.650732159615	-9003.269630432129	-58995.42631626129	-70735.83014857769	-18231.06222707033	-66091.3372619152
-68572.97823554277	-18217.39989721775	-72777.21154731512	-57945.98768436909	-66776.84329086542	-64422.10210800171	-61149.58610069752	-51686.378656446934	-17756.262420594692	-17330.834051907063	-19283.28486609459	-7946.61029791832	-7913.766737580299	-20398.31867223978	-7963.193717479706	-12839.398147583008	-19853.350208818913	-7793.077301502228	-29129.67137348652	-17747.426936507225	-6421.877929627895	-3609.8109210133553	-4593.162866532803	-18939.802934765816	-8962.34546661377	-58792.69969731569	-70448.50154316425	-18174.654963314533	-65847.0214150548
-67869.67241811752	-18003.383589565754	-71998.47692191601	-57384.30595123768	-66091.41967463493	-63718.18644344807	-60548.93501782417	-51151.09574782848	-17558.754778325558	-17124.97528755665	-19928.80704921484	-8154.905186295509	-8102.52601146698	-20129.42174911499	-8665.024901509285	-12713.19580078125	-19617.768966674805	-8049.075036168098	-28863.14347410202	-17527.62442523241	-6571.67334741354	-3745.6536734700203	-5229.7232910990715	-18124.807528853416	-8887.089668273926	-58167.26347500086	-69759.61605548859	-18011.943085312843	-65156.65919530392
-67762.42248946428	-17975.89210397005	-71879.99274432659	-57283.5639911294	-65966.5993757844	-63621.05898374319	-60436.34936004877	-51054.3459354043	-17529.386759221554	-17098.18471443653	-19895.608475148678	-8189.466707825661	-8137.728423118591	-20098.539260864258	-8694.924927830696	-12691.947296142578	-19585.95177078247	-8090.332556247711	-28807.762199640274	-17493.388959228992	-6589.203681886196	-3764.8323844075203	-5244.306451499462	-18076.801505744457	-8911.792762756348	-58058.76353341341	-69647.78014522791	-17981.95618879795	-65041.02639883757
-66297.07975274324	-17574.722722947598	-70398.18142330647	-56143.39321357012	-64590.31280207634	-62302.445999741554	-59194.534785449505	-50043.52034884691	-17186.612334549427	-16775.226163089275	-18637.612692534924	-8693.440866053104	-8629.058363318443	-19774.68394833803	-9077.615457773209	-12425.267570495605	-19159.756979584694	-8469.08181887865	-29970.674522578716	-17159.42088931799	-6791.208568513393	-3908.559438943863	-5447.3291909098625	-17439.56983357668	-8713.222541809082	-56935.760649085045	-68209.38693642616	-17617.071831703186	-63766.24355316162
-66189.82982409	-17547.231237351894	-70279.69724571705	-56042.65125346184	-64465.4925032258	-62205.31854003668	-59081.9491276741	-49946.77053642273	-17157.244315445423	-16748.435589969158	-18604.41411846876	-8728.002387583256	-8664.260774970055	-19743.8014600873	-9107.51548409462	-12404.019065856934	-19127.93978369236	-8510.339338958263	-29915.29324811697	-17125.18542331457	-6808.73890298605	-3927.738149881363	-5461.912351310253	-17391.56381046772	-8737.925636291504	-56827.2607074976	-68097.55102616549	-17587.084935188293	-63650.61075669527
-65820.80786156654	-17460.933628320694	-69784.95884430408	-55622.10550868511	-63980.79296308756	-61779.42919832468	-58703.801964998245	-49598.72864943743	-17048.76887577772	-16612.053068101406	-18518.049435079098	-6663.554470896721	-6614.838680207729	-19680.257216513157	-9239.158006966114	-12335.75439453125	-19186.778064846992	-6682.707697927952	-27984.092166423798	-17097.624174177647	-7149.4979764819145	-4349.7747483849525	-5817.019782960415	-19591.441589713097	-8666.7212600708	-56421.821975290775	-67754.87057334185	-17464.06150496006	-63224.07327824831
-65709.76910418272	-17434.483536958694	-69680.27921009064	-55532.09786015749	-63891.07440853119	-61684.72737598419	-58607.802953243256	-49513.635047376156	-17021.698834121227	-16632.119047105312	-18489.961376607418	-6634.675839304924	-6585.7661437392235	-19651.1024389863	-9265.274494469166	-12318.99252319336	-19157.17820942402	-6653.264630377293	-27929.26863002777	-17069.773176252842	-7173.555807292461	-4373.832579195499	-5841.077613770962	-19613.51577794552	-8654.475715637207	-56325.07984292507	-67650.62058371305	-17427.24827003479	-63122.659237742424
-65063.87445986271	-17311.165896058083	-69112.1543277502	-55030.47193211317	-63393.90867513418	-61067.12380594015	-58141.61680299044	-49182.74601942301	-16953.971562206745	-16477.20296281576	-18273.39953649044	-9096.377544224262	-8986.145908772945	-19459.914636075497	-7109.133270800114	-12216.293800354004	-18941.280634105206	-8958.831144809723	-27702.604254722595	-16904.29638171196	-5136.520449757576	-4261.102300465107	-5728.497084796429	-19596.357986092567	-8580.457717895508	-55879.099627017975	-66972.37085294724	-17287.038487792015	-62430.57676118612
-64676.52595216036	-17161.331464886665	-68647.5410541296	-54774.79771023989	-63020.547213196754	-60766.002583265305	-57752.62367135286	-48806.19814991951	-16772.498630940914	-16363.856224417686	-19035.066667735577	-9213.659695267677	-9136.072015285492	-19247.847899198532	-9528.107924699783	-12130.248390197754	-18667.845115363598	-9004.732418239117	-29263.148233652115	-16701.262997031212	-7088.959106385708	-4195.295543909073	-5748.449601829052	-16768.662116110325	-8515.60327911377	-55504.314922094345	-66534.40802562237	-17229.062050402164	-62192.703165233135
-64923.27151411772	-17254.3478525877	-69024.57068300247	-54863.79777395725	-63223.313575565815	-60955.08831739426	-57889.12304097414	-48883.46200746298	-16846.747406303883	-16590.223938643932	-18350.03131312132	-9142.667681753635	-9048.002218067646	-19348.099808096886	-6970.65592944622	-12162.207763671875	-18779.00262528658	-8923.116369724274	-27508.186852037907	-16779.467012465	-4905.948280334473	-3976.3936637043953	-4322.373899459839	-18109.36051774025	-8496.947441101074	-55731.97125929594	-66715.28689664602	-17248.20660173893	-62300.03390395641
-64565.487194776535	-17134.881373524666	-68542.86141991615	-54684.790061712265	-62930.828658640385	-60671.300760924816	-57656.624659597874	-48721.10454785824	-16745.42858928442	-16383.922203421593	-19006.978609263897	-9184.78106367588	-9106.999478816986	-19218.693121671677	-9554.224412202835	-12113.486518859863	-18638.245259940624	-8975.289350688457	-29208.32469725609	-16673.411999106407	-7113.016937196255	-4219.35337471962	-5772.507432639599	-16790.736304342747	-8503.357734680176	-55407.57278972864	-66430.15803599358	-17192.248815476894	-62091.28912472725
-64569.27602350712	-17133.839979290962	-68529.05687654018	-54674.05575013161	-62895.72691434622	-60668.87512356043	-57640.03801357746	-48709.44833749533	-16743.13061183691	-16337.06565129757	-19001.868093669415	-9248.221216797829	-9171.274426937103	-19216.9654109478	-9558.007951021194	-12108.999885559082	-18636.027919471264	-9045.98993831873	-29207.76695919037	-16667.027531027794	-7106.489440858364	-4214.474254846573	-5763.032762229443	-16720.656093001366	-8540.306373596191	-55395.8149805069	-66422.57211536169	-17199.075153887272	-62077.070368766785
-64458.237266123295	-17107.389887928963	-68424.37724232674	-54584.048101603985	-62806.00835978985	-60574.17330121994	-57544.03900182247	-48624.354735434055	-16716.060570180416	-16357.131630301476	-18973.780035197735	-9219.342585206032	-9142.201890468597	-19187.810633420944	-9584.124438524246	-12092.238014221191	-18606.42806404829	-9016.54687076807	-29152.943422794342	-16639.17653310299	-7130.547271668911	-4238.53208565712	-5787.0905930399895	-16742.730281233788	-8528.060829162598	-55299.07284814119	-66318.3221257329	-17162.261918962	-61975.6563282609
-64027.20575374365	-16970.17893254757	-67915.84019261599	-54196.63600111008	-62376.11815446615	-60158.04242146015	-57144.25743287802	-48274.37144893408	-16604.675437629223	-16196.531266212463	-18845.536090016365	-9426.81956321001	-9368.925403416157	-19065.021896362305	-9695.444117307663	-12012.826210021973	-18451.318529367447	-9228.4470115304	-28955.56379055977	-16508.09630960226	-7210.894592225552	-3995.540374994278	-5870.385087668896	-16890.59760195017	-8434.16397857666	-54901.03203636408	-65835.64320790768	-17060.17141085863	-61553.84084391594
-63919.95582509041	-16942.687446951866	-67797.35601502657	-54095.8940410018	-62251.297855615616	-60060.914961755276	-57031.671775102615	-48177.621636509895	-16575.30741852522	-16169.740693092346	-18812.337515950203	-9461.381084740162	-9404.127815067768	-19034.139408111572	-9725.344143629074	-11991.5777053833	-18419.501333475113	-9269.704531610012	-28900.182516098022	-16473.860843598843	-7228.424926698208	-4014.719085931778	-5884.968248069286	-16842.59157884121	-8458.867073059082	-54792.53209477663	-65723.807297647	-17030.18451434374	-61438.20804744959
-63759.277969002724	-16961.95651447773	-67675.63531035185	-53967.883940041065	-62136.20524054766	-59933.4748313427	-56911.363640129566	-48104.15885961056	-16555.892569601536	-16158.345050096512	-18786.99845981598	-9525.58363610506	-9454.32639336586	-18989.908773183823	-9276.769207596779	-11961.43155670166	-18411.51449328661	-9284.385282933712	-28822.149844110012	-16462.90761601925	-7236.914226472378	-4346.188896417618	-5413.0095881819725	-16912.74980455637	-8393.2398147583	-54698.30541741848	-65548.31460249424	-17003.764147102833	-61309.52499705553
-63652.02804034948	-16934.465028882027	-67557.15113276243	-53867.141979932785	-62011.38494169712	-59836.34737163782	-56798.777982354164	-48007.409047186375	-16526.524550497532	-16131.554476976395	-18753.799885749817	-9560.145157635212	-9489.528805017471	-18959.02628493309	-9306.66923391819	-11940.183052062988	-18379.697297394276	-9325.642803013325	-28766.768569648266	-16428.67215001583	-7254.444560945034	-4365.367607355118	-5427.592748582363	-16864.74378144741	-8417.942909240723	-54589.80547583103	-65436.47869223356	-16973.77725058794	-61193.89220058918
-63095.65264433622	-17288.0245962739	-66798.81970471144	-53200.10785704851	-61251.09933042526	-59100.118557333946	-56071.81446558237	-47417.35376352072	-16360.280859708786	-16070.672266483307	-17686.291688144207	-9828.794945955276	-9645.786923885345	-18672.95568203926	-9734.022569715977	-11809.232147216797	-18613.908460855484	-9310.27728497982	-27009.042704105377	-16842.619993567467	-7667.926479935646	-4844.48717212677	-6286.857684493065	-19958.92377793789	-8288.390602111816	-53877.15259504318	-64659.77534246445	-16672.87291318178	-60394.04745280743
-61007.10759502649	-16205.490245580673	-64683.38260734081	-51644.00176435709	-59340.154912769794	-57290.80192166567	-54465.579504430294	-46016.50885260105	-15848.399024784565	-15439.564066290855	-18021.763028800488	-8242.527809083462	-8155.39833599329	-18271.8473174572	-10552.733497083187	-11457.787803649902	-17744.94234931469	-8174.015679359436	-27676.57063704729	-15813.10485368967	-7964.534273326397	-5086.152723789215	-6636.866504609585	-17564.38845950365	-8097.615608215332	-52327.42769539356	-62854.68363267183	-16293.17068874836	-58686.57686024904
-60896.06883764267	-16179.040154218674	-64578.702973127365	-51553.99411582947	-59250.436358213425	-57196.10009932518	-54369.580492675304	-45931.41525053978	-15821.32898312807	-15459.630045294762	-17993.674970328808	-8213.649177491665	-8126.325799524784	-18242.692539930344	-10578.849984586239	-11441.025932312012	-17715.342493891716	-8144.572611808777	-27621.747100651264	-15785.253855764866	-7988.592104136944	-5110.210554599762	-6660.924335420132	-17586.462647736073	-8085.370063781738	-52230.68556302786	-62750.43364304304	-16256.35745382309	-58585.16281974316
-60899.85766637325	-16177.99875998497	-64564.898429751396	-51543.25980424881	-59215.33461391926	-57193.67446196079	-54352.99384665489	-45919.75904017687	-15819.031005680561	-15412.773493170738	-17988.564454734325	-8277.089330613613	-8190.600747644901	-18240.964829206467	-10582.633523404598	-11436.53929901123	-17713.125153422356	-8215.273199439049	-27621.189362585545	-15778.869387686253	-7982.064607799053	-5105.331434726715	-6651.449665009975	-17516.38243639469	-8122.318702697754	-52218.927753806114	-62742.847722411156	-16263.183792233467	-58570.94406378269
-60788.81890898943	-16151.54866862297	-64460.21879553795	-51453.25215572119	-59125.61605936289	-57098.972639620304	-54256.9948348999	-45834.6654381156	-15791.960964024067	-15432.839472174644	-17960.476396262646	-8248.210699021816	-8161.528211176395	-18211.81005167961	-10608.75001090765	-11419.77742767334	-17683.525297999382	-8185.83013188839	-27566.365826189518	-15751.018389761448	-8006.1224386096	-5129.389265537262	-6675.507495820522	-17538.456624627113	-8110.07315826416	-52122.18562144041	-62638.597732782364	-16226.370557308197	-58469.530023276806
-60250.17419332266	-16055.722513318062	-64010.578090786934	-51052.36818778515	-58753.27062481642	-56578.49652928114	-53903.394342422485	-45600.52622258663	-15753.601711213589	-15304.71396100521	-17777.11313021183	-10675.350882411003	-10526.705564558506	-18051.50473701954	-8422.708760917187	-11338.327209472656	-17499.444918572903	-10450.139126241207	-27395.08272534609	-15619.777061223984	-5951.556746602058	-4997.4802758693695	-6548.343806445599	-17569.30485588312	-8011.352066040039	-51784.70534712076	-62072.18391227722	-16116.147671580315	-57893.080343186855
-60142.92426466942	-16028.231027722359	-63892.09391319752	-50951.62622767687	-58628.45032596588	-56481.36906957626	-53790.80868464708	-45503.77641016245	-15724.233692109585	-15277.923387885094	-17743.914556145668	-10709.912403941154	-10561.907976210117	-18020.622248768806	-8452.608787238598	-11317.078704833984	-17467.62772268057	-10491.39664632082	-27339.701450884342	-15585.541595220566	-5969.087081074715	-5016.6589868068695	-6562.926966845989	-17521.298832774162	-8036.055160522461	-51676.205405533314	-61960.348002016544	-16086.160775065422	-57777.447546720505
-60109.57124757767	-15998.90446984768	-63922.9944460392	-50885.69402962923	-58582.67552524805	-56466.461040735245	-53650.90058040619	-45301.2422106266	-15646.377555310726	-15417.734936833382	-17853.74490684271	-10721.641019940376	-10588.561873853207	-17939.689909040928	-8284.231419563293	-11284.241172790527	-17337.166909754276	-10414.424351155758	-27200.6653226614	-15494.947691977024	-5720.984577178955	-4712.771639108658	-5142.220621109009	-16082.307387530804	-7927.8417892456055	-51637.57697939873	-61815.09995597601	-16077.31578552723	-57762.537485957146
-60002.32131892443	-15971.412984251976	-63804.51026844978	-50784.95206952095	-58457.855226397514	-56369.33358103037	-53538.31492263079	-45204.49239820242	-15617.009536206722	-15390.944363713264	-17820.546332776546	-10756.202541470528	-10623.764285504818	-17908.807420790195	-8314.131445884705	-11262.992668151855	-17305.349713861942	-10455.68187123537	-27145.284048199654	-15460.712225973606	-5738.514911651611	-4731.950350046158	-5156.803781509399	-16034.301364421844	-7952.544883728027	-51529.07703781128	-61703.26404571533	-16047.328889012337	-57646.904689490795
-58281.95237779617	-16032.581213533878	-61697.243467748165	-49222.00411272049	-56610.4612801075	-54611.491280674934	-51833.59200501442	-43835.13396668434	-15159.91100871563	-14898.183264672756	-17190.005281865597	-11407.768284142017	-11186.346579670906	-17264.545782983303	-11047.59805983305	-10931.26555633545	-17172.07274532318	-10801.585266411304	-26701.52117472887	-15558.10067307949	-8482.962776780128	-5580.865147531033	-7106.704406142235	-17931.870647728443	-7719.284950256348	-49782.75831514597	-59759.58840179443	-15501.982096970081	-55856.55103480816
-58174.70244914293	-16005.089727938175	-61578.75929015875	-49121.26215261221	-56485.64098125696	-54514.36382097006	-51721.00634723902	-43738.38415426016	-15130.542989611626	-14871.392691552639	-17156.806707799435	-11442.329805672169	-11221.548991322517	-17233.66329473257	-11077.49808615446	-10910.017051696777	-17140.255549430847	-10842.842786490917	-26646.139900267124	-15523.865207076073	-8500.493111252785	-5600.043858468533	-7121.287566542625	-17883.864624619484	-7743.9880447387695	-49674.25837355852	-59647.752491533756	-15471.995200455189	-55740.91823834181
-57525.38225072622	-15813.93719559908	-60847.058428645134	-48543.1004434824	-55841.21192252636	-53906.403659164906	-51112.64010876417	-43206.55745327473	-14962.719796299934	-14704.067733347416	-16967.276130080223	-11655.489673614502	-11454.402379453182	-17050.837291896343	-11244.83427876234	-10792.594871520996	-16923.728963434696	-11066.5573797822	-26338.555457174778	-15330.698519647121	-8622.428597092628	-5400.288689553738	-7243.223052382469	-18005.800110459328	-7662.54874420166	-49070.975487828255	-58948.987673819065	-15303.104560911655	-55102.05591702461
-54394.245334625244	-15022.798417270184	-57509.92120915651	-45900.45855820179	-52715.53012627363	-50944.461337029934	-48337.96316856146	-40863.60125488043	-14179.373341798782	-13967.166512429714	-16115.415010392666	-10442.319287896156	-10211.80277556181	-16228.507935464382	-12128.240146040916	-10220.794593811035	-16187.752927958965	-9982.682980060577	-25004.738767266273	-14607.856065809727	-9400.12610900402	-6514.958869159222	-8033.762300133705	-18701.66515624523	-7313.754829406738	-46400.629014492035	-55863.77810895443	-14499.290603876114	-52133.37789285183
-53744.925136208534	-14831.645884931087	-56778.2203476429	-45322.29684907198	-52071.10106754303	-50336.50117522478	-47729.59693008661	-40331.774553895	-14011.550148487091	-13799.841554224491	-15925.884432673454	-10655.47915583849	-10444.656163692474	-16045.681932628155	-12295.576338648796	-10103.372413635254	-15971.226341962814	-10206.39757335186	-24697.154324173927	-14414.689378380775	-9522.061594843864	-6315.203700244427	-8155.697785973549	-18823.600642085075	-7232.315528869629	-45797.34612876177	-55165.01329123974	-14330.39996433258	-51494.51557153463
-49967.893575787544	-13917.18946570158	-52872.95824581385	-42178.02903574705	-48448.253537893295	-46756.95528304577	-44488.73383963108	-37657.92932754755	-13160.476422071457	-12908.024249017239	-14857.46147286892	-11904.010475039482	-11602.436324834824	-15032.164773285389	-11022.84098225832	-9428.873413085938	-15019.35273116827	-11428.089688062668	-23136.673258960247	-13526.370130002499	-8262.723749220371	-7317.143601119518	-8833.656504750252	-19502.30789601803	-6809.503616333008	-42681.01943951845	-51401.55399560928	-13386.376225054264	-47833.75507080555
-45869.06095844507	-11756.807212769985	-48717.853165090084	-39490.52373999357	-45275.40384358168	-43547.69115191698	-41461.853271603584	-35517.41234570742	-11562.823807835579	-11256.529980659485	-13083.664209008217	-15612.44000339508	-15178.880760967731	-13560.139452517033	-15229.142324209213	-9065.59661102295	-13645.098455011845	-15197.285136759281	-19556.827364563942	-12549.19835460186	-10992.121327459812	-9254.825772821903	-9663.91222435236	-13417.872415840626	-6750.089149475098	-40019.5258551836	-47352.98501700163	-12140.495281279087	-44533.409775972366
-45758.02220106125	-11730.357121407986	-48613.17353087664	-39400.51609146595	-45185.68528902531	-43452.98932957649	-41365.854259848595	-35432.318743646145	-11535.753766179085	-11276.595959663391	-13055.576150536537	-15583.561371803284	-15149.808224499226	-13530.984674990177	-15255.258811712265	-9048.834739685059	-13615.498599588871	-15167.842069208622	-19502.003828167915	-12521.347356677055	-11016.179158270359	-9278.88360363245	-9687.970055162907	-13439.946604073048	-6737.843605041504	-39922.7837228179	-47248.73502737284	-12103.682046353817	-44431.99573546648
-45761.81102979183	-11729.315727174282	-48599.36898750067	-39389.78177988529	-45150.58354473114	-43450.563692212105	-41349.26761382818	-35420.662533283234	-11533.455788731575	-11229.739407539368	-13050.465634942055	-15647.001524925232	-15214.083172619343	-13529.2569642663	-15259.042350530624	-9044.348106384277	-13613.28125911951	-15238.542656838894	-19501.446090102196	-12514.962888598442	-11009.651661932468	-9274.004483759403	-9678.49538475275	-13369.866392731667	-6774.7922439575195	-39911.02591359615	-47241.14910674095	-12110.508384764194	-44417.776979506016
-49318.573377370834	-13726.036933362484	-52141.25738430023	-41599.86732661724	-47803.82447916269	-46148.995121240616	-43880.367601156235	-37126.10262656212	-12992.653228759766	-12740.699290812016	-14667.930895149708	-12117.170342981815	-11835.289712965488	-14849.338770449162	-11190.1771748662	-9311.451232910156	-14802.82614517212	-11651.80428135395	-22829.0888158679	-13333.203442573547	-8384.659235060215	-7117.388432204723	-8955.591990590096	-19624.243381857872	-6728.064315795898	-42077.736553788185	-50702.78917789459	-13217.48558551073	-47194.892749488354
-49050.64559262991	-13717.814515292645	-51901.052502036095	-41371.11526554823	-47563.9115652442	-45924.42753112316	-43647.47380840778	-36955.8900372386	-12943.870360732079	-12702.513074696064	-14609.393264949322	-12215.934415876865	-11920.690702915192	-14774.22564727068	-10771.502265155315	-9260.056579589844	-14763.022109091282	-11707.742552757263	-22695.674869418144	-13288.014748990536	-8410.678869307041	-7468.036953628063	-8498.216491103172	-19646.395584464073	-6687.140151977539	-41875.00993484259	-50415.460572481155	-13161.078321754932	-46950.576902627945
-45219.74076002836	-11565.65468043089	-47986.15230357647	-38912.36203086376	-44630.974784851074	-42939.73099011183	-40853.48703312874	-34985.585644721985	-11395.000614523888	-11089.205022454262	-12894.133631289005	-15825.599871337414	-15411.734149098396	-13377.313449680805	-15396.478516817093	-8948.174430847168	-13428.571869015694	-15420.999730050564	-19249.242921471596	-12356.031667172909	-11114.056813299656	-9055.070603907108	-9785.847710192204	-13539.80790168047	-6668.649848937988	-39416.242969453335	-46654.22019928694	-11971.604641735554	-43894.54745465517
-44951.81297528744	-11557.43226236105	-47745.94742131233	-38683.60996979475	-44391.06187093258	-42715.16339999437	-40620.59324038029	-34815.373055398464	-11346.2177464962	-11051.01880633831	-12835.59600108862	-15924.363944232464	-15497.1351390481	-13302.200326502323	-14977.803607106209	-8896.779777526855	-13388.767832934856	-15476.938001453876	-19115.82897502184	-12310.842973589897	-11140.076447546482	-9405.719125330448	-9328.47221070528	-13561.96010428667	-6627.725685119629	-39213.516350507736	-46366.8915938735	-11915.197377979755	-43650.23160779476
-48401.3253942132	-13526.661982953548	-51169.35164052248	-40792.95355641842	-46919.482506513596	-45316.46736931801	-43039.10756993294	-36424.063336253166	-12776.047167420387	-12535.188116490841	-14419.86268723011	-12429.094283819199	-12153.544091045856	-14591.399644434452	-10938.838457763195	-9142.634399414062	-14546.495523095131	-11931.457146048546	-22388.090426325798	-13094.848061561584	-8532.614355146885	-7268.281784713268	-8620.151976943016	-19768.331070303917	-6605.70085144043	-41271.72704911232	-49716.695754766464	-12992.187682211399	-46311.71458131075
-44248.50715786219	-11343.415954709053	-46967.21279591322	-38121.92823666334	-43705.63825470209	-42011.24773544073	-40019.94215750694	-34280.090146780014	-11148.710104227066	-10845.160041987896	-13481.11818420887	-16132.658832609653	-15685.89441293478	-13033.303403377533	-15679.634791135788	-8770.577430725098	-13153.186590790749	-15732.935736119747	-18849.30107563734	-12091.040462315083	-11289.871865332127	-9541.561877787113	-9965.03263527155	-12746.964698374271	-6552.469886779785	-38588.0801281929	-45678.006106197834	-11752.485499978065	-42959.86938804388
-42675.91449248791	-10914.755088090897	-45366.91729730368	-36881.01549899578	-42204.5313821435	-40595.50729173422	-38665.541925132275	-33172.51474779844	-10776.567660450935	-10495.410917520523	-12189.923827528954	-16671.19451236725	-16212.426764786243	-12678.565602600574	-16092.225347399712	-8482.649200439453	-12695.174603700638	-16152.9425188303	-19956.832124114037	-11722.836926400661	-11509.40708643198	-9704.467643260956	-10182.63853508234	-12061.727003097534	-6378.602760314941	-37356.57730227709	-44127.77698713541	-11357.614246368408	-41569.453745901585
-42199.64260131121	-10800.965993463993	-44753.694718301296	-36359.727794110775	-41595.01154315472	-40072.490490317345	-38174.809104681015	-32727.723048388958	-10638.72420167923	-10332.237822532654	-12070.360570073128	-14641.308117210865	-14198.20708167553	-12584.1388707757	-16253.767896592617	-8393.136024475098	-12722.195688962936	-14366.5683978796	-17970.249767959118	-11661.040211260319	-11867.696494400501	-10145.682952702045	-10552.329127132893	-14213.598759233952	-6332.10147857666	-36842.63862848282	-43673.260624051094	-11204.603919625282	-41027.28347098827
-42088.60384392738	-10774.515902101994	-44649.01508408785	-36269.72014558315	-41505.29298859835	-39977.788667976856	-38078.810092926025	-32642.629446327686	-10611.654160022736	-10352.30380153656	-12042.272511601448	-14612.429485619068	-14169.134545207024	-12554.984093248844	-16279.884384095669	-8376.374153137207	-12692.595833539963	-14337.125330328941	-17915.42623156309	-11633.189213335514	-11891.754325211048	-10169.740783512592	-10576.38695794344	-14235.672947466373	-6319.855934143066	-36745.896496117115	-43569.0106344223	-11167.790684700012	-40925.86943048239
-41442.70919960737	-10651.198261201382	-44080.89020174742	-35768.09421753883	-41008.12725520134	-39360.185097932816	-37612.623942673206	-32311.74041837454	-10543.926888108253	-10197.38771724701	-11825.71067148447	-17074.131190538406	-16569.514310240746	-12363.79629033804	-14123.743160426617	-8273.675430297852	-12476.69825822115	-16642.69184476137	-17688.761856257915	-11467.712418794632	-9854.718967676163	-10057.0105047822	-10463.806428968906	-14218.515155613422	-6245.837936401367	-36299.91628021002	-42890.76090365648	-11027.580902457237	-40233.78695392609
-41055.36069190502	-10501.363830029964	-43616.27692812681	-35512.41999566555	-40634.76579326391	-39059.06387525797	-37223.63081103563	-31935.19254887104	-10362.453956842422	-10084.040978848934	-12587.377802729607	-17191.41334158182	-16719.440416753292	-12151.729553461075	-16542.717814326286	-8187.630020141602	-12203.262739479542	-16688.593118190765	-19249.305835187435	-11264.679034113884	-11807.157624304295	-9991.203748226166	-10483.75894600153	-11390.81928563118	-6180.983497619629	-35925.13157528639	-42452.798076331615	-10969.604465067387	-39995.9133579731
-41302.10625386238	-10594.380217730999	-43993.30655699968	-35601.420059382915	-40837.53215563297	-39248.14960938692	-37360.13018065691	-32012.45640641451	-10436.702732205391	-10310.40869307518	-11902.342448115349	-17120.42132806778	-16631.370619535446	-12251.981462359428	-13985.265819072723	-8219.589393615723	-12314.420249402523	-16606.977069675922	-17494.344453573227	-11342.883049547672	-9624.14679825306	-9772.301868021488	-9057.683243632317	-12731.517687261105	-6162.327659606934	-36152.787912487984	-42633.67694735527	-10988.749016404152	-40103.24409669638
-41191.06749647856	-10567.930126369	-43888.626922786236	-35511.41241085529	-40747.8136010766	-39153.44778704643	-37264.13116890192	-31927.362804353237	-10409.632690548897	-10330.474672079086	-11874.25438964367	-17091.542696475983	-16602.29808306694	-12222.826684832573	-14011.382306575775	-8202.827522277832	-12284.82039397955	-16577.534002125263	-17439.5209171772	-11315.032051622868	-9648.204629063606	-9796.359698832035	-9081.741074442863	-12753.591875493526	-6150.08211517334	-36056.04578012228	-42529.42695772648	-10951.935781478882	-40001.83005619049
-41194.85632520914	-10566.888732135296	-43874.82237941027	-35500.678099274635	-40712.71185678244	-39151.022149682045	-37247.54452288151	-31915.706593990326	-10407.334713101387	-10283.618119955063	-11869.143874049187	-17154.98284959793	-16666.573031187057	-12221.098974108696	-14015.165845394135	-8198.34088897705	-12282.603053510189	-16648.234589755535	-17438.96317911148	-11308.647583544254	-9641.677132725716	-9791.480578958988	-9072.266404032707	-12683.511664152145	-6187.0307540893555	-36044.287970900536	-42521.84103709459	-10958.76211988926	-39987.611300230026
-40525.46121644974	-10451.823310792446	-43108.984457969666	-34961.18044734001	-40123.78528255224	-38527.65734601021	-36771.36391144991	-31609.701128065586	-10327.320826768875	-9991.876542925835	-11577.642463564873	-17386.05513137579	-16887.768688321114	-12105.85716432333	-13872.404443323612	-8104.858596801758	-12220.367636144161	-16922.344709455967	-17247.763466715813	-11229.357037782669	-10002.674087762833	-10207.903857290745	-10128.366415321827	-14362.602844059467	-6123.474472045898	-35493.90677553415	-41904.667480528355	-10802.282999157906	-39350.60878574848
-44483.69088804722	-12555.387520253658	-47176.505893945694	-37482.01158493757	-43126.039877295494	-41624.8859885931	-39545.75071746111	-33450.93409794569	-11817.74928510189	-11756.39178711176	-13428.071504056454	-13723.915740549564	-13373.180561482906	-13466.067657113075	-9527.625760018826	-8414.049362182617	-13432.34390348196	-13117.434485673904	-20633.19195842743	-12081.699443936348	-7042.704340100288	-7985.513048827648	-7891.987510383129	-18960.040855884552	-6099.378662109375	-38008.27199214697	-45696.1525028348	-12009.332056879997	-42520.411223351955
-40652.78605544567	-10403.227685391903	-43261.60569548607	-35023.258350253105	-40193.10309690237	-38640.18944758177	-36751.763942182064	-31480.629705429077	-10268.8795388937	-10143.083734869957	-11712.811870396137	-17333.581196010113	-16864.22400766611	-12069.155459523201	-14152.602011680603	-8102.167213439941	-12097.893663406372	-16830.691662967205	-17186.76001048088	-11149.716362118721	-9746.082284092903	-9572.546699106693	-9179.61872947216	-12853.453173100948	-6080.888359069824	-35549.50502675772	-41934.91212964058	-10819.858376860619	-39464.38177537918
-40384.858270704746	-10395.005267322063	-43021.40081322193	-34794.50628918409	-39953.190182983875	-38415.62185746431	-36518.87014943361	-31310.417116105556	-10220.096670866013	-10104.897518754005	-11654.274240195751	-17432.345268905163	-16949.624997615814	-11994.042336344719	-13733.927101969719	-8050.772560119629	-12058.089627325535	-16886.629934370518	-17053.346064031124	-11104.52766853571	-9772.10191833973	-9923.195220530033	-8722.243229985237	-12875.60537570715	-6039.964195251465	-35346.77840781212	-41647.58352422714	-10763.45111310482	-39220.06592851877
-40273.81951332092	-10368.555175960064	-42916.721179008484	-34704.49864065647	-39863.471628427505	-38320.920035123825	-36422.87113767862	-31225.323514044285	-10193.026629209518	-10124.963497757912	-11626.186181724072	-17403.466637313366	-16920.55246114731	-11964.887558817863	-13760.04358947277	-8034.010688781738	-12028.489771902561	-16857.18686681986	-16998.522527635098	-11076.676670610905	-9796.159749150276	-9947.25305134058	-8746.301060795784	-12897.679563939571	-6027.718650817871	-35250.036275446415	-41543.33353459835	-10726.63787817955	-39118.651888012886
-40277.608342051506	-10367.51378172636	-42902.916635632515	-34693.76432907581	-39828.36988413334	-38318.49439775944	-36406.28449165821	-31213.667303681374	-10190.728651762009	-10078.106945633888	-11621.075666129589	-17466.906790435314	-16984.827409267426	-11963.159848093987	-13763.82712829113	-8029.524055480957	-12026.2724314332	-16927.88745445013	-16997.964789569378	-11070.292202532291	-9789.632252812386	-9942.373931467533	-8736.826390385628	-12827.59935259819	-6064.667289733887	-35238.27846622467	-41535.747613966465	-10733.464216589928	-39104.43313205242
-43834.37068963051	-12364.234987914562	-46444.80503243208	-36903.84987580776	-42481.61081856489	-41016.92582678795	-38937.38447898626	-32919.10739696026	-11649.9260917902	-11589.066828906536	-13238.540926337242	-13937.075608491898	-13606.033949613571	-13283.241654276848	-9694.961952626705	-8296.627182006836	-13215.81731748581	-13341.149078965187	-20325.607515335083	-11888.532756507397	-7164.639825940132	-7785.757879912853	-8013.922996222973	-19081.976341724396	-6017.939361572266	-37404.9891064167	-44997.387685120106	-11840.441417336464	-41881.54890203476
-39735.538072288036	-10203.852734982967	-42289.69995170832	-34216.34458005428	-39308.76112425327	-37807.66169565916	-35910.50391095877	-30778.590415120125	-10052.273477554321	-9937.572560548782	-11464.74366247654	-17645.505136847496	-17182.47838574648	-11811.216333508492	-13901.263294577599	-7933.350379943848	-11841.563041329384	-17110.3445276618	-16745.761620938778	-10911.360981106758	-9894.037404179573	-9723.440051615238	-8844.17871582508	-12997.540861546993	-5958.5248947143555	-34743.49552208185	-40948.81870651245	-10594.560473561287	-38581.203607201576
-39681.552453279495	-10180.988959670067	-42242.66618782282	-34232.824556052685	-39267.76656675339	-37711.70619291067	-35918.21906656027	-30775.134207487106	-10022.589028596878	-9899.038754403591	-12299.796423316002	-17640.640157282352	-17138.384271502495	-11725.145413219929	-14435.758285999298	-7924.570213317871	-11822.508385181427	-17142.62766903639	-16786.818164646626	-10884.725157260895	-9921.897336125374	-10059.037972986698	-9358.803654551506	-12060.60996979475	-5964.708396911621	-34721.342185497284	-40958.698036551476	-10600.73923510313	-38529.70370876789
-39474.48738408089	-10628.056961417198	-41767.55557870865	-33937.730142474174	-38865.31791049242	-37393.17984932661	-35542.82160526514	-30546.348162472248	-9950.236185610294	-9790.857020914555	-11238.602823138237	-17806.54859226942	-17229.155325353146	-11576.837336301804	-16748.63245934248	-7866.6137771606445	-12149.326084971428	-16994.13798493147	-16995.200305640697	-11406.036030650139	-12386.124997854233	-10640.395376443863	-11022.167028665543	-14581.080947458744	-5953.770820617676	-34297.969248235226	-40578.165393173695	-10413.415327847004	-38197.25764554739
-38764.30447012186	-9981.614009261131	-41270.76044404507	-33425.91078585386	-38383.42459410429	-36879.178440988064	-35076.95903533697	-30073.094917178154	-9805.9829672575	-9693.527580082417	-12051.728215396404	-17952.564098119736	-17456.638649582863	-11467.20628720522	-14184.419568896294	-7755.753379821777	-11566.177763104439	-17422.280533730984	-16345.819775104523	-10646.369776248932	-10069.852456212044	-10209.931325495243	-9023.363640904427	-12204.697658240795	-5842.344932556152	-33915.33268082142	-39972.60461342335	-10375.441331803799	-37646.525540590286
-38108.959787905216	-9752.32809305191	-40642.370689213276	-32991.911818385124	-37766.659694194794	-36295.96574920416	-34563.8188341856	-29667.558808505535	-9650.446584820747	-9549.289629936218	-11008.602066636086	-18179.175837039948	-17664.916623353958	-11370.40761244297	-14848.348842263222	-7636.641983032227	-11364.496398091316	-17562.63445174694	-17894.34921312332	-10516.521621346474	-10141.432557225227	-10221.94373846054	-9576.409554362297	-11375.372274518013	-5790.841270446777	-33489.83935958147	-39408.46891748905	-10205.867981493473	-37139.288066625595
-38446.831637859344	-10404.37988960743	-40676.71299415827	-32918.62250113487	-37795.43950718641	-36339.896241128445	-34572.23310285807	-29627.211423814297	-10344.331813931465	-10025.844431757927	-10822.527297258377	-18050.426272690296	-17576.466027021408	-11585.978402256966	-17246.954650640488	-7627.875907897949	-11684.906532287598	-17580.526663959026	-16112.803028583527	-10524.492444694042	-12050.857570409775	-9641.152164578438	-10687.974805355072	-10280.05495852232	-5798.535743713379	-33354.35190200806	-39566.68043446541	-10594.952512323856	-37274.23290896416
-37632.687896728516	-9638.538998425007	-40029.148110210896	-32470.62411350012	-37157.13985520601	-35772.948947787285	-34073.08601373434	-29222.76710909605	-9512.603126049042	-9386.116534948349	-10889.03880918026	-16149.289441883564	-15650.696940243244	-11275.980880618095	-15009.891391456127	-7547.128807067871	-11391.517483353615	-15776.260330796242	-15907.766856968403	-10454.724906206131	-10499.721965193748	-10663.15904790163	-9946.10014641285	-13527.24403065443	-5744.339988708496	-32975.9006857872	-38953.952554404736	-10052.857654750347	-36597.117791712284
-37521.64913934469	-9612.088907063007	-39924.46847599745	-32380.616464972496	-37067.42130064964	-35678.2471254468	-33977.08700197935	-29137.67350703478	-9485.533084392548	-9406.182513952255	-10860.95075070858	-16120.410810291767	-15621.624403774738	-11246.82610309124	-15036.007878959179	-7530.3669357299805	-11361.917627930641	-15746.817263245583	-15852.943320572376	-10426.873908281326	-10523.779796004295	-10687.216878712177	-9970.157977223396	-13549.318218886852	-5732.094444274902	-32879.1585534215	-38849.702564775944	-10016.044419825077	-36495.7037512064
-37191.71180474758	-9552.953142642975	-39670.464945435524	-32184.998048186302	-36882.317721545696	-35463.43799728155	-33722.5588029623	-28965.519518196583	-9433.840523481369	-9343.778455615044	-10760.533858716488	-18491.09977787733	-17983.171001434326	-11112.46848642826	-14597.010125160217	-7467.825149536133	-11108.165776014328	-17842.287316441536	-17453.35082358122	-10278.16624033451	-10289.387677311897	-10372.837090969086	-9240.969540715218	-11519.459962964058	-5668.477806091309	-32683.829854905605	-38422.375494360924	-9980.570078194141	-36256.10989844799
-36745.00410193205	-9469.532000124454	-39040.14637696743	-31740.376852929592	-36353.67442756891	-34957.75486207008	-33388.32073277235	-28734.918228685856	-9376.151178956032	-9087.65036380291	-10536.250766158104	-16386.044613599777	-15878.022472560406	-11100.701805055141	-14923.146503210068	-7415.636138916016	-11267.86501467228	-16062.184903025627	-15606.362333714962	-10313.347896516323	-10902.307085514069	-11122.818867981434	-11040.841148912907	-15180.403375685215	-5693.241256713867	-32220.277416467667	-38120.69309794903	-9829.57840257883	-35743.0684402585
-36875.75449502468	-9488.771266162395	-39356.34359365702	-31878.990536928177	-36570.255567252636	-35060.643555402756	-33510.90085172653	-28806.78447908163	-9417.805812478065	-9251.266429662704	-10644.388910591602	-18582.112515211105	-18022.00416880846	-11055.638300180435	-12879.866655290127	-7427.668212890625	-11146.020052611828	-18052.383777678013	-15626.2789452672	-10261.397113740444	-8486.74443846941	-10574.486599981785	-9857.577448248863	-13532.160427033901	-5658.076446533203	-32433.1783375144	-38171.452834010124	-9875.834637582302	-35803.6212746501
-36715.43991357088	-9439.164048016071	-39057.24236643314	-31663.710343301296	-36272.797882556915	-34940.42119586468	-33231.82598251104	-28520.727818787098	-9295.997064709663	-9180.605360627174	-10640.970601260662	-16461.213382720947	-15968.951318323612	-11018.041754603386	-14758.552674353123	-7378.311973571777	-11135.186861276627	-16055.913195490837	-15466.7684674263	-10216.369525194168	-10647.677085280418	-10814.052400410175	-9610.66013276577	-13671.331719100475	-5621.976524353027	-32169.891181111336	-37967.85913127661	-9827.559751451015	-35713.93962353468
-36488.40598732233	-9338.936834990978	-38891.73032003641	-31623.316315054893	-36196.89410531521	-34759.52233272791	-33121.90772008896	-28430.236609578133	-9236.332881212234	-9137.91969126463	-11406.056041836739	-18699.39466625452	-18171.930275321007	-10843.57156330347	-15298.841309189796	-7341.622802734375	-10872.58453387022	-18098.285051107407	-17186.82292419672	-10058.363729059696	-10439.183095097542	-10508.67984342575	-9877.529965281487	-10704.464557051659	-5593.222007751465	-32058.39363259077	-37733.49000668526	-9817.858200192451	-35565.74767869711
-36604.40115618706	-9412.713956654072	-38952.562732219696	-31573.702694773674	-36183.079328000546	-34845.71937352419	-33135.826970756054	-28435.634216725826	-9268.92702305317	-9200.67133963108	-10612.882542788982	-16432.33475112915	-15939.878781855106	-10988.88697707653	-14784.669161856174	-7361.550102233887	-11105.587005853653	-16026.470127940178	-15411.944931030273	-10188.518527269363	-10671.734916090965	-10838.110231220722	-9634.717963576317	-13693.405907332897	-5609.730979919434	-32073.149048745632	-37863.609141647816	-9790.746516525745	-35612.52558302879
-35958.506511867046	-9289.39631575346	-38384.437849879265	-31072.076766729355	-35685.91359460354	-34228.11580348015	-32669.640820503235	-28104.74518877268	-9201.199751138687	-9045.75525534153	-10396.320702672005	-18894.03645604849	-18340.25854688883	-10797.699174165726	-12628.527938187122	-7258.851379394531	-10889.68943053484	-18332.03664237261	-15185.280555725098	-10023.041732728481	-8634.69955855608	-10725.37995249033	-9522.137434601784	-13676.248115479946	-5535.712982177734	-31627.168832838535	-37185.359410881996	-9650.53673428297	-34920.44310647249
-35847.46775448322	-9262.94622439146	-38279.75821566582	-30982.069118201733	-35596.19504004717	-34133.41398113966	-32573.641808748245	-28019.651586711407	-9174.129709482193	-9065.821234345436	-10368.232644200325	-18865.15782445669	-18311.186010420322	-10768.54439663887	-12654.644425690174	-7242.089508056641	-10860.089575111866	-18302.59357482195	-15130.457019329071	-9995.190734803677	-8658.757389366627	-10749.437783300877	-9546.19526541233	-13698.322303712368	-5523.467437744141	-31530.42670047283	-37081.109421253204	-9613.7234993577	-34819.029065966606
-35851.256583213806	-9261.904830157757	-38265.95367228985	-30971.334806621075	-35561.093295753	-34130.98834377527	-32557.055162727833	-28007.995376348495	-9171.831732034683	-9018.964682221413	-10363.122128605843	-18928.59797757864	-18375.46095854044	-10766.816685914993	-12658.427964508533	-7237.602874755859	-10857.872234642506	-18373.29416245222	-15129.899281263351	-9988.806266725063	-8652.229893028736	-10744.55866342783	-9536.720595002174	-13628.242092370987	-5560.416076660156	-31518.668891251087	-37073.52350062132	-9620.549837768078	-34804.81031000614
-35571.158004164696	-9139.561884582043	-37919.82457625866	-30816.40254485607	-35312.55213266611	-33926.9945808053	-32280.64768886566	-27728.19731926918	-9019.726819872856	-8932.408516943455	-11157.987833917141	-19011.318607091904	-18490.184653401375	-10585.632437288761	-15047.502592086792	-7172.805969238281	-10616.253911793232	-18377.937915802002	-16745.824534654617	-9820.008348047733	-10587.138215184212	-10659.573195934296	-9542.089951634407	-10848.552245497704	-5470.858543395996	-31252.384127914906	-36747.39658355713	-9592.56029689312	-34682.569510519505
-35309.18631345034	-9098.243783414364	-37652.73698836565	-30493.915057599545	-35041.484535872936	-33620.155641674995	-32061.27458202839	-27572.918487787247	-9033.376557826996	-8878.430297136307	-10206.790124952793	-19107.196323990822	-18573.111935019493	-10614.873171329498	-12795.864130795002	-7141.42919921875	-10673.162844538689	-18555.75123566389	-14877.696112632751	-9829.87504529953	-8756.635044395924	-10525.624783575535	-9644.072920441628	-13798.18360131979	-5454.273681640625	-31023.88594710827	-36486.594593167305	-9481.646094739437	-34281.580785155296
-34907.532679498196	-9465.629966378212	-37043.00897061825	-30048.626461863518	-34427.44622254372	-33093.63830679655	-31441.098514318466	-27041.39222317934	-8824.115109980106	-8844.73573333025	-10057.281062245369	-19314.52991694212	-18681.64518392086	-10268.6793461442	-15504.75595420599	-7020.606559753418	-10818.647879362106	-18403.82991784811	-14932.717394649982	-10199.720725595951	-11018.15046864748	-11157.871471643448	-10415.9380479455	-13894.726218879223	-5366.009330749512	-30431.231305539608	-35858.857323527336	-9261.669062972069	-33767.0919662714
-34337.95271128416	-8876.005057692528	-36633.7974807024	-29703.481263399124	-34116.14800572395	-32691.6723870039	-31227.729706406593	-26867.422989845276	-8787.086047530174	-8634.385316669941	-10793.774677872658	-19414.25528526306	-18847.272198855877	-10270.863125026226	-13079.020405113697	-6963.83219909668	-10397.777566313744	-18867.687241733074	-14477.754266798496	-9564.883840441704	-8932.450096428394	-11012.11605745554	-9823.257845520973	-13005.340398013592	-5338.093719482422	-30195.723105847836	-35510.3805000782	-9262.526952981949	-33346.902718544006
-33990.28469634056	-9266.255015969276	-36071.103226840496	-29241.712691664696	-33543.10424989462	-32261.110554873943	-30599.83848309517	-26339.352932870388	-8607.509048640728	-8639.224559009075	-9809.212854325771	-19626.453857779503	-18999.89956200123	-10010.74022012949	-15253.417237102985	-6851.789726257324	-10562.317257285118	-18683.482782542706	-14491.71900510788	-9961.365344583988	-11166.10558873415	-11308.764824151993	-10080.49803429842	-14038.813907325268	-5243.645866394043	-29625.221800863743	-34872.76390039921	-9036.371159672737	-32883.913798093796
-33095.29738050699	-8506.479955494404	-35287.50551265478	-28658.186942517757	-32800.144712269306	-31490.74107146263	-30127.857673048973	-25932.0015797019	-8466.636164665222	-8347.04025053978	-9602.997213184834	-17582.101997435093	-17012.257953047752	-10050.482940912247	-13930.608715176582	-6738.445755004883	-10193.517431139946	-17192.223971247673	-13984.87781226635	-9345.387972474098	-9386.377436220646	-11489.401610672474	-10770.052181839943	-14349.960958659649	-5227.843231201172	-29159.548978447914	-34387.4784514308	-8903.130041003227	-32196.080929160118
-33879.87693327665	-9241.952894568443	-35952.16638606787	-29029.518820524216	-33357.56781923771	-32040.354698598385	-30470.510011911392	-26122.25548452139	-9218.210738301277	-9079.723144173622	-9641.205536365509	-19558.407597362995	-19028.955885589123	-10277.820412099361	-16003.078145503998	-6781.868690490723	-10354.228326678276	-18990.218596875668	-14050.320117592812	-9318.177139639854	-10682.883041203022	-10158.628259778023	-10081.745824635029	-9593.700229942799	-5210.774253845215	-29487.61395931244	-34847.37236481905	-9443.206247448921	-32844.06722968817
-32765.36004590988	-8447.344191074371	-35033.50198209286	-28462.568525731564	-32615.04113316536	-31275.931943297386	-29873.329474031925	-25759.847590863705	-8414.943603754044	-8284.636192202568	-9502.580321192741	-19952.790965020657	-19373.80455070734	-9916.125324249268	-13491.61096137762	-6675.903968811035	-9939.765579223633	-19287.694024443626	-15585.285315275192	-9196.680304527283	-9151.985317528248	-11175.021822929382	-10040.863745331764	-12320.102702736855	-5164.226593017578	-28964.220279932022	-33960.15138101578	-8867.655699372292	-31956.48707640171
-32289.08815473318	-8333.555096447468	-34420.27940309048	-27941.280820846558	-32005.52129417658	-30752.915141880512	-29382.596653580666	-25315.05589145422	-8277.100144982338	-8121.463097214699	-9383.017063736916	-17922.904569864273	-17359.584867596626	-9821.698592424393	-13653.153510570526	-6586.39079284668	-9966.786664485931	-17501.319903492928	-13598.702959120274	-9134.88358938694	-9510.274725496769	-11616.237132370472	-10410.554337382317	-14471.974458873272	-5117.725311279297	-28450.281606137753	-33505.63501793146	-8714.645372629166	-31414.3168014884
-32178.049397349358	-8307.105005085468	-34315.59976887703	-27851.273172318935	-31915.80273962021	-30658.213319540024	-29286.597641825676	-25229.962289392948	-8250.030103325844	-8141.529076218605	-9354.929005265236	-17894.025938272476	-17330.51233112812	-9792.543814897537	-13679.269998073578	-6569.628921508789	-9937.186809062958	-17471.87683594227	-13543.879422724247	-9107.032591462135	-9534.332556307316	-11640.294963181019	-10434.612168192863	-14494.048647105694	-5105.479766845703	-28353.53947377205	-33401.38502830267	-8677.832137703896	-31312.902760982513
-32962.62895011902	-9042.577944159508	-34980.260642290115	-28222.605050325394	-32473.22584658861	-31207.826946675777	-29629.249980688095	-25420.216194212437	-9001.604676961899	-8874.211969852448	-9393.137328445911	-19870.33153820038	-19347.21026366949	-10019.881286084652	-15751.739428400993	-6613.051856994629	-10097.897704601288	-19269.871461570263	-13609.321728050709	-9079.821758627892	-10830.838161289692	-10309.521612286568	-9746.30581098795	-9737.787918388844	-5088.410789489746	-28681.604454636574	-33861.27894169092	-9217.90834414959	-31960.889061510563
-32070.799468696117	-8279.613519489765	-34197.11559128761	-27750.531212210655	-31790.982440769672	-30561.085859835148	-29174.011984050274	-25133.212476968765	-8220.66208422184	-8114.738503098488	-9321.730431199074	-17928.587459802628	-17365.71474277973	-9761.661326646805	-13709.170024394989	-6548.380416870117	-9905.369613170624	-17513.13435602188	-13488.4981482625	-9072.797125458717	-9551.862890779972	-11659.473674118519	-10449.195328593254	-14446.042623996735	-5130.182861328125	-28245.0395321846	-33289.54911804199	-8647.845241189003	-31197.269964516163
-31528.729198932648	-8115.952472746372	-33583.898907363415	-27273.111463189125	-31271.373680889606	-30050.25315773487	-28678.23140335083	-24698.135588407516	-8082.2069100141525	-7974.204118013382	-9165.398427546024	-18107.18580621481	-17563.365719258785	-9609.71781206131	-13846.606190681458	-6452.206741333008	-9720.660223066807	-17695.59142923355	-13236.2949796319	-8913.865904033184	-9656.26804214716	-11440.539794266224	-10556.547654032707	-14615.984132945538	-5024.040466308594	-27750.256588041782	-32702.62021058798	-8508.941498160362	-30674.040439665318
-31144.806245326996	-8033.952933013439	-33282.86161291599	-27093.973022401333	-31045.275544285774	-29739.488526821136	-28431.418359935284	-24522.525391936302	-8000.829900145531	-7873.266253530979	-9900.034296393394	-20473.00979423523	-19880.81820267439	-9389.289275109768	-13942.103428304195	-6380.884788513184	-9447.853715002537	-19823.344623804092	-14877.75902634859	-8738.522412240505	-9449.735855400562	-11461.757927894592	-10341.984156250954	-11649.1949852705	-4966.607330322266	-27532.774552941322	-32285.172470211983	-8479.64591807127	-30382.946688473225
-33078.25868523121	-8280.865271449089	-35345.54422086477	-28421.27955842018	-32659.76438099146	-31445.766313254833	-29943.553947269917	-25360.353479981422	-8256.334954679012	-7922.1039915680885	-9276.51250308752	-19712.15937167406	-19260.430497407913	-9692.169733583927	-18470.770142793655	-6550.236396789551	-9398.94280654192	-19205.27408325672	-13389.082201182842	-8673.45503371954	-13017.037587225437	-10884.21822887659	-11699.560600817204	-6331.425930976868	-4959.372978210449	-28859.223463475704	-34223.61894083023	-8646.54087984562	-32107.99716371298
-30557.495596766472	-7893.713747024536	-32564.959399700165	-26482.677668988705	-30346.037150740623	-29121.769903063774	-27844.686527729034	-23992.640090465546	-7835.916399717331	-7730.159137547016	-9752.382980465889	-18414.24476748705	-17837.52598309517	-9265.707765758038	-14129.762465000153	-6274.6097412109375	-9445.274944841862	-18007.527435302734	-12836.353133797646	-8648.874699175358	-9832.08309417963	-11927.031068146229	-10735.732579112053	-13823.14092963934	-4907.860504150391	-26922.09374678135	-31726.406117498875	-8289.822356402874	-29739.362373054028
-30350.430527567863	-8340.781748771667	-32089.848790585995	-26187.583255410194	-29943.588494479656	-28803.243559479713	-27469.289066433907	-23763.854045450687	-7763.563556730747	-7621.97740405798	-8691.189380288124	-18580.153202474117	-17928.29703694582	-9117.399688839912	-16442.636638343334	-6216.653305053711	-9772.092644631863	-17859.037751197815	-13044.735274791718	-9170.185572564602	-12296.31075590849	-12508.388471603394	-12399.09595322609	-16343.611907303333	-4896.922927856445	-26498.72080951929	-31345.873474121094	-8102.498449146748	-29406.916309833527
-30209.827581822872	-8283.963705301285	-32002.26514583826	-26020.909097254276	-29772.99339491129	-28691.20807093382	-27216.79530441761	-23464.570033490658	-7656.339400827885	-7734.99837988615	-8767.821156919003	-18626.44334000349	-17990.15334624052	-9005.584860861301	-16304.159296989441	-6162.567268371582	-9609.814635813236	-17823.322976112366	-12850.317872107029	-9045.356203317642	-12065.738586485386	-12223.679834842682	-10992.9727678895	-14856.614438951015	-4813.412651062012	-26351.592441797256	-31088.78951781988	-8063.666563093662	-29276.373452603817
-29563.93293750286	-8160.646064400673	-31434.14026349783	-25519.283169209957	-29275.827661514282	-28073.604500889778	-26750.60915416479	-23133.68100553751	-7588.612128913403	-7580.0822955966	-8551.259316802025	-21088.14504492283	-20390.533111274242	-8814.397057950497	-14148.018073320389	-6059.868545532227	-9393.917060494423	-20128.889490544796	-12623.653496801853	-8879.87940877676	-10028.7032289505	-12110.94955611229	-10880.392238914967	-14839.456647098064	-4739.3946533203125	-25905.61222589016	-30410.539787054062	-7923.456780850887	-28584.290976047516
-29452.894180119038	-8134.195973038673	-31329.460629284382	-25429.275520682335	-29186.109106957912	-27978.90267854929	-26654.6101424098	-23048.58740347624	-7561.542087256908	-7600.148274600506	-8523.171258330345	-21059.26641333103	-20361.460574805737	-8785.242280423641	-14174.13456082344	-6043.106674194336	-9364.31720507145	-20099.446422994137	-12568.829960405827	-8852.028410851955	-10052.761059761047	-12135.007386922836	-10904.450069725513	-14861.530835330486	-4727.149108886719	-25808.870093524456	-30306.28979742527	-7886.643545925617	-28482.87693554163
-28984.902931392193	-7465.05288040638	-30964.663901090622	-25241.764931321144	-28844.93027818203	-27706.02945935726	-26490.286295354366	-22885.064691483974	-7463.7739559412	-7380.410013079643	-8461.188623785973	-18952.780447244644	-18364.058334946632	-8910.96996498108	-14542.353021264076	-5986.681510925293	-8987.262957751751	-18427.534218013287	-13943.884182274342	-8280.671163260937	-10051.618315279484	-12089.936833620071	-10953.338478922844	-13137.903234362602	-4733.993377685547	-25690.590920865536	-30176.17699843645	-7894.951102793217	-28348.94673091173
-28536.27719128132	-7936.968992590904	-30343.29767894745	-24500.175527870655	-28205.949258208275	-27020.320892691612	-25780.020651757717	-22214.54426687956	-7982.707757234573	-7815.069706439972	-8135.183790922165	-21332.022725343704	-20737.843812942505	-8823.538123905659	-14646.340264618397	-5821.130676269531	-8929.497507810593	-20715.278169572353	-11741.256219744682	-7998.335822820663	-9693.435801506042	-11111.706344246864	-10546.200015604496	-10538.43065816164	-4584.159576416016	-24961.99487966299	-29399.054828345776	-8104.99396532774	-27661.266239464283
-27364.349130809307	-7051.6616223454475	-29214.023531913757	-23873.169427990913	-27275.164689302444	-26169.586042881012	-25048.375181257725	-21647.742492556572	-7049.660252332687	-6969.040074408054	-8858.642598986626	-19472.999276459217	-18871.07198691368	-8384.13391584158	-14992.845488190651	-5691.662330627441	-8495.351093530655	-18963.184817373753	-13236.35789334774	-7822.513270974159	-10349.368853151798	-12376.672938585281	-11254.458889842033	-12466.995516896248	-4536.374114990234	-24259.145193874836	-28501.198087632656	-7506.941321492195	-26775.406342983246
-26700.723806142807	-7377.729704141617	-28337.207926273346	-23105.39334499836	-26390.05877918005	-25336.22976887226	-24208.82600671053	-20960.937396466732	-6854.048542439938	-6881.367290794849	-7757.935827314854	-19776.210586309433	-19062.532517433167	-8067.180824697018	-15450.098850309849	-5539.462921142578	-8697.74506109953	-18989.07681941986	-11423.250753343105	-8202.225648522377	-10780.381106615067	-12874.971214294434	-12128.306986153126	-15513.169490277767	-4431.52490234375	-23437.99237149954	-27612.658827602863	-7176.050087571144	-25859.92879873514
-28511.303980648518	-7118.438276410103	-30620.997612774372	-24532.175877809525	-28221.892693042755	-27146.224770724773	-25841.830856323242	-21855.397540688515	-7130.213879048824	-6975.982703983784	-8095.190742194653	-21220.14069634676	-20712.920355975628	-8384.011743426323	-17226.893637657166	-5704.229179382324	-8068.264600932598	-20614.966016173363	-11326.599290192127	-7467.139728665352	-11649.063058018684	-11401.694324076176	-11093.33162009716	-5645.0712023973465	-4371.611488342285	-24992.485520780087	-29504.310871183872	-7494.794614970684	-27677.83148443699
-25894.514580368996	-7204.804845094681	-27469.98181670904	-22388.48722332716	-25595.435361087322	-24598.403839290142	-23463.564987242222	-20343.99170821905	-6664.512522757053	-6655.7901374697685	-7537.955677866936	-20117.013158738613	-19409.85943198204	-7838.396476209164	-15172.643645703793	-5387.407958984375	-8471.014294445515	-19298.172751665115	-11037.07590019703	-7991.721265435219	-10904.27839589119	-13001.806735992432	-11768.8091416955	-15635.18299049139	-4321.406982421875	-22728.724999189377	-26730.815394103527	-6987.5654191970825	-25078.164671063423
-25783.475822985172	-7178.354753732681	-27365.302182495594	-22298.479574799538	-25505.716806530952	-24503.702016949654	-23367.565975487232	-20258.89810615778	-6637.442481100559	-6675.856116473675	-7509.867619395256	-20088.134527146816	-19380.786895513535	-7809.241698682308	-15198.760133206844	-5370.646087646484	-8441.414439022541	-19268.729684114456	-10982.252363801003	-7963.870267510414	-10928.336226701736	-13025.864566802979	-11792.866972506046	-15657.257178723812	-4309.161437988281	-22631.982866823673	-26626.565404474735	-6950.752184271812	-24976.750630557537
-27594.055997490883	-6919.063326001167	-29649.09186899662	-23725.262107610703	-27337.550720393658	-26313.697018802166	-25000.570825099945	-21153.358250379562	-6913.607817709446	-6770.471529662609	-7847.122534275055	-21532.064637184143	-21031.174734055996	-8126.0726174116135	-16975.55492055416	-5535.4123458862305	-7811.93397885561	-20894.618880867958	-10885.600900650024	-7228.784347653389	-11797.018178105354	-11552.58767658472	-10757.89160645008	-5789.158890843391	-4249.248023986816	-24186.47601610422	-28518.217448055744	-7269.496711671352	-26794.653316259384
-25676.225894331932	-7150.863268136978	-27246.818004906178	-22197.737614691257	-25380.896507680416	-24406.574557244778	-23254.98031771183	-20162.148293733597	-6608.074461996555	-6649.065543353558	-7476.669045329094	-20122.696048676968	-19415.989307165146	-7778.359210431576	-15228.660159528255	-5349.3975830078125	-8409.597243130207	-19309.98720419407	-10926.871089339256	-7929.634801506996	-10945.866561174393	-13045.043277740479	-11807.450132906437	-15609.251155614853	-4333.864532470703	-22523.482925236225	-26514.729494214058	-6920.76528775692	-24861.117834091187
-25134.155624568462	-6987.202221393585	-26633.60132098198	-21720.317865669727	-24861.28774780035	-23895.7418551445	-22759.199737012386	-19727.071405172348	-6469.619287788868	-6508.531158268452	-7320.3370416760445	-20301.29439508915	-19613.6402836442	-7626.415695846081	-15366.096325814724	-5253.223907470703	-8224.88785302639	-19492.44427740574	-10674.667920708656	-7770.703580081463	-11050.27171254158	-12826.109397888184	-11914.80245834589	-15779.192664563656	-4227.722137451172	-22028.699981093407	-25927.800586760044	-6781.861544728279	-24337.88830924034
-25026.905695915222	-6959.710735797882	-26515.117143392563	-21619.575905561447	-24736.467448949814	-23798.614395439625	-22646.614079236984	-19630.321592748165	-6440.251268684864	-6481.7405851483345	-7287.138467609882	-20335.8559166193	-19648.84269529581	-7595.533207595348	-15395.996352136135	-5231.975402832031	-8193.070657134056	-19533.70179748535	-10619.28664624691	-7736.468114078045	-11067.802047014236	-12845.288108825684	-11929.38561874628	-15731.186641454697	-4252.425231933594	-21920.20003950596	-25815.964676499367	-6751.8746482133865	-24222.25551277399
-24755.82007676363	-6954.677681922913	-26274.459597945213	-21279.371933460236	-24435.838403224945	-23450.418408751488	-22396.97747308016	-19339.76136749983	-7031.53810942173	-6910.843527317047	-7093.792093515396	-20332.01220756769	-19728.097597181797	-7818.38276463747	-15697.082324504852	-5131.908218383789	-7976.994886338711	-19855.118363142014	-10099.855086743832	-7082.3266815543175	-10593.068799257278	-12026.621354937553	-11458.674749195576	-11356.231189787388	-4153.926361083984	-21688.365520596504	-25615.08044576645	-7132.289368748665	-24053.725893974304
-24162.922022402287	-6764.963495671749	-25614.66181331873	-20929.884071469307	-23935.951217651367	-22967.258600473404	-21925.65486139059	-19021.575907230377	-6223.328777492046	-6264.486177802086	-7907.321594595909	-20608.35335636139	-19887.800547480583	-7282.4056495428085	-15649.252600133419	-5075.626907348633	-7949.502574801445	-19804.380283474922	-10274.726074874401	-7505.712375223637	-11226.08676457405	-13312.600671768188	-12093.987383425236	-14986.349461257458	-4111.542175292969	-21200.537139832973	-24951.58649367094	-6562.742402970791	-23403.21024262905
-25656.02936464548	-6928.437948286533	-27304.404049932957	-21849.37831956148	-25179.800044596195	-24237.971402466297	-23053.9337785244	-19470.152558088303	-7037.8429607748985	-6691.418442666531	-7015.375591337681	-22150.145640969276	-21658.01576346159	-7718.00868332386	-20488.58246922493	-5112.515693664551	-7438.750883817673	-21588.515610456467	-9945.057865202427	-6648.749123811722	-14075.7738301754	-11270.544620633125	-12723.623181819916	-3193.6084736585617	-4007.8195724487305	-22194.04951030016	-26437.31435829401	-7100.9981108903885	-24848.82029670477
-22590.329357028008	-6336.302629053593	-24014.366314709187	-19688.971333801746	-22434.844345092773	-21551.51815676689	-20571.254629015923	-17914.000508248806	-5851.186333715916	-5914.737053334713	-6616.127237915993	-21146.889036118984	-20414.332899332047	-6927.66784876585	-16061.843156397343	-4787.698677062988	-7491.490587711334	-20224.387066185474	-11382.257123351097	-7137.508839309216	-11445.621985673904	-13475.506437242031	-12311.593283236027	-14301.11176598072	-3937.675048828125	-19969.03431391716	-23401.357374608517	-6167.871149361134	-22012.794600486755
-23167.704238653183	-5813.454374432564	-25012.128905653954	-20002.832585155964	-23070.27413201332	-22126.190964818	-21151.341496169567	-17947.686323046684	-5894.7108979821205	-5711.3292662501335	-6589.168996751308	-22993.75582432747	-22421.80828332901	-6929.72945523262	-15870.155756771564	-4743.491165161133	-6643.533782064915	-22340.02558887005	-9017.535392343998	-6147.298411846161	-10659.615818321705	-12354.772408545017	-11557.785811066628	-6589.801630616188	-3744.996810913086	-20466.866441130638	-24055.993334710598	-6156.582332849503	-22495.030494213104
-20969.77555644512	-5922.9113709926605	-22263.725945532322	-18320.375830471516	-20865.078756213188	-20015.07474029064	-19129.34351491928	-16676.678309321404	-5437.072630107403	-5503.367114663124	-7013.581213116646	-21667.107865333557	-20921.346551299095	-6400.83179962635	-16512.335623323917	-4492.679496765137	-6999.578723490238	-20760.03766554594	-10674.730834424496	-6679.350947022438	-11743.372523546219	-13762.242542207241	-12612.713694155216	-13630.204048514366	-3740.0557861328125	-18537.58858692646	-21726.378463804722	-5779.861368060112	-20439.25421255827
-20862.52562779188	-5895.419885396957	-22145.241767942905	-18219.633870363235	-20740.258457362652	-19917.947280585766	-19016.75785714388	-16579.92849689722	-5407.704611003399	-5476.576541543007	-6980.382639050484	-21701.66938686371	-20956.548962950706	-6369.949311375618	-16542.23564964533	-4471.430992126465	-6967.761527597904	-20801.295185625553	-10619.34955996275	-6645.11548101902	-11760.902858018875	-13781.421253144741	-12627.296854555607	-13582.198025405407	-3764.7588806152344	-18429.088645339012	-21614.542553544044	-5749.874471545219	-20323.62141609192
-20213.20542937517	-5704.267353057861	-21413.54090642929	-17641.472161233425	-20095.82939863205	-19309.987118780613	-18408.391618669033	-16048.101795911789	-5239.881417691708	-5309.251583337784	-6790.852061331272	-21914.82925480604	-21189.40235108137	-6187.123308539391	-16709.571842253208	-4354.008811950684	-6751.234941601753	-21025.009778916836	-10311.765116870403	-6451.948793590069	-11882.838343858719	-13581.666084229946	-12749.23234039545	-13704.13351124525	-3683.319580078125	-17825.805759608746	-20915.777735829353	-5580.983832001686	-19684.759094774723
-20842.32909810543	-5672.994565546513	-22202.827812969685	-17871.27457523346	-20539.16199427843	-19749.344125807285	-18815.711317956448	-15887.932761251926	-5837.473109781742	-5518.92944085598	-6519.089185059071	-23729.118979156017	-23198.57541924715	-6309.598784267902	-21802.157959342003	-4234.549102783203	-5996.91516828537	-23079.82359188795	-9637.53633582592	-5364.229803323746	-14890.810127019882	-12006.922596037388	-13543.469903469086	-1166.5553434491158	-3438.7139205932617	-18099.655230402946	-21537.127417623997	-5930.107294678688	-20311.3238787055
-21089.07466006279	-5766.010953247547	-22579.857441842556	-17960.274638950825	-20741.92835664749	-19938.429859936237	-18952.210687577724	-15965.196618795395	-5911.7218851447105	-5745.297155082226	-5834.053830444813	-23658.126965641975	-23110.505622029305	-6409.850693166256	-19244.70596408844	-4266.508476257324	-6108.072678208351	-22998.207543373108	-7882.574954211712	-5442.433818757534	-12707.799300968647	-11788.02071583271	-12117.394201099873	-2507.2537450790405	-3420.0580825805664	-18327.31156760454	-21718.00628864765	-5949.251846015453	-20418.65461742878
-20735.07916945219	-5645.5030799508095	-22084.343635380268	-17770.53261512518	-20414.341695427895	-19652.21666610241	-18703.125660181046	-15791.182948827744	-5808.105090677738	-5492.138867735863	-6485.8906109929085	-23763.68050068617	-23233.77783089876	-6278.71629601717	-21832.057985663414	-4213.300598144531	-5965.097972393036	-23121.081111967564	-9582.155061364174	-5329.994337320328	-14908.340461492538	-12026.101306974888	-13558.053063869476	-1118.5493203401566	-3463.4170150756836	-17991.1552888155	-21425.29150736332	-5900.1203981637955	-20195.69108223915
-18361.246502399445	-5825.927430570126	-19324.162011563778	-15726.578335940838	-18025.75247013569	-17295.907106161118	-16477.945806741714	-14368.69718426466	-5418.9504871964455	-5445.170567572117	-5248.730707645416	-22526.120796442032	-21778.37216156721	-5835.080648422241	-17216.57245963812	-3932.9253845214844	-6481.222516298294	-21651.9712113142	-7538.228027820587	-5939.164357602596	-11987.072469651699	-13412.190958559513	-12816.929553508759	-12519.439721405506	-3357.6080322265625	-15966.808913648129	-18840.260821938515	-5405.209415316582	-17717.573763549328
-19387.247124135494	-4831.163063764572	-20943.290824651718	-16782.028990745544	-19300.16327702999	-18556.288480877876	-17768.29831749201	-15072.903423666954	-4943.541250169277	-4807.103087127209	-5547.77729934454	-21993.745306551456	-21412.062067568302	-5924.574095964432	-16920.89781665802	-4054.2687072753906	-5691.031160593033	-21479.86578243971	-7376.134259343147	-5231.289270579815	-11559.24881607294	-13269.687419235706	-12470.260544657707	-7407.602162241936	-3314.7635955810547	-17193.23708206415	-20272.01895213127	-5183.877736270428	-18887.490148723125
-20171.826676905155	-5566.636002838612	-21607.951698064804	-17153.360868752003	-19857.586383998394	-19105.90210801363	-18110.950656354427	-15263.157328486443	-5695.115823805332	-5539.785980761051	-5585.985622525215	-23970.05090647936	-23428.760000109673	-6151.9115671515465	-18993.367246985435	-4097.6916427612305	-5851.742056131363	-23277.860408067703	-7441.576564669609	-5204.078437745571	-12855.754421055317	-11938.914068341255	-11781.954187452793	-2651.3414335250854	-3297.6946182250977	-17521.302062928677	-20731.912865519524	-5723.953942716122	-19535.476449251175
-16275.37439352274	-4510.567570507526	-17478.281204879284	-13982.170894622803	-16101.290306329727	-15449.802583277225	-14713.988227009773	-12382.976821959019	-4711.352034151554	-4572.808153271675	-5337.7674241662025	-25237.100303828716	-24651.065277814865	-5001.440794110298	-20558.281454205513	-3388.5418853759766	-4666.236962676048	-24489.515524804592	-7575.053424835205	-4157.914498269558	-13522.83559781313	-12524.398691236973	-12937.240922749043	-480.2006148695946	-2850.9524307250977	-14232.917287707329	-16817.81934797764	-4778.361029803753	-15881.158199429512
-16168.1244648695	-4483.076084911823	-17359.797027289867	-13881.428934514523	-15976.47000747919	-15352.67512357235	-14601.402569234371	-12286.227009534836	-4681.98401504755	-4546.017580151558	-5304.56885010004	-25271.661825358868	-24686.267689466476	-4970.558305859566	-20588.181480526924	-3367.2933807373047	-4634.419766783714	-24530.773044884205	-7519.672150373459	-4123.67903226614	-13540.365932285786	-12543.577402174473	-12951.824083149433	-432.1945917606354	-2875.6555252075195	-14124.41734611988	-16705.98343771696	-4748.37413328886	-15765.525402963161
-15745.474918067455	-4461.027051270008	-16970.988734722137	-13430.931346297264	-15590.309795618057	-14918.396054029465	-14261.72132742405	-12057.485401153564	-4676.218904078007	-4480.643717348576	-4328.032085001469	-25431.742093622684	-24819.393549382687	-4955.568404972553	-17887.96808320284	-3305.770462036133	-4683.341859340668	-24723.267116069794	-5573.511056363583	-4122.592501938343	-11718.352061271667	-12741.098800301552	-12581.84839206934	-3451.984173297882	-2793.443405151367	-13801.692487955093	-16269.688752174377	-4611.039563894272	-15235.853627204895
-15358.126410365105	-4311.192620098591	-16506.375461101532	-13175.25712442398	-15216.94833368063	-14617.274831354618	-13872.728195786476	-11680.937531650066	-4494.745972812176	-4367.2969789505005	-5089.699216246605	-25549.0242446661	-24969.319655895233	-4743.501668095589	-20306.94273710251	-3219.725051879883	-4409.90634059906	-24769.168389499187	-7134.055035293102	-3919.559117257595	-13670.7907178998	-12675.292043745518	-12601.800909101963	-624.2883033156395	-2728.588966369629	-13426.907783031464	-15831.72592484951	-4553.063126504421	-14997.980031251907
-13440.296307206154	-4542.992562234402	-14104.10159701109	-11647.732631504536	-13260.294120967388	-12710.15236979723	-12127.137688398361	-10689.7275750041	-4189.212617099285	-4245.890992641449	-4719.245727300644	-24139.655656158924	-23354.134229004383	-4395.788261115551	-18560.047976076603	-3033.710289001465	-5007.569604873657	-23184.5367128253	-7175.325223982334	-4620.409571111202	-12819.639100968838	-14167.747644901276	-13651.35943555832	-10444.380568087101	-2813.2054748535156	-11763.914692163467	-13828.237971007824	-4204.331702589989	-13064.44454908371
-15250.876481711864	-4283.701134502888	-16387.891283512115	-13074.5151643157	-15092.128034830093	-14520.147371649742	-13760.142538011074	-11584.187719225883	-4465.377953708172	-4340.506405830383	-5056.500642180443	-25583.58576619625	-25004.522067546844	-4712.619179844856	-20336.84276342392	-3198.476547241211	-4378.089144706726	-24810.4259095788	-7078.673760831356	-3885.323651254177	-13688.321052372456	-12694.470754683018	-12616.384069502354	-576.2822802066803	-2753.292060852051	-13318.407841444016	-15719.890014588833	-4523.076229989529	-14882.347234785557
-12790.976108789444	-4351.840029895306	-13372.400735497475	-11069.570922374725	-12615.865062236786	-12102.192207992077	-11518.771449923515	-10157.90087401867	-4021.389423787594	-4078.566034436226	-4529.715149581432	-24352.815524101257	-23586.987617135048	-4212.962258279324	-18727.384168684483	-2916.2881088256836	-4791.043018877506	-23408.25130611658	-6867.740780889988	-4427.242883682251	-12941.574586808681	-13967.99247598648	-13773.294921398163	-10566.316053926945	-2731.7661743164062	-11160.6318064332	-13129.473153293133	-4035.4410630464554	-12425.582227766514
-12992.673549771309	-3702.412812411785	-13992.993238270283	-11229.235393226147	-12890.077343940735	-12401.777178287506	-11849.266651153564	-10101.839240431786	-3330.9536279439926	-3341.4301273822784	-3702.71591347456	-24187.853895425797	-23462.336631953716	-3941.2719797492027	-18440.387951791286	-2855.285873413086	-4195.258790552616	-23276.718630611897	-4814.507200419903	-4088.1269466280937	-12953.252486467361	-14655.257022857666	-13828.51534897089	-8570.810693860054	-2518.445266723633	-11471.680475115776	-13497.199328303337	-3456.7977828383446	-12551.33801829815
-11965.017803549767	-3478.7357406020164	-12902.150653719902	-10210.127751886845	-11820.198940634727	-11348.49357008934	-10878.67814874649	-9182.702501773834	-3725.0492562651634	-3576.417538225651	-3286.6403875947	-24431.731575846672	-23809.64733362198	-3950.413045704365	-18938.710143089294	-2616.5480041503906	-3730.839237868786	-23863.107309639454	-3932.109923362732	-3206.583360671997	-12617.985059022903	-13656.01381099224	-13494.32312566042	-4269.78470492363	-2363.210189819336	-10528.063128888607	-12485.71436959505	-3638.334967315197	-11628.313281714916
-10931.774651527405	-3205.5836685299873	-11869.412497758865	-9452.827601969242	-10949.671745300293	-10429.768777370453	-10023.498866856098	-8475.265604317188	-3475.8490530848503	-3308.154715538025	-3831.7456787228584	-27010.715431809425	-26359.953205168247	-3547.1585059165955	-19201.543573319912	-2427.803871154785	-3241.506143808365	-26214.575097501278	-5265.989526987076	-2838.073181450367	-12533.38835811615	-13477.476775705814	-13401.69511371851	-1424.9310430884361	-2224.3377532958984	-9707.29820805788	-11369.501811504364	-3440.1487476825714	-10698.357209205627
-10824.524722874165	-3178.092182934284	-11750.928320169449	-9352.085641860962	-10824.851446449757	-10332.641317665577	-9910.913209080696	-8378.515791893005	-3446.4810339808464	-3281.3641424179077	-3798.5471046566963	-27045.276953339577	-26395.15561681986	-3516.276017665863	-19231.443599641323	-2406.5553665161133	-3209.688947916031	-26255.83261758089	-5210.60825252533	-2803.837715446949	-12550.918692588806	-13496.655486643314	-13416.2782741189	-1376.925019979477	-2249.0408477783203	-9598.798266470432	-11257.665901243687	-3410.161851167679	-10582.724412739277
-8071.723354578018	-2419.4779440760612	-8772.932823717594	-7150.3896887898445	-8124.618994772434	-7816.022441923618	-7498.458532810211	-6422.8696311712265	-2101.2157578468323	-2142.1505524516106	-3173.2309331297874	-25801.38875514269	-25038.09869939089	-2501.9795924425125	-19783.86346822977	-1956.0707778930664	-2721.6058791279793	-24809.284132122993	-4451.60439658165	-2769.3721601366997	-13785.8191177845	-15410.813709199429	-14662.94523102045	-6495.751540541649	-1974.042709350586	-7268.786253631115	-8485.176477372646	-2255.9200701117516	-7898.208803832531
-7422.403156161308	-2228.325411736965	-8041.2319622039795	-6572.227979660034	-7480.189936041832	-7208.062280118465	-6890.092294335365	-5891.042930185795	-1933.392564535141	-1974.8255942463875	-2983.700355410576	-26014.548623085022	-25270.952087521553	-2319.153589606285	-19951.19966083765	-1838.6485977172852	-2505.0792931318283	-25032.998725414276	-4144.019953489304	-2576.2054727077484	-13907.754603624344	-15211.058540284634	-14784.880716860294	-6617.687026381493	-1892.6034088134766	-6665.503367900848	-7786.411659657955	-2087.0294305682182	-7259.346482515335
-7151.317537009716	-2223.2923578619957	-7800.57441675663	-6232.024007558823	-7179.560890316963	-6859.866293430328	-6640.455688178539	-5600.482704937458	-2524.679405272007	-2403.9285364151	-2790.3539813160896	-26010.704914033413	-25350.20698940754	-2542.003146648407	-20252.285633206367	-1738.581413269043	-2289.003522336483	-25354.415291070938	-3624.588393986225	-1922.064040184021	-13433.021355867386	-14392.391786396503	-14314.16984730959	-2242.731574714184	-1794.1045379638672	-6433.668848991394	-7585.527428925037	-2467.4441511034966	-7090.816863715649
-7044.067608356476	-2195.8008722662926	-7682.090239167213	-6131.282047450542	-7054.740591466427	-6762.738833725452	-6527.870030403137	-5503.732892513275	-2495.311386168003	-2377.137963294983	-2757.1554072499275	-26045.266435563564	-25385.40940105915	-2511.1206583976746	-20282.18565952778	-1717.332908630371	-2257.186326444149	-25395.67281115055	-3569.207119524479	-1887.828574180603	-13450.551690340042	-14411.570497334003	-14328.75300770998	-2194.7255516052246	-1818.807632446289	-6325.168907403946	-7473.69151866436	-2437.457254588604	-6975.184067249298
-6394.747409939766	-2004.6483399271965	-6950.389377653599	-5553.120338320732	-6410.311532735825	-6154.7786719202995	-5919.503791928291	-4971.9061915278435	-2327.488192856312	-2209.81300508976	-2567.624829530716	-26258.426303505898	-25618.262789189816	-2328.294655561447	-20449.52185213566	-1599.9107284545898	-2040.659740447998	-25619.387404441833	-3261.6226764321327	-1694.6618867516518	-13572.487176179886	-14211.815328419209	-14450.688493549824	-2316.6610374450684	-1737.3683319091797	-5721.886021673679	-6774.926700949669	-2268.5666150450706	-6336.321745932102
-5570.444229185581	-2349.9854892492294	-5951.853067338467	-4657.334154367447	-5410.113007545471	-5193.98226749897	-4959.646482408047	-4211.638318538666	-2112.461634039879	-2110.7445784807205	-1441.57900172472	-26625.840164721012	-25859.921898007393	-1967.1109294891357	-20458.20027822256	-1417.565170288086	-2235.066867828369	-25659.96015781164	-1370.4828644394875	-2063.421036720276	-14011.988729417324	-15041.5834146142	-14852.577929973602	-5432.993236541748	-1566.891860961914	-4806.506521940231	-5710.894745767117	-1911.2550138831139	-5292.16115128994
-5216.448738574982	-2229.4776159524918	-5456.339260876179	-4467.592130541801	-5082.526346325874	-4907.769073665142	-4710.561455011368	-4037.6246485710144	-2008.8448395729065	-1857.5862911343575	-2093.4157822728157	-26731.393699765205	-25983.19410687685	-1835.9765323400497	-23045.552299797535	-1364.357292175293	-2092.092162013054	-25782.833726406097	-3070.0629715919495	-1950.9815552830696	-16212.529889941216	-15279.664005756378	-16293.236792743206	-4044.288811802864	-1610.2507934570312	-4470.350243151188	-5418.179964482784	-1862.123566031456	-5069.197616100311
-5463.194300532341	-2322.4940036535263	-5833.36888974905	-4556.592194259167	-5285.292708694935	-5096.854807794094	-4847.060824632645	-4114.888506114483	-2083.093614935875	-2083.9540053606033	-1408.380427658558	-26660.401686251163	-25895.124309659004	-1936.2284412384033	-20488.100304543972	-1396.316665649414	-2203.249671936035	-25701.217677891254	-1315.1015899777412	-2029.185570716858	-14029.51906388998	-15060.7621255517	-14867.161090373993	-5384.987213432789	-1591.594955444336	-4698.006580352783	-5599.058835506439	-1881.2681173682213	-5176.528354823589
-4567.128540158272	-2038.3250836133957	-4724.638399362564	-3889.430421411991	-4438.097287595272	-4299.808911859989	-4102.195216536522	-3505.7979475855827	-1841.0216462612152	-1690.2613329291344	-1903.8852045536041	-26944.55356770754	-26216.047495007515	-1653.1505295038223	-23212.888492405415	-1246.9351119995117	-1875.565576016903	-26006.54831969738	-2762.4785284996033	-1757.8148678541183	-16334.46537578106	-15079.908836841583	-16415.17227858305	-4166.224297642708	-1528.8114929199219	-3867.0673574209213	-4719.415146768093	-1693.2329264879227	-4430.335294783115
-5075.84579282999	-2172.659572482109	-5368.755616128445	-4300.917972385883	-4911.931246757507	-4795.733585119247	-4458.067692995071	-3738.340636610985	-1901.620683670044	-1970.6072669625282	-2170.047558903694	-26777.68383729458	-26045.05041617155	-1724.1617043614388	-22907.07495844364	-1310.271255493164	-1929.8141531944275	-25747.11895132065	-2875.645568907261	-1826.15218603611	-15981.957720518112	-14994.955368995667	-14887.113607406616	-2557.2913434505463	-1526.7405166625977	-4323.221875429153	-5161.096008181572	-1823.2916799783707	-4938.654758870602
-4813.874102115631	-2131.3414713144302	-5101.6680282354355	-3978.4304851293564	-4640.863649964333	-4488.894645988941	-4238.694586157799	-3583.061805129051	-1915.2704216241837	-1916.6290471553802	-1218.8498499393463	-26873.561554193497	-26127.97769778967	-1753.402438402176	-20655.43649715185	-1278.8944854736328	-1986.7230859398842	-25924.932271182537	-1007.517146885395	-1836.0188832879066	-14151.454549729824	-14861.006956636906	-14989.096576213837	-5506.922699272633	-1510.1556549072266	-4094.7236946225166	-4900.294017791748	-1712.377477824688	-4537.666033506393
-4429.951148509979	-2049.341931581497	-4800.6307337880135	-3799.292044341564	-4414.7655133605	-4178.130015075207	-3991.8815427422523	-3407.451608657837	-1833.8934117555618	-1815.6911826729774	-1953.4857187867165	-29239.385542213917	-28445.430181205273	-1532.973901450634	-20750.93373477459	-1207.5725326538086	-1713.9165778756142	-28052.68546575308	-2648.981193602085	-1660.6753914952278	-13944.922362983227	-14882.225090265274	-14774.533078432083	-2540.133551597595	-1452.7225189208984	-3877.2416595220566	-4482.846277415752	-1683.0818977355957	-4246.5722823143005
-4318.912391126156	-2022.8918402194977	-4695.951099574566	-3709.284395813942	-4325.046958804131	-4083.4281927347183	-3895.8825309872627	-3322.3580065965652	-1806.8233700990677	-1835.7571616768837	-1925.3976603150368	-29210.50691062212	-28416.357644736767	-1503.8191239237785	-20777.05022227764	-1190.810661315918	-1684.3167224526405	-28023.24239820242	-2594.1576572060585	-1632.8243935704231	-13968.980193793774	-14906.282921075821	-14798.59090924263	-2562.207739830017	-1440.4769744873047	-3780.499527156353	-4378.596287786961	-1646.2686628103256	-4145.1582418084145
-4426.5255944132805	-1981.507040143013	-4637.05475461483	-3722.756263256073	-4267.502188026905	-4187.7734233140945	-3849.7014545202255	-3206.513935625553	-1733.7974903583527	-1803.2823087573051	-1980.5169811844826	-26990.84370523691	-26277.903804302216	-1541.3357015252113	-23074.41115105152	-1192.8490753173828	-1713.2875671982765	-25970.83354461193	-2568.0611258149147	-1632.9854986071587	-16103.893206357956	-14795.200200080872	-15009.04909324646	-2679.22682929039	-1445.3012161254883	-3719.938989698887	-4462.331190466881	-1654.4010404348373	-4299.792437553406
-3780.6309500932693	-1858.1893992424011	-4068.929872274399	-3221.130335211754	-3770.336454629898	-3570.169853270054	-3383.5153042674065	-2875.6249076724052	-1666.0702184438705	-1648.3662244677544	-1763.9551410675049	-29452.54541015625	-28678.283569335938	-1350.1478986144066	-20918.26992738247	-1090.1503524780273	-1497.3899918794632	-28276.40005904436	-2341.396750509739	-1467.5087040662766	-14066.85784882307	-14682.46992135048	-14896.468564271927	-2662.069037437439	-1371.283218383789	-3273.95877379179	-3784.0814597010612	-1514.1912581920624	-3607.7099609971046
-3669.592192709446	-1831.7393078804016	-3964.2502380609512	-3131.1226866841316	-3680.6179000735283	-3475.4680309295654	-3287.516292512417	-2790.5313056111336	-1639.0001767873764	-1668.4322034716606	-1735.8670825958252	-29423.666778564453	-28649.21103286743	-1320.9931210875511	-20944.38641488552	-1073.3884811401367	-1467.7901364564896	-28246.956991493702	-2286.5732141137123	-1439.6577061414719	-14090.915679633617	-14706.527752161026	-14920.526395082474	-2684.143225669861	-1359.0376739501953	-3177.2166414260864	-3679.8314700722694	-1477.3780232667923	-3506.2959204912186
-3842.6404999494553	-1909.1027455925941	-4082.7285205721855	-3187.996690928936	-3715.5271198153496	-3560.4113913178444	-3405.149710536003	-2877.5663071870804	-1668.979911327362	-1672.5840666890144	-1805.834402859211	-27180.620515465736	-26402.137961626053	-1409.3923920989037	-20938.592771470547	-1101.2974853515625	-1711.3378077149391	-26236.86827725172	-607.5753010511398	-1571.0276784300804	-14327.269601762295	-15347.49823051691	-15168.281501293182	-4714.0794959664345	-1393.9756927490234	-3266.5608533620834	-3924.0799247026443	-1493.2583360671997	-3602.9879668951035
-3193.3203015327454	-1717.950213253498	-3351.027659058571	-2609.8349817991257	-3071.0980610847473	-2952.4512295126915	-2796.783472061157	-2345.7396062016487	-1501.1567180156708	-1505.2591084837914	-1616.3038251399994	-27393.78038340807	-26634.991349756718	-1226.5663892626762	-21105.928964078426	-983.8753051757812	-1494.8112217187881	-26460.582870543003	-299.99085795879364	-1377.8609910011292	-14449.205087602139	-15147.743061602116	-15290.216987133026	-4836.014981806278	-1312.536392211914	-2663.277967631817	-3225.315106987953	-1324.3676965236664	-2964.1256455779076
-2270.0478345751762	-1480.4418789744377	-2482.4330219626427	-1947.0839532613754	-2214.420247256756	-2144.670947611332	-2050.749478161335	-1769.9909082055092	-1296.8374675512314	-1322.8349422216415	-514.6400461792946	-27719.15619522333	-26928.670313477516	-1054.6545913219452	-21351.18332773447	-813.369255065918	-1253.3258206248283	-26656.875059962273	-1715.1063495278358	-1202.8241425156593	-14546.804822862148	-15510.403995990753	-15385.887401103973	-4028.8418006896973	-1220.1085662841797	-2035.05802744627	-2373.8508056402206	-1098.3870824575424	-2212.5723247528076
-1620.7276361584663	-1289.2893466353416	-1750.732160449028	-1368.922244131565	-1569.9911885261536	-1536.710785806179	-1442.383239686489	-1238.1642072200775	-1129.01427423954	-1155.5099840164185	-325.109468460083	-27932.316063165665	-27161.52370160818	-871.8285884857178	-21518.51952034235	-695.9470748901367	-1036.7992346286774	-26880.589653253555	-1407.5219064354897	-1009.6574550867081	-14668.740308701992	-15310.648827075958	-15507.822886943817	-4150.777286529541	-1138.6692657470703	-1431.7751417160034	-1675.0859879255295	-929.4964429140091	-1573.7100034356117
-1566.7420171499252	-1266.425571322441	-1703.69839656353	-1385.4022201299667	-1528.996631026268	-1440.7552830576897	-1450.0983952879906	-1234.707999587059	-1099.3298252820969	-1116.9761778712273	-1160.1622292995453	-27927.45108360052	-27117.429587364197	-785.757668197155	-22053.01451176405	-687.1669082641602	-1017.7445784807205	-26912.872794628143	-1448.5784501433372	-983.0216312408447	-14696.600240647793	-15646.246748447418	-16022.447825670242	-3213.846394777298	-1144.852767944336	-1409.6218051314354	-1684.9653179645538	-935.6752044558525	-1522.2101050019264
-917.4218187332153	-1075.273038983345	-971.9975350499153	-807.2405110001564	-884.5675722956657	-832.7951212525368	-841.7321568131447	-702.8812986016273	-931.5066319704056	-949.6512196660042	-970.6316515803337	-28140.610951542854	-27350.28297549486	-602.9316653609276	-22220.35070437193	-569.7447280883789	-801.2179924845695	-27136.587387919426	-1140.994007050991	-789.8549438118935	-14818.535726487637	-15446.491579532623	-16144.383311510086	-3335.7818806171417	-1063.4134674072266	-806.3389194011688	-986.2005002498627	-766.7845649123192	-883.3477836847305
-756.7439626455307	-1094.5421065092087	-850.2768303751945	-679.2304100394249	-769.4749572277069	-705.3549908399582	-721.4240218400955	-629.4185217022896	-912.0917830467224	-938.2555766701698	-945.2925954461098	-28204.813502907753	-27400.481553792953	-558.701030433178	-21771.775768339634	-539.5985794067383	-793.2311522960663	-27151.268139243126	-1062.9613350629807	-778.9017162322998	-14827.025026261806	-15777.961390018463	-15672.424651622772	-3405.940106332302	-997.7862091064453	-712.1122420430183	-810.7078050971031	-740.3641976714134	-754.6647332906723
-760.5327913761139	-1093.500712275505	-836.4722869992256	-668.4960984587669	-734.3732129335403	-702.9293534755707	-704.8373758196831	-617.7623113393784	-909.7938055992126	-891.3990245461464	-940.1820798516273	-28268.2536560297	-27464.75650191307	-556.973319709301	-21775.559307157993	-535.111946105957	-791.0138118267059	-27221.968726873398	-1062.403596997261	-772.5172481536865	-14820.497529923916	-15773.082270145416	-15662.949981212616	-3335.859894990921	-1034.734848022461	-700.3544328212738	-803.1218844652176	-747.1905360817909	-740.4459773302078
-649.4940339922905	-1067.0506209135056	-731.792652785778	-578.4884499311447	-644.6546583771706	-608.2275311350822	-608.8383640646935	-532.6687092781067	-882.7237639427185	-911.4650035500526	-912.0940213799477	-28239.375024437904	-27435.683965444565	-527.8185421824455	-21801.675794661045	-518.3500747680664	-761.4139564037323	-27192.52565932274	-1007.5800606012344	-744.6662502288818	-14844.555360734463	-15797.140100955963	-15687.007812023163	-3357.934083223343	-1022.4893035888672	-603.6123004555702	-698.8718948364258	-710.3773011565208	-639.0319368243217
-107.4237642288208	-903.3895741701126	-118.5759688615799	-101.06870090961456	-125.04589849710464	-97.3948290348053	-113.05778336524963	-97.59182071685791	-744.2685897350311	-770.9306184649467	-755.7620177268982	-28417.973370850086	-27633.33494192362	-375.87502759695053	-21939.111960947514	-422.17639923095703	-576.7045662999153	-27374.98273253441	-755.3768919706345	-585.7350288033485	-14948.96051210165	-15578.206221103668	-15794.360137462616	-3527.875592172146	-916.3469085693359	-108.82935631275177	-111.94298738241196	-571.4735581278801	-115.80241197347641
-111.21259295940399	-902.348179936409	-104.77142548561096	-90.3343893289566	-89.94415420293808	-94.96919167041779	-96.47113734483719	-85.93561035394669	-741.9706122875214	-724.0740663409233	-750.6515021324158	-28481.413523972034	-27697.609890043736	-374.1473168730736	-21942.895499765873	-417.6897659301758	-574.487225830555	-27445.68332016468	-754.8191539049149	-579.3505607247353	-14942.43301576376	-15573.327101230621	-15784.88546705246	-3457.7953808307648	-953.2955474853516	-97.07154709100723	-104.35706675052643	-578.2998965382576	-101.58365601301193
-0.17383557558059692	-875.8980885744095	-0.09179127216339111	-0.3267408013343811	-0.22559964656829834	-0.2673693299293518	-0.4721255898475647	-0.8420082926750183	-714.9005706310272	-744.1400453448296	-722.5634436607361	-28452.534892380238	-27668.53735357523	-344.9925393462181	-21969.011987268925	-400.92789459228516	-544.8873704075813	-27416.24025261402	-699.9956175088882	-551.4995627999306	-14966.490846574306	-15597.384932041168	-15808.943297863007	-3479.8695690631866	-941.0500030517578	-0.3294147253036499	-0.10707712173461914	-541.4866616129875	-0.1696155071258545
