-8395.769951462746	-524.1544387340546	-9509.872493684292	-9306.963928997517	-9171.622248470783	-8963.146652162075	-9111.986127197742	-985.523107945919	-1016.5175243616104	-5136.00037997961	-493.652197599411	-3480.319253563881	-5966.709074318409	-561.0931311845779	-997.1528468132019	-7942.581504881382	-1006.9164254665375	-2378.597770690918	-7087.780500113964	-610.454071521759	-9178.31676286459	-1218.3583597540855	-1103.7518381476402	-9318.961746096611	-1897.1598237752914	-274.918536901474	-9471.882131278515	-9241.309129536152	-9658.821621894836	-5728.658880352974	-8842.190692543983	-683.6468179821968	-9340.548151612282	-9130.647113502026	-557.2892578840256	-435.47013759613037	-300.3981788754463	-9112.10371851921	-9034.705960571766	-6603.590525567532	-856.9418495297432	-8991.458575963974	-9338.960423409939	-372.34794265031815	-1253.5671159029007	-3538.182997584343	-9333.179639220238	-1844.8607143759727	-406.5123923420906	-2200.540865302086
-8587.536438763142	-686.5305526256561	-9432.339157938957	-9173.08089095354	-8914.388706207275	-8883.982123732567	-8920.317988872528	-1176.1595569252968	-1200.998076558113	-5325.4037155508995	-680.0086534023285	-3646.5450813770294	-6146.267325282097	-753.413644015789	-1187.7488853931427	-7777.019427537918	-1169.7358729839325	-2567.565263748169	-7263.814690947533	-422.8508508205414	-9090.26411396265	-1419.240941643715	-1274.704953610897	-9171.380372524261	-2089.4453278779984	-87.24801051616669	-9294.711770951748	-9150.238260507584	-9467.42063909769	-5904.062120974064	-8689.203718185425	-860.0862787365913	-9145.144713699818	-8938.272671699524	-718.1356638669968	-625.3268514871597	-86.76121789216995	-8935.35036033392	-8877.292438328266	-6772.391549050808	-1037.5622218251228	-8879.941161036491	-9177.576054811478	-555.5249649882317	-1470.740330338478	-3713.9228205680847	-9182.654999136925	-2027.0518106222153	-578.3066869974136	-2381.316491186619
-8201.85659480095	-757.8892429471016	-9295.674545168877	-9073.980276107788	-8952.402225077152	-8691.325437605381	-8893.82451826334	-1235.9458035826683	-1277.0031898021698	-5373.65378087759	-750.04314661026	-3748.6610716581345	-6241.532179474831	-832.8426688313484	-1256.8068278431892	-8201.64326775074	-1258.6740494966507	-2630.107004880905	-6829.422277569771	-895.9922067523003	-8950.302682161331	-1469.9229957461357	-1352.1427637934685	-9136.21147531271	-2166.5146780610085	-562.3337309360504	-9252.769328534603	-9016.980051159859	-9376.238739848137	-5983.986023783684	-8543.407174289227	-915.984211742878	-9096.488163292408	-8901.343026041985	-797.6911123991013	-95.55467200279236	-557.2438363432884	-8818.621213018894	-9296.503621637821	-6319.090947568417	-1128.466129541397	-8710.920960009098	-9062.442204415798	-90.97158920764923	-1023.0708104968071	-3785.0993441343307	-9095.117806851864	-2116.0983112454414	-119.35449266433716	-2480.727655827999
-8726.82723158598	-868.8490962982178	-9125.885645031929	-9128.639350891113	-8858.555781245232	-8582.965976178646	-8833.13997232914	-1300.2435175776482	-1306.3004924058914	-5445.765212953091	-802.1220094561577	-3782.7638869285583	-6273.245824754238	-838.4037653803825	-1312.4582600593567	-7650.878331959248	-1321.5898825526237	-1965.0781657099724	-7413.144808590412	-306.9499472975731	-8847.909269988537	-1534.160674571991	-1403.724097788334	-9003.875197827816	-2190.2770790457726	-607.7069512605667	-9148.320672750473	-8992.25003451109	-9319.038776040077	-6051.888943970203	-8490.775845706463	-1000.8862265944481	-9052.142080783844	-8825.0941324234	-855.7762696743011	-724.955502986908	-619.3263742923737	-8869.46446788311	-8729.138894498348	-6927.716200530529	-1169.3380724787712	-8762.101496517658	-9038.610282838345	-688.420527279377	-1563.3733196258545	-3859.471252679825	-9113.896314680576	-2145.4824397563934	-696.866658270359	-2543.234992682934
-7996.339162826538	-124.16104298830032	-9259.31102347374	-8897.25390380621	-8783.803411245346	-8545.161354064941	-8774.189735651016	-1330.8493478894234	-1365.1232916116714	-4778.169784545898	-844.1784922480583	-3224.623124420643	-5596.378457427025	-145.921033680439	-1342.6467671394348	-7667.758577764034	-1335.2537547945976	-2709.66657525301	-6696.593585550785	-964.6278852820396	-8864.919290542603	-1555.040968298912	-1428.9856315255165	-8951.373239636421	-2252.60967451334	-614.2308413982391	-9148.786450505257	-8839.346076071262	-9322.704669892788	-5379.853679656982	-8514.585903704166	-1045.4503082633018	-9032.73986685276	-8710.305902302265	-157.19561284780502	-778.3196959495544	-653.223866045475	-8867.275706112385	-8645.971073031425	-6292.26365339756	-1208.0599834918976	-8657.65830039978	-8936.399424493313	-695.9678975939751	-1589.5012962818146	-3942.324321448803	-9080.667761743069	-2186.2985138893127	-724.5768418908119	-2558.527058839798
-8393.623082101345	-920.2653568387032	-9218.141209423542	-8940.097238063812	-8695.168682813644	-8612.160909175873	-8702.156379938126	-1426.582252562046	-1461.4837419986725	-5563.057116448879	-936.3996024131775	-3914.886899471283	-6421.0904304385185	-1025.1631816625595	-1447.40286642313	-8036.081190407276	-1421.4934970140457	-2819.074497938156	-7005.456468403339	-708.3889860510826	-8862.250033259392	-1670.805577635765	-1523.0958792567253	-8988.63010174036	-2358.8001821637154	-374.6632045507431	-9075.598968207836	-8925.90918213129	-9184.837757050991	-6159.389264404774	-8390.420199930668	-1092.4236724972725	-8901.084725379944	-8708.968584239483	-958.5375183820724	-285.4113858938217	-343.60687536001205	-8641.867854833603	-9139.090099394321	-6487.891971051693	-1309.0865018367767	-8599.403545081615	-8901.057835817337	-274.14861154556274	-1240.2440249323845	-3960.8391671180725	-8944.59316676855	-2298.289407491684	-291.1487873196602	-2661.503281712532
-8918.593718886375	-1031.2252101898193	-9048.352309286594	-8994.756312847137	-8601.322238981724	-8503.801447749138	-8641.471834003925	-1490.879966557026	-1490.781044602394	-5635.16854852438	-988.4784652590752	-3948.989714741707	-6452.804075717926	-1030.7242782115936	-1503.0542986392975	-7485.316254615784	-1484.4093300700188	-2154.0456587672234	-7589.178999423981	-119.34672659635544	-8759.856621086597	-1735.0432564616203	-1574.6772132515907	-8856.293824255466	-2382.5625831484795	-420.0364248752594	-8971.150312423706	-8901.179165482521	-9127.637793242931	-6227.292184591293	-8337.788871347904	-1177.3256873488426	-8856.73864287138	-8632.7196906209	-1016.6226756572723	-914.8122168779373	-405.6894133090973	-8692.711109697819	-8571.725372254848	-7096.517224013805	-1349.9584447741508	-8650.584081590176	-8877.225914239883	-871.5975496172905	-1780.5465340614319	-4035.2110756635666	-8963.371674597263	-2327.673536002636	-868.6609529256821	-2724.0106185674667
-7861.958485722542	-1010.3130460977554	-9101.562497496605	-8863.663166821003	-8623.488341867924	-8396.238033235073	-8506.811543047428	-1458.983624458313	-1504.8520372509956	-4643.429978609085	-202.86407685279846	-3992.10313308239	-5473.433832406998	-1035.3689843416214	-1480.7390399575233	-7528.588517785072	-1517.5913890004158	-2842.078916966915	-6581.781097590923	-1118.6132436990738	-8719.919555962086	-1755.5007942318916	-1609.1839640140533	-8836.72676986456	-2334.0140641331673	-759.2162151932716	-9084.955664813519	-8809.352457225323	-9240.648644208908	-5197.167338907719	-8362.001437544823	-1139.4472498893738	-8899.642017543316	-8624.697962522507	-1024.7518562078476	-925.826759159565	-809.5689590573311	-8746.866055965424	-8442.171464979649	-6053.8546214699745	-1360.743254184723	-8626.750682294369	-8870.091224908829	-869.9244628548622	-1733.7325747609138	-3038.4034982323647	-8874.932763576508	-2329.212850213051	-895.8053742051125	-2654.8217603564262
-8188.105650126934	-286.5371568799019	-9181.777687728405	-8763.370865762234	-8526.569868981838	-8465.996825635433	-8582.521597325802	-1521.4857968688011	-1549.6038438081741	-4967.5731201171875	-1030.5349480509758	-3390.8489522337914	-5775.936708390713	-338.2415465116501	-1533.2428057193756	-7502.19650042057	-1498.0732023119926	-2898.634068310261	-6872.627776384354	-777.024664580822	-8776.866641640663	-1755.9235501885414	-1599.9387469887733	-8803.791866064072	-2444.895178616047	-426.5603150129318	-8971.61609017849	-8748.275207042694	-9131.303687095642	-5555.256920278072	-8361.598929345608	-1221.8897690176964	-8837.336428940296	-8517.931460499763	-318.0420188307762	-968.1764098405838	-439.58690506219864	-8690.522347927094	-8488.557550787926	-6461.0646768808365	-1388.6803557872772	-8546.140885472298	-8775.015055894852	-879.1449199318886	-1806.674510717392	-4118.064144432545	-8930.143121659756	-2368.4896101355553	-896.371136546135	-2739.302684724331
-8532.913874924183	-1102.5839005112648	-8911.687696516514	-8895.655698001385	-8639.3357578516	-8311.144761621952	-8614.978363394737	-1550.6662132143974	-1566.7861578464508	-5683.41861385107	-1058.5129584670067	-4051.105705022812	-6548.06892991066	-1110.153303027153	-1572.112241089344	-7909.940094828606	-1573.347506582737	-2216.5873998999596	-7154.786586046219	-592.4880825281143	-8619.895189285278	-1785.7253105640411	-1652.1150234341621	-8821.124927043915	-2459.6319333314896	-895.1221452951431	-8929.207870006561	-8767.920956134796	-9036.455893993378	-6307.216087400913	-8191.992327451706	-1233.2236203551292	-8808.08209246397	-8595.79004496336	-1096.1781241893768	-385.04003739356995	-876.1720317602158	-8575.981962382793	-8990.936555564404	-6643.216622531414	-1440.862352490425	-8481.563880562782	-8762.092063844204	-407.04417383670807	-1332.877014219761	-4106.387599229813	-8875.834482312202	-2416.720036625862	-409.7087585926056	-2823.421783208847
-7802.4258061647415	-357.89584720134735	-9045.113074958324	-8664.270250916481	-8564.583387851715	-8273.340139508247	-8556.028126716614	-1581.2720435261726	-1625.6089570522308	-5015.823185443878	-1100.5694412589073	-3492.9649425148964	-5871.2015625834465	-417.6705713272095	-1602.3007481694221	-7926.820340633392	-1587.0113788247108	-2961.175809442997	-6438.235363006592	-1250.1660205125809	-8636.905209839344	-1806.6056042909622	-1677.3765571713448	-8768.62296885252	-2521.964528799057	-901.6460354328156	-8929.673647761345	-8615.01699769497	-9040.121787846088	-5635.180823087692	-8215.80238544941	-1277.787702023983	-8788.679878532887	-8481.001814842224	-397.5974673628807	-438.40423035621643	-910.0695235133171	-8573.793200612068	-8907.76873409748	-6007.764075398445	-1479.5842635035515	-8377.120684444904	-8659.881205499172	-414.59154415130615	-1359.004990875721	-4189.240667998791	-8842.605929374695	-2457.5361107587814	-437.4189422130585	-2838.713849365711
-8327.396442949772	-468.85570055246353	-8875.324174821377	-8718.929325699806	-8470.736944019794	-8164.980678081512	-8495.343580782413	-1645.5697575211525	-1654.9062596559525	-5087.934617519379	-1152.648304104805	-3527.0677577853203	-5902.915207862854	-423.2316678762436	-1657.9521803855896	-7376.0554048419	-1649.927211880684	-2296.146970272064	-7021.957894027233	-661.1237610578537	-8534.51179766655	-1870.8432831168175	-1728.9578911662102	-8636.286691367626	-2545.726929783821	-947.0192557573318	-8825.224991977215	-8590.2869810462	-8982.921824038029	-5703.083743274212	-8163.171056866646	-1362.6897168755531	-8744.333796024323	-8404.75292122364	-455.6826246380806	-1067.805061340332	-972.1520614624023	-8624.636455476284	-8340.404006958008	-6616.389328360558	-1520.4562064409256	-8428.301220953465	-8636.049283921719	-1012.0404822230339	-1899.3075000047684	-4263.612576544285	-8861.384437203407	-2486.9202392697334	-1014.9311078190804	-2901.221186220646
-8053.724973022938	-1172.689159989357	-9024.02916175127	-8729.780128777027	-8366.254799604416	-8317.073504805565	-8315.143404722214	-1649.6200734376907	-1689.3325894474983	-4832.833314180374	-389.22053265571594	-4158.328960895538	-5652.992083370686	-1227.6894971728325	-1671.3350785374641	-7363.026440441608	-1680.4108365178108	-3031.046410024166	-6757.815288424492	-931.0100229978561	-8631.866907060146	-1956.383376121521	-1780.1370794773102	-8689.14539629221	-2526.299568235874	-571.5456888079643	-8907.785304486752	-8718.281588196754	-9049.247661411762	-5372.570579528809	-8209.014463186264	-1315.8867106437683	-8704.238579630852	-8432.323520720005	-1185.5982621908188	-1115.6834730505943	-595.9319980740547	-8570.112697780132	-8284.757942736149	-6222.655644953251	-1541.3636264801025	-8515.233267366886	-8708.706856310368	-1053.1014851927757	-1950.9057891964912	-3214.1433212161064	-8724.408123493195	-2511.4039464592934	-1067.5996688604355	-2835.597386240959
-7599.890008211136	-1268.0995470285416	-8596.468650460243	-8519.786090493202	-8559.590228378773	-8295.731808245182	-8423.481814563274	-1732.00337433815	-1779.1903141736984	-5874.499032855034	-1233.876108288765	-4241.734151482582	-6652.053149700165	-1266.2988650798798	-1748.5721198916435	-8664.468137085438	-1740.0275280475616	-3083.009370267391	-6323.793244540691	-1354.1038462519646	-8489.86207908392	-1973.8557736873627	-1851.8074709177017	-8676.765323400497	-2657.0039598345757	-975.9574092626572	-8727.858146429062	-8593.764074325562	-8973.31549859047	-6467.602797627449	-8266.398851752281	-1410.4687967300415	-8697.830840528011	-8469.74469691515	-1248.4816467165947	-1188.2135143876076	-1095.7346646785736	-8370.16134339571	-8319.179744958878	-6036.647516608238	-170.91006708145142	-8386.676359772682	-8524.790080308914	-1084.6074849367142	-448.8775967359543	-4249.951781690121	-8576.67434591055	-2586.0210736989975	-1157.6181306242943	-2972.9293726682663
-7668.045129060745	-1244.0478503108025	-8887.36454898119	-8630.679513931274	-8404.268318474293	-8124.416818678379	-8288.649934113026	-1709.4063200950623	-1765.337702691555	-4881.083379507065	-459.25502586364746	-4260.444951176643	-5748.256937563419	-1307.1185219883919	-1740.3930209875107	-7787.65028065443	-1769.349013030529	-3093.5881511569023	-6323.42287504673	-1404.151378929615	-8491.905475258827	-2007.0654302239418	-1857.5748896598816	-8653.976499080658	-2603.3689184188843	-1046.631409227848	-8865.842862069607	-8585.02337884903	-8958.065762162209	-5452.4944823384285	-8063.217919290066	-1371.784643650055	-8655.582029223442	-8395.393875062466	-1265.1537107229233	-585.911293566227	-1066.4146165251732	-8453.383550465107	-8703.969126045704	-5769.3550434708595	-1632.2675341963768	-8346.213066339493	-8593.573005914688	-588.5481094121933	-1503.2362693548203	-3285.3198447823524	-8636.870931208134	-2600.4504470825195	-608.647474527359	-2935.0085508823395
-8724.680362224579	-1264.9600144028664	-8834.15436077118	-8761.772659957409	-8382.102215588093	-8231.980233192444	-8423.310225069523	-1741.3026621937752	-1751.2667100429535	-5872.8219494223595	-1244.8694142699242	-4217.33153283596	-6727.627180874348	-1302.473815858364	-1762.7082796692848	-7744.378017485142	-1736.166954100132	-2405.5548929572105	-7330.820776879787	-404.88486182689667	-8531.842540383339	-1986.6078924536705	-1823.068138897419	-8673.543553471565	-2651.9174374341965	-707.4516189098358	-8752.037509679794	-8676.850087106228	-8845.054911196232	-6482.619328022003	-8039.005353093147	-1409.6630811095238	-8612.678654551506	-8403.415603160858	-1257.024530172348	-574.8967512845993	-662.5350707769394	-8399.228604197502	-8833.523033320904	-6812.01764601469	-1621.4827247858047	-8370.0464656353	-8600.707695245743	-590.2211961746216	-1550.0502286553383	-4282.127422213554	-8725.30984222889	-2598.9111328721046	-581.5030532479286	-3004.19740909338
-7629.380494475365	-1264.8526184558868	-8762.395899176598	-8414.568594157696	-8442.533007264137	-8277.43518358469	-8439.034477949142	-1730.4804369807243	-1728.6257911920547	-5877.687825918198	-1264.3948432803154	-4239.364752233028	-6727.459220945835	-1341.2932658791542	-1804.1629669070244	-7096.351038217545	-1795.4158232212067	-3091.048912227154	-7819.317797482014	-1340.2569546699524	-8474.515940845013	-1837.08652728796	-1891.8055624961853	-8644.294173777103	-2676.2736517190933	-1019.472994863987	-8587.803754806519	-8609.446301937103	-8942.621312439442	-6461.398975968361	-8070.69811630249	-1430.4257927536964	-8574.44157320261	-8378.487530946732	-1336.4195355176926	-1162.9390051960945	-1035.1711454987526	-8348.745890438557	-8385.412119090557	-7340.7459107637405	-1589.7661024332047	-8257.038047671318	-8668.323299884796	-1129.684974014759	-2004.7892414331436	-4206.826889693737	-8396.24685138464	-1169.64622682333	-1205.6909838318825	-2957.585110127926
-7786.673585653305	-1325.477030992508	-8758.219178438187	-8633.637409746647	-8569.461300611496	-8168.3391434550285	-8305.587792634964	-1802.9285014271736	-1826.441099345684	-5942.195943117142	-1286.5988691449165	-4243.696788489819	-6780.168718159199	-1378.9780418872833	-1831.629501760006	-7208.734241366386	-1783.361594259739	-3144.4399113059044	-7914.133485198021	-1391.6199043393135	-8400.053292095661	-185.37789607048035	-1936.092810690403	-8533.75438964367	-2705.026147067547	-1087.8315836787224	-8740.277998507023	-8417.99625402689	-8708.534212112427	-6516.682004511356	-8215.370110213757	-1478.7009400725365	-8588.025696218014	-8478.315212130547	-1348.3775562644005	-1241.8725764751434	-1112.9709641933441	-8274.666130065918	-8223.943723857403	-7455.1024604439735	-1688.4556549787521	-8239.14349246025	-8651.225550293922	-1223.8533625006676	-2042.3309918045998	-2634.8586351275444	-8473.480079889297	-971.7908799648285	-1192.1986871361732	-3029.4687556624413
-8193.015765845776	-1355.0077036619186	-8717.575648844242	-8685.3385887146	-8310.421874642372	-8016.057357251644	-8227.965388178825	-1773.7040340900421	-1794.6350052952766	-4953.194811582565	-511.33388870954514	-4294.547766447067	-5779.970582842827	-1312.679618537426	-1796.0444532036781	-7236.885344862938	-1832.264846086502	-2428.5593119859695	-6907.145406067371	-815.1091194748878	-8389.512063086033	-2071.303109049797	-1909.156223654747	-8521.640221595764	-2627.1313194036484	-1092.0046295523643	-8761.394206285477	-8560.29336220026	-8900.865798354149	-5520.397402524948	-8010.586590707302	-1456.686658501625	-8611.235946714878	-8319.144981443882	-1323.2388679981232	-1215.3121245503426	-1128.4971544742584	-8504.226805329323	-8136.604398906231	-6377.980296432972	-1673.139477133751	-8397.393602848053	-8569.741084337234	-1185.997047483921	-2043.5387784838676	-3359.6917533278465	-8655.649439036846	-2629.8345755934715	-1186.159640133381	-2997.515887737274
-7731.968747675419	-1330.5230028033257	-8749.804147005081	-8499.94752073288	-8459.773539543152	-8354.779236793518	-8306.13972479105	-180.01856940984726	-1811.9514491558075	-5971.946745097637	-1339.0440775752068	-2629.2147566080093	-5299.562055170536	-1370.906264424324	-1850.7748341560364	-7222.272427618504	-183.74327957630157	-3210.067981481552	-6280.0169986486435	-1440.3303243517876	-8322.574169874191	-2043.33353805542	-1890.9617410898209	-8579.211788058281	-2716.7351030111313	-1096.2290771603584	-8749.825810313225	-8447.09339350462	-8694.273957312107	-5024.558441281319	-8095.536581099033	-1500.1674118041992	-8448.481074094772	-8299.877640247345	-1407.6314803361893	-1273.1649897098541	-1133.3428354859352	-8310.553063809872	-8150.489878118038	-5718.892784774303	-1663.3884877562523	-8275.759077072144	-8374.222493171692	-1182.9742663502693	-2101.8718084692955	-4389.48984003067	-8519.353405058384	-2650.942589700222	-1205.7291242480278	-3050.543415784836
-7462.527697086334	-610.3196503520012	-8851.001027286053	-8453.953141629696	-8235.669504642487	-7978.252735137939	-8169.015151500702	-1804.3098644018173	-1853.4578045010567	-4285.599383175373	-553.3903715014458	-3736.4070039391518	-5103.103215515614	-620.1968868374825	-1826.2329602837563	-7253.765590667725	-1845.928718328476	-3173.147721529007	-6190.594183027744	-1472.7870574593544	-8406.522083640099	-2092.183402776718	-1934.4177573919296	-8469.13826340437	-2689.463914871216	-1098.5285196900368	-8761.85998404026	-8407.389403760433	-8904.53169220686	-4848.362138211727	-8034.396648705006	-1501.2507401704788	-8591.833732783794	-8204.356751322746	-624.658211171627	-1268.676317512989	-1162.3946462273598	-8502.038043558598	-8053.436577439308	-5742.527749300003	-1711.8613881468773	-8292.950406730175	-8467.530225992203	-1193.5444177985191	-2069.6667551398277	-3442.5448220968246	-8622.420886099339	-2670.650649726391	-1213.8698237538338	-3012.8079538941383
-8519.162930250168	-631.2318144440651	-8797.790839076042	-8585.04628765583	-8213.503401756287	-8085.816149652004	-8303.6754424572	-1836.2062065005302	-1839.3868118524551	-5277.337953090668	-1339.0047599077225	-3693.293585598469	-6082.473458826542	-615.5521807074547	-1848.5482189655304	-7210.493327498436	-1812.746659398079	-2485.114463329315	-7197.992084860802	-473.52054035663605	-8446.45914876461	-2071.725865006447	-1899.911006629467	-8488.705317795277	-2738.012433886528	-759.3487293720245	-8648.054631650448	-8499.216112017632	-8791.520841240883	-5878.486983895302	-8010.184082508087	-1539.1291776299477	-8548.930358111858	-8212.378479421139	-616.5290306210518	-1257.6617752313614	-758.515100479126	-8447.883097290993	-8182.990484714508	-6785.190351843834	-1701.0765787363052	-8316.783806025982	-8474.664915323257	-1195.2175045609474	-2116.4807144403458	-4439.352399528027	-8710.859797120094	-2669.111335515976	-1186.7254024744034	-3081.996812105179
-7580.508114218712	-1372.9816135168076	-8528.136479377747	-8438.609061002731	-8247.521490693092	-8151.8108830451965	-8285.01913511753	-1843.734358906746	-172.85491746664047	-4309.327344894409	-1368.2517320513725	-2544.866095006466	-5029.146092474461	-1447.903342306614	-1845.6789065003395	-7225.75851982832	-1908.281081020832	-3229.9557569622993	-6365.130511879921	-1498.7693687677383	-8259.415861427784	-2104.475164294243	-181.81291019916534	-8286.494754552841	-2788.9795565009117	-1204.6801435351372	-8525.141053020954	-8391.054889500141	-8757.595392465591	-4709.883792459965	-8090.987818360329	-1582.1994757652283	-8351.746368706226	-8415.020417392254	-1412.6530016064644	-1287.1740365624428	-1138.9938787817955	-8256.25765478611	-8267.58687633276	-5849.54705530405	-1751.926154434681	-7977.920129835606	-8449.282866477966	-1241.5270168185234	-2123.554917871952	-4416.856545329094	-8435.071583628654	-2726.1939952373505	-1295.1205169558525	-3038.637182712555
-7791.656495511532	-1430.4756609201431	-8518.935314714909	-8385.903052449226	-8302.356686115265	-8216.567279815674	-8231.81367623806	-1922.6398233175278	-1963.670866370201	-6063.902368426323	-1420.2325640916824	-4407.959979295731	-6831.611400663853	-1458.6193779110909	-1939.1681584715843	-8498.906059741974	-1902.8469755649567	-3271.976863324642	-6499.82743537426	-1166.500625550747	-8401.80943018198	-2174.738355576992	-2022.7605863809586	-8529.183949828148	-2849.2894639372826	-788.2868828773499	-8550.687786102295	-8502.693205296993	-8781.914515793324	-6643.006038248539	-8113.4118773937225	-1586.908257484436	-8502.427402615547	-8277.370255112648	-1409.328052699566	-1378.070228278637	-882.0977036952972	-8193.407985210419	-8161.766222715378	-6205.448540091515	-351.53043937683105	-8275.1589448452	-8363.405711710453	-1267.7845072746277	-666.0508111715317	-4425.6916046738625	-8426.149705827236	-2768.21216994524	-1329.4124252796173	-3153.704998552799
-7821.146981775761	-1427.2287323474884	-8684.862563431263	-8280.68555611372	-8185.299465000629	-8198.270655155182	-8247.366339623928	-1921.116885960102	-1913.1063433885574	-6067.091161489487	-1450.7512990832329	-4405.590580046177	-6907.017471909523	-1533.6137787103653	-1994.7590054869652	-6930.788960874081	-1958.2352707386017	-3280.0164052844048	-7995.351988315582	-1152.6537339687347	-8386.463291943073	-2037.9691091775894	-2062.758677959442	-8496.712800204754	-2868.5591558218002	-831.8024684786797	-8410.633394479752	-8518.375432908535	-8751.220329642296	-6636.802216589451	-7917.711141943932	-1606.865253508091	-8379.038135290146	-8186.11308914423	-1497.2659415006638	-1352.7957190871239	-821.5341845154762	-8171.992532253265	-8227.998596847057	-7509.546934247017	-1770.3864747285843	-8145.520632743835	-8506.938931286335	-1312.8619963526726	-2221.962455868721	-4382.566712677479	-8245.722211301327	-1351.8373230695724	-1377.4852784872055	-3138.360736012459
-7978.440072953701	-1487.8531448841095	-8680.685842692852	-8499.754371702671	-8312.227758347988	-8089.17461502552	-8113.91965430975	-1993.5649504065514	-2010.9216515421867	-6131.599278688431	-1472.955324947834	-4409.922616302967	-6959.726969122887	-1571.2985547184944	-2022.2255403399467	-7043.1721640229225	-1946.181041777134	-3333.4074043631554	-8090.1676760315895	-1204.0166836380959	-8312.000643193722	-386.2604779601097	-2107.04592615366	-8386.17301607132	-2897.3116511702538	-900.1610572934151	-8563.107638180256	-8326.925384998322	-8517.133229315281	-6692.085245132446	-8062.383135855198	-1655.140400826931	-8392.62225830555	-8285.940770328045	-1509.2239622473717	-1431.7292903661728	-899.3340032100677	-8097.912771880627	-8066.530201613903	-7623.90348392725	-1869.0760272741318	-8127.626077532768	-8489.841181695461	-1407.030384838581	-2259.504206240177	-2810.598458111286	-8322.955439805984	-1153.981976211071	-1363.9929817914963	-3210.244381546974
-8384.782253146172	-1517.3838175535202	-8640.042313098907	-8551.455550670624	-8053.188332378864	-7936.892828822136	-8036.297249853611	-1964.3404830694199	-1979.1155574917793	-5142.598147153854	-697.6903445124626	-4460.773594260216	-5959.528833806515	-1505.000131368637	-1986.640491783619	-7071.323267519474	-1995.084293603897	-2617.5268050432205	-7083.17959690094	-627.5058987736702	-8301.459414184093	-2272.1856909394264	-2080.109339118004	-8374.058848023415	-2819.4168235063553	-904.334103167057	-8584.22384595871	-8469.222493171692	-8709.464815557003	-5695.800643146038	-7857.599616348743	-1633.1261192560196	-8415.832508802414	-8126.77053964138	-1484.0852739810944	-1405.168838441372	-914.860193490982	-8327.473447144032	-7979.190876662731	-6546.781319916248	-1853.7598494291306	-8285.87618792057	-8408.356715738773	-1369.1740698218346	-2260.711992919445	-3535.4315763115883	-8505.124798953533	-2812.025671839714	-1357.953934788704	-3178.291513621807
-7496.251937329769	-1475.9178268909454	-8496.198098003864	-8227.282017886639	-8250.40282201767	-7977.609875559807	-8383.461353898048	-1980.034119963646	-1958.2003927826881	-4131.683658838272	-1453.9151550531387	-2452.7230710983276	-4978.765214860439	-1505.072433233261	-2028.2817885279655	-6901.753260910511	-1992.0905889868736	-3380.905634343624	-6274.234420597553	-1581.9529632925987	-8249.276115655899	-2280.657149076462	-2046.7396741509438	-8256.362323582172	-2859.5320758223534	-1283.1991477012634	-8485.317382872105	-8155.656373441219	-8644.350479185581	-5208.345334649086	-7888.030536234379	-509.30506986379623	-8292.538226246834	-8174.498293220997	-1502.8876841664314	-1380.1731631159782	-1298.0725570321083	-8231.111496925354	-8207.931393265724	-6098.930958092213	-1852.4496093392372	-8034.141721129417	-8448.688381433487	-1390.2522676587105	-2240.957221031189	-4465.932865381241	-8355.225377738476	-2855.4548708200455	-1415.5831516385078	-3162.1566707491875
-7405.976651549339	-1501.8343512415886	-8382.270701944828	-8286.802437603474	-8340.370204985142	-8023.910593688488	-8205.320205628872	-1982.4260699748993	-2039.6759796142578	-6112.152433753014	-1490.267057299614	-4510.075969576836	-6926.8762548565865	-1538.0484027266502	-2008.2261009216309	-8923.529899954796	-1991.7851520776749	-3334.5186044573784	-6065.435021996498	-1639.6419814825058	-8261.847998380661	-2225.420409679413	-2100.19839656353	-8494.015052616596	-2926.3588141202927	-1263.3726032972336	-8508.74534368515	-8369.434995949268	-8690.73261654377	-6722.929941058159	-7967.615333497524	-1642.8061904907227	-8453.770852208138	-8240.440609455109	-1488.8835012316704	-848.2980487942696	-1352.5803221464157	-8076.678837895393	-8580.977406024933	-5752.147938609123	-442.4343470931053	-8106.138743817806	-8248.271861314774	-803.2311314940453	-218.3812913298607	-4496.8681282401085	-8338.612513542175	-2857.258670568466	-870.4602309465408	-3253.1161631941795
-7923.735234975815	-1492.8991166949272	-8672.270811259747	-8366.064482688904	-8202.539997279644	-8275.61470836401	-8114.471586465836	-370.655018389225	-1996.4320013523102	-6161.350080668926	-1525.4005333781242	-2795.440584421158	-5479.120306134224	-1563.2267772555351	-2041.3708727359772	-7056.71035027504	-346.5627270936966	-3399.035474538803	-6456.051189482212	-1252.72710365057	-8234.521520972252	-2244.2161199450493	-2061.9148565530777	-8431.630414485931	-2909.020607113838	-908.5585507750511	-8572.655449986458	-8356.022524476051	-8502.872974514961	-5199.961681902409	-7942.549606740475	-1676.6068725585938	-8253.077636182308	-8107.503198444843	-1568.4778863191605	-1463.0217036008835	-919.7058745026588	-8133.79970562458	-7993.076355874538	-5887.69380825758	-1844.008860051632	-8164.241662144661	-8212.83812457323	-1366.1512886881828	-2319.045022904873	-4565.229663014412	-8368.828764975071	-2833.1336859464645	-1377.5234189033508	-3231.3190416693687
-7435.467137813568	-1498.5874226689339	-8548.197950661182	-8181.584941267967	-8223.312983870506	-8005.613969027996	-8220.87286901474	-1980.9031326174736	-1989.1114566326141	-6115.341226816177	-1520.7857922911644	-4507.706570327282	-7002.282326102257	-1613.0428035259247	-2063.8169479370117	-7355.412801086903	-2047.1734472513199	-3342.558146417141	-7560.95957493782	-1625.7950899004936	-8246.501860141754	-2088.65116328001	-2140.1964881420135	-8461.543902993202	-2945.6285060048103	-1306.8881888985634	-8368.690952062607	-8385.11722356081	-8660.038430392742	-6716.726119399071	-7771.914598047733	-1662.7631865143776	-8330.381584882736	-8149.1834434866905	-1576.8213900327682	-823.0235396027565	-1292.0168029665947	-8055.26338493824	-8647.209780156612	-7056.246332764626	-1861.2903824448586	-7976.500431716442	-8391.805080890656	-848.3086205720901	-1774.29293602705	-4453.743236243725	-8158.185019016266	-1440.8838236927986	-918.533084154129	-3237.771900653839
-7930.94728833437	-1612.7942045927048	-8212.48180180788	-8341.461512386799	-8246.523761153221	-7915.551132261753	-8144.635659694672	-2046.7237839698792	-2068.9732822179794	-6184.263865828514	-1542.3459201455116	-4544.1787848472595	-6958.589900135994	-1543.6094992756844	-2063.8775331377983	-8372.764964163303	-2054.700985133648	-2669.4897652864456	-6649.157553017139	-1050.5997220277786	-8159.454586207867	-2289.658088505268	-2151.7797305583954	-8361.678775131702	-2950.1212151050568	-1308.7458236217499	-8404.29668790102	-8344.704979300499	-8633.53265273571	-6790.8328612446785	-7914.984004914761	-1727.7082053422928	-8409.424769699574	-8164.191715836525	-1546.9686585068703	-1477.6988797783852	-1414.662860095501	-8127.522092759609	-8013.61267888546	-6360.773191571236	-483.30629003047943	-8157.319280326366	-8224.43993973732	-1400.680069565773	-758.6838004589081	-4571.240036785603	-8357.391021370888	-2886.642799079418	-1447.9723965525627	-3315.623500049114
-7592.7602289915085	-1559.211835205555	-8544.021229922771	-8400.653756856918	-8350.241277217865	-7896.5179288983345	-8087.4261837005615	-2053.351197063923	-2086.9267647862434	-6179.8493440151215	-1542.9898181557655	-4512.038606584072	-7054.99182331562	-1650.7275795340538	-2091.2834827899933	-7467.7960042357445	-2035.1192182898521	-3395.9491454958916	-7655.775262653828	-1677.1580395698547	-8172.039211392403	-436.9425320625305	-2184.4837363362312	-8351.004118859768	-2974.381001353264	-1375.2467777132988	-8521.165195763111	-8193.667175650597	-8425.951330065727	-6772.009147942066	-7916.586591959	-1711.0383338332176	-8343.96570789814	-8249.011124670506	-1588.7794107794762	-901.9571108818054	-1369.8166216611862	-7981.183624565601	-8485.741384923458	-7170.602882444859	-1959.979934990406	-7958.605876505375	-8374.707331299782	-942.4770090579987	-1811.8346863985062	-2881.774981677532	-8235.418247520924	-1243.0284768342972	-905.0407874584198	-3309.6555461883545
-7772.274601519108	-1535.3577274084091	-8450.603143632412	-8304.726022958755	-7990.2879484295845	-8072.646354615688	-8093.350996792316	-2034.3708078861237	-357.33546966314316	-4498.730680465698	-1554.60818785429	-2711.0919228196144	-5208.7043434381485	-1640.223855137825	-2036.2749450802803	-7060.196442484856	-2071.100528538227	-3418.9232500195503	-6541.1647027134895	-1311.1661480665207	-8171.363212525845	-2305.357746183872	-352.7660256624222	-8138.913380980492	-2981.2650606036186	-1017.0096171498299	-8347.970692694187	-8299.984020471573	-8566.194409668446	-4885.287033081055	-7938.00084400177	-1758.6389365196228	-8156.342930793762	-8222.645975589752	-1573.4994075894356	-1477.0307504534721	-925.3569177985191	-8079.504296600819	-8110.17335408926	-6018.348078787327	-1932.5465267300606	-7866.402714908123	-8287.898497879505	-1424.704039156437	-2340.7281323075294	-4592.596368312836	-8284.546943545341	-2908.385091483593	-1466.9148116111755	-3219.412808597088
-7960.4377745985985	-1609.54727602005	-8378.409050524235	-8236.244016051292	-8129.466540038586	-7897.254507601261	-8160.18832308054	-2045.2008466124535	-2018.4087592363358	-6187.452658891678	-1572.864655137062	-4541.809385597706	-7033.995971381664	-1618.6039000749588	-2119.468380153179	-6804.64786529541	-2110.089280307293	-2677.529307246208	-8144.682105958462	-1036.7528304457664	-8144.10844796896	-2152.8888421058655	-2191.777822136879	-8329.207625508308	-2969.3909069895744	-1352.2614092230797	-8264.242296278477	-8360.38720691204	-8602.838466584682	-6784.62903958559	-7719.28326946497	-1747.6652013659477	-8286.035502374172	-8072.934549868107	-1634.9065473079681	-1452.424370586872	-1354.09934091568	-8106.106639802456	-8079.845053017139	-7664.871585726738	-1902.1623253822327	-8027.680968225002	-8367.973159313202	-1445.757558643818	-2314.5954451560974	-4528.115144789219	-8176.963526844978	-1470.2679522037506	-1496.045249760151	-3300.279237508774
-7538.055391013622	-1564.2578070163727	-8535.606198489666	-8266.963867843151	-8240.55351614952	-8082.958022236824	-8087.9781158566475	-430.4412650465965	-2072.437114596367	-6209.600145995617	-1595.4350265860558	-2897.556574702263	-5574.385160326958	-1642.6558020710945	-2110.4288151860237	-7481.334190487862	-435.5009036064148	-3461.5772156715393	-6021.65877610445	-1725.8684595823288	-8094.560089170933	-2294.89817404747	-2139.352666735649	-8396.46151727438	-2986.0899572968483	-1383.6442711949348	-8530.713007569313	-8222.764315128326	-8411.691075265408	-5279.8855847120285	-7796.753062844276	-1732.5048055648804	-8204.421085774899	-8070.573552787304	-1648.033334851265	-933.2495241165161	-1390.1884929537773	-8017.070558309555	-8412.287539184093	-5434.393206775188	-1934.9127677679062	-7995.221461117268	-8097.704274177551	-901.5979129076004	-1871.375503063202	-4636.406186580658	-8281.29157269001	-2922.1801865696907	-918.5712245702744	-3330.730206310749
-7200.459219574928	-868.1061512827873	-8345.907180249691	-8110.076065301895	-8171.771391153336	-7877.746510148048	-8085.685423016548	-2077.3296142816544	-2127.7960814237595	-5516.668437421322	-1584.4024029374123	-3986.038022339344	-6281.722532808781	-851.1267675757408	-2094.0660402178764	-8389.64520996809	-2068.364857375622	-3414.078174829483	-5932.606329977512	-1708.2776600122452	-8176.464606761932	-2310.538382232189	-2177.041264295578	-8309.176816940308	-3012.453810572624	-1315.2697137594223	-8404.762465655804	-8191.801020860672	-8637.19854658842	-6118.7975969314575	-7938.794062912464	-1772.2722870111465	-8390.02255576849	-8049.403485715389	-848.3880016803741	-1531.0630727410316	-1448.5603518486023	-8125.333330988884	-7930.444857418537	-5725.320644438267	-522.0282010436058	-8052.8760842084885	-8122.229081392288	-1408.227439880371	-784.8117771148682	-4654.093105554581	-8324.16246843338	-2927.4588732123375	-1475.6825801730156	-3330.9155662059784
-7229.949705839157	-864.8592227101326	-8511.834428966045	-8004.858568966389	-8054.7141700387	-7859.4498854875565	-8101.238086402416	-2075.8066769242287	-2077.231558442116	-5519.857230484486	-1614.9211379289627	-3983.6686230897903	-6357.128604054451	-926.1211683750153	-2149.6568872332573	-6821.528111100197	-2123.753152549267	-3422.1177167892456	-7428.130882918835	-1694.430768430233	-8161.1184685230255	-2173.7691358327866	-2217.0393558740616	-8276.705667316914	-3031.723502457142	-1358.785299360752	-8264.70807403326	-8207.483248472214	-8606.504360437393	-6112.593775272369	-7743.093327462673	-1792.2292830348015	-8266.633288443089	-7958.146319746971	-936.325890481472	-1505.7885635495186	-1387.9968326687813	-8103.917878031731	-7996.677231550217	-7029.419038593769	-1940.884236395359	-7923.237772107124	-8265.76230096817	-1453.304928958416	-2340.7234218120575	-4610.968213558197	-8143.734973907471	-1511.08402633667	-1523.7554333806038	-3315.571303665638
-8117.730865776539	-1670.1716885566711	-8374.232329785824	-8455.312831640244	-8256.394833385944	-7788.1584674716	-8026.741637766361	-2117.6489110589027	-2116.224067389965	-6251.960776090622	-1595.0686810016632	-4546.141421854496	-7086.705468595028	-1656.288676083088	-2146.9349150061607	-6917.031068444252	-2098.035051345825	-2730.920306324959	-8239.497793674469	-1088.1157801151276	-8069.645799219608	-501.1802108883858	-2236.0650703310966	-8218.667841374874	-2998.143402338028	-1420.619998037815	-8416.716539978981	-8168.937159001827	-8368.751366257668	-6839.912068128586	-7863.955263376236	-1795.9403486847878	-8299.619625389576	-8172.762231051922	-1646.864568054676	-1531.357941865921	-1431.8991596102715	-8032.026879429817	-7918.376657783985	-7779.228135406971	-2000.8518779277802	-8009.786413013935	-8350.875409722328	-1539.9259471297264	-2352.1371955275536	-2956.1468902230263	-8254.196755349636	-1272.4126053452492	-1482.5529530644417	-3372.162883043289
-8063.026027798653	-1675.2176603674889	-8365.817298352718	-8321.622942626476	-8146.7070723176	-7974.598560810089	-8027.293569922447	-494.7389790415764	-2101.7344172000885	-6281.711578071117	-1647.5138894319534	-2931.6593899726868	-5606.098805606365	-1648.2168986201286	-2166.080247402191	-6930.569254696369	-498.41673666238785	-2796.5483765006065	-6605.381307125092	-1136.8262001276016	-7992.166676998138	-2359.1358528733253	-2190.9340007305145	-8264.125239789486	-3009.8523582816124	-1429.0174915194511	-8426.264351785183	-8198.034298479557	-8354.491111457348	-5347.788504898548	-7744.121734261513	-1817.4068204164505	-8160.0750032663345	-7994.32465916872	-1706.1184921264648	-1562.6503551006317	-1452.2710309028625	-8067.913813173771	-7844.9228120446205	-6043.018459737301	-1975.7847107052803	-8046.401997625828	-8073.872352600098	-1499.0468509793282	-2411.6780121922493	-4710.778095126152	-8300.070080518723	-2951.5643150806427	-1496.0833901762962	-3393.2375431656837
-7386.594757556915	-1606.7164177298546	-8313.938530862331	-8205.625408113003	-8028.301467299461	-7879.9896684885025	-8066.857526183128	-2094.157054543495	-433.34058290719986	-4546.980745792389	-1624.6426810622215	-2813.2079131007195	-5303.969197630882	-1719.6528799533844	-2105.332887530327	-7484.820282697678	-2160.0387050509453	-3481.4649911522865	-6106.772289335728	-1784.3075039982796	-8031.401780724525	-2356.039800286293	-430.2038358449936	-8103.74448376894	-3058.3344107866287	-1492.0953375697136	-8306.028250277042	-8166.725811123848	-8475.012510418892	-4965.210935890675	-7792.204300105572	-1814.5368695259094	-8107.6863803863525	-8185.716329932213	-1653.05485612154	-947.2585709691048	-1395.8395362496376	-7962.775149285793	-8529.384537398815	-5565.0474773049355	-2023.4504344463348	-7697.38251388073	-8172.764647483826	-960.1506633758545	-1893.0586124658585	-4663.772891879082	-8197.00975126028	-2997.431592106819	-1007.9626172780991	-3318.823973238468
-7387.2427970170975	-925.4836352467537	-8507.657708227634	-8223.92738455534	-8181.642463386059	-7750.353845357895	-7967.791401088238	-2148.254741370678	-2175.046866595745	-5584.36534768343	-1637.1251637935638	-3988.0006593465805	-6409.838101267815	-963.8059443831444	-2177.123422086239	-6933.911314249039	-2111.698923587799	-3475.508715867996	-7522.946570634842	-1745.7937180995941	-8086.655819773674	-522.0605046153069	-2261.3266040682793	-8166.165883183479	-3060.4759978055954	-1427.1438881754875	-8417.182317733765	-8016.033200562	-8372.417260110378	-6167.876803815365	-7887.7653213739395	-1840.5044303536415	-8280.217411458492	-8057.974000930786	-948.2839112281799	-1584.7221348285675	-1465.7966513633728	-8029.838117659092	-7835.208836317062	-7143.775588274002	-2039.5737889409065	-7905.343216896057	-8248.664551377296	-1547.4733174443245	-2378.2651721835136	-3038.9999589920044	-8220.968202412128	-1313.2286794781685	-1510.2631366848946	-3387.4549492001534
-7332.537959039211	-930.5296070575714	-8499.242676794529	-8090.237495541573	-8071.954702317715	-7936.793938696384	-7968.343333244324	-525.3448093533516	-2160.5572164058685	-5614.116149663925	-1689.570372223854	-2373.5186274647713	-4929.231438279152	-955.7341669201851	-2196.2687544822693	-6947.449500501156	-512.0806089043617	-3541.136786043644	-5888.8300840854645	-1794.5041381120682	-8009.176697552204	-2380.0161466002464	-2216.195534467697	-8211.623281598091	-3072.18495374918	-1435.5413816571236	-8426.730129539967	-8045.13034003973	-8358.157005310059	-4675.753240585327	-7767.931792259216	-1861.9709020853043	-8140.672789335251	-7879.5364290475845	-1007.5378352999687	-1616.0145480632782	-1486.168522655964	-8065.725051403046	-7761.754990577698	-5407.565912604332	-2014.5066217184067	-7941.95880150795	-7971.661494255066	-1506.5942212939262	-2437.8059888482094	-4793.63116389513	-8266.841527581215	-2992.380389213562	-1523.7935737967491	-3408.529609322548
-7688.018424630165	-1638.293940782547	-8418.66476225853	-8093.398979842663	-7993.169279754162	-7898.445347130299	-8191.793215572834	-2170.6705689430237	-2142.680944979191	-4321.086994409561	-1640.2716108560562	-2618.948898911476	-5158.323465824127	-1697.3929460644722	-2218.8778271079063	-6736.191183567047	-2154.9100365042686	-3569.873127400875	-6450.268611431122	-1394.349742591381	-8161.22346675396	-2481.539730966091	-2217.6927896142006	-8108.780950009823	-3051.8175799250603	-1095.5286213159561	-8308.147022545338	-8064.585504412651	-8452.949496388435	-5383.748575270176	-7735.04356187582	-685.7445306181908	-8097.13478833437	-7982.123851418495	-1663.7340901494026	-1570.0298770070076	-1084.435596048832	-8054.358138740063	-8050.517871022224	-6267.731981575489	-2033.0699816346169	-7922.624306201935	-8287.304012835026	-1573.429289996624	-2458.1304354667664	-4641.672688364983	-8204.700737655163	-3037.645967066288	-1587.3774462938309	-3342.9322966337204
-7597.743138849735	-1664.2104651331902	-8304.737366199493	-8152.919399559498	-8083.136662721634	-7944.74606525898	-8013.6520673036575	-2173.062518954277	-2224.1565318107605	-6301.555769324303	-1676.6235131025314	-4676.301797389984	-7106.434505820274	-1730.3689155578613	-2198.8221395015717	-8757.967822611332	-2154.60459959507	-3523.4860975146294	-6241.469212830067	-1452.0387607812881	-8173.795349478722	-2426.302991569042	-2271.151512026787	-8346.433679044247	-3118.6443182229996	-1075.7020769119263	-8331.574983358383	-8278.3641269207	-8499.331633746624	-6898.333181679249	-7814.628359138966	-1819.2456512451172	-8258.367414295673	-8048.066167652607	-1649.7299072146416	-1038.154762685299	-1138.9433611631393	-7899.925479710102	-8423.563883781433	-5920.9489620924	-623.054719388485	-7994.621328890324	-8086.887492716312	-986.4081538319588	-435.5545057654381	-4672.60795122385	-8188.087873458862	-3039.4497668147087	-1042.2545256018639	-3433.8917890787125
-7911.565394341946	-1717.6762710809708	-8144.149630725384	-8260.284482896328	-7934.455023467541	-7771.630207061768	-8006.172980248928	-2158.454768538475	-462.6378855109215	-4619.092177867889	-1676.7215439081192	-2847.3107283711433	-5335.68284291029	-1725.2139765024185	-2160.9843197464943	-6934.055346906185	-2222.9545381069183	-2816.4361519813538	-6690.494820356369	-1195.2652445435524	-7929.008368551731	-2420.2774791121483	-481.785169839859	-7971.408206284046	-3082.096811771393	-1537.46855789423	-8201.579594492912	-8141.995794475079	-8417.812546610832	-5033.113856077194	-7739.572971522808	-1899.4388843774796	-8063.3402978777885	-8109.467436313629	-1711.14001339674	-1576.6594019532204	-1457.9220741987228	-8013.618404150009	-7962.019810259342	-6173.672730267048	-2064.322377383709	-7748.56305038929	-8148.932725906372	-1557.5996014475822	-2433.361121594906	-4738.144800424576	-8215.788259088993	-3026.815720617771	-1585.474782884121	-3381.331310093403
-8122.713775634766	-1775.1703184843063	-8134.948466062546	-8207.578474342823	-7989.290218889713	-7836.386603832245	-7952.967521369457	-2237.360232949257	-2253.453834414482	-6373.667201399803	-1728.702375948429	-4710.404612660408	-7138.148151099682	-1735.9300121068954	-2254.473571717739	-8207.20288681984	-2217.520432651043	-2858.4572583436966	-6825.191743850708	-862.996501326561	-8071.401937305927	-2490.5406703948975	-2322.732846021652	-8214.097401559353	-3142.4067192077637	-1121.0752972364426	-8227.126327574253	-8253.63411027193	-8442.131669938564	-6966.236101865768	-7761.997030556202	-1904.1476660966873	-8214.02133178711	-7971.817274034023	-1707.8150644898415	-1667.5555936694145	-1201.0258991122246	-7950.768734574318	-7856.19915664196	-6529.574215054512	-663.9266623258591	-8045.801865398884	-8063.055571138859	-1583.8570919036865	-975.8570148944855	-4746.979859769344	-8206.866381287575	-3068.8338953256607	-1619.7666912078857	-3496.399125933647
-7181.077325582504	-972.9882177710533	-8277.575009167194	-8028.899035811424	-7859.702653467655	-7733.825584948063	-7947.222743570805	-2189.0605988502502	-521.4606847167015	-3951.496749460697	-1718.7780267000198	-2289.169965863228	-4658.8154755830765	-1032.731244802475	-2191.1728268265724	-6950.935592710972	-2236.618410348892	-3561.024561524391	-5973.943597316742	-1852.943182528019	-7946.018389105797	-2441.1577728390694	-507.0467035770416	-7918.906248092651	-3144.4294072389603	-1543.9924480319023	-8202.045372247696	-7989.091836035252	-8421.478440463543	-4361.078591763973	-7763.383029520512	-1944.0029660463333	-8043.938083946705	-7994.679206192493	-1012.5593565702438	-1630.0235949158669	-1491.8195659518242	-8011.429642379284	-7878.851988792419	-5538.220183134079	-2103.0442883968353	-7644.119854271412	-8046.72186756134	-1565.1469717621803	-2459.489098250866	-4820.997869193554	-8182.559706151485	-3067.6317947506905	-1613.1849665045738	-3396.623376250267
-7066.078542470932	-1754.2581543922424	-8188.158654272556	-8076.4853283166885	-8011.456321775913	-7728.82318931818	-7818.30723041296	-2205.463890850544	-2267.5248270630836	-5381.9286314845085	-943.0879875421524	-4753.518031001091	-6158.7779077887535	-1740.5747182369232	-2232.158313035965	-8250.475149989128	-2250.70249158144	-3546.4905165433884	-5817.793842017651	-1862.2630184292793	-8031.464872181416	-2510.9982081651688	-2357.239596784115	-8194.530347168446	-3093.8582001924515	-1460.2550875544548	-8340.931679964066	-8161.807402014732	-8555.142520904541	-5936.111256182194	-7786.20959675312	-1866.2692286372185	-8256.924706459045	-7963.795545935631	-1715.9442450404167	-1678.5701359510422	-1604.9054448604584	-8004.923680841923	-7726.64524936676	-5486.911612510681	-674.7114717364311	-8021.968466103077	-8055.920881807804	-1582.1840051412582	-929.0430555939674	-3750.1722823381424	-8118.427470266819	-3070.3732095360756	-1646.9111124873161	-3427.2102677226067
-8152.204261898994	-1771.9233899116516	-8300.8757147789	-8102.360978007317	-7872.232997775078	-7818.089979171753	-7968.520184755325	-2235.837295591831	-2202.8893114328384	-6376.855994462967	-1759.2211109399796	-4708.035213410854	-7213.554222345352	-1810.92441290617	-2310.06441873312	-6639.085787951946	-2272.908727824688	-2866.496800303459	-8320.71629679203	-849.1496097445488	-8056.05579906702	-2353.771423995495	-2362.730937600136	-8181.626251935959	-3161.6764110922813	-1164.5908828377724	-8087.07193595171	-8269.316337883472	-8411.437483787537	-6960.03228020668	-7566.296295106411	-1924.1046621203423	-8090.632064461708	-7880.560108065605	-1795.7529532909393	-1642.2810844779015	-1140.4623799324036	-7929.353281617165	-7922.43153077364	-7833.672609210014	-2082.7826976776123	-7916.16355329752	-8206.58879071474	-1628.9345809817314	-2531.768659591675	-4703.854967772961	-8026.438886761665	-1652.4590484499931	-1667.839544415474	-3481.0548633933067
-7095.569028735161	-1751.0112258195877	-8354.08590298891	-7971.267831981182	-7894.399100661278	-7710.526564657688	-7833.859893798828	-2203.9409534931183	-2216.96030408144	-5385.117424547672	-973.6067225337029	-4751.148631751537	-6234.183979034424	-1815.5691190361977	-2287.749160051346	-6682.358051121235	-2306.090786755085	-3554.530058503151	-7313.318394958973	-1848.4161268472672	-8016.118733942509	-2374.228961765766	-2397.2376883625984	-8162.059197545052	-3113.127892076969	-1503.7706731557846	-8200.877288341522	-8177.489629626274	-8524.448334753513	-5929.907434523106	-7590.5088613033295	-1886.2262246608734	-8133.535439133644	-7872.538379967213	-1803.8821338415146	-1653.2956267595291	-1544.3419256806374	-7983.508227884769	-7792.87762349844	-6791.0100066661835	-2093.5675070881844	-7892.330154001713	-8199.454101383686	-1627.2614942193031	-2484.9547002911568	-3707.0473903417587	-7937.99997574091	-1653.998362660408	-1694.9839656949043	-3411.8660051822662
-7302.338580667973	-1709.6526311039925	-8282.00014948845	-7994.29836499691	-8031.182798624039	-7705.788661003113	-8165.299744963646	-2230.456815600395	-2218.6860582232475	-4369.337059736252	-1710.3061040639877	-2721.064889192581	-5253.588320016861	-1776.8219708800316	-2287.935769557953	-7160.815023779869	-2243.848213016987	-3632.4148685336113	-6015.87619805336	-1867.49109852314	-8021.2620349526405	-2532.221785068512	-2295.130599796772	-8073.612052798271	-3128.8869301080704	-1570.6143417358398	-8266.204580128193	-7931.327295064926	-8361.767597138882	-5463.672478079796	-7589.247017979622	-741.6424636244774	-8048.47823792696	-7945.194205760956	-1743.289538681507	-1040.2576975226402	-1554.9182144999504	-7937.628991425037	-8469.72905433178	-5814.431380093098	-2123.973889350891	-7753.6041051745415	-8172.170162439346	-1108.8759142160416	-2010.4609156250954	-4712.849211931229	-8117.163545370102	-3126.692467689514	-1128.4252519607544	-3442.3434612751007
-8309.497353076935	-1832.5478024482727	-8296.69899404049	-8321.429793596268	-7999.1612911224365	-7708.993939042091	-7835.073499441147	-2308.2853600382805	-2300.7046195864677	-6441.364111661911	-1781.4251368045807	-4712.3672496676445	-7266.263719558716	-1848.609188914299	-2337.5309535861015	-6751.468991100788	-2260.85449886322	-2919.88779938221	-8415.531984508038	-900.5125594139099	-7981.593150317669	-702.0627927780151	-2407.0181857943535	-8071.086467802525	-3190.428906440735	-1232.9494716525078	-8239.546179652214	-8077.866289973259	-8177.350383460522	-7015.315308749676	-7710.968289017677	-1972.3798094391823	-8104.216187477112	-7980.38778924942	-1807.7109740376472	-1721.2146557569504	-1218.262198626995	-7855.273521244526	-7760.963135540485	-7948.029158890247	-2181.47225022316	-7898.2689980864525	-8189.491041123867	-1723.10296946764	-2569.310409963131	-3131.886713206768	-8103.672115266323	-1454.6037015914917	-1654.3472477197647	-3552.938508927822
-7252.862119913101	-1811.6356383562088	-8349.9091822505	-8190.336647570133	-8021.3273940086365	-7601.430524528027	-7700.41320848465	-2276.3890179395676	-2314.7756122350693	-5449.625541746616	-995.810748398304	-4755.4806680083275	-6286.8934762477875	-1853.2538950443268	-2315.2156949043274	-6794.741254270077	-2294.0365577936172	-3607.9210575819016	-7408.13408267498	-1899.7790765166283	-7941.656085193157	-722.5203305482864	-2441.524936556816	-8051.519413411617	-3141.8803874254227	-1572.12926197052	-8353.351532042027	-7986.039581716061	-8290.361234426498	-5985.190463066101	-7735.180855214596	-1934.5013719797134	-8147.119562149048	-7972.366061151028	-1815.8401545882225	-1732.229198038578	-1622.1417443752289	-7909.428467512131	-7631.4092282652855	-6905.3665563464165	-2192.257059633732	-7874.435598790646	-8182.356351792812	-1721.4298827052116	-2522.496450662613	-2135.079135775566	-8015.233204245567	-1456.1430158019066	-1681.491668999195	-3483.7496507167816
-7827.309217453003	-1820.6124844551086	-8112.2112493515015	-8048.957439780235	-7937.336354792118	-7597.429199576378	-8104.615199029446	-2294.754529595375	-2247.983360826969	-4441.448491811752	-1762.3849669098854	-2755.167704463005	-5285.3019652962685	-1782.3830674290657	-2343.5872017741203	-6610.050087988377	-2306.76404607296	-2967.3860293626785	-6599.598729074001	-1278.4488390684128	-7918.868622779846	-2596.459463894367	-2346.7119337916374	-7941.275775313377	-3152.6493310928345	-1615.9875620603561	-8161.755924344063	-7906.597278416157	-8304.567633330822	-5531.5753982663155	-7536.615689396858	-826.5444784760475	-8004.132155418396	-7868.945312142372	-1801.374695956707	-1669.6585285067558	-1617.0007524490356	-7988.472246289253	-7902.3643271923065	-6423.05663305521	-2164.8458322882652	-7804.784641683102	-8148.338240861893	-1706.3248522877693	-2550.7634247541428	-4787.221120476723	-8135.942053198814	-3156.076596200466	-1705.9374175667763	-3504.8507981300354
-7737.033931672573	-1846.5290088057518	-7998.283853292465	-8108.47785949707	-8027.30373775959	-7643.729917705059	-7926.474050760269	-2297.1464796066284	-2329.458947658539	-6421.917266726494	-1798.7368691563606	-4812.520602941513	-7233.413005292416	-1815.3590369224548	-2323.5315141677856	-8631.826727032661	-2306.458609163761	-2920.998999476433	-6390.799330472946	-1336.1378572583199	-7931.440505504608	-2541.2227244973183	-2400.1706562042236	-8178.928504347801	-3219.476069390774	-1596.1610176563263	-8185.183885157108	-8120.375900924206	-8350.94977068901	-7046.160004675388	-7616.200486660004	-1960.045599102974	-8165.3647813797	-7934.887628376484	-1787.370513021946	-1137.7834141850471	-1671.508517563343	-7834.039587259293	-8275.410339951515	-6076.273613572121	-754.8305700421333	-7876.7816643714905	-7947.921720743179	-1119.303716123104	-528.1874950528145	-4818.15638333559	-8119.329189002514	-3157.880395948887	-1160.8144968748093	-3595.8102905750275
-8254.792515099049	-1837.5937742590904	-8288.283962607384	-8187.7399045825005	-7889.473530054092	-7895.434032380581	-7835.625431597233	-685.3754280209541	-2286.214969396591	-6471.1149136424065	-1833.870345234871	-3097.8852177858353	-5785.657056570053	-1840.5374114513397	-2356.676285982132	-6765.007177352905	-661.2361841797829	-2985.5158695578575	-6781.41549795866	-949.222979426384	-7904.114028096199	-2560.0184347629547	-2361.8871161937714	-8116.543866217136	-3202.1378623843193	-1241.3469651341438	-8249.093991458416	-8106.963429450989	-8163.090128660202	-5523.191745519638	-7591.134759902954	-1993.846281170845	-7964.67156535387	-7801.950217366219	-1866.964898109436	-1752.507068991661	-1238.6340699195862	-7891.16045498848	-7687.509289801121	-6211.819483220577	-2156.40508300066	-7934.884582698345	-7912.4879840016365	-1682.2238733172417	-2628.8512266278267	-4886.517918109894	-8149.54544043541	-3133.755411326885	-1667.8776848316193	-3574.0131690502167
-7198.157281935215	-1816.6816101670265	-8341.494150817394	-8056.646758556366	-7911.639632940292	-7787.870617866516	-7700.965140640736	-653.4790859222412	-2300.2859620451927	-5479.376343727112	-1048.2559568285942	-3140.9986361265182	-4806.286813259125	-1845.1821175813675	-2334.361027300358	-6808.279440522194	-694.4182431101799	-3673.5491277575493	-5774.017596125603	-1948.4894965291023	-7864.176962971687	-2580.475972533226	-2396.393866956234	-8096.976811826229	-3153.589343369007	-1580.526755452156	-8362.899343848228	-8015.13672119379	-8276.100979626179	-4493.066899836063	-7615.347326099873	-1955.9678437113762	-8007.574940025806	-7793.928489267826	-1875.0940786600113	-1763.5216112732887	-1642.51361566782	-7945.315401256084	-7557.955382525921	-5169.156880676746	-2167.189892411232	-7911.051183402538	-7905.353294670582	-1680.5507865548134	-2582.0372673273087	-3889.710340678692	-8061.106529414654	-3135.2947255373	-1695.0221061110497	-3504.824310839176
-7096.821148693562	-1075.9244311451912	-8245.636627793312	-7817.571992695332	-7862.5839847922325	-7559.624577462673	-8045.664962351322	-2325.3603599071503	-2306.806160032749	-3773.85306340456	-1804.441449701786	-2197.0269419550896	-4608.434597969055	-1089.9003357291222	-2373.7757088541985	-6626.930333793163	-2320.427918314934	-3711.974438905716	-5883.047506034374	-1936.1267770528793	-7935.878643333912	-2617.3397576212883	-2371.97346752882	-7888.773817121983	-3214.981926560402	-1622.5114521980286	-8162.221702098846	-7753.69331997633	-8308.233527183533	-4859.5401339530945	-7560.425747394562	-871.1085601449013	-7984.729941487312	-7754.157082021236	-1102.7940391302109	-1723.0227214694023	-1650.898244202137	-7986.283484518528	-7819.196505725384	-5787.604085922241	-2203.5677433013916	-7700.341445565224	-8046.127382516861	-1713.8722226023674	-2576.891401410103	-4870.074189245701	-8102.713500261307	-3196.8926703333855	-1733.6476011872292	-3520.1428642868996
-7006.545862913132	-1101.8409554958344	-8131.709231734276	-7877.092412412167	-7952.551367759705	-7605.925295591354	-7867.523814082146	-2327.7523099184036	-2388.281746864319	-5754.321838319302	-1840.7933519482613	-4254.379840433598	-6556.545637965202	-1122.8763052225113	-2353.7200212478638	-8648.706972837448	-2320.122481405735	-3665.58740901947	-5674.248107433319	-1993.8157952427864	-7948.450526058674	-2562.1030182242393	-2425.4321899414062	-8126.426546156406	-3281.808664858341	-1602.6849077939987	-8185.649662911892	-7967.471942484379	-8354.615664541721	-6374.124740362167	-7640.010544657707	-2004.6096807718277	-8145.962567448616	-7820.099398255348	-1088.7898561954498	-1191.1476071476936	-1705.4060093164444	-7831.850825488567	-8192.242518484592	-5440.821066439152	-793.5524810552597	-7772.3384682536125	-7845.710862398148	-1126.8510864377022	-554.3154717087746	-4901.0094521045685	-8086.100636065006	-3198.696470081806	-1188.5246804952621	-3611.1023567318916
-8103.331881642342	-1880.0523849725723	-8066.616294980049	-8126.401444852352	-7677.221481204033	-7692.465678632259	-7814.504841923714	-2349.091217517853	-647.1184377074242	-4808.4955134391785	-1863.0779997110367	-3013.536556184292	-5515.241093873978	-1917.5344893336296	-2351.580358326435	-6768.493269562721	-2385.7739856243134	-3005.4036450386047	-6866.529011189938	-1007.6620238423347	-7840.955719649792	-2621.1600610017776	-652.7382853031158	-7823.826832711697	-3274.3823158740997	-1349.7980315089226	-8024.409234166145	-8050.92492544651	-8226.411563813686	-5208.517096698284	-7586.585997164249	-2075.878345131874	-7867.936859965324	-7917.0929945111275	-1871.9864193797112	-1766.5161158442497	-1244.2851132154465	-7836.865045964718	-7804.606288015842	-6342.473753750324	-2244.9427496790886	-7637.045635461807	-7987.548357307911	-1740.7766237854958	-2650.5343360304832	-4913.884623408318	-8065.26361900568	-3209.0068168640137	-1757.269077539444	-3562.106935977936
-7046.696648478508	-1859.1402208805084	-8119.82648319006	-7995.308298826218	-7699.387584090233	-7584.902264118195	-7679.8445509672165	-2317.19487541914	-661.1894303560257	-3816.756943523884	-1077.46361130476	-3056.649974524975	-4535.870850563049	-1922.1791954636574	-2329.265099644661	-6811.76553273201	-2418.9560445547104	-3693.4369032382965	-5859.13110935688	-2006.928540945053	-7801.01865452528	-2641.617598772049	-687.2450360655785	-7804.259778320789	-3225.8337968587875	-1688.9778218269348	-8138.214586555958	-7959.098217189312	-8339.422414779663	-4178.3922510147095	-7610.798563361168	-2037.9999076724052	-7910.84023463726	-7909.071266412735	-1880.1155999302864	-1777.5306581258774	-1648.1646589636803	-7891.019992232323	-7675.052380740643	-5299.811151206493	-2255.7275590896606	-7613.212236166	-7980.413667976856	-1739.1035370230675	-2603.720376729965	-3917.0770459771156	-7976.824707984924	-3210.5461310744286	-1784.4134988188744	-3492.9180777668953
-6833.500551223755	-2008.7977267503738	-7848.992055952549	-7627.390755653381	-7830.500987172127	-7610.020339667797	-7750.530165314674	-2476.9607033729553	-2491.2985810041428	-6616.186478793621	-2004.6187539696693	-5000.77965015173	-7412.803296327591	-2046.498999774456	-2555.582239985466	-7818.2376704216	-2528.526925802231	-3795.460511803627	-7055.330541908741	-2083.906729400158	-7786.0612570643425	-2592.583941221237	-2639.861195266247	-8002.09775108099	-3436.1177877783775	-1720.5118672251701	-7843.779769957066	-7961.901246726513	-8257.115189135075	-7200.342893242836	-7494.906275510788	-2157.247771501541	-7931.7242621183395	-7717.585114359856	-2027.6119243502617	-1915.6823819875717	-1830.5076313018799	-7606.803515315056	-7669.885903477669	-6773.802901804447	-903.7343199849129	-7652.255831480026	-7854.1529567837715	-1841.944516301155	-1200.0997222661972	-4918.595673799515	-7639.741558074951	-1910.8065861463547	-1956.7967221140862	-3729.9736174941063
-6872.165185809135	-1987.9929586052895	-7973.960705757141	-7843.50167542696	-7792.236298382282	-7457.001974761486	-7600.145621478558	-2455.8865864872932	-2528.010492503643	-5619.582032382488	-1199.4789365530014	-5021.8598490953445	-6433.601012945175	-2012.3242558836937	-2491.8122940659523	-8509.536912858486	-2502.460115611553	-3797.9997507333755	-5559.435619473457	-2147.8011536598206	-7803.450791478157	-2762.562844157219	-2605.630522429943	-8011.780076384544	-3363.2130544781685	-1747.6702815890312	-8121.818877220154	-7937.478323638439	-8272.559638857841	-6191.438399612904	-7487.4260784983635	-2098.6066223978996	-8012.864718139172	-7734.49145847559	-1956.3460995554924	-1338.6546703577042	-1861.7511023283005	-7711.441175341606	-7988.442910432816	-5202.412034511566	-946.235751748085	-7741.430850148201	-7779.4026628136635	-1300.8076516985893	-698.5467501878738	-3997.08862888813	-7880.365637898445	-3341.6108064055443	-1359.7532128095627	-3707.39705824852
-6962.440471589565	-1962.0764342546463	-8087.888101816177	-7783.981255710125	-7702.26891541481	-7410.701256632805	-7778.286769747734	-2453.49463647604	-2446.5349056720734	-3639.1132574677467	-1163.1270343065262	-2964.5069506168365	-4485.489972949028	-1979.3482863903046	-2511.867981672287	-6487.760273814201	-2502.765552520752	-3844.3867806196213	-5768.2350180745125	-2090.1121354699135	-7790.878908753395	-2817.799583554268	-2552.171800017357	-7774.1273473501205	-3296.386316180229	-1767.496825993061	-8098.390916407108	-7723.69970113039	-8226.177501499653	-4676.853793203831	-7407.841281235218	-965.1055017709732	-7851.632092177868	-7668.549142241478	-1970.3502824902534	-1870.5297846794128	-1807.243337213993	-7865.873834371567	-7615.396897673607	-5549.195053994656	-2356.251013994217	-7669.433827459812	-7979.819182932377	-1887.8287878632545	-2721.122679889202	-3966.1533660292625	-7896.978502094746	-3339.8070066571236	-1904.8761335015297	-3616.437565803528
-7928.800418972969	-2008.9051226973534	-7920.750517547131	-7974.5948214530945	-7770.070195496082	-7564.565389275551	-7734.805912435055	-2487.782928586006	-2513.9394998550415	-6611.320602297783	-1985.093324959278	-4978.746430754662	-7412.9712562561035	-2007.679549753666	-2514.1275527477264	-8466.264649689198	-2469.278056681156	-3109.966492533684	-6566.833521306515	-1148.5346365571022	-7843.387856602669	-2742.1053063869476	-2571.1237716674805	-8031.347130775452	-3411.7615734934807	-1408.490491271019	-8008.013524830341	-8029.3050318956375	-8159.548787891865	-7221.563245296478	-7463.213512301445	-2136.4850598573685	-7969.961343467236	-7742.513186573982	-1948.2169190049171	-1327.6401280760765	-1457.8715565800667	-7657.286229074001	-8117.996817708015	-6245.074637055397	-935.450942337513	-7765.264249444008	-7786.537352144718	-1302.4807384610176	-745.3607094883919	-4993.896206319332	-7968.804548919201	-3340.0714921951294	-1332.6087915301323	-3776.5859164595604
-8019.075704753399	-1982.9885983467102	-8034.677913606167	-7915.0744017362595	-7680.10281252861	-7518.26467114687	-7912.947060704231	-2485.390978574753	-2432.463913023472	-4630.851827383041	-1948.741422712803	-2921.3935322761536	-5464.860216259956	-1974.7035802602768	-2534.183240354061	-6444.488010644913	-2469.583493590355	-3156.3535224199295	-6775.63291990757	-1090.8456183671951	-7830.815973877907	-2797.3420457839966	-2517.6650492548943	-7793.694401741028	-3344.9348351955414	-1428.3170356750488	-7984.585564017296	-7815.5264093875885	-8113.166650533676	-5706.978638887405	-7383.6287150383	-1002.983939230442	-7808.728717505932	-7676.57087033987	-1962.2211019396782	-1859.5152423977852	-1403.3637914657593	-7811.718888103962	-7744.950804948807	-6591.8576565384865	-2345.466204583645	-7693.267226755619	-7986.953872263432	-1889.5018746256828	-2767.93663918972	-4962.9609434604645	-7985.417413115501	-3338.2676924467087	-1877.7317122220993	-3685.6264240145683
-7288.5876359939575	-1238.3005450367928	-8168.103292047977	-7683.688954651356	-7605.350442528725	-7480.460049033165	-7853.996824026108	-2515.996808886528	-2491.286712229252	-3963.256398975849	-1990.7979055047035	-2363.252769768238	-4787.992848932743	-1282.2208485603333	-2564.3717474341393	-6461.368256449699	-2483.247365832329	-3900.941931962967	-6059.081696867943	-1748.5235563516617	-7847.8259944319725	-2818.2223395109177	-2542.926582992077	-7741.192443549633	-3407.267430663109	-1434.8409258127213	-7985.0513417720795	-7662.6224509477615	-8116.832544386387	-5034.943374574184	-7407.438773036003	-1047.5480208992958	-7789.326503574848	-7561.782640218735	-1263.640445113182	-1912.8794353604317	-1437.2612832188606	-7809.530126333237	-7661.782983481884	-5956.405109405518	-2384.1881155967712	-7588.824030637741	-7884.7430139184	-1897.049244940281	-2794.0646158456802	-5045.814012229443	-7952.188860177994	-3379.083766579628	-1905.4418958425522	-3700.9184901714325
-6990.793642401695	-2069.422139286995	-7844.815335214138	-7846.4595712423325	-7957.4292805194855	-7500.9242995381355	-7617.083480000496	-2549.4087678194046	-2589.113889157772	-6680.694595992565	-2026.8227798342705	-5005.11168640852	-7465.512793540955	-2084.183775782585	-2583.0487748384476	-7930.620873570442	-2516.472696840763	-3848.8515108823776	-7150.146229624748	-2135.269679069519	-7711.598608314991	-940.8753100037575	-2684.1484434604645	-7891.5579669475555	-3464.870283126831	-1788.8704560399055	-7996.25401365757	-7770.451198816299	-8023.02808880806	-7255.625921785831	-7639.578269422054	-2205.522918820381	-7945.308385133743	-7817.412795543671	-2039.5699450969696	-1994.6159532666206	-1908.3074499964714	-7532.723754942417	-7508.4175082445145	-6888.15945148468	-1002.4238725304604	-7634.361276268959	-7837.055207192898	-1936.1129047870636	-1237.6414726376534	-3346.627419233322	-7716.974786579609	-1712.9512392878532	-1943.304425418377	-3801.8572630286217
-7020.284128665924	-2066.17521071434	-8010.742583930492	-7741.242074906826	-7840.37205940485	-7482.627674877644	-7632.636143386364	-2547.885830461979	-2538.5493661761284	-6683.883389055729	-2057.341514825821	-5002.742287158966	-7540.918864786625	-2159.1781765818596	-2638.6396218538284	-6362.503774702549	-2571.860992014408	-3856.89105284214	-8645.67078256607	-2121.422787487507	-7696.252470076084	-804.1060636043549	-2724.146535038948	-7859.0868173241615	-3484.1399750113487	-1832.3860416412354	-7856.199622035027	-7786.133426427841	-7992.333902657032	-7249.422100126743	-7443.877533972263	-2225.479914844036	-7821.919117808342	-7726.1556295752525	-2127.5078338980675	-1969.3414440751076	-1847.7439308166504	-7511.308301985264	-7574.649882376194	-8192.257845640182	-2421.2799078822136	-7504.722964167595	-7980.58842676878	-1981.1903938651085	-2793.5531173348427	-3303.5025272369385	-7536.5472920536995	-296.57639241218567	-1991.3772786259651	-3786.5130004882812
-6936.088804423809	-2074.4681110978127	-7836.400303781033	-7712.769682228565	-7847.741519451141	-7687.364392876625	-7617.635412156582	-926.4988358020782	-2574.6242389678955	-6710.445397973061	-2079.2679882645607	-3390.6296545267105	-5984.906130552292	-2076.111998319626	-2602.194107234478	-7944.159059822559	-916.8543821573257	-3914.4795810580254	-5516.029743075371	-2183.980099081993	-7634.119486093521	-2798.830951988697	-2639.0173738598824	-7937.015365362167	-3476.5792390704155	-1797.2679495215416	-8005.801825463772	-7799.548338294029	-8008.76783400774	-5763.502358555794	-7519.744740307331	-2226.989390552044	-7805.763763010502	-7638.975223660469	-2098.8238691687584	-2025.9083665013313	-1928.6793212890625	-7568.610688686371	-7434.96366250515	-5151.94977581501	-977.3567053079605	-7670.976860880852	-7560.052150070667	-1895.2338086366653	-1297.182289302349	-5101.258624136448	-7762.848111748695	-3392.1029490232468	-1956.8348625302315	-3822.9319231510162
-6965.579290688038	-2071.221182525158	-8002.327552497387	-7607.552185893059	-7730.684298336506	-7669.067768216133	-7633.18807554245	-924.9758984446526	-2524.059715986252	-6713.634191036224	-2109.786723256111	-3388.260255277157	-6060.312201797962	-2151.1063991189003	-2657.784954249859	-6376.041960954666	-972.2426773309708	-3922.519123017788	-7011.554296016693	-2170.133207499981	-7618.773347854614	-2662.0617055892944	-2679.015465438366	-7904.544215738773	-3495.848930954933	-1840.7835351228714	-7865.7474338412285	-7815.230565905571	-7978.073647856712	-5757.298536896706	-7324.04400485754	-2246.946386575699	-7682.374495685101	-7547.718057692051	-2186.7617579698563	-2000.6338573098183	-1868.1158021092415	-7547.1952357292175	-7501.196036636829	-6456.048169970512	-2396.2127406597137	-7541.338548779488	-7703.585369646549	-1940.3112977147102	-2853.0939339995384	-5058.133732140064	-7582.420617222786	-1975.7281021475792	-2004.9077157378197	-3807.587660610676
-6902.907792031765	-1309.6592353582382	-8031.438679277897	-7584.588339805603	-7643.3639613986015	-7287.803362905979	-7827.50335341692	-2575.7830555438995	-2567.2918254733086	-4011.50646430254	-2060.832398712635	-2465.368760049343	-4883.257703125477	-1361.6498733758926	-2633.429689884186	-6885.992096662521	-2572.185542345047	-3963.483673095703	-5624.689283490181	-2221.6649122834206	-7707.864562630653	-2868.9043936133385	-2620.3643931746483	-7706.023546338081	-3484.336780846119	-1909.926646232605	-7943.108899354935	-7529.364241600037	-8025.650645136833	-5114.867277383804	-7261.642229139805	-1103.4459539055824	-7740.6699531674385	-7524.852994561195	-1343.1958936452866	-1383.1072558760643	-1907.743901669979	-7692.800979018211	-8080.994166791439	-5503.104507923126	-2475.0920233130455	-7419.803829610348	-7769.60916352272	-1432.4958691596985	-2346.3950960040092	-5116.990535795689	-7864.651667892933	-3468.130267202854	-1446.4897015094757	-3800.329654812813
-7122.872381865978	-2131.845595061779	-7998.150831758976	-7826.62100148201	-7857.612591683865	-7559.971728086472	-7499.7413902282715	-997.4239628911018	-2621.875024139881	-6778.1423082351685	-2131.9907491207123	-3392.592291533947	-6113.021699011326	-2188.7911751270294	-2685.2514891028404	-6488.425164103508	-960.188448369503	-3975.9101220965385	-7106.3699837327	-2221.496157169342	-7544.310699105263	-1010.3530743718147	-2723.3027136325836	-7794.004431605339	-3524.6014263033867	-1909.1421239376068	-8018.221677541733	-7623.7805179953575	-7743.986547529697	-5812.581565439701	-7468.7159987688065	-2295.221533894539	-7695.958618700504	-7647.545738875866	-2198.719778716564	-2079.567428588867	-1945.915620803833	-7473.115475356579	-7339.727641403675	-6570.404719650745	-2494.9022932052612	-7523.44399356842	-7686.4876200556755	-2034.4796862006187	-2890.6356843709946	-3486.1654775738716	-7659.653845727444	-1777.8727552890778	-1991.4154190421104	-3879.471306145191
-6784.628170967102	-2116.9267218112946	-7614.732636153698	-7651.431222498417	-7635.489470601082	-7484.3960391283035	-7596.514822483063	-2590.214625298977	-935.5277072787285	-5047.825997769833	-2108.4756427407265	-3306.280992925167	-5714.490167856216	-2153.1090762019157	-2597.098179578781	-7947.645152032375	-2641.3921836018562	-3934.3673565387726	-5601.143256306648	-2242.419143497944	-7570.961177647114	-2859.97257822752	-929.8685429692268	-7644.298331856728	-3548.823692560196	-1905.7190158963203	-7781.117068171501	-7743.509834289551	-8072.089269161224	-5448.82770973444	-7515.195977568626	-2309.021454513073	-7709.029057621956	-7754.118000805378	-2103.8453904390335	-2039.91741335392	-1934.3303645849228	-7514.315279662609	-7552.0606607198715	-5282.604046344757	-1065.8943719863892	-7373.137913644314	-7635.112523376942	-1953.7865591049194	-1318.8653987050056	-5128.625329434872	-7678.566290318966	-3467.354354560375	-2046.2262552380562	-3811.0256900787354
-6814.118657231331	-2113.67979323864	-7780.659884870052	-7546.2137261629105	-7518.432249486446	-7466.099414467812	-7612.067485868931	-2588.691687941551	-884.9631842970848	-5051.014790832996	-2138.994377732277	-3303.9115936756134	-5789.896239101887	-2228.10347700119	-2652.689026594162	-6379.528053164482	-2696.7804787755013	-3942.406898498535	-7096.667809247971	-2228.5722519159317	-7555.615039408207	-2723.2033318281174	-969.8666345477104	-7611.827182233334	-3568.0933844447136	-1949.2346014976501	-7641.062676548958	-7759.1920619010925	-8041.395083010197	-5442.623888075352	-7319.495242118835	-2328.978450536728	-7585.639790296555	-7662.86083483696	-2191.7832792401314	-2014.642904162407	-1873.7668454051018	-7492.899826705456	-7618.293034851551	-6586.702440500259	-2484.7504073381424	-7243.49960154295	-7778.645742952824	-1998.8640481829643	-2874.777043402195	-5085.500437438488	-7498.1387957930565	-2050.9795076847076	-2094.2991084456444	-3795.681427538395
-7427.878428816795	-1420.6190887093544	-7861.649779140949	-7639.247414588928	-7549.517517566681	-7179.443901479244	-7766.818807482719	-2640.0807695388794	-2596.58912807703	-4083.6178963780403	-2112.9112615585327	-2499.471575319767	-4914.971348404884	-1367.2109699249268	-2689.0811221003532	-6335.227160871029	-2635.10137540102	-3298.4548339247704	-6208.411814510822	-1632.6226528286934	-7605.471150457859	-2933.1420724391937	-2671.9457271695137	-7573.687268853188	-3508.099181830883	-1955.2998665571213	-7838.660243570805	-7504.634224951267	-7968.4506813287735	-5182.770197570324	-7209.010900557041	-1188.3479687571526	-7696.3238706588745	-7448.604100942612	-1401.2810509204865	-2012.50808686018	-1969.8264396190643	-7743.644233882427	-7513.629439651966	-6111.729760885239	-2515.9639662504196	-7470.984366118908	-7745.777241945267	-2029.9448072314262	-2886.6976051330566	-5191.362444341183	-7883.430175721645	-3497.514395713806	-2024.0018671154976	-3862.8369916677475
-6971.411748409271	-2174.304205775261	-7776.483164131641	-7765.282541751862	-7645.360542833805	-7357.00337433815	-7478.620800554752	-2661.1397523880005	-982.7784924507141	-5115.5229080319405	-2161.198403596878	-3308.2436299324036	-5842.60573631525	-2265.7882530093193	-2680.1555614471436	-6491.911256313324	-2684.7262498140335	-3995.7978975772858	-7191.483496963978	-2279.935201585293	-7481.152390658855	-1071.4947006106377	-1014.1538827419281	-7501.287398099899	-3596.845879793167	-2017.5931903123856	-7793.536920249462	-7567.742013990879	-7807.307982683182	-5497.906916618347	-7464.167236030102	-2377.253597855568	-7599.223913311958	-7762.688516020775	-2203.7412999868393	-2093.576475441456	-1951.5666640996933	-7418.820066332817	-7456.824639618397	-6701.058990180492	-2583.43995988369	-7225.6050463318825	-7761.54799336195	-2093.032436668873	-2912.318793773651	-3513.5321828722954	-7575.372024297714	-1853.1241608262062	-2080.806811749935	-3867.5650730729103
-6916.706910431385	-2179.3501775860786	-7768.068132698536	-7631.592652738094	-7535.672781765461	-7543.44346767664	-7479.172732710838	-1038.2298203706741	-968.2888422608376	-5145.273710012436	-2213.6436120271683	-1693.7615980505943	-4361.999073326588	-2257.71647554636	-2699.300893843174	-6505.449442565441	-1085.1079351305962	-4061.4259677529335	-5557.3670104146	-2328.645621597767	-7403.673268437386	-2929.4503425955772	-969.022813141346	-7546.744796514511	-3608.5548357367516	-2025.9906837940216	-7803.084732055664	-7596.839153468609	-7793.047727882862	-4005.7833533883095	-7344.333706915379	-2398.7200695872307	-7459.679291188717	-7584.250944137573	-2262.995224058628	-2124.8688886761665	-1971.9385353922844	-7454.707000076771	-7383.370793879032	-4964.849314510822	-2558.37279266119	-7262.220630943775	-7484.544936239719	-2052.1533405184746	-2971.859610438347	-5268.163387775421	-7621.245349466801	-3532.2758705615997	-2094.3372488617897	-3888.639733195305
-6700.371994078159	-2219.8629351854324	-7582.794254779816	-7440.104179382324	-7638.370801925659	-7310.195031642914	-7694.95704126358	-2726.514386355877	-2720.873182594776	-4870.1823117136955	-2194.1390657424927	-3214.137969017029	-5664.109290242195	-2210.278167128563	-2779.701061606407	-7623.639893114567	-2725.201691567898	-4085.3172339200974	-5510.247165024281	-2325.6027380228043	-7560.821431875229	-3036.154563009739	-2794.7953069210052	-7614.165900886059	-3619.3762118816376	-1984.2380200624466	-7741.293398022652	-7508.111318230629	-7958.844355881214	-5947.289251923561	-7312.2386954426765	-1236.127048611641	-7649.820915162563	-7513.595876634121	-2194.0800729990005	-2132.9165399074554	-2093.4090428352356	-7489.169121801853	-7492.405177652836	-5531.987949132919	-1166.4178268909454	-7429.359504938126	-7634.518038332462	-2102.5118099451065	-1436.2677018642426	-5177.701649487019	-7598.720084428787	-3596.61523014307	-2166.6888899207115	-3934.545178115368
-7212.05061596632	-2228.5513246059418	-7933.209248185158	-7607.35903686285	-7583.138517141342	-7403.463146448135	-7440.96800506115	-2738.5222794413567	-2723.029918372631	-6873.286724627018	-2243.6979706287384	-5168.968114972115	-7720.477115750313	-2351.4986894130707	-2829.235660433769	-6196.941697359085	-2734.680439531803	-4045.858545899391	-8821.70497339964	-1933.8195667862892	-7608.199821174145	-1004.9886454939842	-2895.099650502205	-7711.505443751812	-3676.4254791140556	-1644.715515255928	-7679.02926170826	-7695.062557399273	-7800.932919859886	-7424.825340747833	-7290.890559613705	-2401.9193755984306	-7626.515679895878	-7533.781187772751	-2288.3542398810387	-2159.198157966137	-1634.106969833374	-7334.5549437999725	-7417.236360132694	-8361.058869123459	-2601.9002801775932	-7393.205549240112	-7819.204058170319	-2164.367416203022	-3010.72633177042	-3479.2423502206802	-7386.0226519703865	-478.7674886584282	-2163.171573281288	-3967.288626372814
-6875.092126607895	-2245.9695792794228	-7706.28471082449	-7755.515556812286	-7510.60101878643	-7486.1053549051285	-7257.928966224194	-2765.8376404047012	-2814.728051483631	-3333.832389473915	-2283.1273134946823	-5219.380876481533	-4195.323298573494	-2308.6699711680412	-1041.3167745471	-6213.604601383209	-2792.7044781446457	-754.6911590695381	-5209.807499408722	-2378.6305980682373	-7445.495527267456	-3002.0342506170273	-2843.888324737549	-7730.539203226566	-326.3752153515816	-2064.0238377451897	-7553.13849145174	-7326.847655534744	-7930.3121718764305	-4094.6852476000786	-7258.6891812086105	-2462.6313864588737	-7678.3592519164085	-7473.709479868412	-2268.105403780937	-2241.7104339003563	-2032.438511788845	-7466.392883241177	-7304.130352258682	-5076.243989884853	-2631.8663981556892	-7325.228245437145	-7702.838593900204	-2148.4046542048454	-3093.4563705921173	-1857.428762972355	-7753.960095286369	-3606.883881986141	-2175.463716685772	-273.182402074337
-6639.587194561958	-2242.532530963421	-7634.794107437134	-7394.407102763653	-7611.280963778496	-7338.199125111103	-7532.368556380272	-2727.3833990097046	-2751.784246444702	-6853.839879691601	-2261.0097029805183	-5269.121468245983	-7687.626401484013	-2318.2485374212265	-2815.2362210154533	-8077.299433290958	-2780.284549832344	-4046.969745993614	-6796.972319364548	-2369.444864630699	-7558.047176361084	-2844.1485772132874	-2888.252120912075	-7819.347480297089	-3705.4726420640945	-2007.9270612597466	-7624.666967213154	-7737.57216835022	-7974.532307088375	-7455.670036673546	-7196.122757256031	-2389.5851652622223	-7687.664273798466	-7488.281026899815	-2268.0137788653374	-1575.7669163942337	-2087.353288769722	-7313.321009814739	-7931.683564543724	-6489.303323805332	-1175.2585999965668	-7371.71821552515	-7577.634737789631	-1560.5681628584862	-969.6034168601036	-5165.512020349503	-7401.679725706577	-2182.0441830158234	-1669.6388224363327	-4010.1604080200195
-6729.862480342388	-2216.6160066127777	-7748.72150349617	-7334.886683046818	-7521.313580811024	-7291.898406982422	-7710.509704649448	-2724.9914489984512	-2670.3086596131325	-4873.371104776859	-2224.657800734043	-3211.768569767475	-5739.515361487865	-2285.2725679278374	-2835.291908621788	-6055.522794246674	-2780.589986741543	-4093.35677587986	-7005.771717965603	-2311.755846440792	-7545.475293636322	-2899.3853166103363	-2834.793398499489	-7581.694751262665	-3638.6459037661552	-2027.7536056637764	-7601.239006400108	-7523.793545842171	-7928.1501697301865	-5941.085430264473	-7116.537959992886	-1256.0840446352959	-7526.431647837162	-7422.338710665703	-2282.0179618000984	-2107.6420307159424	-2032.8455236554146	-7467.7536688447	-7558.637551784515	-6836.086343288422	-2585.2738622426987	-7299.7211928367615	-7778.051257908344	-2147.5892990231514	-2992.179346561432	-5134.576757490635	-7418.292589902878	-2180.2403832674026	-2214.7617431282997	-3919.2009155750275
-6796.880285739899	-2303.156943500042	-7630.617386698723	-7613.475918352604	-7738.2092571258545	-7229.1030849814415	-7398.921871066093	-2799.831463456154	-2849.5995545983315	-6918.347996890545	-2283.2137288451195	-5273.453504502773	-7740.335898697376	-2355.9333134293556	-2842.702755868435	-8189.6826364398	-2768.2303208708763	-4100.360745072365	-6891.788007080555	-2420.8078143000603	-7483.5845276117325	-1192.4399459958076	-2932.5393691062927	-7708.807696163654	-3734.225137412548	-2076.285650074482	-7777.141210913658	-7546.122120440006	-7740.44520676136	-7510.953065216541	-7340.794751167297	-2437.8603125810623	-7701.2483968138695	-7588.10870808363	-2279.9717996120453	-1654.7004876732826	-2165.1531074643135	-7239.2412494421005	-7770.21516931057	-6603.659873485565	-1273.9481525421143	-7353.823660314083	-7560.536988198757	-1654.7365513443947	-1007.1451672315598	-3593.54376578331	-7478.912954211235	-1984.188836157322	-1656.1465257406235	-4082.044053554535
-6887.1555715203285	-2277.240419149399	-7744.544782757759	-7553.955498635769	-7648.241874158382	-7182.80236685276	-7577.06301933527	-2797.4395134449005	-2768.123967766762	-4937.879221975803	-2246.8618265986443	-3216.1006060242653	-5792.224858701229	-2322.9573439359665	-2862.7584434747696	-6167.905997395515	-2768.535757780075	-4146.7477749586105	-7100.58740568161	-2363.118796110153	-7471.0126448869705	-1247.6766853928566	-2879.0806466937065	-7471.1549671292305	-3667.3983991146088	-2096.112194478512	-7753.713250100613	-7332.343497931957	-7694.0630694031715	-5996.368458807468	-7261.209953904152	-1304.359191954136	-7540.015770852566	-7522.166391849518	-2293.9759825468063	-2186.5756019949913	-2110.645342350006	-7393.673908472061	-7397.169156551361	-6950.442892968655	-2683.963414788246	-7281.826637625694	-7760.953508317471	-2241.75768750906	-3029.721096932888	-3562.6085029244423	-7495.525818407536	-1982.3850364089012	-2201.2694464325905	-3991.084561109543
-6826.3707720041275	-2299.9100149273872	-7796.544635415077	-7508.2584220170975	-7621.152036011219	-7210.80646032095	-7414.4745344519615	-2798.308526098728	-2799.035031616688	-6921.536789953709	-2313.73246383667	-5271.08410525322	-7815.741969943047	-2430.92771422863	-2898.2936028838158	-6621.565537571907	-2823.6186160445213	-4108.400287032127	-8387.312560021877	-2406.960922718048	-7468.238389372826	-1055.670699596405	-2972.5374606847763	-7676.33654654026	-3753.4948292970657	-2119.8012356758118	-7637.086819291115	-7561.804348051548	-7709.7510206103325	-7504.749243557453	-7145.094015717506	-2457.8173086047173	-7577.859129488468	-7496.8515421152115	-2367.909688413143	-1629.4259784817696	-2104.5895882844925	-7217.825796484947	-7836.447543442249	-7907.7582676410675	-2692.8041878938675	-7224.185348212719	-7704.070207774639	-1699.8140404224396	-2563.056811928749	-3550.4188737869263	-7298.485459685326	-567.8139892816544	-1704.2193789482117	-4066.6997910141945
-6742.1754477620125	-2308.2029153108597	-7622.202355265617	-7479.786029338837	-7628.52149605751	-7415.543178319931	-7399.473803222179	-1176.9215314388275	-2835.109904408455	-6948.09879887104	-2335.6589372754097	-3658.971472620964	-6259.7292357087135	-2347.8615359663963	-2861.8480882644653	-8203.220822691917	-1168.612006187439	-4165.9888152480125	-5257.6715205311775	-2469.5182343125343	-7406.105405390263	-3050.395587980747	-2887.4082995057106	-7754.265094578266	-3745.9340933561325	-2084.683143556118	-7786.68902271986	-7575.219259917736	-7726.1849519610405	-6018.829501986504	-7220.961222052574	-2459.326784312725	-7561.703774690628	-7409.671136200428	-2339.225723683834	-1685.9929009079933	-2185.5249787569046	-7275.128183186054	-7696.761323571205	-4867.450197815895	-1248.8809853196144	-7390.439244925976	-7283.533931076527	-1613.8574551939964	-1066.6859838962555	-5348.174970686436	-7524.7862793803215	-3663.3405458927155	-1669.676962852478	-4103.1187136769295
-6832.450733542442	-2282.2863909602165	-7736.129751324654	-7420.265609622002	-7538.554113090038	-7369.24246019125	-7577.614951491356	-1174.5295814275742	-2753.634317576885	-4967.630023956299	-2299.3070350289345	-1601.618574142456	-4311.618195712566	-2314.885566473007	-2881.9037758708	-6181.444183647633	-1168.9174430966377	-4212.375845134258	-5466.470919132233	-2411.8292161226273	-7393.533522665501	-3105.632327377796	-2833.9495770931244	-7516.612365543842	-3679.107355058193	-2104.509687960148	-7763.261061906815	-7361.440637409687	-7679.802814602852	-4504.244895577431	-7141.376424789429	-1325.8256636857986	-7400.471148729324	-7343.728819966316	-2353.229906618595	-2217.868015229702	-2131.017213642597	-7429.560842216015	-7323.7153108119965	-5214.2332172989845	-2658.8962475657463	-7318.442222237587	-7483.95045119524	-2200.8785913586617	-3089.2619135975838	-5317.239707827568	-7541.399143576622	-3661.5367461442947	-2214.799883544445	-4012.1592212319374
-7619.644916117191	-1582.995202600956	-7784.116443395615	-7505.364376544952	-7292.283975303173	-7100.279373049736	-7575.150669157505	-2830.717218518257	-2781.069680273533	-4273.021231949329	-2299.26771736145	-2665.6974031329155	-5094.529599368572	-1559.5314827561378	-2879.677160680294	-6169.665083527565	-2797.920822918415	-3487.4223269820213	-6384.446005344391	-1445.0194321274757	-7517.41850155592	-3134.024654328823	-2842.8988426327705	-7426.105895280838	-3700.38468593359	-1767.629340171814	-7661.489883244038	-7413.563355922699	-7777.049698531628	-5358.173438191414	-7056.0239261984825	-1364.787429511547	-7500.92043274641	-7256.22965914011	-1562.1274569034576	-2202.3648007512093	-1756.189478635788	-7566.890875697136	-7356.215917408466	-6280.530784368515	-2696.5843385457993	-7359.466951191425	-7584.392873346806	-2213.1218295693398	-3103.870819568634	-5367.1022673249245	-7732.905535638332	-3679.7054919600487	-2195.7961617708206	-4043.6126175522804
-6563.009682953358	-1562.083038508892	-7837.326631605625	-7374.271230518818	-7314.450078189373	-6992.715958535671	-7440.490378201008	-2798.820876419544	-2795.1406729221344	-3281.2826620340347	-1513.6533289551735	-2708.8108214735985	-4115.159356057644	-1564.1761888861656	-2857.36190199852	-6212.937346696854	-2831.102881848812	-4175.455585181713	-5377.0481035113335	-2444.285949230194	-7477.481436431408	-3154.4821920990944	-2877.405593395233	-7406.538840889931	-3651.8361669182777	-2106.809130489826	-7775.29523563385	-7321.736647665501	-7890.060549497604	-4328.048592507839	-7080.236492395401	-1326.9089920520782	-7543.823807418346	-7248.2079310417175	-1570.256637454033	-2213.379343032837	-2160.0690243840218	-7621.045821964741	-7226.662010133266	-5237.868181824684	-2707.3691479563713	-7335.633551895618	-7577.258184015751	-2211.4487428069115	-3057.056860268116	-4370.2946898937225	-7644.466624617577	-3681.2448061704636	-2222.940583050251	-3974.42375934124
-7351.341408789158	-2410.8698682785034	-7626.75573527813	-7562.917496800423	-7527.305592179298	-7102.446998894215	-7353.789988517761	-2862.606240093708	-2828.3323342204094	-6993.648222029209	-2365.8113266825676	-5305.1869205236435	-7847.455615222454	-2436.488810777664	-2953.945035099983	-6070.800601780415	-2886.5344491004944	-3443.3714478611946	-8971.035091042519	-1817.918663263321	-7365.844977200031	-1119.9083784222603	-3024.1187946796417	-7544.0002690553665	-3777.25723028183	-2165.174456000328	-7532.638163506985	-7537.074331402779	-7652.551056802273	-7572.652163743973	-7092.462687134743	-2542.7193234562874	-7533.513046979904	-7420.602648496628	-2425.994845688343	-2258.826809465885	-2166.6721262335777	-7268.669051349163	-7269.082816302776	-8516.38352060318	-2733.6761308312416	-7275.365884721279	-7680.2382861971855	-2297.2629784941673	-3103.3593210577965	-3624.7907823324203	-7317.263967514038	-597.1981177926064	-2281.7315445542336	-4129.207127869129
-6680.990100085735	-2324.7450016736984	-7514.462083697319	-7358.927149891853	-7326.302064239979	-7166.274106442928	-7556.494361817837	-2838.245370924473	-1114.5377858877182	-3305.010623753071	-2328.5146895051003	-1517.2699125409126	-4041.202233016491	-2391.882644355297	-2876.807848215103	-6184.930275857449	-2893.455244541168	-4232.2636206150055	-5551.58443236351	-2470.268260538578	-7330.375214219093	-3166.773953616619	-1124.8007462024689	-7223.895332038403	-3751.3518085479736	-2212.9607543349266	-7538.576304614544	-7305.402133405209	-7743.124249756336	-4189.570246756077	-7136.827662050724	-1407.8577276468277	-7303.736443340778	-7458.871597111225	-2358.2514278888702	-2231.8770620822906	-2136.6682569384575	-7375.265433192253	-7440.812309026718	-5344.8874878287315	-2747.433914244175	-7020.603275001049	-7559.010824501514	-2259.4313418269157	-3110.9450230002403	-5344.606413125992	-7457.117322146893	-3736.788151681423	-2304.1912762522697	-4000.2529881596565
-6590.7148143053055	-2350.6615260243416	-7400.534687638283	-7418.447569608688	-7416.269447207451	-7212.5748245716095	-7378.35321354866	-2840.637320935726	-1196.0133727192879	-5285.479398667812	-2364.8665917515755	-3574.6228110194206	-5989.313273012638	-2424.858613848686	-2856.7521606087685	-8206.706914901733	-2893.1498076319695	-4185.87659072876	-5342.785033762455	-2527.957278728485	-7342.947096943855	-3111.53721421957	-1178.259468615055	-7461.548061072826	-3818.178546845913	-2193.1342099308968	-7562.004265427589	-7519.180755913258	-7789.506387114525	-5704.15485316515	-7216.4124593138695	-2541.358848273754	-7464.969069302082	-7524.813913345337	-2344.247244954109	-1700.001947760582	-2191.176022052765	-7220.8327741622925	-7813.858321785927	-4998.104468345642	-1337.418651998043	-7092.600297689438	-7358.594304382801	-1672.4102056622505	-1088.369093298912	-5375.5416759848595	-7440.504457950592	-3738.591951429844	-1759.0683555603027	-4091.2124806046486
-6620.8533400297165	-1666.181814968586	-7760.18111371994	-7331.532049715519	-7452.553222179413	-7064.64237678051	-7294.839751839638	-2893.2120704054832	-2887.1551334261894	-6326.052793622017	-2407.8678094744682	-4747.046158015728	-7170.588247895241	-1744.0060790777206	-2984.1335421800613	-6087.680847585201	-2900.1983213424683	-4187.959857404232	-8254.483868002892	-2475.5966012477875	-7382.854997754097	-1140.7886721491814	-3049.3803284168243	-7491.498310863972	-3839.5898257493973	-2171.6983461380005	-7533.103941261768	-7384.170372962952	-7656.2169506549835	-6900.616899430752	-7116.272745132446	-2587.283405125141	-7514.1108330488205	-7305.814418375492	-1727.414188861847	-2312.1910024285316	-2200.569617986679	-7266.480289578438	-7185.914994835854	-7880.930973470211	-2772.398041844368	-7170.922688603401	-7578.027427852154	-2304.8103488087654	-3129.4872977137566	-3707.6438511013985	-7284.0354145765305	-638.0141919255257	-2309.4417281746864	-4144.499194025993
-7066.858613908291	-2408.3456931710243	-7628.751375079155	-7621.632518768311	-7253.3674765229225	-7406.94082647562	-7066.260827898979	-2956.474089384079	-2999.208603680134	-3523.235725045204	-2469.4837692976	-5385.606704294682	-4374.881549537182	-2500.9904839992523	-1231.9128131270409	-6048.042524039745	-2955.5239256620407	-943.6586521267891	-5385.8416902422905	-2191.0273773670197	-7357.442878365517	-3202.9168325066566	-3014.8414402008057	-7582.957829654217	-518.6607194542885	-1876.3533113598824	-7375.968131124973	-7235.776786506176	-7738.911189079285	-4270.0884882211685	-7105.702206850052	-2639.0708472132683	-7482.955814003944	-7281.33503806591	-2428.9518097639084	-2431.5671477913857	-1818.8015508055687	-7289.639525055885	-7146.7168300151825	-5245.04501336813	-2812.486770451069	-7213.710830509663	-7541.454225301743	-2331.581676542759	-3310.6295850276947	-2033.1685859560966	-7603.435455203056	-3789.0749782323837	-2347.258011341095	-453.95802795886993
-6506.458637416363	-2453.5977393984795	-7368.5963062644005	-7207.120526492596	-7419.150778532028	-7038.37381708622	-7476.795432329178	-2976.937081992626	-2981.3588480353355	-5107.835712611675	-2450.5300147533417	-3482.4797871112823	-5938.932395398617	-2482.0277047753334	-3039.3550426363945	-7882.701655983925	-2976.959315598011	-4336.8264681100845	-5251.888942480087	-2611.1408732533455	-7332.80735117197	-3287.719199001789	-3043.1862325668335	-7431.415630102158	-3888.7310661673546	-2271.653214097023	-7522.18059527874	-7283.782239854336	-7676.261473834515	-6202.616395354271	-7013.45517718792	-1468.464442372322	-7405.7609268426895	-7284.29178917408	-2434.4819275140762	-1793.0010743141174	-2350.2547003030777	-7195.686616301537	-7754.202838718891	-5247.488371133804	-1437.9421069025993	-7148.82188898325	-7357.999819338322	-1821.1354565024376	-1205.771396458149	-5424.617996037006	-7360.658252060413	-3867.852827012539	-1879.530990242958	-4214.731968641281
-6681.178769946098	-2479.70438349247	-7492.086762309074	-7522.531903922558	-7291.380995392799	-7214.284140348434	-7039.767357289791	-3016.2603360414505	-3075.2137169241905	-3571.485790371895	-2539.5182625055313	-5487.722694575787	-4470.146403729916	-2580.4195088148117	-1300.9707555770874	-6472.666364252567	-3044.462102174759	-1006.2003932595253	-4951.449276864529	-2664.1687332987785	-7217.4814465641975	-3253.5988866090775	-3092.279250383377	-7547.788932442665	-595.7300696372986	-2351.439031779766	-7334.0256887078285	-7102.518577158451	-7647.729289829731	-4350.012391030788	-6959.905662953854	-2694.968780219555	-7434.299263596535	-7244.405392408371	-2508.507258296013	-1901.7949683070183	-2289.284169256687	-7172.91037774086	-7565.928013324738	-4791.744411885738	-2903.390678167343	-7044.690629482269	-7426.320374906063	-1867.0283007621765	-2862.9600651860237	-2104.3451095223427	-7515.898262917995	-3878.12147885561	-1888.3058170080185	-553.3691926002502
-6486.47266292572	-2552.333818078041	-7602.4325877428055	-7297.941312730312	-7292.2381528019905	-6915.719055950642	-7027.46155923605	-3021.346346974373	-3026.8838790655136	-6191.312987685204	-1766.5533940792084	-5514.526166677475	-7047.643622875214	-2633.454029738903	-3122.22581499815	-5948.510787606239	-3082.5359555482864	-4320.372199118137	-8139.67138004303	-2629.5819596648216	-7237.85526317358	-1341.248498082161	-3229.578660905361	-7376.85184109211	-3920.9942153692245	-2316.683719933033	-7469.27315557003	-7354.176754117012	-7574.160924971104	-6717.930558681488	-6963.688278973103	-2681.280346751213	-7381.012983739376	-7220.206478595734	-2594.9704322218895	-2459.698065638542	-2356.914710998535	-7146.070639431477	-6982.115386784077	-7642.521941542625	-2925.0813125371933	-7140.01507049799	-7511.71922826767	-2478.7669140696526	-3273.718576192856	-2803.72302788496	-7078.300416409969	-780.9285282492638	-2480.670260488987	-4240.793895542622
-7543.107896089554	-2573.245982170105	-7549.222399532795	-7429.034458756447	-7270.072049915791	-7023.282470464706	-7162.121850192547	-3053.242689073086	-3012.812886416912	-7183.051557600498	-2552.167782485485	-5471.412748336792	-8027.013866186142	-2628.8093236088753	-3144.541073679924	-5905.238524436951	-3049.3538966178894	-3632.3389409184456	-9147.069281876087	-1630.3154425621033	-7277.792328298092	-1320.7909603118896	-3195.0719101428986	-7396.418895483017	-3969.5427343845367	-1977.5039296150208	-7355.467803180218	-7446.00346237421	-7461.150074005127	-7748.055404365063	-6939.475712776184	-2719.158784210682	-7338.10960906744	-7228.228206694126	-2586.8412516713142	-2448.6835233569145	-1953.0351652503014	-7091.915693163872	-7111.669294059277	-8685.184544086456	-2914.2965031266212	-7163.8484697937965	-7518.853917598724	-2480.440000832081	-3320.532535493374	-3800.530605316162	-7166.739327430725	-779.3892140388489	-2453.5258392095566	-4309.982753753662
-6517.2761217951775	-1779.3567818403244	-7517.506662487984	-7221.882627546787	-7147.853944540024	-7125.458169579506	-7141.376341164112	-1383.5560603141785	-1316.8946095108986	-4787.443114578724	-2564.1699066758156	-1438.0654689073563	-3991.6684564352036	-1842.544378042221	-3044.794814169407	-6230.626515448093	-1413.4452644586563	-4392.494772315025	-5166.180095851421	-2682.8194353580475	-7090.275796115398	-3266.1329511404037	-1294.2566065192223	-7179.156290054321	-3964.0046864748	-2365.3029882907867	-7479.989051282406	-7194.876100003719	-7456.930775880814	-3656.978152692318	-7016.7289180755615	-2760.5235598683357	-7151.871006429195	-7163.909732937813	-1862.9015790224075	-2467.7184470295906	-2324.764222562313	-7209.878987669945	-6994.635906338692	-4653.522442340851	-2909.4909266233444	-6928.420355379581	-7081.983937323093	-2375.7732954621315	-3307.7937908172607	-5672.304711639881	-7368.733471989632	-3873.7136700749397	-2412.401698410511	-4246.625926733017
-7206.149406731129	-2590.664236843586	-7322.297862172127	-7577.190978705883	-7197.534551560879	-7105.9246789216995	-6979.082811355591	-3080.5580500364304	-3104.511019527912	-3643.5972224473953	-2591.597125351429	-5521.8255098462105	-4501.860049009323	-2585.980605363846	-1356.6221877932549	-5921.901428461075	-3107.377935230732	-341.17155408859253	-5535.17180788517	-2075.1264738440514	-7115.088034391403	-3317.8365654349327	-3143.8605843782425	-7415.452654957771	-619.4924706220627	-2396.8122521042824	-7229.577032923698	-7077.788560509682	-7590.529326021671	-4417.915311217308	-6907.27433437109	-2779.870795071125	-7389.953181087971	-7168.156498789787	-2566.5924155712128	-2531.195799291134	-2351.3667072057724	-7223.753632605076	-6998.563286185265	-5400.369664847851	-2944.2626211047173	-7095.8711659908295	-7402.4884533286095	-2464.4772388339043	-3403.262574315071	-2178.7170180678368	-7534.676770746708	-3907.505607366562	-2465.8179826140404	-615.8765294551849
-6300.941205441952	-1819.8695394396782	-7332.2327845692635	-7030.394154191017	-7250.551964700222	-6892.20973354578	-7357.160649716854	-3071.8406262993813	-3069.478949844837	-4512.3517162799835	-2544.66536039114	-2958.4418398737907	-5293.778673350811	-1795.106069624424	-3125.19498193264	-7348.816965997219	-3053.539020895958	-4416.386038482189	-5119.0602504611015	-2679.776551783085	-7247.423959553242	-3372.8371715545654	-3120.0291002988815	-7246.577394425869	-3974.826062619686	-2323.5503245592117	-7418.1977172493935	-7106.148264765739	-7622.727403879166	-5598.48405122757	-6984.6339066028595	-1597.930538892746	-7342.012630403042	-7093.2546654343605	-1793.98642796278	-2475.7660982608795	-2446.2347300052643	-7244.341109395027	-7103.670290112495	-5220.661076962948	-1517.5359608530998	-7095.559229373932	-7231.957039415836	-2426.1317648887634	-1772.2018822431564	-5581.842973351479	-7346.208206951618	-3938.05302965641	-2484.753339469433	-4292.53137165308
-6475.661337971687	-1845.9761835336685	-7455.723240613937	-7345.805531620979	-7122.782181560993	-7068.120056807995	-6920.132574677467	-3111.1638803482056	-3163.333818733692	-2976.001794040203	-2633.6536081433296	-4963.684747338295	-3824.99268168211	-1893.4978736639023	-1386.810694873333	-5938.7816742658615	-3121.041807472706	-1085.75996363163	-4818.620584845543	-2732.804411828518	-7132.098054945469	-3338.716859161854	-3169.122118115425	-7362.9506967663765	-681.8250660896301	-2403.336142241955	-7230.042810678482	-6924.884602069855	-7594.195219874382	-3745.880046904087	-6931.0843923687935	-2824.434876739979	-7370.550967156887	-7053.368268668652	-1868.0117587447166	-2584.5599922537804	-2385.2641989588737	-7221.564870834351	-6915.395464718342	-4764.917117714882	-2982.9845321178436	-6991.4279698729515	-7300.277594983578	-2472.0246091485023	-3429.390550971031	-2261.570086836815	-7501.4482178092	-3948.321681499481	-2493.5281662344933	-631.1685956120491
-6330.431691706181	-1816.6226108670235	-7498.160033285618	-6925.176657855511	-7133.494743585587	-6873.913108885288	-7372.713313102722	-3070.3176889419556	-3018.9144268631935	-4515.540509343147	-2575.1840953826904	-2956.072440624237	-5369.184744596481	-1870.1004704236984	-3180.785828948021	-5780.699867129326	-3108.927316069603	-4424.425580441952	-6614.584803402424	-2665.9296602010727	-7232.077821314335	-3236.067925155163	-3160.027191877365	-7214.106244802475	-3994.095754504204	-2367.0659101605415	-7278.14332562685	-7121.830492377281	-7592.033217728138	-5592.280229568481	-6788.9331711530685	-1617.887534916401	-7218.6233630776405	-7001.997499465942	-1881.9243167638779	-2450.4915890693665	-2385.6712108254433	-7222.925656437874	-7169.902664244175	-6524.75947111845	-2936.391996204853	-6965.920917272568	-7375.490258991718	-2471.2092539668083	-3328.1135269403458	-5538.718081355095	-7165.780712425709	-2521.6781827807426	-2532.826192677021	-4277.18710911274
-6487.724782884121	-1877.2470234036446	-7493.983312547207	-7144.245473444462	-7260.423036932945	-6764.817068755627	-7239.266627788544	-3142.765753388405	-3116.729735016823	-4580.048626542091	-2597.3881212472916	-2960.404476881027	-5421.894241809845	-1907.7852464318275	-3208.2523638010025	-5893.083070278168	-3096.873087108135	-4477.816579520702	-6709.400491118431	-2717.292609870434	-7157.615172564983	-1584.359293937683	-3204.314440071583	-7103.566460669041	-4022.8482498526573	-2435.424498975277	-7430.617569327354	-6930.380444467068	-7357.946117401123	-5647.563258111477	-6933.605165064335	-1666.162682235241	-7232.207486093044	-7101.825180649757	-1893.8823375105858	-2529.4251603484154	-2463.471029520035	-7148.845896065235	-7008.434269011021	-6639.116020798683	-3035.0815487504005	-6948.026362061501	-7358.392509400845	-2565.377642452717	-3365.655277311802	-3966.7498267889023	-7243.0139409303665	-2323.822835922241	-2519.333895981312	-4349.070754647255
-6433.019944906235	-1882.2929952144623	-7485.568281114101	-7010.555584430695	-7150.735275864601	-6951.257162094116	-7239.81855994463	-1519.8558213710785	-3102.2400848269463	-4609.799428522587	-2649.833329677582	-1345.922444999218	-3941.2875788211823	-1899.7134689688683	-3227.397696197033	-5906.621256530285	-1497.2547724246979	-4543.44464969635	-5075.284004569054	-2766.003029882908	-7080.1360503435135	-3442.3149359226227	-3159.1833704710007	-7149.0238590836525	-4034.5572057962418	-2443.821992456913	-7440.165381133556	-6959.4775839447975	-7343.685862600803	-4155.439694881439	-6813.771635949612	-1687.6291539669037	-7092.662863969803	-6923.387608766556	-1953.1362615823746	-2560.717573583126	-2483.842900812626	-7184.732829809189	-6934.980423271656	-4902.906345129013	-3010.0143815279007	-6984.641946673393	-7081.389452278614	-2524.4985463023186	-3425.1960939764977	-5721.381031692028	-7288.887266099453	-4002.9745456576347	-2532.8643330931664	-4370.1454147696495
-6281.559311449528	-1924.7516059279442	-7263.900613486767	-6949.217124700546	-6938.483227014542	-6748.288808345795	-7218.6979702711105	-3183.571610867977	-1463.1435531377792	-2947.180028319359	-2679.0409841537476	-1261.5737833976746	-3670.871616125107	-1976.7105468511581	-3222.301768541336	-5910.107348740101	-3221.7925738692284	-4563.332425177097	-5160.397517800331	-2824.4420742988586	-7016.977741897106	-3503.4565621614456	-1450.0345395803452	-6856.306825578213	-4106.801659286022	-2552.2730588316917	-7215.480623841286	-6903.439079940319	-7407.007297754288	-3840.7650460600853	-6809.222873210907	-1769.6612179279327	-6995.928158581257	-7038.530385911465	-1958.1577828526497	-2574.7266204357147	-2489.493944108486	-7130.437420785427	-7052.077421486378	-5033.56061565876	-3098.5520482063293	-6686.802999436855	-7156.4498255848885	-2583.0512967705727	-3446.879203379154	-5748.747736990452	-7204.6054446697235	-4078.225951194763	-2622.255725800991	-4358.239181697369
-6341.280660867691	-2732.1281866431236	-7297.974714636803	-7312.214794635773	-6962.467112183571	-6919.1967359781265	-6652.754382073879	-3239.298156917095	-3303.0625643730164	-2841.2619881033897	-1992.3391927480698	-5731.164756000042	-3702.0480566620827	-2782.9458243250847	-1524.9029676914215	-5799.6116142869	-3303.379441678524	-1218.1723053455353	-4703.808096885681	-2886.789770245552	-6987.098320364952	-3539.1766850948334	-3349.320450603962	-7248.3042269945145	-763.2294557094574	-2548.3215160369873	-7166.212024986744	-6894.890983223915	-7512.139194190502	-3563.1937061548233	-6778.49992620945	-2918.4318183660507	-7237.453117847443	-6967.760328888893	-2735.568002104759	-2732.067055463791	-2541.60929197073	-7101.155220687389	-6711.595856666565	-4526.508085787296	-3135.667802810669	-6960.52035176754	-7233.969395399094	-2645.9811744093895	-3573.6218294501305	-1357.6492636203766	-7295.713219642639	-4091.2360178232193	-2664.756698548794	-727.4632971286774
-7397.915894031525	-2753.0403507351875	-7244.764526426792	-7443.307940661907	-6940.301009297371	-7026.760150492191	-6787.414673030376	-3271.194499015808	-3288.991571724415	-3833.0005580186844	-2777.9535811543465	-5688.051337659359	-4681.418299973011	-2778.301118195057	-1547.2182263731956	-5756.339351117611	-3270.197382748127	-530.1390471458435	-5711.205998718739	-1887.5232531428337	-7027.035385489464	-3518.719147324562	-3314.8136998414993	-7267.871281385422	-811.7779747247696	-2209.141725718975	-7052.4066725969315	-6986.717691481113	-7399.128343224525	-4593.318551838398	-6754.287360012531	-2956.3102558255196	-7194.549743175507	-6975.782056987286	-2727.438821554184	-2721.0525131821632	-2137.729746222496	-7047.000274419785	-6841.149763941765	-5569.170688331127	-3124.882993400097	-6984.353751063347	-7241.104084730148	-2647.654261171818	-3620.4357887506485	-2354.4568410515785	-7384.152130663395	-4089.6967036128044	-2637.6122772693634	-796.6521553397179
-6224.404185414314	-2810.120319008827	-7097.338740706444	-6954.064236402512	-7228.3400393128395	-6815.212830960751	-6944.131830751896	-3294.36609685421	-3301.2221559882164	-7422.382041931152	-2797.565425515175	-5764.157185077667	-8226.26294016838	-2864.3839104771614	-3390.05889493227	-7084.390406906605	-3304.9720945954323	-4561.302652418613	-7881.683526992798	-2865.0725622177124	-7007.797786295414	-1559.603477537632	-3472.2021678090096	-7216.890394628048	-4243.984111070633	-2533.4249140024185	-7112.175637185574	-7138.588371217251	-7306.827779352665	-7988.366017401218	-6868.085693180561	-2952.301893591881	-7179.2018067240715	-7065.253212988377	-2818.7002227306366	-2722.084820866585	-2643.0804166197777	-6769.365926861763	-6859.123666763306	-7625.314836680889	-1735.2481254339218	-6899.940747976303	-7166.418083667755	-2693.4499361515045	-1988.8635981678963	-4015.271311342716	-6780.041998744011	-1037.7367517352104	-2742.483016908169	-4558.901507854462
-6107.027848780155	-2053.604343652725	-7118.034836053848	-6797.410501301289	-7031.331941306591	-6620.388518989086	-7138.999040782452	-3322.2633219361305	-3329.9646152853966	-4750.005117177963	-2801.056309401989	-3226.7836579680443	-5568.601778507233	-2066.8556072711945	-3384.8489629626274	-7607.878728866577	-3305.296644926071	-4667.895272672176	-4860.702027916908	-2965.314687013626	-7019.409878849983	-3624.4018075466156	-3368.42002594471	-7063.827123641968	-4244.180916905403	-2610.965518593788	-7199.084914505482	-6881.819186389446	-7340.144521832466	-5853.811194658279	-6685.850388348103	-1830.2679326534271	-7097.952642083168	-6863.9505779743195	-2034.3882824778557	-2135.8506326675415	-2703.0803874731064	-6950.8586038947105	-7365.467951178551	-4936.161498963833	-1789.0602408647537	-6815.021613419056	-6955.438820421696	-2144.7554114460945	-1541.7055768370628	-5828.759319901466	-7108.146374583244	-4209.290626525879	-2197.5954397916794	-4572.718162178993
-6356.482924878597	-2872.5437747836113	-7250.674237251282	-6934.225666642189	-7128.523350477219	-6874.260259509087	-6826.7897409796715	-1742.3812919259071	-3333.9832909703255	-7519.829754173756	-2902.7333948016167	-4151.6377902030945	-6873.771845638752	-2968.9913098216057	-3492.261609196663	-5642.194697439671	-1748.6878461241722	-4688.361263632774	-7837.90728110075	-2951.2990403175354	-6840.509877085686	-1629.0812419056892	-3511.3564379811287	-7119.336859285831	-4303.715254247189	-2653.69658190012	-7134.1433010697365	-6991.917690396309	-7027.786238074303	-6545.321661055088	-6697.223422527313	-3042.0005086660385	-6929.8520402908325	-6895.386156320572	-2977.850056350231	-2807.0362961888313	-2680.6885874271393	-6709.757647275925	-6690.433799922466	-7307.560104846954	-3227.7265461087227	-6789.0234652757645	-7015.850496530533	-2791.8167175650597	-3641.8578099012375	-4154.809369683266	-6722.721057891846	-1102.658267736435	-2790.5940105319023	-4636.515550971031
-6473.325798749924	-2087.1277198195457	-7186.367277741432	-6815.33408665657	-6681.249684751034	-6669.1242799162865	-7027.029831945896	-3374.208059847355	-1647.624105334282	-3136.583363890648	-2865.397439956665	-1427.799611210823	-3850.4298670887947	-2169.0310596823692	-3412.897807121277	-5744.545271396637	-3384.6120213866234	-4752.299918234348	-5336.4317086339	-2636.838853597641	-6928.925092995167	-3704.339144051075	-1620.987655043602	-6708.725452005863	-4299.087163388729	-2364.6025324463844	-7038.310263514519	-6812.368210911751	-7215.606314957142	-4016.1682866811752	-6656.235898852348	-1946.1006786823273	-6800.524720668793	-6846.155944108963	-2119.004188835621	-2764.583334326744	-2275.85698312521	-6953.684062600136	-6894.663899242878	-5202.361639142036	-3279.172420501709	-6575.285584509373	-6995.065456986427	-2766.228319108486	-3664.0524178147316	-5924.487559974194	-7054.0808045864105	-4260.417047441006	-2794.050020456314	-4539.014807581902
-6533.047148168087	-2894.504300534725	-7220.441378891468	-7178.331756591797	-6705.233569920063	-6840.032207548618	-6461.086243748665	-3429.934605896473	-3487.543116569519	-3030.665323674679	-2178.6956485509872	-5897.3905838131905	-3881.6063076257706	-2975.266337156296	-1715.4990062713623	-5634.049536943436	-3466.198889195919	-1407.1397984027863	-4879.84228771925	-2699.1865495443344	-6899.045671463013	-3740.0592669844627	-3520.273566067219	-7100.722853422165	-955.5149598121643	-2360.65098965168	-6989.041664659977	-6803.820114195347	-7320.738211393356	-3738.5969467759132	-6625.512951850891	-3094.8712791204453	-7042.0496799349785	-6775.385887086391	-2896.4144080877304	-2921.9237693548203	-2327.9723309874535	-6924.401862502098	-6554.182334423065	-4695.309109270573	-3316.2881751060486	-6849.002936840057	-7072.5850268006325	-2829.158196747303	-3790.795043885708	-1533.3890866041183	-7145.188579559326	-4273.427114069462	-2836.550993204117	-908.2389230132103
-6205.02229142189	-2915.002385497093	-7029.006569623947	-6872.887206912041	-6916.271301627159	-6671.291905760765	-6805.669151306152	-3406.097081422806	-1694.8867592811584	-5857.210353970528	-2931.9410492777824	-4067.289128601551	-6603.3558829426765	-3045.9883877038956	-3487.165681540966	-5645.6807896494865	-3473.2256475687027	-4708.249039113522	-7923.020794332027	-3009.738084733486	-6777.351568639278	-1690.2228681445122	-1802.2076070904732	-6826.619825780392	-4375.959707736969	-2762.1476482748985	-6909.458543777466	-6935.87918639183	-7091.107673227787	-6230.647012233734	-6692.674659788609	-3124.0325726270676	-6833.1173349022865	-7010.528933465481	-2982.8715776205063	-2821.04534304142	-2686.3396307229996	-6655.462238252163	-6807.530798137188	-7438.214375376701	-3316.2642127871513	-6491.1845180392265	-7090.910869836807	-2850.3694680333138	-3663.540919303894	-4182.176074981689	-6638.439236462116	-1177.9096732735634	-2879.985403239727	-4624.60931789875
-6079.212183356285	-2989.9146875739098	-6792.880867600441	-6968.337718307972	-6898.56899869442	-6818.6905109882355	-6569.4246535897255	-3512.317906796932	-3577.400841295719	-4072.3310423493385	-3023.3512241840363	-5980.795774400234	-4880.66737395525	-3013.875705063343	-1792.7360476255417	-6935.491233587265	-3525.81558072567	-1459.1027586460114	-4445.820243835449	-3122.280372798443	-6757.040843486786	-3757.5316645503044	-3591.9439575076103	-7088.342780530453	-1086.2193514108658	-2765.062710106373	-6809.114506602287	-6679.302600324154	-7244.806048572063	-4833.629164874554	-6682.897340416908	-3189.4533652067184	-7035.641940832138	-6812.807063281536	-2959.2977926135063	-2994.4538106918335	-2827.7749975919724	-6724.450508117676	-6588.604136645794	-4509.30098092556	-1945.8346157073975	-6720.446029245853	-6888.668250799179	-2860.6641964912415	-2288.766851425171	-2569.1975470781326	-6997.454801976681	-4348.044241309166	-2926.5694549679756	-1045.5709094405174
-6087.645954787731	-2158.486410140991	-7049.702664971352	-6716.233471810818	-6719.263203620911	-6476.467593789101	-7000.536361336708	-3433.9943065047264	-1723.6292185783386	-3184.8334292173386	-2935.4319331645966	-1529.915601491928	-3945.6947212815285	-2248.4600844979286	-3481.9557495713234	-6169.169111609459	-3473.5501978993416	-4814.8416593670845	-4902.039295256138	-3109.9802095294	-6788.963661193848	-3755.021198153496	-1698.4254652261734	-6673.5565547943115	-4376.156513571739	-2839.688252866268	-6996.367821097374	-6679.110001564026	-7124.424415707588	-4096.092189490795	-6510.43935495615	-2001.998611688614	-6751.868170261383	-6809.226298451424	-2198.5596373677254	-2234.8111548423767	-2746.3396015763283	-6836.9549152851105	-7313.875082552433	-4749.061037659645	-3370.0763282179832	-6406.265383481979	-6879.931606590748	-2301.6749433279037	-3216.3828979730606	-5995.66408354044	-6966.54361230135	-4349.463548064232	-2335.0978261232376	-4638.425972223282
-6147.3673042058945	-2965.8629908561707	-7083.7767661213875	-7079.231141746044	-6743.24708878994	-6647.3755214214325	-6434.592773139477	-3489.7208525538445	-3563.5482298135757	-3078.9153890013695	-2248.7301417589188	-5999.5065740942955	-3976.8711618185043	-3054.695361971855	-1784.5569487214088	-6058.673377156258	-3555.1370657086372	-1469.6815395355225	-4445.449874341488	-3172.3279054760933	-6759.084239661694	-3790.7413210868835	-3597.71137624979	-7065.553956210613	-1032.5843099951744	-2835.7367100715637	-6947.099222242832	-6670.561904847622	-7229.556312143803	-3818.520849585533	-6479.716407954693	-3150.769212126732	-6993.393129527569	-6738.456241428852	-2975.969856619835	-2392.151589870453	-2798.454949438572	-6807.672715187073	-6973.39351773262	-4242.008507788181	-3407.192082822323	-6679.982735812664	-6957.451176404953	-2364.6048209667206	-3343.125524044037	-1604.5656101703644	-7057.651387274265	-4362.473614692688	-2377.5987988710403	-1007.6500876545906
-6108.702669620514	-2986.667759001255	-6958.808116316795	-6863.1202219724655	-6781.511777579784	-6800.3938863277435	-6584.977316975594	-3510.7949694395065	-3526.8363183140755	-4075.5198354125023	-3053.8699591755867	-5978.4263751506805	-4956.07344520092	-3088.8701058626175	-1848.3268946409225	-5367.374134719372	-3581.203875899315	-1467.142300605774	-5941.344796776772	-3108.4334812164307	-6741.694705247879	-3620.762418150902	-3631.942049086094	-7055.871630907059	-1105.4890432953835	-2808.5782957077026	-6669.060114979744	-6694.984827935696	-7214.111862421036	-4827.425343215466	-6487.196604967117	-3209.4103612303734	-6912.252673506737	-6721.549897313118	-3047.235681414604	-2969.1793015003204	-2767.2114784121513	-6703.0350551605225	-6654.836510777473	-5813.399375081062	-3364.6906510591507	-6590.807717144489	-7032.201470375061	-2905.7416855692863	-3844.6784961223602	-2526.072655081749	-6817.027307450771	-2931.6693944334984	-2974.642308175564	-1030.226646900177
-6265.995760798454	-3047.292171537876	-6954.631395578384	-7082.189037561417	-6908.440070927143	-6691.297846198082	-6451.530631661415	-3583.243033885956	-3624.651626467705	-4140.027952611446	-3076.073985040188	-5982.758411407471	-5008.782942414284	-3126.5548818707466	-1875.7934294939041	-5479.757337868214	-3569.149646937847	-1520.5332996845245	-6036.160484492779	-3159.796430885792	-6667.2320564985275	-1969.053786933422	-3676.2292972803116	-6945.331846773624	-1134.241538643837	-2876.936884522438	-6821.534358680248	-6503.534780025482	-6980.024762094021	-4882.708371758461	-6631.868598878384	-3257.6855085492134	-6925.8367965221405	-6821.377578496933	-3059.193702161312	-3048.1128727793694	-2845.011297106743	-6628.955294787884	-6493.368115544319	-5927.755924761295	-3463.380203604698	-6572.913161933422	-7015.103720784187	-2999.910074055195	-3882.2202464938164	-954.1044005155563	-6894.260535955429	-2733.814047574997	-2961.1500114798546	-1102.1102924346924
-6612.6165915727615	-2269.4462634921074	-6879.913764834404	-6770.892546594143	-6625.41675978899	-6368.108132362366	-6939.851815402508	-3498.2920204997063	-1752.9265211820602	-3256.944861292839	-2987.5107960104942	-1564.018416762352	-3977.408366560936	-2254.0211810469627	-3537.607181787491	-5618.4041758179665	-3536.4660309553146	-4149.812820196152	-5485.761826276779	-2520.9379500746727	-6686.570249021053	-3819.258876979351	-1750.0067992210388	-6541.220277309418	-4399.918914556503	-2885.0614731907845	-6891.919165313244	-6654.3799849152565	-7067.2244518995285	-4163.995109677315	-6457.808026373386	-2086.900626540184	-6707.522087752819	-6732.97740483284	-2256.6447946429253	-2864.2119858264923	-2808.4221395254135	-6887.798170149326	-6746.51035541296	-5357.6862906217575	-3410.9482711553574	-6457.44591999054	-6856.099685013294	-2899.1238813996315	-3756.685407102108	-6070.035992085934	-6985.322120130062	-4378.847676575184	-2912.6099917292595	-4700.933309078217
-6030.490828752518	-3043.8551232218742	-6883.140792191029	-6721.080583512783	-7009.1200159192085	-6543.391616404057	-6725.970221817493	-3544.788792490959	-3561.707821428776	-7660.035442829132	-3053.956374526024	-6032.499003171921	-8501.086045324802	-3136.133448123932	-3649.7128759622574	-7343.452169775963	-3556.7297186255455	-4812.811886608601	-7623.325304448605	-3150.6106974482536	-6779.7837055921555	-1811.1681135296822	-3720.593093454838	-7034.140123844147	-4513.33896535635	-2820.840108036995	-6893.062834441662	-6914.259292840958	-7024.244897305965	-8243.693160831928	-6569.302174925804	-3184.639287352562	-6935.141818404198	-6835.949125528336	-3059.1020772457123	-2382.1693552732468	-2899.92607408762	-6475.883421361446	-7120.921327829361	-7340.815258681774	-2006.7724054455757	-6619.403132021427	-6889.8998646736145	-2412.0735827088356	-1758.3672927618027	-4262.187657892704	-6541.980166375637	-1308.974348604679	-2455.3251172304153	-4839.088298380375
-6120.7661145329475	-3017.938598871231	-6997.068188250065	-6661.560163795948	-6919.152632951736	-6497.090898275375	-6904.11137008667	-3542.396842479706	-3480.232234597206	-5679.566667914391	-3017.6044722795486	-3975.146104693413	-6552.975005328655	-3103.1574786305428	-3669.768563568592	-5321.675530731678	-3557.0351555347443	-4859.198916494846	-7832.12470304966	-3092.9216792583466	-6767.2118228673935	-1866.404852926731	-3667.1343710422516	-6796.487394809723	-4446.512227058411	-2840.666652441025	-6869.634873628616	-6700.480670332909	-6977.862759947777	-6729.108554422855	-6489.717377662659	-2051.1381667256355	-6773.909192442894	-6770.006809294224	-3073.1062601804733	-2914.0444695949554	-2845.4183089733124	-6630.316080391407	-6747.875315070152	-7687.598278164864	-3416.7876676917076	-6547.406109333038	-7090.316384792328	-2999.094718873501	-3780.943222463131	-4231.252395033836	-6558.593030571938	-1307.1705488562584	-3000.4480379223824	-4748.128805935383
-6672.337940990925	-3076.822844207287	-6913.98786598444	-7133.890216529369	-6649.400644958019	-6539.016059994698	-6373.9082272052765	-3554.0185665488243	-3592.8455324172974	-3151.02682107687	-2300.8090046048164	-6033.609389364719	-4008.584807097912	-3060.2564585208893	-1840.2083809375763	-5507.908441364765	-3618.0528987646103	-804.6527003645897	-5029.172405362129	-2583.285646021366	-6656.690827488899	-3854.978999912739	-3649.2927102446556	-6933.217678725719	-1056.3467109799385	-2881.10993039608	-6842.650566458702	-6645.8318881988525	-7172.356348335743	-3886.4237697720528	-6427.085079371929	-3235.671226978302	-6949.047047019005	-6662.207347810268	-3034.055013895035	-3021.5524208545685	-2860.537487387657	-6858.515970051289	-6406.028790593147	-4850.633760750294	-3448.064025759697	-6731.163272321224	-6933.619254827499	-2962.0537590384483	-3883.4280331730843	-1678.9375187158585	-7076.429895102978	-4391.85774320364	-2955.110964477062	-1070.1574245095253
-6211.290922820568	-3052.338143348694	-6946.216364145279	-6948.499148547649	-6798.752309858799	-6877.7379395365715	-6452.082563817501	-1960.3331018686295	-3610.161976277828	-4169.778754591942	-3128.519193470478	-4368.2763795256615	-3528.176279425621	-3118.4831044077873	-1894.9387618899345	-5493.295524120331	-1969.5313322544098	-1586.1613698601723	-4402.043997943401	-3208.506850898266	-6589.752934277058	-3827.0094289183617	-3631.0982276797295	-6990.789245188236	-1145.9504945874214	-2885.334378004074	-6831.08217048645	-6532.631919503212	-6965.764507293701	-3390.5848085284233	-6512.03506976366	-3279.151980280876	-6786.292174398899	-6642.940006613731	-3118.447626233101	-3079.40528601408	-2865.383168399334	-6664.8422285318375	-6419.9142698049545	-4191.546249091625	-3438.3130363821983	-6609.528746545315	-6738.100663661957	-2959.0309779047966	-3941.761063158512	-2708.735605418682	-6940.1338611245155	-4412.9657573103905	-2974.680448591709	-1123.184952557087
-5941.8498722314835	-2332.1347908973694	-7047.4132444262505	-6902.504769444466	-6574.648274958134	-6501.211437880993	-6314.957990527153	-3584.6243968605995	-3651.6683316230774	-2483.4313926696777	-2342.865487396717	-5475.468626856804	-3331.7174397706985	-2367.7737268209457	-1870.3968880176544	-5524.788687169552	-3631.716771006584	-1549.241109907627	-4312.621182322502	-3240.9635840058327	-6673.700848042965	-3875.85929363966	-3674.554243981838	-6880.715720534325	-1118.679306447506	-2887.6338205337524	-6843.116344213486	-6492.927929759026	-7176.022242188454	-3214.388505458832	-6450.895137369633	-3280.2353086471558	-6929.644833087921	-6547.419117689133	-2335.4743570685387	-3074.916613817215	-2894.4349791407585	-6856.327208280563	-6322.8609691262245	-4215.181213617325	-3486.7859367728233	-6626.720076203346	-6831.408396482468	-2969.6011293530464	-3909.5560098290443	-1761.7905874848366	-7043.20134216547	-4432.673817336559	-2982.821148097515	-1085.4494906663895
-6059.830289363861	-3094.7967540621758	-6724.548696517944	-6887.160688817501	-6586.5002610087395	-6674.76958578825	-6430.961974143982	-3624.048891365528	-1971.0654445886612	-2507.159354388714	-3157.726847946644	-4283.927717924118	-3257.7603167295456	-3195.480182290077	-1889.8428342342377	-5496.781616330147	-3694.0691336989403	-1606.0491453409195	-4487.157511174679	-3266.9458953142166	-6526.59462583065	-3888.1510551571846	-1921.949396789074	-6698.0722116827965	-1218.1949480772018	-2993.785444378853	-6606.3974131941795	-6476.5934154987335	-7029.0859424471855	-3075.9101597070694	-6507.486307024956	-3361.184044241905	-6689.557469010353	-6758.08278375864	-3123.469147503376	-3093.4143328666687	-2871.0342116951942	-6610.546819508076	-6537.011268019676	-4322.200519621372	-3526.850703060627	-6311.689799308777	-6813.161036968231	-3017.5837283730507	-3963.4441725611687	-2736.102310717106	-6855.852039694786	-4488.217162847519	-3064.071841299534	-1111.278719484806
-6017.1888962984085	-3131.1135657429695	-6754.393737018108	-6551.910741627216	-6614.453355312347	-6557.906691074371	-6750.647959411144	-2032.740832388401	-1909.9717106819153	-4140.956988871098	-3173.906569480896	-666.165415585041	-3374.055213868618	-3201.695777595043	-3730.4298355579376	-5464.62119859457	-2070.2820986509323	-5063.73383140564	-4743.8209308981895	-3300.1445133686066	-6474.632621228695	-3991.7491319179535	-1912.0106491446495	-6484.1453740000725	-4570.9270877838135	-3034.271294593811	-6816.519983649254	-6511.186397373676	-6778.576585173607	-3485.4698076844215	-6390.173550605774	-2224.37832146883	-6411.669365823269	-6628.1021238565445	-3208.593650341034	-3069.5719141960144	-2969.6129135489464	-6573.714778482914	-6556.59622657299	-4460.189747035503	-3553.880552470684	-6304.903776109219	-6594.2728942632675	-3070.057665526867	-3959.249715566635	-6195.913255572319	-6643.291087985039	-4542.8700270056725	-3103.408008158207	-4850.2555386424065
-6804.3830788731575	-2431.822377383709	-6802.380429089069	-6637.009508550167	-6368.183217525482	-6288.9436039328575	-6748.183677077293	-3688.928469479084	-1937.407073378563	-3446.348196864128	-3173.8672518134117	-1730.2442445755005	-4156.966617524624	-2446.341693878174	-3728.2032203674316	-5452.842098474503	-3699.2854784727097	-4338.780313253403	-5661.796017110348	-2333.334729373455	-6598.517600119114	-4020.1414588689804	-1920.9599146842957	-6393.638903737068	-4592.20441865921	-2697.390946805477	-6714.748804986477	-6563.309115886688	-6875.823469102383	-4339.398350298405	-6304.821052014828	-2263.3400872945786	-6512.118649840355	-6540.602963030338	-2417.4912006258965	-3054.0686997175217	-2594.785178542137	-6711.044811964035	-6589.09683316946	-5526.487314105034	-3591.568643450737	-6345.928505063057	-6694.715316414833	-3082.300903737545	-3973.8586215376854	-6245.775815069675	-6834.797480046749	-4561.038772821426	-3084.4042863845825	-4881.7089349627495
-5747.747845709324	-2410.910213291645	-6855.59061729908	-6505.916362524033	-6390.349320411682	-6181.380189418793	-6613.523386120796	-3657.032127380371	-1951.4780660271645	-2454.6096269488335	-2388.252863407135	-1773.3576629161835	-3177.5963742136955	-2450.9864000082016	-3705.8879616856575	-5496.114361643791	-3732.4675374031067	-5026.8135714530945	-4654.39811527729	-3332.6012464761734	-6558.580534994602	-4040.5989966392517	-1955.4666654467583	-6374.071849346161	-4543.655899643898	-3036.5707371234894	-6828.554157376289	-6471.48240762949	-6988.834320068359	-3309.27350461483	-6329.033618211746	-2225.4616498351097	-6555.022024512291	-6532.581234931946	-2425.6203811764717	-3065.0832419991493	-2998.664724290371	-6765.19975823164	-6459.54292589426	-4483.824711561203	-3602.353452861309	-6322.09510576725	-6687.580627083778	-3080.6278169751167	-3927.0446622371674	-5248.9682376384735	-6746.358569025993	-4562.578087031841	-3111.548707664013	-4812.520076751709
-6864.104428291321	-3239.1989580988884	-6836.454530239105	-7000.0071784853935	-6392.167102694511	-6459.851531565189	-6182.240088880062	-3744.655015528202	-3777.3260846138	-3340.430156648159	-2487.165460407734	-6199.835217177868	-4188.1430580616	-3252.5769713521004	-2030.804419517517	-5342.346364021301	-3780.8723462820053	-993.6201934218407	-5205.206596195698	-2395.6824253201485	-6568.63817858696	-4055.861581802368	-3820.2458257079124	-6785.63630515337	-1248.6322150826454	-2693.4394040107727	-6665.480206131935	-6554.761019170284	-6980.955365538597	-4061.8270103931427	-6274.0981050133705	-3412.1106877326965	-6753.643609106541	-6469.832906007767	-3194.901419878006	-3211.409134745598	-2646.900526404381	-6681.762611865997	-6248.6152683496475	-5019.43478423357	-3628.6843980550766	-6619.645857393742	-6772.234886229038	-3145.230781376362	-4100.601247608662	-1854.6773416996002	-6925.905255019665	-4574.0488394498825	-3126.9052591323853	-1250.9330503940582
-5975.574112474918	-3197.7329674363136	-6692.610315144062	-6675.833645701408	-6589.381592333317	-6500.56857830286	-6529.4041929244995	-3760.348652422428	-3756.410919904709	-2329.5156683325768	-3243.39027094841	-4191.78469401598	-3207.3794391155243	-3252.6492732167244	-2072.4457162618637	-5172.776357412338	-3777.878641664982	-1756.9990227222443	-4396.261419892311	-3350.129489839077	-6516.454880058765	-4064.3330399394035	-3786.8761607408524	-6667.939780712128	-1288.7474673986435	-3072.304448544979	-6566.57374304533	-6241.194899439812	-6915.841029167175	-3574.3717018961906	-6304.529024899006	-2288.289638340473	-6630.3493265509605	-6517.560659587383	-3213.703830063343	-3186.413459420204	-3030.112889945507	-6585.40066164732	-6477.3557849526405	-4571.584422409534	-3627.3741579651833	-6367.911390602589	-6812.566551923752	-3166.3089792132378	-4080.8464757204056	-2785.178630769253	-6776.005833804607	-4617.478038430214	-3184.534475982189	-1234.7982075214386
-5885.2988266944885	-3223.649491786957	-6578.682919085026	-6735.354065418243	-6679.348975300789	-6546.869296431541	-6351.263044655323	-3762.7406024336815	-3837.8865067362785	-4309.984443247318	-3279.7421731948853	-6249.137592494488	-5155.490479111671	-3285.6252427101135	-2052.390028655529	-7194.552996456623	-3777.573204755783	-1710.6119928359985	-4187.462021291256	-3407.818508028984	-6529.026762783527	-4009.0963005423546	-3840.3348831534386	-6905.5925097465515	-1355.5742056965828	-3052.4779041409492	-6590.001703858376	-6454.973521947861	-6962.223166525364	-5088.9563083052635	-6384.113822162151	-3421.7907589673996	-6791.581952512264	-6583.502975821495	-3199.699647128582	-2654.5383450984955	-3084.6206550598145	-6430.968002617359	-6850.401797711849	-4224.801402926445	-2217.3588957190514	-6439.9084132909775	-6612.150031805038	-2579.2878430485725	-2058.2705460190773	-2816.1138936281204	-6759.392969608307	-4619.281838178635	-2639.411555290222	-1325.7576999664307
-5721.33532589674	-2617.945203125477	-6746.506718039513	-6251.850138604641	-6531.333795726299	-6079.105600178242	-6566.314978539944	-3887.72308242321	-3828.838001847267	-5321.736072480679	-3368.130766928196	-3719.4499755501747	-6182.644388437271	-2687.985381126404	-4015.262483894825	-5046.85260361433	-3885.3724848628044	-5190.267721056938	-7440.937788486481	-3447.095493018627	-6453.814350545406	-2203.0874614715576	-3992.368164420128	-6428.898888349533	-4801.962077796459	-3179.97895693779	-6546.539192855358	-6298.517616868019	-6641.745807945728	-6380.303353726864	-6162.112588822842	-2412.9416570067406	-6466.1009076833725	-6349.665598094463	-2673.012615144253	-3256.8940279483795	-3198.243996143341	-6385.488067984581	-6359.140427529812	-7376.271405994892	-3767.905801653862	-6213.605833768845	-6687.755385875702	-3322.7146738171577	-4116.877402842045	-4635.393718898296	-6306.0811530947685	-1648.6083483695984	-3318.5124874711037	-5106.114999473095
-5485.679368197918	-2668.696714222431	-6350.496770262718	-6162.039286196232	-6326.451206922531	-6080.873964428902	-6530.1936576366425	-3930.051877260208	-2225.8163429498672	-3685.6786811947823	-3419.2648948431015	-2022.9886813163757	-4356.215691506863	-2681.91628074646	-3973.7210416197777	-6631.993980944157	-3954.9036764502525	-5267.744024753571	-4396.410262227058	-3568.091849029064	-6328.523058116436	-4258.953976094723	-2198.0901723504066	-6214.110402882099	-4866.645795345306	-3253.311931192875	-6471.456638991833	-6255.894024729729	-6721.501174449921	-4579.70896333456	-6233.431032419205	-2496.4831966757774	-6353.210847496986	-6377.627969324589	-2649.350171685219	-3327.469997227192	-3284.8304299116135	-6388.495045661926	-6336.551205873489	-4466.617606699467	-2412.5202657580376	-6082.0207832455635	-6342.279482483864	-3295.3108390569687	-2642.189684212208	-6460.51652109623	-6448.100151360035	-4819.386310517788	-3373.3614640831947	-5130.627689063549
-5545.400717616081	-3476.0732949376106	-6384.570871412754	-6525.036956131458	-6350.43509209156	-6251.7818920612335	-5964.250069439411	-3985.778423309326	-4065.7353541851044	-3579.760640978813	-2732.5631034374237	-6492.579653918743	-4387.3921320438385	-3488.1515582203865	-2276.322240769863	-6521.498246490955	-4036.490544259548	-1922.5839049220085	-3939.8208413124084	-3630.4395449757576	-6298.643636584282	-4294.6740990281105	-4097.376083374023	-6606.107804298401	-1523.0735917687416	-3249.3603883981705	-6422.188040137291	-6247.345928013325	-6826.633070886135	-4302.137623429298	-6202.7080854177475	-3645.2537971138954	-6594.735806763172	-6306.857912302017	-3426.7603909373283	-3484.810432255268	-3336.945777773857	-6359.212845563889	-5996.069641053677	-3959.565076828003	-2449.636020362377	-6355.738135576248	-6419.799052298069	-3358.2407166957855	-2768.932310283184	-2069.4180477261543	-6539.207926332951	-4832.396377146244	-3415.8624368309975	-1499.8518044948578
-5515.169854462147	-2665.4497856497765	-6516.424018979073	-6056.821789860725	-6209.393985807896	-6062.57733976841	-6545.7463210225105	-3928.5289399027824	-2175.2518199682236	-3688.867474257946	-3449.783629834652	-2020.619282066822	-4431.621762752533	-2756.9106815457344	-4029.3118886351585	-5063.876882076263	-4010.2919716238976	-5275.783566713333	-5891.934815168381	-3554.244957447052	-6313.176919877529	-4122.18472969532	-2238.0882639288902	-6181.639253258705	-4885.915487229824	-3296.8275167942047	-6331.402247369289	-6271.57625234127	-6690.806988298893	-4573.505141675472	-6037.730296969414	-2516.4401926994324	-6229.821580171585	-6286.370803356171	-2737.2880604863167	-3302.195488035679	-3224.2669107317924	-6367.079592704773	-6402.783580005169	-5770.716000854969	-3831.376301109791	-5952.382471144199	-6485.812702059746	-3340.3883281350136	-4198.101328909397	-6417.391629099846	-6267.6726568341255	-3403.0114636421204	-3421.434317290783	-5115.283426523209
-5574.89120388031	-3472.826366364956	-6550.498120129108	-6419.819459795952	-6233.377870976925	-6233.485267400742	-5979.802732825279	-3984.2554859519005	-4015.1708312034607	-3582.949434041977	-2763.081838428974	-6490.210254669189	-4462.798203289509	-3563.145959019661	-2331.913087785244	-4953.381147623062	-4091.878839433193	-1930.623446881771	-5435.345394253731	-3616.5926533937454	-6283.297498345375	-4157.904852628708	-4137.374174952507	-6573.636654675007	-1542.3432836532593	-3292.8759739995003	-6282.133648514748	-6263.0281556248665	-6795.938884735107	-4295.93380177021	-6007.0073499679565	-3665.2107931375504	-6471.346539437771	-6215.600746333599	-3514.698279738426	-3459.535923063755	-3276.382258594036	-6337.797392606735	-6062.302015185356	-5263.663470983505	-3868.4920557141304	-6226.099823474884	-6563.332271873951	-3403.3182057738304	-4324.843954980373	-2026.2931557297707	-6358.780431807041	-3416.0215302705765	-3463.9352900385857	-1484.5075419545174
-5672.462945640087	-2726.0741981863976	-6512.247298240662	-6275.8906054496765	-6336.322279155254	-5953.481299638748	-6412.299635708332	-4000.9770043492317	-2273.067128121853	-3753.37559145689	-3471.987655699253	-2024.9513183236122	-4484.331259965897	-2794.5954575538635	-4056.77842348814	-5176.260085225105	-3998.23774266243	-5329.174565792084	-5986.750502884388	-3605.607907116413	-6238.714271128178	-2470.4760984778404	-2282.375512123108	-6071.099469125271	-4914.667982578278	-3365.18610560894	-6483.876491069794	-6080.126204431057	-6456.719887971878	-4628.788170218468	-6182.40229088068	-2564.7153400182724	-6243.405703186989	-6386.198484539986	-2749.2460812330246	-3381.129059314728	-3302.066729426384	-6292.999832332134	-6241.315184772015	-5885.072550535202	-3930.0658536553383	-5934.487915933132	-6468.714952468872	-3434.556716620922	-4235.643079280853	-4845.423374533653	-6344.905885338783	-3205.156116783619	-3407.9420205950737	-5187.167072057724
-5732.18429505825	-3533.450778901577	-6546.3213993906975	-6638.888275384903	-6360.306164324284	-6124.38922727108	-5846.356047511101	-4056.7035503983498	-4112.98613935709	-3647.457551240921	-2785.2858642935753	-6494.54229092598	-4515.5077005028725	-3600.83073502779	-2359.3796226382256	-5065.764350771904	-4079.8246104717255	-1984.0144459605217	-5530.161081969738	-3667.9556030631065	-6208.834849596024	-2506.196221411228	-4181.661423146725	-6463.096870541573	-1571.0957790017128	-3361.2345628142357	-6434.607892215252	-6071.578107714653	-6561.8517844080925	-4351.216830313206	-6151.679343879223	-3713.4859404563904	-6484.930662453175	-6315.428427517414	-3526.656300485134	-3538.469494342804	-3354.1820772886276	-6263.7176322340965	-5900.833619952202	-5378.020020663738	-3967.181608259678	-6208.205268263817	-6546.234522283077	-3497.486594259739	-4362.3857053518295	-454.32490116357803	-6436.013660311699	-3218.166183412075	-3450.4429933428764	-1556.3911874890327
-6553.3145961761475	-3550.925894677639	-6421.620607793331	-6408.872967362404	-6438.820006430149	-6084.046411991119	-6255.455928623676	-4050.145651102066	-4035.9713416695595	-8159.203611373901	-3548.782642185688	-6501.169464349747	-8987.18104672432	-3605.7645951509476	-4155.614327788353	-6886.1869195103645	-4034.222623229027	-4588.259774684906	-8124.723803758621	-2659.50335252285	-6361.323563814163	-2327.853010237217	-4191.518468558788	-6571.472202003002	-4998.741724729538	-2965.9579960107803	-6392.331015586853	-6574.129328787327	-6493.06106865406	-8742.326465070248	-6064.900353729725	-3678.3181567192078	-6451.332309663296	-6338.021702647209	-3518.435495018959	-2861.5114345550537	-3005.2173085212708	-6056.490812540054	-6657.9407395124435	-7833.741957128048	-2499.7890006899834	-6278.528637647629	-6428.165355503559	-2911.323189675808	-2285.346710920334	-4759.215735971928	-6172.172201752663	-1791.7871702313423	-2917.473677814007	-5362.558051645756
-5617.758107662201	-2731.1201699972153	-6503.832266807556	-6142.200716435909	-6226.63451808691	-6139.921392977238	-6412.851567864418	-2378.0670723319054	-2258.5774779319763	-3783.1263934373856	-3524.4328641295433	-410.469286441803	-3003.724596977234	-2786.5236800909042	-4075.9237558841705	-5189.798271477222	-2398.6194279789925	-5394.8026359677315	-4352.6340163350105	-3654.318327128887	-6161.235148906708	-4328.43174046278	-2237.244442522526	-6116.556867539883	-4926.376938521862	-3373.583599090576	-6493.424302875996	-6109.223343908787	-6442.459633171558	-3136.66460698843	-6062.568761765957	-2586.181811749935	-6103.861081063747	-6207.760912656784	-2808.5000053048134	-3412.4214725494385	-3322.438600718975	-6328.886766076088	-6167.86133903265	-4148.862874865532	-3904.9986864328384	-5971.103500545025	-6191.7118953466415	-3393.677620470524	-4295.183895945549	-6600.054579436779	-6390.77921050787	-4884.307826519012	-3421.4724577069283	-5208.241732180119
-5677.479457080364	-3538.4967507123947	-6537.906367957592	-6505.198386371136	-6250.6184032559395	-6310.82932060957	-5846.907979667187	-2433.7936183810234	-4098.496489167213	-3677.2083532214165	-2837.7310727238655	-4880.06025904417	-3034.9010375142097	-3592.758957564831	-2378.524955034256	-5079.302537024021	-2480.206295788288	-2049.6425161361694	-3896.0445954203606	-3716.6660230755806	-6131.355727374554	-4364.151863396168	-4136.530353546143	-6508.554268956184	-1582.8047349452972	-3369.6320562958717	-6444.155704021454	-6100.675247192383	-6547.591529607773	-2859.093267083168	-6031.8458147645	-3734.952412188053	-6345.386040329933	-6136.9908556342125	-3585.910224556923	-3569.7619075775146	-3374.5539485812187	-6299.60456597805	-5827.379774212837	-3641.810344994068	-3942.114441037178	-6244.8208528757095	-6269.231465160847	-3456.6074981093407	-4421.926522016525	-2208.956106066704	-6481.886985480785	-4897.317893147469	-3463.973430454731	-1577.4658476114273
-5576.143323838711	-2797.7395716905594	-6442.04884493351	-6266.123620510101	-6201.56275510788	-6082.583280205727	-6191.607801377773	-4105.6748923659325	-4105.01668715477	-1971.6850728988647	-3593.9165655970573	-3936.0885648727417	-2837.04882222414	-2837.4771757125854	-2417.9396365880966	-4897.9534302949905	-4106.215970993042	-2088.067827284336	-4005.074505329132	-3704.3033035993576	-6203.057407736778	-4401.01564848423	-4112.109954118729	-6300.351274251938	-1644.197318136692	-3411.6167530417442	-6243.478062272072	-5839.231845974922	-6579.724077165127	-3225.566501200199	-5976.924236059189	-2650.093128621578	-6322.541041791439	-6097.219448387623	-2813.6101850271225	-3529.2630177736282	-3382.9385771155357	-6340.572649240494	-6088.6208974123	-4260.257550239563	-3978.4922919273376	-6034.111115038395	-6410.005553007126	-3489.9289341568947	-4416.7806560993195	-3189.3199546337128	-6523.493956327438	-4958.915837943554	-3502.5989255309105	-1592.7844010591507
-5526.018823623657	-3580.9553614258766	-6316.238700330257	-6443.859926640987	-6038.36635440588	-6107.860966861248	-5825.787389993668	-4097.509407877922	-2459.3999574780464	-2014.5889530181885	-2866.9387272000313	-4795.711597442627	-2764.4850748181343	-3669.7560354471207	-2373.429027378559	-5082.788629233837	-4204.744097232819	-2069.5302916169167	-3981.158108651638	-3775.1050674915314	-6068.197418928146	-4425.293489634991	-2427.381522655487	-6215.837235450745	-1655.0491884350777	-3478.0831226706505	-6219.470946729183	-6044.636743187904	-6610.912964761257	-2544.418618261814	-6027.297052025795	-3816.984476149082	-6248.651334941387	-6252.133632779121	-3590.931745827198	-3583.7709544301033	-3380.204991877079	-6245.3091569542885	-5944.476772427559	-3772.464615523815	-4030.6521077156067	-5946.981905639172	-6344.291838467121	-3515.1602485775948	-4443.609631419182	-2236.3228113651276	-6397.605164051056	-4972.569298684597	-3553.3648231625557	-1565.5596145391464
-5291.766011536121	-2902.431518435478	-6136.298821747303	-5929.055633306503	-6107.2311835289	-5809.052749872208	-6312.03204870224	-4180.474572896957	-2486.3020083904266	-3923.332082092762	-3675.6558438539505	-2291.3304994106293	-4631.038796663284	-2953.6658183932304	-4233.375022649765	-6891.055743813515	-4206.661300480366	-5519.253258943558	-4138.052039682865	-3853.6299842596054	-6100.5089774131775	-4510.518612086773	-2446.481097996235	-6031.360132098198	-5136.000649631023	-3540.7271252274513	-6252.343836247921	-6031.5649463534355	-6438.918292403221	-4835.03610676527	-5934.647514164448	-2728.8205904364586	-6109.150859177113	-6148.323881864548	-2889.7520262002945	-2987.554531633854	-3541.6760873794556	-6095.01254016161	-6598.348866939545	-4182.118028700352	-2684.0445457696915	-5801.483167290688	-6065.761263489723	-3013.9344856143	-2411.693378806114	-6707.432867646217	-6210.038318991661	-5090.623907387257	-3086.2035644054413	-5410.814479589462
-5809.524594962597	-2893.496283888817	-6426.2989310622215	-6008.317678391933	-5969.400975823402	-6060.7568645477295	-6221.183429539204	-2568.703521311283	-2443.058030128479	-3972.5297290086746	-3710.789319932461	-576.6951142549515	-3183.282847940922	-2978.8441929221153	-4266.519794464111	-5024.2361941337585	-2561.4388754963875	-5583.770129024982	-4528.668207168579	-3466.7151064276695	-6073.182500004768	-4529.314322352409	-2408.1975579857826	-5968.975493967533	-5118.662442624569	-3185.913072705269	-6316.253942549229	-6018.1524748802185	-6251.0586503744125	-3312.06784760952	-5909.581787407398	-2762.6212725043297	-5908.457643151283	-6015.386470854282	-2969.3464112877846	-3602.278186440468	-3108.8016397356987	-6152.133407890797	-6010.44781678915	-4317.663898348808	-4085.619058728218	-5859.586085617542	-6030.32752674818	-3576.8546428084373	-4512.357110381126	-6775.794402420521	-6240.254570424557	-5066.498922765255	-3593.2667523622513	-5389.0173580646515
-5351.487360954285	-3709.8080991506577	-6170.372922897339	-6292.05330324173	-6131.215068697929	-5979.9606775045395	-5746.088460505009	-4236.201118946075	-4326.221019625664	-3817.414041876793	-2988.9540524482727	-6760.921472012997	-4662.21523720026	-3759.901095867157	-2535.9762217998505	-6780.560009360313	-4288.248168289661	-2174.0931391119957	-3681.462618768215	-3915.977680206299	-6070.629555881023	-4546.238735020161	-4345.767009019852	-6423.3575335145	-1792.4284460544586	-3536.775582432747	-6203.075237393379	-6023.016849637032	-6544.050188839436	-4557.464766860008	-5903.924567162991	-3877.5911908745766	-6350.675818443298	-6077.553824841976	-3667.162245452404	-3144.89496666193	-3593.791435241699	-6065.730340063572	-6257.867302119732	-3675.065498828888	-2721.160300374031	-6075.200519621372	-6143.280833303928	-3076.8643632531166	-2538.4360048770905	-2316.334394276142	-6301.146093964577	-5103.633974015713	-3128.704537153244	-1780.038595020771
-5441.7626467347145	-3683.8915748000145	-6284.300318956375	-6232.532883524895	-6041.247685730457	-5933.659959375858	-5924.229608774185	-4233.809168934822	-4244.745432794094	-1836.9452669620514	-2952.6021502017975	-4703.568573534489	-2714.104197204113	-3726.925126373768	-2556.031909406185	-4758.783370316029	-4288.55360519886	-2220.4801689982414	-3890.2620173692703	-3858.2886620163918	-6058.057673156261	-4601.47547441721	-4292.3082866072655	-6185.704804480076	-1725.6017077565193	-3556.6021268367767	-6179.647276580334	-5809.2382271289825	-6497.668051481247	-3042.8801604509354	-5824.339769899845	-2744.09007024765	-6189.443192481995	-6011.611508607864	-3681.166428387165	-3676.7700809836388	-3539.283670127392	-6220.162999093533	-5884.821289360523	-4021.8485183119774	-4131.175562620163	-6003.203496932983	-6343.697353422642	-3663.885499417782	-4561.011934578419	-2285.3991314172745	-6317.758958160877	-5101.830174267292	-3673.827457845211	-1689.079102575779
-5499.606303811073	-3787.9903512597084	-6207.15480107069	-6189.793702721596	-6179.350829720497	-6005.586377620697	-5778.578982412815	-4328.200362920761	-4336.759893298149	-4881.715398550034	-3846.816630721092	-6741.803910076618	-5769.53308904171	-3906.755016565323	-2682.8035495877266	-4633.526871204376	-4357.649044692516	-2232.9844412207603	-6767.697781860828	-3889.599314033985	-5963.4312344789505	-2587.7819544672966	-4464.283021628857	-6270.664274454117	-1913.3553665876389	-3621.491342484951	-5937.455982208252	-5871.671952426434	-6263.824452638626	-5615.448467373848	-5860.37602263689	-4004.464483320713	-6159.730218112469	-6069.217995941639	-3838.323979794979	-3775.5817403793335	-3579.784263730049	-5865.59746670723	-5844.07427406311	-6664.911309957504	-4196.20445650816	-5838.492633640766	-6344.466597259045	-3757.247105419636	-4633.442372024059	-1622.7482926249504	-5957.327748119831	-2058.599560022354	-3760.3286029696465	-1859.1545372605324
-5423.844751000404	-2964.8549742102623	-6289.634318292141	-5909.217063546181	-6007.414494693279	-5868.100178420544	-6194.689958930016	-2628.4897679686546	-2519.0631433725357	-4020.7797943353653	-3780.8238131403923	-678.8111045360565	-3278.5477021336555	-3058.2732177376747	-4335.577736914158	-5448.8600343465805	-2650.3770520091057	-5646.311870157719	-4094.2757937908173	-3939.8564623594284	-5933.221068203449	-4579.99637645483	-2485.635368168354	-5933.806596755981	-5195.731792807579	-3660.9987931251526	-6274.311500132084	-5884.894265532494	-6159.876751124859	-3391.99175041914	-5763.7852435112	-2818.5192055106163	-5859.801092743874	-5978.456825196743	-3048.901859819889	-3072.5060069561005	-3579.284258186817	-6035.404260575771	-6429.659000098705	-3864.363296866417	-4176.522966444492	-5690.565884590149	-5915.193676352501	-3112.301267027855	-4064.6875905394554	-6846.970925986767	-6152.717378139496	-5155.545423388481	-3134.314558029175	-5488.428522706032
-5948.815387785435	-3075.8148275613785	-6119.845418155193	-5963.876138329506	-5913.568050861359	-5759.740716993809	-6134.005412995815	-2692.7874819636345	-2548.3604459762573	-4092.891226410866	-3832.90267598629	-712.9139198064804	-3310.261347413063	-3063.834314286709	-4391.229169130325	-4898.095098555088	-2713.2928850650787	-4981.283030986786	-4677.998324811459	-3350.8142029047012	-5830.827656030655	-4644.234055280685	-2537.2167021632195	-5801.470319271088	-5219.494193792343	-3706.372013449669	-6169.862844347954	-5860.164248883724	-6102.676787316799	-3459.8946706056595	-5711.153914928436	-2903.4212203621864	-5815.45501023531	-5902.207931578159	-3106.987017095089	-3701.906837940216	-3641.3667961359024	-6086.247515439987	-5862.294272959232	-4472.988549828529	-4217.3949093818665	-5741.746421098709	-5891.361754775047	-3709.7502050995827	-4604.990099668503	-6921.342834532261	-6171.495885968208	-5184.929551899433	-3711.8267236351967	-5550.9358595609665
-5083.946641921997	-3217.278777360916	-6095.522270619869	-5698.899954259396	-5678.500611484051	-5573.012774050236	-5807.676983714104	-2851.5275888442993	-2746.9119908213615	-3290.55599206686	-3233.6447433829308	-922.2531659603119	-2510.4493550658226	-3260.7995332479477	-4559.509949028492	-4775.805284380913	-2909.294391512871	-5858.283782243729	-3846.6346138119698	-4162.477499306202	-5702.837942004204	-4865.574174940586	-2742.676568388939	-5634.321891307831	-5363.231178879738	-3857.881277382374	-6106.497836410999	-5677.266671597958	-6024.28665548563	-2605.1730655431747	-5582.379506766796	-3041.982243657112	-5662.9549469947815	-5701.811761677265	-3275.9626036286354	-3902.778094112873	-3831.60938090086	-5963.649103522301	-5575.326843440533	-3599.126970767975	-4408.800091087818	-5606.39560687542	-5722.8426968455315	-3891.254140675068	-4775.349354803562	-6100.275080084801	-5932.53233486414	-5368.659962356091	-3910.76543956995	-5662.522627234459
-6140.581875085831	-3238.19094145298	-6042.312082409859	-5829.99310028553	-5656.334508597851	-5680.5761885643005	-5942.337274670601	-2883.4239309430122	-2732.84099817276	-4282.294561982155	-4019.2591317892075	-879.1397476196289	-3489.819598376751	-3256.15482711792	-4581.825207710266	-4732.533021211624	-2876.1123325824738	-5170.250524044037	-4854.032515645027	-3163.2109822034836	-5742.7750071287155	-4845.116637170315	-2708.1698176264763	-5653.888945698738	-5411.77969789505	-3518.7014870643616	-5992.692484021187	-5769.093379855156	-5911.275804519653	-3635.2979112267494	-5558.166940569878	-3079.860681116581	-5620.0515723228455	-5709.833489775658	-3267.83342307806	-3891.7635518312454	-3427.729835152626	-5909.494157254696	-5704.880750715733	-4641.789573311806	-4398.015281677246	-5630.2290061712265	-5729.977386176586	-3892.927227437496	-4822.16331410408	-7097.082657516003	-6020.971245884895	-5367.120648145676	-3883.6210182905197	-5731.711485445499
-5042.331858098507	-3283.8981790542603	-6033.738848745823	-5822.822858333588	-5653.42884850502	-5515.674661278725	-5586.433217227459	-4579.135408878326	-4593.351200044155	-1479.1146715283394	-3303.128444850445	-4447.872444391251	-2343.773580312729	-3311.753028869629	-2901.525829732418	-4483.960443198681	-4616.89093452692	-2551.5489735603333	-3499.0751028060913	-4212.462475776672	-5744.660200834274	-4938.158082962036	-4617.542079985142	-5818.116298019886	-2081.051558494568	-3895.914431333542	-5856.5515958070755	-5407.275173664093	-6161.5510994791985	-2694.074959754944	-5496.734981060028	-3105.893560528755	-5881.634907722473	-5591.270297408104	-3281.0727833509445	-4019.619639337063	-3892.1093572974205	-5975.3349866867065	-5496.086401820183	-3710.521646142006	-4482.293696582317	-5669.40322136879	-5941.136354506016	-3987.5054543614388	-4896.946114957333	-2689.5404552817345	-6065.247080683708	-5443.267973780632	-3991.8919073939323	-2047.065296113491
-4906.073488652706	-3466.77237790823	-5764.770703732967	-5383.495270609856	-5607.233037948608	-5267.769831061363	-5739.347986459732	-4745.934333384037	-2985.175394952297	-4495.063037395477	-4242.7303013801575	-2783.9968169927597	-5245.081406593323	-3574.79559224844	-4863.788543581963	-4330.029618561268	-4786.737140417099	-6041.62570732832	-6718.287800252438	-4335.4107902646065	-5534.913449108601	-3089.204266011715	-3070.429236471653	-5396.431896805763	-5693.7818105220795	-4109.740563571453	-5599.798114597797	-5448.263376832008	-5740.519578516483	-5361.528265833855	-5410.909714639187	-3311.494314789772	-5477.299124777317	-5634.038901984692	-3528.3763588666916	-4108.597926914692	-4036.8396960496902	-5529.64200425148	-5592.021343290806	-6622.227935731411	-4662.8901065588	-5200.067387640476	-5798.077828943729	-4191.893747985363	-4986.865204811096	-5514.067266643047	-5407.973097503185	-2529.941629230976	-4207.120612084866	-5944.211316883564
-4821.878164410591	-3475.0652782917023	-5590.4284235835075	-5355.022877931595	-5614.6024979949	-5472.506549060345	-5724.34725522995	-3124.5473387241364	-3021.2502677440643	-4521.625046312809	-4264.656774818897	-1171.8841843605042	-3689.0686723589897	-3491.729413986206	-4827.343028962612	-5911.684903681278	-3131.7305305600166	-6099.214235544205	-3588.646760761738	-4397.968101859093	-5472.780465126038	-5083.929154396057	-2985.3000752925873	-5474.360444843769	-5686.221074581146	-4074.6224714517593	-5749.400318026543	-5461.678288698196	-5756.953509867191	-3875.608524262905	-5486.776920974255	-3313.00379049778	-5461.143769979477	-5546.858496069908	-3499.6923941373825	-4165.164849340916	-4117.775086522102	-5586.944390952587	-5452.335123419762	-3581.9198659062386	-3218.9669039845467	-5366.321284353733	-5377.541552245617	-4105.93716275692	-3490.4943767786026	-7311.823363542557	-5634.273917198181	-5625.468185842037	-4172.578195989132	-5980.630239546299
-4965.794838070869	-4274.148958623409	-5798.844804883003	-5746.492940545082	-5631.216923117638	-5438.677758693695	-5173.404398262501	-4801.660879433155	-4825.094406187534	-4389.144997179508	-3556.0285099744797	-7253.587789595127	-5276.257847130299	-4381.030869722366	-3166.389742732048	-4219.533884108067	-4868.324008226395	-2696.4655874967575	-6261.698379337788	-4397.7584862113	-5505.0340275764465	-3124.9243889451027	-4969.71514749527	-5788.429298222065	-2350.2096069455147	-4105.789020776749	-5550.529515743256	-5439.715280115604	-5845.651474952698	-5083.956925928593	-5380.18676763773	-4460.26491522789	-5718.824084043503	-5563.26884496212	-4305.786578118801	-4265.938361942768	-4088.955043911934	-5500.359804153442	-5251.539778470993	-6115.175405859947	-4700.005861163139	-5473.784739971161	-5875.597398757935	-4254.82362562418	-5113.607830882072	-1122.968793272972	-5499.080872476101	-2542.951695859432	-4249.621584832668	-2313.4354323148727
-4851.36865067482	-3471.8183497190475	-5756.355672299862	-5249.805381596088	-5497.545276880264	-5454.209924399853	-5739.899918615818	-3123.0244013667107	-2970.6857447624207	-4524.813839375973	-4295.175509810448	-1169.5147851109505	-3764.47474360466	-3566.7238147854805	-4882.933875977993	-4343.567804813385	-3187.1188257336617	-6107.253777503967	-5084.17131370306	-4384.1212102770805	-5457.434326887131	-4947.1599079966545	-3025.298166871071	-5441.889295220375	-5705.490766465664	-4118.138057053089	-5609.345926403999	-5477.360516309738	-5726.259323716164	-3869.404702603817	-5291.076185524464	-3332.960786521435	-5337.754502654076	-5455.60133010149	-3587.6302829384804	-4139.890340149403	-4057.2115673422813	-5565.528937995434	-5518.567497551441	-4886.018260061741	-4637.8229393363	-5236.682972252369	-5521.074771821499	-4151.014651834965	-5046.406021475792	-7268.698471546173	-5453.846422672272	-4209.09333896637	-4220.65104919672	-5965.285977005959
-5008.66174185276	-3532.4427622556686	-5752.178951561451	-5468.8741971850395	-5624.473570227623	-5345.113884270191	-5606.45323330164	-3195.47246581316	-3068.50105291605	-4589.321956574917	-4317.379535675049	-1173.8468213677406	-3817.1842408180237	-3604.4085907936096	-4910.400410830975	-4455.951007962227	-3175.064596772194	-6160.644776582718	-5178.987001419067	-4435.484159946442	-5382.971678137779	-3295.451276779175	-3069.5854150652885	-5331.349511086941	-5734.243261814117	-4186.496645867825	-5761.820170104504	-5285.910468399525	-5492.172223389149	-3924.6877311468124	-5435.74817943573	-3381.235933840275	-5351.338625669479	-5555.429011285305	-3599.5883036851883	-4218.8239114284515	-4135.011386036873	-5491.449177622795	-5357.099102318287	-5000.374809741974	-4736.512491881847	-5218.788417041302	-5503.977022230625	-4245.183040320873	-5083.947771847248	-5696.7302169799805	-5531.0796511769295	-4011.237992107868	-4207.158752501011	-6037.169622540474
-4862.21761983633	-4387.323925495148	-5556.170353651047	-5636.84351837635	-5326.517645478249	-5499.493551492691	-5019.940987586975	-3292.0048693418503	-3254.8338822722435	-2850.535318136215	-3712.330607175827	-3944.6071004867554	-2097.3380556702614	-4479.569168686867	-3227.0510147213936	-4362.479551970959	-3381.5709513425827	-2901.000502407551	-3173.3946071863174	-4604.98132032156	-5212.454825937748	-5250.268667936325	-3214.5914255976677	-5476.087277412415	-2474.6244676709175	-4299.393662929535	-5497.414625763893	-5250.421007156372	-5646.365300178528	-1840.3181791901588	-5280.642940580845	-4633.505069971085	-5356.584257423878	-5421.364159524441	-4441.273968279362	-4421.465806543827	-4213.149648487568	-5443.758502244949	-5060.260689973831	-2887.766874730587	-4837.098745942116	-5231.282406747341	-5379.553908228874	-4325.786572277546	-5291.914323985577	-3087.629653811455	-5583.778929889202	-5778.651174008846	-4352.581555068493	-2415.5621650218964
-4760.881486594677	-3646.5667464733124	-5460.312830626965	-5397.768752515316	-5277.461997330189	-5271.247511088848	-5364.640809297562	-4963.886143326759	-3261.3540802598	-1145.0120378136635	-4468.516100049019	-3000.6354063153267	-1899.4858403801918	-3724.2873868346214	-3266.465696275234	-4181.130445241928	-5007.580626547337	-2939.4258135557175	-3282.424517095089	-4592.618600845337	-5284.1565062999725	-5287.132453024387	-3190.1710261702538	-5267.884282708168	-2536.0170508623123	-4341.378359675407	-5296.736984014511	-4988.977605938911	-5678.497847735882	-2206.79141330719	-5225.721361875534	-3548.6457864046097	-5333.739258885384	-5381.592752277851	-3668.9739287495613	-4380.966916739941	-4221.534277021885	-5484.726585507393	-5321.501813173294	-3506.214079976082	-4873.476596832275	-5020.572668910027	-5520.327996075153	-4359.1080083251	-5286.768458068371	-4067.9935023784637	-5625.385900735855	-5840.249118804932	-4391.207050144672	-2430.8807184696198
-4627.964807748795	-3708.8000825047493	-5376.230475068092	-5122.039225041866	-5395.382474601269	-5200.685334503651	-5506.1856462955475	-3374.9700343608856	-3281.7359331846237	-4759.278447210789	-4521.047723829746	-1440.2260024547577	-3963.8917775154114	-3763.4789516329765	-5086.9970099925995	-6170.746666550636	-3383.48815459013	-6350.723469734192	-3330.2885382175446	-4683.506237089634	-5244.766384422779	-5335.493790388107	-3233.6910009384155	-5291.610174059868	-5955.575928866863	-4362.037665486336	-5530.287515282631	-5237.349210321903	-5474.370627820492	-4130.935667693615	-5187.993402719498	-3545.341184258461	-5217.083781659603	-5317.554408609867	-3740.094248652458	-3825.2493837475777	-4374.6207439899445	-5293.4618854522705	-5714.132784485817	-3297.4202879071236	-3490.4911839962006	-5085.783668398857	-5101.023333251476	-3824.560809314251	-3259.998071372509	-7558.739710092545	-5396.212084829807	-5896.705782711506	-3885.4202963113785	-6260.817030072212
-4687.686157166958	-4516.176663219929	-5410.304576218128	-5485.036894977093	-5419.366359770298	-5371.5932621359825	-4940.242058098316	-3430.6965804100037	-5121.654944419861	-4653.36040699482	-3834.3459324240685	-5909.816975057125	-3995.0682180523872	-4569.714229106903	-3389.598209142685	-6060.250932097435	-3465.0750223994255	-3005.56334990263	-2873.6991173028946	-4745.853933036327	-5214.886962890625	-5371.213913321495	-5132.976911962032	-5683.60757547617	-2612.0037252902985	-4358.086122691631	-5481.018916428089	-5228.801113605499	-5579.502524256706	-3853.364327788353	-5157.2704557180405	-4694.111784696579	-5458.608740925789	-5246.7843515872955	-4517.504467904568	-3982.589818775654	-4426.736091852188	-5264.179685354233	-5373.651219666004	-2790.36775803566	-3527.60693860054	-5359.501020729542	-5178.5429030656815	-3887.490686953068	-3386.7406974434853	-3167.6412367224693	-5487.319859802723	-5909.715849339962	-3927.921269059181	-2630.041145503521
-4462.786831200123	-3987.3305297493935	-5305.6088834404945	-5227.133493185043	-4938.698808252811	-5081.508253395557	-4682.144596040249	-3637.3311092853546	-3603.4396495223045	-2492.704722702503	-4062.8569018244743	-3688.9109713435173	-1727.0074387788773	-4064.397071182728	-3572.5449350476265	-4087.656624853611	-3709.908280670643	-3232.0693069696426	-2782.2076926231384	-4959.1551340818405	-4899.057353615761	-5586.951276481152	-3539.825218975544	-5108.498770952225	-2830.074318408966	-4638.7059674263	-5174.318944990635	-4848.4579536914825	-5310.248348176479	-1491.5129784941673	-4953.038151741028	-4995.30856025219	-5048.775972664356	-5001.02294832468	-4041.180323243141	-4764.315364897251	-4565.975335657597	-5198.930489838123	-4671.525802433491	-2576.4400025606155	-5188.21687990427	-4897.482131183147	-4976.992909312248	-4649.406527221203	-5627.8485043644905	-3491.7709776759148	-5331.267052412033	-6120.088973522186	-4670.646004617214	-2773.5483585596085
-4378.53065431118	-4090.2667431235313	-5273.670502066612	-5015.806450068951	-4941.580139577389	-4907.307245910168	-4780.586814820766	-3773.6308703422546	-5388.785124838352	-2315.061036646366	-4148.5203248262405	-3596.767947435379	-1676.626561164856	-4121.566162109375	-3755.1478170752525	-3763.6513659358025	-3793.7177886366844	-3383.0191843509674	-2691.3116013407707	-5042.338728606701	-4888.917607843876	-5763.1332612633705	-5404.751982927322	-5078.366339981556	-2900.6268377304077	-4717.224971592426	-5134.495274841785	-4613.059437632561	-5197.003434896469	-1989.9745206832886	-4750.080869615078	-3922.4141543507576	-4989.567830204964	-4760.500824153423	-4131.415005803108	-4857.314491450787	-4725.054013907909	-5173.784331977367	-4611.870319366455	-2825.8239053487778	-5288.740334808826	-4953.703722476959	-4976.398424267769	-4798.13177806139	-5745.250807523727	-3540.8472977280617	-5251.420846521854	-6249.349849104881	-4791.1086392998695	-2897.067846596241
-4227.070020854473	-4132.725353837013	-5052.002834439278	-4954.467990338802	-4729.328090727329	-4704.338892161846	-4759.466225147247	-5437.346659839153	-3749.688593149185	-652.4416364431381	-4177.727979302406	-3512.4192858338356	-1406.2105984687805	-4198.563239991665	-3750.0518894195557	-3767.1374581456184	-5518.255590081215	-3402.9069598317146	-2776.425114572048	-5100.777773022652	-4825.759299397469	-5824.274887502193	-3695.603152036667	-4785.649306476116	-2972.871291220188	-4825.676037967205	-4909.810517549515	-4557.020933628082	-5260.3248700499535	-1675.2998718619347	-4745.532106876373	-4004.4462183117867	-4892.833124816418	-4875.643601298332	-4136.436527073383	-4871.323538303375	-4730.70505720377	-5119.488922953606	-4728.967317581177	-2956.478175878525	-5377.278001487255	-4655.864775240421	-5051.458797574043	-4856.684528529644	-5766.933916926384	-3568.2140030264854	-5167.139025092125	-6324.60125464201	-4880.500032007694	-2885.16161352396
-4094.1533420085907	-4194.95868986845	-4967.920478880405	-4678.738462865353	-4847.248567998409	-4633.776715576649	-4901.011062145233	-3848.4305508732796	-3770.070446074009	-4266.708045840263	-4230.259603083134	-1952.0098819732666	-3470.616535604	-4237.75480479002	-5570.583203136921	-5756.753679454327	-3894.163118124008	-6814.204616010189	-2824.289135694504	-5191.665409266949	-4786.369177520275	-5872.636224865913	-3739.1231268048286	-4809.375197827816	-6392.430169224739	-4846.335343778133	-5143.361048817635	-4805.392538011074	-5056.197650134563	-3599.4441262483597	-4707.804147720337	-4001.141616165638	-4776.177647590637	-4811.605257630348	-4207.55684697628	-4315.606005311012	-4883.791524171829	-4928.224222898483	-5121.5982888937	-2747.6843838095665	-3994.2925886511803	-4721.075774729252	-4632.154134750366	-4322.137329518795	-3740.163530230522	-7058.960210740566	-4937.965209186077	-6381.057918548584	-4374.7132781744	-6715.097925126553
-4242.272284865379	-4273.140941977501	-5004.702357053757	-4576.478862345219	-4895.384329020977	-4659.402415692806	-4933.50158405304	-3940.4297948479652	-3780.6093197464943	-5331.009402513504	-5088.122181355953	-1932.8923200368881	-4577.93438744545	-4384.608725488186	-5717.410530924797	-3609.7205412983894	-3963.563994526863	-6873.095918118954	-5910.524298787117	-5165.287043094635	-4679.170856118202	-3914.1794443130493	-3857.6391394138336	-4656.681938767433	-6513.357089757919	-4931.0511038303375	-4877.741793632507	-4654.047640800476	-4775.971913933754	-4657.427826762199	-4664.255603194237	-4128.014908611774	-4585.232047259808	-4803.269428730011	-4378.718581318855	-4946.292779028416	-4869.784352660179	-4728.091349542141	-4707.805260837078	-5737.530194938183	-5469.336744785309	-4484.367888748646	-4833.3398987054825	-5002.520071685314	-5835.169897377491	-6365.3741090893745	-4594.1468633413315	-3336.0235045552254	-5006.337343990803	-6794.213867366314
-3976.001538157463	-5251.828871130943	-4671.243013143539	-4726.331449151039	-4799.964879631996	-4499.441700220108	-4266.73847669363	-5798.563841462135	-5848.252861440182	-5365.297050952911	-4552.643369674683	-8283.344505608082	-6236.425027668476	-5357.986141264439	-4177.462996840477	-5200.48227918148	-5853.192734837532	-3652.386421263218	-5239.352901220322	-5426.946396172047	-4588.565263092518	-4131.98643887043	-5966.1617059111595	-4963.48260474205	-3379.408597290516	-5094.243087172508	-4587.392728149891	-4567.841146528721	-4877.562469601631	-6078.227986633778	-4505.61140859127	-5419.424287736416	-4832.0467846393585	-4673.062340915203	-5237.380821466446	-4678.766273140907	-5141.137187182903	-4464.934923529625	-4797.81122392416	-5263.732818901539	-4285.4983587265015	-4588.464907824993	-4784.908836662769	-4685.706814467907	-4078.4220063090324	-2081.6539239287376	-4504.5137467980385	-3555.3496520519257	-4713.5694234371185	-3366.0107302069664
-4097.08028280735	-4452.9353105425835	-4700.244483947754	-4590.752344250679	-4565.613288402557	-4662.880095720291	-4558.794406890869	-4158.381604790688	-4056.788005053997	-1980.9584029316902	-5313.907980024815	-2149.530909359455	-1232.3388212323189	-4534.1005200743675	-4120.087683618069	-3460.8213679790497	-4184.407480657101	-3770.8960243463516	-2474.6610156297684	-5422.494853675365	-4428.413913309574	-6112.107631325722	-3977.3809291124344	-4528.134324669838	-3355.592330098152	-5162.688899934292	-4574.680663049221	-4194.761869907379	-4713.9501831531525	-1502.6909742355347	-4479.067250430584	-4365.166380226612	-4441.672181367874	-4550.8232790231705	-4519.316151201725	-5218.661768853664	-5054.478933632374	-4683.175930798054	-4437.285730719566	-2621.5163391828537	-5679.9232350587845	-4304.873170018196	-4555.590065836906	-5169.734332025051	-6135.073150634766	-4919.300344824791	-4811.559666574001	-6646.330994129181	-5190.42378205061	-3280.8832689523697
-3962.699605703354	-5339.087313652039	-4542.495957970619	-4557.161607265472	-4405.298219025135	-4513.956774890423	-4291.416214287281	-4286.515881359577	-4196.516750693321	-1846.2185969948769	-4672.593564629555	-2917.010918021202	-1109.3941962122917	-5423.54847073555	-4258.179956436157	-3321.6513080000877	-4366.745114862919	-3903.308366060257	-2359.8485276699066	-5576.4802120924	-4283.414178729057	-6312.567457258701	-4157.579261600971	-4413.487854897976	-3436.9967197179794	-5307.674273729324	-4510.849877357483	-4164.7682510614395	-4631.894157469273	-1320.004633486271	-4326.48278427124	-4459.163321852684	-4308.57433205843	-4465.215339243412	-5386.872394561768	-5366.168832063675	-5210.82402664423	-4562.7662806510925	-4233.4861226677895	-2383.107307255268	-5832.60650575161	-4273.965551912785	-4489.281866252422	-5343.690897285938	-6279.304429113865	-4015.3795216083527	-4605.82466840744	-6789.245330452919	-5361.65231436491	-3377.177970468998
-3872.424319922924	-5365.003838002682	-4428.568561911583	-4616.682026982307	-4495.265601992607	-4560.257493019104	-4113.275066018105	-4288.9078313708305	-4277.992337524891	-3826.6873719096184	-4708.94546687603	-4974.36381649971	-3057.505236208439	-5456.524440228939	-4238.1242688298225	-5343.427947044373	-4366.43967795372	-3856.9213361740112	-2151.0491290688515	-5634.169230282307	-4295.986061453819	-6257.330717861652	-4211.037984013557	-4651.1405839324	-3503.8234580159187	-5287.8477293252945	-4534.277838170528	-4378.5468735694885	-4678.276294827461	-2834.589239895344	-4406.067581534386	-5592.66444247961	-4469.806958019733	-4531.157655477524	-5372.8682116270065	-4834.293717741966	-5265.331791758537	-4408.333621621132	-4606.532135426998	-2036.3242877721786	-4422.591243505478	-4345.962574601173	-4288.865346133709	-4756.669761121273	-4256.728499412537	-4046.3147844672203	-4589.21180421114	-6791.04913020134	-4816.529393672943	-3468.13746291399
-4498.825305581093	-5758.899642586708	-4209.722828745842	-4414.12383300066	-4229.664870142937	-4040.096495807171	-3796.224183499813	-6303.920700073242	-6322.516381680965	-5864.465219497681	-5047.469637334347	-8752.014966785908	-6722.520029067993	-5827.617288291454	-4683.364448666573	-4743.217028915882	-6330.685639441013	-3427.8343093395233	-5740.751400530338	-4935.839051246643	-4170.105121314526	-4648.671335577965	-6437.08708101511	-4500.814682900906	-3864.811356663704	-5239.360975146294	-4086.660909295082	-4227.71118247509	-4346.378640949726	-6576.861290872097	-4001.209587395191	-5913.103157103062	-4348.237275898457	-4175.134918034077	-5696.714239239693	-5158.108352422714	-5246.428421616554	-4045.542314708233	-4334.830635607243	-5756.659517347813	-4778.514953970909	-4247.590413451195	-4323.174327492714	-5184.956421434879	-4605.401424467564	-2578.6820020079613	-4134.705782175064	-4038.162473678589	-5175.71798402071	-3889.4804834723473
-3563.2688170671463	-4939.093917906284	-4291.934487760067	-4147.451582074165	-4017.479381799698	-4095.971476793289	-3953.619822740555	-4631.8421213030815	-4545.122517943382	-1488.3880015611649	-5023.119859278202	-2661.314788877964	-739.0635793209076	-5008.376373231411	-4603.67387676239	-3046.82838088274	-4695.082444190979	-4234.377170622349	-1968.6616131067276	-5930.65402585268	-3970.01670640707	-6649.250065803528	-4482.8130549788475	-4045.899348437786	-3792.446570456028	-5646.9865782260895	-4187.754196584225	-3762.80519759655	-4295.777205467224	-971.1994327902794	-3998.877995431423	-4820.966812133789	-4000.7660472989082	-4044.8741280436516	-4986.778749525547	-5709.018390417099	-5563.649713814259	-4317.9382682442665	-3844.751235127449	-2071.7804350852966	-6183.724639713764	-3940.165276348591	-4086.7208673357964	-5667.310852229595	-6615.238609492779	-4419.520845472813	-4353.312790930271	-7130.683129966259	-5679.716763913631	-3735.16416400671
-3472.9935312867165	-4965.0104422569275	-4178.007091701031	-4206.972001791	-4107.44676476717	-4142.27219492197	-3775.4786744713783	-4634.234071314335	-4626.598104774952	-3468.8567764759064	-5059.471761524677	-4718.667687356472	-2687.1746193170547	-5041.3523427248	-4583.618189156055	-5068.605019927025	-4694.77700728178	-4187.990140736103	-1759.8622145056725	-5988.343044042587	-3982.588589131832	-6594.013326406479	-4536.271777391434	-4283.55207747221	-3859.2733087539673	-5627.16003382206	-4211.18215739727	-3976.583820104599	-4342.159342825413	-2485.7840391993523	-4078.4627926945686	-5954.4679327607155	-4161.998673260212	-4110.816444277763	-4972.774566590786	-5177.14327609539	-5618.157478928566	-4163.505609214306	-4217.797247886658	-1724.9974156022072	-4773.709377467632	-4012.1622990369797	-3886.304347217083	-5080.28971606493	-4592.6626797914505	-4450.45610833168	-4336.699926733971	-7132.48692971468	-5134.593843221664	-3826.123656451702
-3388.7373543977737	-5067.946655631065	-4146.068710327148	-3995.6449586749077	-4110.328096091747	-3968.0711874365807	-3873.920893251896	-4770.533832371235	-6411.943580091	-3291.2130904197693	-5145.1351845264435	-4626.524663448334	-2636.7937417030334	-5098.521433651447	-4766.2210711836815	-4744.599761009216	-4778.586515247822	-4338.940018117428	-1668.9661232233047	-6071.526638567448	-3972.448843359947	-6770.195311188698	-6401.198541343212	-4253.419646501541	-3929.825828075409	-5705.679037988186	-4171.358487248421	-3741.185304045677	-4228.9144295454025	-2984.2455813884735	-3875.505510568619	-4881.573526859283	-4102.790530800819	-3870.2943201065063	-5063.009249150753	-5270.142402648926	-5777.236157178879	-4138.35945135355	-4158.141764819622	-1974.3813183903694	-4874.232832372189	-4068.3838903307915	-3885.7098621726036	-5229.014966905117	-4710.064982950687	-4499.532428383827	-4256.853720843792	-7261.747805297375	-5255.05647790432	-3949.6431444883347
-3237.2767209410667	-5110.405266344547	-3924.401042699814	-3934.3064989447594	-3898.076047241688	-3765.102833688259	-3852.8003035783768	-6434.2496218681335	-4772.847048401833	-1628.5936902165413	-5174.342839002609	-4542.17600184679	-2366.377779006958	-5175.518511533737	-4761.125143527985	-4748.085853219032	-6503.124316692352	-4358.827793598175	-1754.0796364545822	-6129.965682983398	-3909.29053491354	-6831.336937427521	-4692.049710452557	-3960.7026129961014	-4002.0702815651894	-5814.130104362965	-3946.67372995615	-3685.1468000411987	-4292.235864698887	-2669.5709325671196	-3870.956747829914	-4963.6055908203125	-4006.0558254122734	-3985.4370972514153	-5068.030770421028	-5284.151449501514	-5782.887200474739	-4084.064042329788	-4275.238763034344	-2105.0355889201164	-4962.770499050617	-3770.5449430942535	-3960.770235478878	-5287.567717373371	-4731.748092353344	-4526.899133682251	-4172.5718994140625	-7336.999210834503	-5344.4478706121445	-3937.7369114160538
-3755.0353043675423	-5101.470031797886	-4214.401152014732	-4013.5685440301895	-3760.24583953619	-4016.806948363781	-3761.9516844153404	-4822.478570282459	-4729.603070139885	-1677.791337132454	-5209.4763150811195	-2827.5406166911125	-918.6218302845955	-5200.696886062622	-4794.269915342331	-2881.266303539276	-4857.901891708374	-4423.3446636796	-2144.695803940296	-5743.050805151463	-3881.9640575051308	-6850.132647693157	-4653.766170442104	-3898.3179748654366	-3984.732074558735	-5459.316051840782	-4010.5838362574577	-3671.7343285679817	-4104.376222670078	-1146.6026734113693	-3845.8910210728645	-4997.406272888184	-3805.362609386444	-3852.49968624115	-5147.625155508518	-5898.875104308128	-5350.012752830982	-4141.184910058975	-3687.3377128839493	-2240.581458568573	-6364.345012009144	-3828.6478614211082	-3925.336498737335	-5850.487874567509	-6832.411823928356	-4595.260668456554	-4202.788150846958	-7312.8742262125015	-5851.5110585689545	-3915.939789891243
-3369.3554604053497	-5172.828722119331	-4077.736539244652	-3914.467929184437	-3798.259358406067	-3824.150262236595	-3735.4582138061523	-4882.264816939831	-4805.608183383942	-1726.0414024591446	-5279.510808289051	-2929.6566069722176	-1013.8866844773293	-5280.1259108781815	-4863.3278577923775	-3305.890143752098	-4946.840068221092	-4485.886404812336	-1710.3033905625343	-6216.192161083221	-3742.0026257038116	-6900.814701795578	-4731.203980624676	-3863.149077653885	-4061.801424741745	-5934.401772260666	-3968.641393840313	-3538.476119220257	-4013.1943234205246	-1226.5265762209892	-3700.0944771766663	-5053.30420589447	-3756.7060589790344	-3815.5700405836105	-5227.180604040623	-5369.102924823761	-5820.495371282101	-4024.45576274395	-4106.548896193504	-1787.2808570861816	-6455.248919725418	-3659.627660393715	-3810.2026483416557	-5385.934498786926	-6384.742304086685	-4666.4371920228	-4115.250958561897	-7401.920726835728	-5392.558864235878	-4015.3509545326233
-3252.478984951973	-5250.820854485035	-3877.100565314293	-3556.3173709511757	-4064.1322855353355	-3720.166357219219	-4026.835662484169	-4937.3327568769455	-4803.767774999142	-6307.161456286907	-6084.737041056156	-2962.649036049843	-5538.101567983627	-5361.563997030258	-6728.483785033226	-4590.668936371803	-4948.4327211380005	-7829.016751885414	-4888.178820669651	-6194.474953055382	-3762.7020916342735	-4921.241494238377	-4854.085697829723	-3831.7352452874184	-7542.5560801029205	-5919.505170226097	-3914.6050060391426	-3782.1735072135925	-3807.8829085826874	-5651.698887467384	-3789.6802441477776	-5087.1742811203	-3698.4547478556633	-3913.062924683094	-5310.3128246665	-5359.120690226555	-5921.9664959311485	-3692.6664689183235	-4254.076706290245	-4886.0876079797745	-5054.829242348671	-3599.048056602478	-3742.6513366103172	-5433.403260529041	-4799.984072804451	-7324.05923974514	-3599.579737663269	-4348.421460747719	-5470.285182595253	-7846.789165258408
-3894.32609719038	-5283.7885754704475	-3907.947639107704	-3969.127003967762	-3704.4129145741463	-3715.7908008098602	-3674.773667871952	-4946.562530934811	-4834.905485987663	-1798.152834534645	-5331.589671134949	-2963.7594222426414	-1045.6003297567368	-5285.687007427216	-4918.979290008545	-2755.1252079606056	-5009.755901277065	-3820.857565641403	-2294.0259215831757	-5627.149901628494	-3639.6092135310173	-6965.052380621433	-4782.785314619541	-3730.812800168991	-4085.563825726509	-5979.774992585182	-3864.192738056183	-3513.7461025714874	-3955.994359612465	-1294.4294964075089	-3647.4631485939026	-5138.20622074604	-3712.3599764704704	-3739.321146965027	-5285.265761315823	-5998.503755807877	-5882.577909231186	-4075.2990176081657	-3539.1841690540314	-2395.906110048294	-6496.120862662792	-3710.808196902275	-3786.370726764202	-5983.383436858654	-6925.044813215733	-4740.8091005682945	-4134.02946639061	-7431.30485534668	-5970.0710298419	-4077.858291387558
-3312.2003343701363	-6058.197435200214	-3911.1746664643288	-3919.315040886402	-4088.116170704365	-3891.074284851551	-3460.8920742869377	-4993.0593029260635	-6643.686786234379	-6201.243416070938	-5398.035249650478	-7432.24000865221	-5569.278008520603	-6167.799274504185	-5031.0849841833115	-4480.173201918602	-5030.019588947296	-4483.856632053852	-4431.589399755001	-6256.822649002075	-3732.8226701021194	-4956.961617171764	-6753.37160885334	-4223.73264670372	-4198.983876526356	-5915.553627431393	-3865.336407184601	-3773.6254104971886	-3913.014805018902	-5374.127547562122	-3758.9572971463203	-6235.944881558418	-3939.979707121849	-3842.2928676605225	-6087.72304391861	-5516.461125254631	-5974.081843793392	-3663.384268820286	-3913.5951414704323	-4379.035078108311	-5091.944996953011	-3872.7654089331627	-3820.1709064245224	-5496.333138167858	-4926.726698875427	-2932.960766375065	-3690.6875126361847	-4361.431527376175	-5512.786155343056	-4216.013280689716
-4086.092584490776	-5446.164689362049	-3830.4143033623695	-3835.243965923786	-3447.1793723106384	-3636.626272380352	-3483.1055295467377	-5137.198979914188	-5019.386038184166	-1987.5561701059341	-5517.946126937866	-3129.98525005579	-1225.1585807204247	-5478.007520258427	-5109.575328588486	-2589.5631306171417	-5172.57534879446	-4009.825058698654	-2470.0601124167442	-5439.546680927277	-3551.556564629078	-7165.934962511063	-4953.738430082798	-3583.2314265966415	-4277.849329829216	-5792.104466199875	-3687.022377729416	-3422.675233542919	-3764.593376815319	-1469.8327370285988	-3494.476174235344	-5314.645681500435	-3516.9565385580063	-3546.946705162525	-5446.112167298794	-6188.360469698906	-5668.94094824791	-3898.5456594228745	-3381.7706468105316	-2564.7071335315704	-6676.741234958172	-3599.2907819747925	-3624.986358165741	-6166.5604591965675	-7142.21802765131	-4916.548923552036	-3983.5048263072968	-7613.495951592922	-6141.865324497223	-4258.633917272091
-3107.286982893944	-5430.6152230501175	-3572.64269220829	-3570.590852856636	-3734.361244916916	-3723.644037246704	-3652.1284853219986	-5155.284566819668	-5079.946460306644	-2957.1104567050934	-6310.522839725018	-3179.28762537241	-2192.5060017704964	-5511.05579161644	-5131.160937726498	-4441.7697630524635	-5169.276207268238	-4726.816858112812	-1452.3155375123024	-6451.682763636112	-3511.9451488256454	-7119.169681251049	-4973.827487528324	-3703.187631189823	-4384.791320443153	-6151.142966330051	-3611.5438754558563	-3322.8877363204956	-3745.861177802086	-2496.9620349407196	-3604.4918913841248	-5324.325752735138	-3554.89488196373	-3660.6167749762535	-5450.91039454937	-5631.489680051804	-6106.661076903343	-3647.7510501742363	-3983.5571761727333	-1770.0737522244453	-5265.415732622147	-3419.5533378720284	-3464.901503741741	-5600.617520868778	-5099.887326061726	-5877.9854754805565	-3816.992540895939	-7658.728950321674	-5654.37162065506	-4333.458566844463
-2972.9063057899475	-6316.767226159573	-3414.8941662311554	-3537.0001158714294	-3574.0461755394936	-3574.720716416836	-3384.7502927184105	-5283.418843388557	-5219.675205945969	-2822.37065076828	-5669.208424329758	-3946.767634034157	-2069.561376750469	-6400.503742277622	-5269.253210544586	-4302.599703073502	-5351.613841474056	-4859.229199826717	-1337.5030495524406	-6605.668122053146	-3366.9454142451286	-7319.629507184029	-5154.025820016861	-3588.541161417961	-4466.195710062981	-6296.128340125084	-3547.713089764118	-3292.894117474556	-3663.805152118206	-2314.275694191456	-3451.907425224781	-5418.32269436121	-3421.7970326542854	-3575.008835196495	-6318.466637909412	-5778.996743261814	-6263.006169915199	-3527.341400027275	-3779.7575681209564	-1531.6647202968597	-5418.099003314972	-3388.645719766617	-3398.593304157257	-5774.574086129665	-5244.118604540825	-4974.064652264118	-3611.2575427293777	-7801.643286645412	-5825.60015296936	-4429.753268361092
-2767.3888738155365	-5683.039026200771	-3378.5306445360184	-3360.273743569851	-3405.4473617076874	-3428.556632876396	-3265.1155101060867	-5378.3223876953125	-5307.79530775547	-2226.8866544365883	-5763.343769967556	-3422.729686796665	-1424.4076547026634	-5713.582107126713	-5355.093149840832	-3768.715013086796	-5428.193546772003	-4938.788770198822	-1204.674357533455	-6674.303800582886	-3281.5620226264	-7404.747479736805	-5230.868687748909	-3403.7029257416725	-4552.290706515312	-6348.025450587273	-3443.7302117347717	-3115.2601423859596	-3610.271082162857	-1710.1433500647545	-3423.086154639721	-5547.788790881634	-3358.0487362146378	-3383.9717114567757	-5677.971138358116	-6461.761767208576	-6358.986199617386	-3575.9958931207657	-3129.2250195145607	-1504.8374261260033	-5497.692857265472	-3335.383060157299	-3272.5505242347717	-6379.570394515991	-5810.549090325832	-5131.28962957859	-3596.8074976205826	-7871.843489289284	-6430.822502195835	-4507.5526713728905
-2796.8793600797653	-5679.792097628117	-3544.4578932523727	-3255.0562472343445	-3288.390140593052	-3410.2600082159042	-3280.668173491955	-5376.799450337887	-5257.230784773827	-2230.075447499752	-5793.862504959106	-3420.3602875471115	-1499.8137259483337	-5788.576507925987	-5410.683996856213	-2200.5979142189026	-5483.581841945648	-4946.828312158585	-2700.198910474777	-6660.456909000874	-3266.215884387493	-7267.978233337402	-5270.866779327393	-3371.2317761182785	-4571.56039839983	-6391.541036188602	-3303.6758201122284	-3130.9423699975014	-3579.5768960118294	-1703.9395284056664	-3227.38541918993	-5567.745786905289	-3234.6594688892365	-3292.7145454883575	-5765.909027159214	-6436.487258017063	-6298.422680437565	-3554.5804401636124	-3195.4573936462402	-2808.9358202815056	-6916.548892617226	-3205.744748055935	-3416.0837438106537	-6424.647883594036	-7366.460735023022	-5088.164737582207	-3416.380003094673	-6455.468642413616	-6478.895355403423	-4492.20840883255
-2954.1724512577057	-5740.416510164738	-3540.281172513962	-3474.1250628232956	-3415.3184339404106	-3301.1639680862427	-3147.2214881777763	-5449.247514784336	-5355.046092927456	-2294.583564698696	-5816.066530823708	-3424.6923238039017	-1552.5232231616974	-5826.261283934116	-5438.150531709194	-2312.9811173677444	-5471.52761298418	-5000.219311237335	-2795.0145981907845	-6711.819858670235	-3191.7532356381416	-5616.269602119923	-5315.15402752161	-3260.691991984844	-4600.312893748283	-6459.899625003338	-3456.1500638127327	-2939.492322087288	-3345.4897956848145	-1759.2225569486618	-3372.0574131011963	-5616.020934224129	-3248.24359190464	-3392.5422266721725	-5777.867047905922	-6515.420829296112	-6376.222499132156	-3480.5006797909737	-3033.988998413086	-2923.2923699617386	-7015.238445162773	-3187.8501928448677	-3398.98599421978	-6518.816272079945	-7404.002485394478	-3516.196483016014	-3493.613231599331	-6257.613295555115	-6465.403058707714	-4564.092054367065
-3775.3027523756027	-5757.8916259408	-3415.5803809165955	-3244.1097548007965	-3493.832276046276	-3260.821152806282	-3556.321369290352	-5442.689615488052	-5278.031295239925	-6806.3296248316765	-6579.56330871582	-3431.3194972276688	-6024.196569383144	-5831.195144057274	-7234.385236859322	-4133.403686106205	-5425.925625741482	-7604.4646399617195	-5389.577319979668	-5703.367608129978	-3344.2419498562813	-5437.926390945911	-5325.011072933674	-3369.067323446274	-8027.958839476109	-6064.6230581998825	-3413.873187184334	-3442.0435431599617	-3276.6990799307823	-6150.332191705704	-3285.2784229516983	-5580.853150486946	-3214.6452391147614	-3415.1355018019676	-5769.646242439747	-5838.462769508362	-6027.2577303647995	-3273.2738600969315	-3791.0961179733276	-5379.014306426048	-5547.845837593079	-3258.1735622286797	-3280.916827440262	-5932.652867496014	-5326.963490962982	-7821.087317824364	-3229.7717730402946	-4831.234282374382	-5932.433743178844	-8370.258918523788
-2718.667519211769	-5736.979461848736	-3468.790569126606	-3113.016608774662	-3515.998378932476	-3153.2577382922173	-3421.6610783338547	-5410.793273389339	-5292.102287888527	-5814.591054916382	-5793.948920309544	-3474.4329155683517	-5044.826326072216	-5835.839850187302	-7212.0699781775475	-4176.675949275494	-5459.107684671879	-8292.497898161411	-4382.17941814661	-6702.6341252326965	-3304.3048847317696	-5458.383928716183	-5359.5178236961365	-3349.5002690553665	-7979.410320460796	-6403.802848517895	-3527.6785395741463	-3350.2168349027634	-3389.709930896759	-5120.207346022129	-3309.490989148617	-5542.974713027477	-3257.5486137866974	-3407.113773703575	-5777.775422990322	-5849.4773117899895	-6431.137276113033	-3327.4288063645363	-3661.5422106981277	-4336.351703882217	-5558.630647003651	-3234.3401629328728	-3273.782138109207	-5930.979780733585	-5280.149531662464	-6824.279740393162	-3141.332862019539	-4832.773596584797	-5959.578164458275	-8301.070060312748
-3835.024101793766	-6565.268206655979	-3449.6544820666313	-3607.107424736023	-3517.8161612153053	-3431.729080438614	-2990.3777810931206	-5498.41616153717	-7117.9503064751625	-6700.411584615707	-5892.8615173101425	-7900.910469830036	-6055.37300992012	-6637.4304215312	-5536.986436009407	-4022.9079516530037	-5507.512493550777	-4259.3045201301575	-4932.987899065018	-5765.715304076672	-3314.362528324127	-5473.646513879299	-7224.296983957291	-3761.0647248625755	-4684.386635899544	-6060.671515405178	-3364.604588329792	-3433.4954464435577	-3381.8309763669968	-5872.760851800442	-3254.555475950241	-6729.623750925064	-3456.170198380947	-3344.365444779396	-6547.056461691856	-5995.803204536438	-6079.373078227043	-3243.9916599988937	-3450.614553153515	-4871.9617765545845	-5584.961592197418	-3531.8909145593643	-3358.436397254467	-5995.5827451348305	-5453.706117033958	-3429.9888444542885	-3320.8795480132103	-4844.244349002838	-5974.934715926647	-4739.483033955097
-2573.47551715374	-5916.773830413818	-3164.332696020603	-3127.2900906801224	-3186.2273383140564	-3156.735418319702	-3046.9539011716843	-5628.745083332062	-5568.28097319603	-2464.540055334568	-6019.734718978405	-3691.0715048909187	-1699.230759859085	-5985.331644773483	-5614.747130870819	-4027.776775956154	-5679.951170802116	-5190.298004388809	-946.3161349892616	-6959.841935813427	-3053.5479419231415	-7656.312115728855	-5479.259613394737	-3220.9526549577713	-4821.645560801029	-6635.440644621849	-3224.61740899086	-2890.9310640096664	-3327.6882001161575	-1965.4704934954643	-3124.302636384964	-5780.126184642315	-3113.988747894764	-3154.6676239967346	-5918.372992873192	-6121.846301615238	-6615.831857085228	-3282.513387620449	-3391.022680580616	-1220.3378481268883	-5769.217137277126	-3054.845444202423	-2996.032305240631	-6098.194041073322	-5580.052784919739	-5378.205976128578	-3358.7456652522087	-8143.081086158752	-6143.664602518082	-4787.739461898804
-2765.242004454136	-6079.14994430542	-3086.7993602752686	-2993.4070526361465	-2928.9937960505486	-3077.570889890194	-2855.28576284647	-5819.3815323114395	-5752.761525392532	-2653.943390905857	-6206.0911747813225	-3857.2973327040672	-1878.789010822773	-6177.652157604694	-5805.34316945076	-3862.21469861269	-5842.770618319511	-5379.26549744606	-1122.3503258228302	-6772.238715112209	-2965.495293021202	-7857.1946976184845	-5650.212728857994	-3073.3712813854218	-5013.931064903736	-6447.770118236542	-3047.447048664093	-2799.860194981098	-3136.2872173190117	-2140.8737341165543	-2971.3156620264053	-5956.565645396709	-2918.5853099823	-2962.293182194233	-6079.219398856163	-6311.703015506268	-6402.194896101952	-3105.760029435158	-3233.6091583371162	-1389.1388716101646	-5949.837509572506	-2943.3280292749405	-2834.64793664217	-6281.371063411236	-5797.225999355316	-5553.94579911232	-3208.2210251688957	-8325.272182404995	-6315.458897173405	-4968.515087783337
-2496.9384971261024	-6907.024609982967	-2929.4386521577835	-3050.960172891617	-3164.015412926674	-3079.7385157346725	-2633.925082206726	-5851.27055388689	-5800.024179339409	-5374.570380985737	-6272.63478410244	-6496.786850094795	-4631.715026676655	-7054.609485626221	-5879.611043870449	-3763.3502168655396	-5931.384244501591	-5335.2146183252335	-3708.939411520958	-7145.1379462480545	-2813.9217686653137	-5843.078421711922	-5831.432680904865	-3191.2656551599503	-5090.803609251976	-6845.315234065056	-2918.59532892704	-2923.371170461178	-3011.788575589657	-4355.352459669113	-3007.7544229626656	-7134.49753934145	-2951.1779242157936	-3126.6661715507507	-6943.086787641048	-6368.165024220943	-6812.677543699741	-2807.538205087185	-3146.4760572314262	-3624.9916078448296	-5986.929301857948	-2859.2269628047943	-2930.49334949255	-6365.512212336063	-5796.714500844479	-3811.634314119816	-2792.5794570446014	-5242.764808237553	-6401.394279956818	-5054.109598100185
-3241.491286635399	-6244.050233304501	-3007.2703847289085	-2800.808992624283	-2945.6983694434166	-2693.91253387928	-2951.1467851400375	-5916.150132000446	-5766.365808129311	-6313.759223461151	-6288.775187969208	-3943.1033767461777	-5530.921327471733	-6305.470997214317	-7717.971430003643	-3719.4106990098953	-5936.60058927536	-8067.945786237717	-4883.577917456627	-6211.526780307293	-2885.8447429537773	-5975.0688254237175	-5830.443198800087	-2886.832347214222	-8464.813079833984	-6548.92073649168	-3026.9467207193375	-3010.0868708491325	-2858.526102244854	-5618.8406502604485	-2805.0891679525375	-6036.653582394123	-2773.7391050457954	-2909.1863508224487	-6237.108840763569	-6328.819391071796	-6536.428510546684	-2908.036197543144	-3198.5616223812103	-4829.278402328491	-6051.647242248058	-2893.4656685590744	-2812.0476289391518	-6430.229387700558	-5807.128949820995	-7321.307818472385	-2771.5248973965645	-5315.58641821146	-6421.726725041866	-8824.539813578129
-2904.5327972769737	-6261.468487977982	-2780.3458473682404	-2948.965512573719	-2873.160871088505	-2776.554742336273	-2768.1077463030815	-5943.465492963791	-5858.063941240311	-2774.3048883080482	-6328.204530835152	-3993.516138255596	-2005.7675102949142	-6262.642278969288	-5930.052544116974	-3736.0736030340195	-5994.624627888203	-4776.778399407864	-1271.6804434657097	-6656.337811589241	-2723.1404490470886	-7972.114430546761	-5779.231873035431	-2905.8661066889763	-5114.76281607151	-6968.229058980942	-2901.055950462818	-2641.871968984604	-2987.9053542613983	-2288.700557112694	-2772.8877895474434	-6097.365593254566	-2825.582677066326	-2849.11464291811	-6216.860004663467	-6411.331667006016	-6934.760052502155	-3039.8741369843483	-3085.4556145071983	-1544.4635230898857	-6081.613360226154	-2825.4883647561073	-2695.682164669037	-6414.266625702381	-5889.858988642693	-5699.49423122406	-3139.4623407125473	-8443.702811539173	-6434.01886844635	-5130.433589279652
-3096.2992845773697	-6423.844601869583	-2702.8125116229057	-2815.082474529743	-2615.927328824997	-2697.390213906765	-2576.439607977867	-6134.101941943169	-6042.544493436813	-2963.7082238793373	-6514.560986638069	-4159.741966068745	-2185.325761258602	-6454.962791800499	-6120.648582696915	-3570.5115256905556	-6157.444075405598	-4965.745892465115	-1447.7146342992783	-6468.734590888023	-2635.0878001451492	-8172.99701243639	-5950.184988498688	-2758.2847331166267	-5307.048320174217	-6780.5585325956345	-2723.885590136051	-2550.8010999560356	-2796.5043714642525	-2464.1037977337837	-2619.9008151888847	-6273.805054008961	-2630.179239153862	-2656.740201115608	-6377.706410646439	-6601.188380897045	-6721.123091518879	-2863.120778799057	-2928.0420922636986	-1713.264546573162	-6262.233732521534	-2713.9709498286247	-2534.2977960705757	-6597.443648040295	-6107.03220307827	-5875.234054207802	-2988.9377006292343	-8625.893907785416	-6605.813163101673	-5311.209215164185
-2097.507708489895	-6507.031214237213	-2678.8771819472313	-2641.2501477003098	-2776.1965757012367	-2661.753217637539	-2296.12869066	-6196.596793830395	-6148.62994658947	-5016.739785552025	-6623.161078751087	-6241.090720951557	-4261.384409785271	-6639.437388122082	-6225.104964196682	-3488.527289748192	-6259.721573829651	-5666.283422887325	-3317.752496957779	-7499.311760008335	-2500.5242963433266	-6179.761030256748	-6156.666474282742	-2823.6771486997604	-5446.253459990025	-7184.627538561821	-2595.499648153782	-2521.4081169962883	-2675.6716235876083	-4006.5472589731216	-2680.1496341228485	-7496.301029622555	-2643.369639456272	-2706.3249603509903	-6542.993142604828	-6711.0145825743675	-7165.50323086977	-2562.710192680359	-2757.741169691086	-3313.664735674858	-6338.047435820103	-2525.4266872406006	-2527.932350575924	-6689.13216727972	-6132.6486812233925	-4215.775637984276	-2540.0675795674324	-5584.202607750893	-6719.458729505539	-5412.0957916378975
-2187.7829942703247	-6481.11468988657	-2792.8045780062675	-2581.7297279834747	-2686.2291927337646	-2615.4524995088577	-2474.2698389291763	-6194.204843819141	-6067.1543597579	-3036.2710106372833	-6586.809176504612	-4183.737822473049	-2313.2733697891235	-6606.461418628693	-6245.160651803017	-1466.750650703907	-6260.02701073885	-5712.670452773571	-3526.551895558834	-7441.622741818428	-2487.9524136185646	-6234.997769653797	-6103.207751870155	-2586.0244196653366	-5379.426721692085	-7204.454082965851	-2572.0716873407364	-2307.6294944882393	-2629.2894862294197	-2491.9626525640488	-2600.564836859703	-6362.799908995628	-2482.1370134949684	-2640.3826441168785	-6556.997325539589	-7242.889696896076	-7110.995465755463	-2717.1428517103195	-2384.695156931877	-3660.4477551579475	-7748.062698066235	-2453.4296645522118	-2728.3488706946373	-7276.1533034443855	-8155.224610924721	-4184.840375125408	-2556.680443763733	-5582.398808002472	-7264.581650197506	-5321.136299192905
-2013.2515316009521	-6609.967427611351	-2646.938800573349	-2429.923104584217	-2779.077907025814	-2487.552210152149	-2394.5709094405174	-6332.896554887295	-7933.975421905518	-4839.096099495888	-6708.824501752853	-6148.947697043419	-4211.003532171249	-6696.606479048729	-6407.707846224308	-3164.5220308303833	-6343.531081795692	-5817.23330026865	-3226.856405675411	-7582.4953545331955	-2490.3845505714417	-6355.943015038967	-8021.59323823452	-2793.5447177290916	-5516.805979311466	-7263.146542727947	-2555.6759780049324	-2286.0096009373665	-2562.426710307598	-4505.008801162243	-2477.1923519968987	-6423.406623721123	-2584.1614969968796	-2465.8028361797333	-6633.227825164795	-6804.013709127903	-7324.581909120083	-2537.564034819603	-2698.08568662405	-3563.0486384630203	-6438.570890724659	-2581.6482785344124	-2527.3378655314445	-6837.857418119907	-6250.050984382629	-4264.851958036423	-2460.2213736772537	-5713.463483333588	-6839.921364188194	-5535.61527967453
-3019.762264549732	-7414.095381438732	-2467.918467760086	-2738.7525567412376	-2593.7154034376144	-2620.3933113217354	-2163.410789012909	-6356.627412497997	-6274.287699580193	-5873.738549530506	-6767.461051762104	-6965.457311272621	-5117.810028076172	-7524.240632653236	-6385.512495696545	-3306.0849665999413	-6408.877149105072	-5110.662506401539	-4210.337910830975	-6654.030601322651	-2395.4616268873215	-6359.7633184194565	-6302.358056008816	-2728.5977333188057	-5576.206368625164	-6990.433122038841	-2417.8635100722313	-2583.241206407547	-2480.6047469377518	-4853.985763907433	-2503.3526017665863	-7628.176408708096	-2467.3684154748917	-2628.7387486696243	-7402.420205414295	-6847.50710350275	-6917.968778133392	-2388.145596265793	-2683.495468914509	-4117.918306291103	-6479.945897102356	-2518.352468430996	-2468.7588403224945	-6864.761819303036	-6323.69391900301	-4308.6623921990395	-2422.771492421627	-5725.577629864216	-6863.542840540409	-5577.579351365566
-1861.7908981442451	-6652.426038324833	-2425.2711329460144	-2368.5846448540688	-2566.8258581757545	-2284.5838564038277	-2373.4503197669983	-7996.612344384193	-6294.878890216351	-3176.4766992926598	-6738.032156229019	-6064.5990354418755	-3940.587569475174	-6773.603556931019	-6402.611918568611	-3168.0081230401993	-8068.068883240223	-5837.121075749397	-3311.9699189066887	-7640.934398949146	-2427.2262421250343	-6417.08464127779	-6312.444407343864	-2500.827684223652	-5589.050432801247	-7371.597609102726	-2330.9912207126617	-2229.971096932888	-2625.7481454610825	-4190.334152340889	-2472.643589258194	-6505.438687682152	-2487.4267916083336	-2580.945613324642	-6638.24934643507	-6818.022755980492	-7330.232952415943	-2483.268625795841	-2815.182684838772	-3693.7029089927673	-6527.108557403088	-2283.8093312978745	-2602.398238837719	-6896.4101685881615	-6271.734093785286	-4292.2186633348465	-2375.9395522475243	-5788.714888870716	-6929.312756896019	-5523.709046602249
-1807.086060166359	-6657.472010135651	-2416.856101512909	-2234.8947558403015	-2457.1380971074104	-2471.023949742317	-2374.0022519230843	-6373.702412366867	-6280.389240026474	-3206.227501273155	-6790.477364659309	-4450.117003560066	-2459.9809064865112	-6765.5317794680595	-6421.757250964642	-3181.5463092923164	-6468.450568556786	-5902.749145925045	-1677.8534323573112	-7689.64481896162	-2349.7471199035645	-8275.04028326273	-6267.313337743282	-2546.2850826382637	-5600.759388744831	-7379.995102584362	-2340.5390325188637	-2259.068236410618	-2611.487890660763	-2698.2105891108513	-2352.8100601434708	-6526.9051594138145	-2347.882169485092	-2402.5080414414406	-6697.503270506859	-6849.315169215202	-7350.604823708534	-2519.155559539795	-2741.728839099407	-1957.4932333230972	-6502.041390180588	-2320.424915909767	-2325.3951817154884	-6855.531072437763	-6331.274910449982	-6046.849868237972	-2421.8128774166107	-7467.86659860611	-6942.8431940078735	-5544.783706724644
-1964.3791513442993	-6718.096422672272	-2412.679380774498	-2453.9635714292526	-2584.066390454769	-2361.9279096126556	-2240.555566608906	-6446.150476813316	-6378.204548180103	-3270.7356184720993	-6812.6813905239105	-4454.449039816856	-2512.690403699875	-6803.216555476189	-6449.223785817623	-3293.9295124411583	-6456.396339595318	-5956.140145003796	-1772.6691200733185	-7741.007768630981	-2275.284471154213	-6623.33165204525	-6311.6005859375	-2435.7452985048294	-5629.511884093285	-7448.353691399097	-2493.013276219368	-2067.6181885004044	-2377.400790333748	-2753.4936176538467	-2497.482054054737	-6575.180306732655	-2361.466292500496	-2502.3357226252556	-6709.461291253567	-6928.248740494251	-7428.404642403126	-2445.075799167156	-2580.260443866253	-2071.8497830033302	-6600.730942726135	-2302.5303606987	-2308.2974321246147	-6949.699460923672	-6368.816660821438	-4474.88161367178	-2499.0461059212685	-7270.011251747608	-6929.350897312164	-5616.667352259159
-1993.8696376085281	-6714.849494099617	-2578.6066294908524	-2348.746075093746	-2467.0091693401337	-2343.6312849521637	-2256.108229994774	-6444.627539455891	-6327.64002519846	-3273.924411535263	-6843.200125515461	-4452.079640567303	-2588.096474945545	-6878.210956275463	-6504.814632833004	-1725.812413573265	-6511.784634768963	-5964.179686963558	-3268.193673014641	-7727.160877048969	-2259.938332915306	-6486.562405645847	-6351.598677515984	-2403.2741488814354	-5648.781575977802	-7491.869277000427	-2352.9588845968246	-2083.300416111946	-2346.70660418272	-2747.2897959947586	-2301.781318604946	-6595.1373027563095	-2238.0770251750946	-2411.0785566568375	-6797.399180054665	-6902.974231302738	-7367.841123223305	-2423.660346210003	-2646.4928179979324	-3375.9481771588326	-8019.5869780778885	-2172.892048597336	-2451.8306517004967	-6994.776950001717	-7924.728305518627	-4431.756721675396	-2318.618611395359	-5853.636404871941	-6977.4237505197525	-5601.323089718819
-2620.3314759135246	-7014.101985692978	-2217.356997549534	-2329.0425315499306	-2205.8965662121773	-2202.4080132246017	-1825.6143974661827	-6701.953652441502	-6622.893466830254	-5515.907954096794	-7117.987346410751	-6709.761182129383	-4747.479411184788	-7109.068535149097	-6731.006416022778	-3031.2620394825935	-6737.214478433132	-5441.731310963631	-3819.1509962677956	-7008.2044150829315	-2082.0641545653343	-6696.445926964283	-6627.591849386692	-2361.009226858616	-5931.656219363213	-7329.745426535606	-2094.767829298973	-2181.2781529426575	-2144.4877949357033	-4505.180563211441	-2175.7478129267693	-7989.979898989201	-2159.56013071537	-2208.397537469864	-7002.326560378075	-7190.3566618561745	-7270.794465303421	-2143.317583858967	-2294.7605813741684	-3806.591434121132	-6831.06403106451	-2184.552192866802	-2066.1978414058685	-7188.381774246693	-6659.628099381924	-4712.803716063499	-2170.259614944458	-6067.015429377556	-7181.60729008913	-5935.565544903278
-2710.6067616939545	-6988.185461342335	-2331.28439360857	-2269.5221118330956	-2115.929183244705	-2156.1072950959206	-2003.7555457353592	-6699.561702430248	-6541.417879998684	-3535.4391791820526	-7081.635444164276	-4652.408283650875	-2799.3683711886406	-7076.092565655708	-6751.062103629112	-1009.4854004383087	-6737.519915342331	-5488.118340849876	-4027.9503948688507	-6950.515396893024	-2069.4922718405724	-6751.682666361332	-6574.133126974106	-2123.356497824192	-5864.829481065273	-7349.571970939636	-2071.3398684859276	-1967.4995304346085	-2098.1056575775146	-2990.595956802368	-2096.163015663624	-6856.478778362274	-1998.3275047540665	-2142.455221235752	-7016.330743312836	-7722.231776177883	-7216.286700189114	-2297.7502428889275	-1921.7145686149597	-4153.374453604221	-8241.079293310642	-2112.5551701784134	-2266.614361524582	-7775.402910411358	-8682.204029083252	-4681.868453204632	-2186.8724791407585	-6065.211629629135	-7726.730210781097	-5844.606052458286
-1731.8011600971222	-6972.635995030403	-2073.5127824544907	-2004.8689987659454	-2403.1110558509827	-2243.1250599622726	-2172.77850151062	-6717.647289335728	-6601.978302121162	-4504.993465781212	-7874.2121569514275	-4701.710658967495	-3766.7157922387123	-7109.1408370137215	-6772.647712767124	-2861.6920328736305	-6734.220773816109	-6205.110140264034	-3010.205819964409	-7962.65147960186	-2029.88085603714	-6704.917385101318	-6594.222184419632	-2243.3127024173737	-5971.771471679211	-7708.610471069813	-1995.861366212368	-1867.712033212185	-2079.3734585642815	-4017.725254714489	-2206.1787328124046	-6866.158849596977	-2036.26584815979	-2256.1252910494804	-7021.128970563412	-7165.360986530781	-7654.006828844547	-2046.9556336402893	-2523.5010979771614	-3358.7410722970963	-6829.753790974617	-1932.8177260756493	-2106.529507100582	-7209.459972083569	-6639.873327493668	-5643.305005133152	-2020.3601937294006	-6110.444628357887	-7239.236506938934	-5919.430702030659
-2536.075299024582	-7117.038199067116	-2185.4186161756516	-2117.715488433838	-2208.7778975367546	-2028.207005739212	-1924.0566162467003	-6838.253413498402	-8408.238942146301	-5338.264268040657	-7203.650769412518	-6617.618158221245	-4697.098533570766	-7166.237626075745	-6913.609298050404	-2707.256780564785	-6821.023986399174	-5592.681188344955	-3728.254904985428	-7091.388009607792	-2071.9244087934494	-6872.627911746502	-8492.51861333847	-2330.876795887947	-6002.208738684654	-7408.264430701733	-2054.9441591501236	-1945.8796368837357	-2031.242881655693	-5003.642105400562	-1972.7905308008194	-6917.085493087769	-2100.3519882559776	-1967.8754132986069	-7092.561242938042	-7283.35578840971	-7429.873143553734	-2118.171425998211	-2235.1050983071327	-4055.975336909294	-6931.587485969067	-2240.773784160614	-2065.603356361389	-7337.10702508688	-6777.030402541161	-4761.880036115646	-2090.4134090542793	-6196.276304960251	-7302.069924771786	-6059.085032939911
-1597.420482993126	-7858.787998139858	-1915.764256477356	-1971.2782617807388	-2242.7959864735603	-2094.2017391324043	-1905.400308907032	-6845.781565904617	-6741.707047760487	-4370.2536598443985	-7232.897741556168	-5469.190667629242	-3643.771167218685	-7998.588787674904	-6910.739985585213	-2722.5219728946686	-6916.558408021927	-6337.52248197794	-2895.393332004547	-8116.636838018894	-1884.881121456623	-6905.377211034298	-6774.420516908169	-2128.6662326455116	-6053.175861299038	-7853.595844864845	-1932.0305805206299	-1837.7184143662453	-1997.3174328804016	-3835.038913965225	-2053.594266653061	-6960.155791223049	-1903.1679988503456	-2170.517351269722	-7888.685213923454	-7312.868049740791	-7810.351921856403	-1926.545983493328	-2319.7014899253845	-3120.3320403695107	-6982.437061667442	-1901.9101079702377	-2040.221307516098	-7383.416537344456	-6784.104605972767	-4739.384181916714	-1814.6251955628395	-6253.358964681625	-7410.465039253235	-6015.725403547287
-2384.614665567875	-7159.496809780598	-1963.750948548317	-2056.3770287036896	-1996.525848686695	-1825.2386519908905	-1902.9360265731812	-8501.9692029953	-6769.142410457134	-3675.644867837429	-7232.858423888683	-6533.269496619701	-4426.682570874691	-7243.2347039580345	-6908.513370394707	-2710.742872774601	-8545.561787843704	-5612.568963825703	-3813.3684182167053	-7149.827054023743	-2008.766100347042	-6933.769537985325	-6783.369782447815	-2038.1597623825073	-6074.453192174435	-7516.715497076511	-1830.259401857853	-1889.8411328792572	-2094.5643168091774	-4688.967456579208	-1968.2417680621147	-6999.117557048798	-2003.6172828674316	-2083.018190443516	-7097.582764208317	-7297.364835262299	-7435.524186849594	-2063.876016974449	-2352.2020965218544	-4186.629607439041	-7020.125152647495	-1942.934836924076	-2140.6637296676636	-7395.659775555134	-6798.713511943817	-4789.24674141407	-2006.1315876245499	-6271.527710497379	-7391.46131747961	-6047.17879986763
-2329.9098275899887	-7164.542781591415	-1955.3359171152115	-1922.6871396899223	-1886.838087618351	-2011.67874532938	-1903.4879587292671	-6879.059270977974	-6754.652760267258	-3705.3956698179245	-7285.3036323189735	-4918.787464737892	-2946.0759078860283	-7235.162926495075	-6927.658702790737	-2724.281059026718	-6945.943473160267	-5678.19703400135	-2179.251931667328	-7198.537474036217	-1931.2869781255722	-8791.725179970264	-6738.238712847233	-2083.617160797119	-6086.162148118019	-7525.112990558147	-1839.8072136640549	-1918.938272356987	-2080.3040620088577	-3196.8438933491707	-1848.4082389473915	-7020.58402878046	-1864.0726607441902	-1904.5806185603142	-7156.836688280106	-7328.657248497009	-7455.896058142185	-2099.762950718403	-2278.74825078249	-2450.419931769371	-6995.057985424995	-1979.5504215359688	-1863.660672545433	-7354.780679404736	-6858.254328608513	-6543.877946317196	-2052.0049127936363	-7950.679420232773	-7404.991754591465	-6068.253459990025
-1391.903051018715	-7225.059798181057	-1879.400734782219	-1794.5518894791603	-2074.197172641754	-1948.0376555919647	-1785.7655262947083	-6940.685110211372	-6829.827149569988	-3774.7696635127068	-7327.033087193966	-4945.15272039175	-2998.6174451708794	-7311.667152523994	-6996.579924881458	-2188.637282907963	-6993.138113319874	-6417.082052350044	-2762.5646399855614	-8185.272516548634	-1799.4977298378944	-6990.495183587074	-6851.263384640217	-1943.827996969223	-6139.2708577513695	-7905.492955327034	-1828.0477024912834	-1660.084439277649	-1943.7833629250526	-3230.906569838524	-2024.7729960680008	-7089.621887743473	-1839.419702410698	-1979.4802275300026	-7248.189714372158	-7995.633073687553	-7906.33195155859	-1975.2004765868187	-1669.1689413189888	-3093.504746198654	-7062.030915617943	-1848.64744836092	-1914.1785275936127	-7988.412845730782	-7350.535091757774	-4896.609159231186	-1800.1751504540443	-6323.559167325497	-8015.68738847971	-6093.524806559086
-2487.202918767929	-7225.1671941280365	-1951.1591963768005	-2141.7559552788734	-2013.7663809657097	-1902.5827051997185	-1770.0412734150887	-6951.507335424423	-6852.468068420887	-3769.9037870168686	-7307.507658183575	-4923.119500994682	-2998.785405099392	-7272.847702503204	-6955.125237643719	-2836.66426217556	-6933.889244198799	-5731.588033080101	-2274.067619383335	-7249.900423705578	-1856.8243293762207	-7140.016548752785	-6782.5259610414505	-1973.0773766636848	-6114.914643466473	-7593.471579372883	-1992.2814573645592	-1727.4882244467735	-1846.2169616818428	-3252.126921892166	-1993.0802328586578	-7068.8591760993	-1877.656783759594	-2004.4082997441292	-7168.7947090268135	-7407.590819776058	-7533.695876836777	-2025.6831903457642	-2117.2798555493355	-2564.776481449604	-7093.747537970543	-1961.6558663249016	-1846.5629229545593	-7448.949067890644	-6895.796078979969	-4971.909691751003	-2129.238141298294	-7752.824073374271	-7391.499457895756	-6140.13710552454
-2516.693405032158	-7221.920265555382	-2117.086445093155	-2036.538458943367	-1896.7091598510742	-1884.2860805392265	-1785.5939368009567	-6949.9843980669975	-6801.903545439243	-3773.0925800800323	-7338.026393175125	-4920.750101745129	-3074.1914763450623	-7347.842103302479	-7010.7160846591	-1268.5471633076668	-6989.277539372444	-5739.627575039864	-3769.5921723246574	-7236.053532123566	-1841.4781911373138	-7003.247302353382	-6822.524052619934	-1940.6062270402908	-6134.18433535099	-7636.987164974213	-1852.2270657420158	-1743.1704520583153	-1815.5227755308151	-3245.923100233078	-1797.3794974088669	-7088.816172122955	-1754.2675164341927	-1913.151133775711	-7256.732597827911	-7382.316310584545	-7473.132357656956	-2004.2677373886108	-2183.512229681015	-3868.8748756051064	-8512.603573322296	-1832.0175542235374	-1990.0961425304413	-7494.026556968689	-8451.707723677158	-4928.78479975462	-1948.8106467723846	-6336.449226498604	-7439.572311103344	-6124.7928429841995
-2254.624927520752	-7479.706766486168	-1611.9925980567932	-1692.6613826155663	-1832.8110463619232	-1783.7798555493355	-1702.264208316803	-7223.004147946835	-7076.241822361946	-5004.161634325981	-8369.038424611092	-5170.381120145321	-4252.810793638229	-7578.771984040737	-7278.54916459322	-2404.426782608032	-7211.71367841959	-5980.55802834034	-3511.6043192744255	-7471.544134676456	-1611.4207142591476	-7221.602281808853	-7065.1475595235825	-1780.644780576229	-6457.174231052399	-7853.728359043598	-1495.1295473575592	-1527.582069158554	-1548.1896299123764	-4516.358558952808	-1701.7769116163254	-7359.837718963623	-1552.456339418888	-1758.197868168354	-7480.4623883366585	-7644.703065812588	-7759.298063278198	-1627.5630248188972	-2060.520509660244	-3851.66777074337	-7322.770386219025	-1591.943231701851	-1644.7949979305267	-7708.709579050541	-7166.852745652199	-6140.333083212376	-1650.5522291064262	-6593.2574499845505	-7701.385067522526	-6442.90045529604
-1197.9896943569183	-7458.794602394104	-1665.2027862668037	-1561.5682365894318	-1854.9771492481232	-1676.2164410352707	-1567.6039173603058	-7191.107805848122	-7090.312815010548	-4012.4230644106865	-7583.424036204815	-5213.494538486004	-3273.440550327301	-7583.416690170765	-7256.233905911446	-2447.699045777321	-7244.895737349987	-6668.591286540031	-2504.206417441368	-8470.810651779175	-1571.483649134636	-7242.059819579124	-7099.654310286045	-1761.0777261853218	-6408.6257120370865	-8192.90814936161	-1608.9348997473717	-1435.7553609013557	-1661.2004808783531	-3486.2337132692337	-1725.9894778132439	-7321.959281504154	-1595.3597140908241	-1750.1761400699615	-7488.591568887234	-7655.717608094215	-8163.177609026432	-1681.717971086502	-1930.966602385044	-2809.005168199539	-7333.555195629597	-1568.109832406044	-1637.660308599472	-7707.036492288113	-7120.038786351681	-5143.525505781174	-1562.1133180856705	-6594.796764194965	-7728.529488801956	-6373.711597084999
-2120.2442504167557	-8365.858769595623	-1454.2440720796585	-1659.0706456303596	-1672.4959769845009	-1634.8565347194672	-1434.8860157132149	-7351.138424515724	-7215.97056800127	-4869.421828389168	-7727.724009215832	-5937.861128807068	-4129.866168618202	-8468.21993470192	-7416.641437411308	-2265.2567226290703	-7394.051312625408	-6112.970370054245	-3396.7918313145638	-7625.529493093491	-1466.4209796786308	-7422.062107741833	-7245.345892012119	-1665.998310804367	-6538.578620672226	-7998.713732838631	-1431.298761665821	-1497.5884503126144	-1466.1336042284966	-4333.672218203545	-1549.1924454569817	-7453.834660589695	-1419.3584901094437	-1672.5899283885956	-8348.018631696701	-7792.210129022598	-7915.643156290054	-1507.153374671936	-1856.720901608467	-3613.2587388157845	-7475.45365691185	-1561.0356135964394	-1578.4867983460426	-7882.666144311428	-7311.084024131298	-5236.412259995937	-1444.817230939865	-6736.171786308289	-7872.613599836826	-6539.195156812668
-1389.7561816573143	-7621.170716285706	-1587.6694505214691	-1427.685198545456	-1597.7436069846153	-1597.0519126057625	-1375.9357790350914	-7381.744254827499	-7274.79336720705	-4201.826399981976	-7769.780492007732	-5379.720366299152	-3452.998801290989	-7775.737203001976	-7446.829944491386	-2282.136968433857	-7407.715184867382	-6857.558779597282	-2680.2406082749367	-8283.207431077957	-1483.4310002326965	-7442.942401468754	-7270.607425749302	-1613.4963526129723	-6600.911216139793	-8005.237622976303	-1431.7645394206047	-1344.6844918727875	-1469.7994980812073	-3661.6369538903236	-1573.0025034546852	-7498.398742258549	-1399.95627617836	-1557.8016982674599	-7649.437974870205	-7845.574321985245	-7949.540648043156	-1504.9646129012108	-1773.5530801415443	-2977.8061916828156	-7514.175567924976	-1456.5924174785614	-1476.275940001011	-7890.213514626026	-7337.212000787258	-5319.2653287649155	-1411.5886780023575	-6776.987860441208	-7900.323783457279	-6554.487222969532
-1914.7268184423447	-7732.130569636822	-1417.8805503845215	-1482.3442733287811	-1503.8971631526947	-1488.6924511790276	-1315.251233100891	-7446.041968822479	-7304.090669810772	-4273.937832057476	-7821.85935485363	-5413.823181569576	-3484.7124465703964	-7781.29829955101	-7502.481376707554	-1731.3720326423645	-7470.631017923355	-6192.52994042635	-3263.963139295578	-7694.16517162323	-1381.0375880599022	-7507.180080294609	-7322.188759744167	-1481.1600751280785	-6624.6736171245575	-8050.610843300819	-1327.3158836364746	-1319.954475224018	-1412.5995342731476	-3729.5398740768433	-1520.3711748719215	-7583.300757110119	-1355.610193669796	-1481.5528046488762	-7707.523132145405	-8474.97515296936	-8011.623185992241	-1555.8078677654266	-1206.1883530020714	-3586.431444644928	-7555.0475108623505	-1507.7729539871216	-1452.4440184235573	-8487.662452697754	-7877.5145099163055	-5393.63723731041	-1430.36718583107	-6806.37198895216	-8477.835949063301	-6616.994559824467
-1529.0469744801521	-7803.489259958267	-1281.215937614441	-1383.2436584830284	-1541.9106820225716	-1296.0357650518417	-1288.757762491703	-7505.828215479851	-7380.095783054829	-4322.187897384167	-7891.893848061562	-5515.939171850681	-3579.97730076313	-7860.7273243665695	-7571.5393191576	-2155.9958728551865	-7559.569194436073	-6255.071681559086	-2829.570725917816	-8167.306527554989	-1241.076156258583	-7557.86213439703	-7399.626569926739	-1445.9911779165268	-6701.742967307568	-8525.696563720703	-1285.3734412193298	-1186.6962658762932	-1321.417635023594	-3809.463776886463	-1374.5746309757233	-7639.1986901164055	-1306.9536432623863	-1444.6231589913368	-7787.078580677509	-7945.202973484993	-8482.10580444336	-1439.0787204504013	-1625.3995363116264	-3133.1308431625366	-7645.951418578625	-1338.7527529597282	-1337.3101680278778	-8023.1090769171715	-7429.844990074635	-5464.813760876656	-1342.829993546009	-6895.418489575386	-8018.883754730225	-6716.405724465847
-1720.813461780548	-7965.865373849869	-1203.6826018691063	-1249.3606204390526	-1284.6771397590637	-1216.8712366223335	-1097.0896241664886	-7696.4646644592285	-7564.576335251331	-4511.591232955456	-8078.250303864479	-5682.16499966383	-3759.535551726818	-8053.047837197781	-7762.135357737541	-1990.4337955117226	-7722.388641953468	-6444.039174616337	-3005.6049167513847	-7979.703306853771	-1153.0235073566437	-7758.744716286659	-7570.579685389996	-1298.4098043441772	-6894.0284714102745	-8338.026037335396	-1108.2030808925629	-1095.625396847725	-1130.016652226448	-3984.867017507553	-1221.5876566171646	-7815.6381508708	-1111.5502053499222	-1252.2487171888351	-7947.9249866604805	-8135.059687376022	-8268.468843460083	-1262.32536226511	-1467.9860140681267	-3301.931866645813	-7826.571790874004	-1227.2353380322456	-1175.9257994294167	-8206.286099255085	-7647.018204510212	-5640.553583860397	-1192.305353462696	-7077.609585821629	-8190.678049385548	-6897.18135035038
