-488.48145818710327	-21905.910541534424	-64079.798828125	-102217.8671875	-22623.44997215271	-130856.7470703125	-331.10683166980743	-502.99648374319077	-13574.611083984375	-26746.83369922638	-692.1382780075073	-11336.160911738873	-13823.559020996094	-514.791690826416	-30274.334818959236	-84757.044921875	-102240.69338285923	-877.8269195556641	-21917.501502990723	-45120.1264603734	-27401.4352915287	-26145.8810814023	-72855.17578125	-86299.53515625	-43566.45147705078	-455.754276573658	-56860.234375	-533.2077738046646	-12574.795150756836	-11971.78967756033	-25770.90894317627	-35280.16860961914	-23934.678010463715	-31380.570554733276	-24025.674171447754	-28509.579542398453	-19080.025169610977	-27408.88214945793	-26963.324906408787	-113515.67578125	-25241.55065280199	-109625.431640625	-31837.586700737476	-24641.179759979248	-24548.134197235107	-32128.464056670666	-83714.076171875	-25218.44782114029	-25032.370189666748	-24682.492548704147	-16277.695251464844	-12114.215114355087	-20153.799005508423	-25749.63484787941	-15904.270328581333	-405.15819638967514
-912.3569476604462	-21687.594819307327	-63338.93963032961	-101063.01635634899	-22375.027503311634	-129370.69269734621	-546.7846451997757	-710.7330941557884	-13437.565414428711	-26439.416567623615	-861.3858823776245	-11205.362373530865	-13673.523529052734	-698.1028861999512	-29905.529941380024	-83745.92077881098	-102509.05444335938	-1006.9200286865234	-21673.230671703815	-44659.89860600233	-27068.063814163208	-26451.891592860222	-72011.49120390415	-85359.79408031702	-43070.92074453831	-647.2723200917244	-56218.81237375736	-765.2430766820908	-12448.106216430664	-11844.619816720486	-25479.84894180298	-34871.00266981125	-24193.613311767578	-31063.526919722557	-23779.133624613285	-28164.99533969164	-19205.814644098282	-27114.016079843044	-26688.102971434593	-112198.24666953087	-25483.591836452484	-108405.76063668728	-32257.37156033516	-24358.142849326134	-24292.403869748116	-31796.54770964384	-82773.36389130354	-24954.001030921936	-24773.205584049225	-24472.71254324913	-16075.278865814209	-12022.032638311386	-19981.249610364437	-25447.98774075508	-15739.274787962437	-667.9385487437248
-1242.3870345950127	-21394.611019551754	-62606.06859868765	-99911.49264341593	-22134.317346572876	-127792.23157602549	-874.1456428170204	-922.4935235381126	-13280.54866027832	-26184.742084503174	-1025.8500547409058	-11098.431560695171	-13531.236557006836	-896.1706771850586	-29670.94463032484	-82927.49656027555	-100018.68959641457	-1201.8953399658203	-21437.11806857586	-44040.58677482605	-26741.192399919033	-25588.017555236816	-71246.71212667227	-84419.8038007021	-42593.39202517271	-853.5444834828377	-55567.68032485247	-1034.1099153757095	-12350.089569091797	-11754.392422616482	-25213.499384880066	-34514.42950439453	-24232.116475582123	-31564.503948688507	-24166.6570148468	-28462.28746008873	-18614.835998237133	-26877.670561611652	-26362.5517077446	-110966.84815722704	-24672.03026866913	-107237.64154195786	-31077.538623631	-24067.335251271725	-23983.558631658554	-31320.27683967352	-81931.63551157713	-24655.319611132145	-24469.393774092197	-24002.905662953854	-15922.618465423584	-11837.501432180405	-19714.21326959133	-25175.1464535594	-15560.25973135233	-989.0867621302605
-1596.8814601302147	-21326.035807669163	-62161.70940732956	-99153.40884667635	-21974.16211682558	-127011.2397249341	-1057.6932880878448	-1050.9299287199974	-13206.409851074219	-25959.09842479229	-1169.8675556182861	-11021.044235408306	-13442.191429138184	-1017.9820671081543	-29456.068901717663	-82299.35707092285	-99179.3709154129	-1299.7270126342773	-21316.241928756237	-43703.95135200024	-26716.89968365431	-25351.144136190414	-70690.21463513374	-83692.14736002684	-42222.57815212011	-1004.1153510212898	-55149.07505977154	-1202.9374329447746	-12247.577865600586	-11673.83134931326	-25028.627573013306	-34230.14856368303	-23256.903716504574	-30462.92875856161	-23324.140072345734	-27647.754565835	-19080.53807193041	-24835.908265531063	-27647.647268295288	-110066.52821958065	-24511.055143475533	-106415.47976338863	-30854.845278203487	-23908.603064596653	-23844.086886763573	-31230.625054895878	-81228.29542326927	-24467.847083210945	-24282.66812634468	-23973.89745771885	-15801.364360809326	-11781.693477272987	-19589.540196955204	-25008.791439771652	-15456.573001921177	-1158.8795737624168
-1625.8966802358627	-21319.660005271435	-62137.220383405685	-99061.48243790865	-21921.20199584961	-126754.20075553656	-1059.5701229572296	-1047.6722497344017	-13193.039108276367	-25988.634502530098	-1171.1037321090698	-11014.721290767193	-13427.99963760376	-1076.7094764709473	-29355.79949182272	-82233.30900454521	-99076.07153832912	-1344.492431640625	-21192.406748592854	-43760.65149664879	-26593.42128276825	-25379.247575819492	-70638.11744654179	-83717.03141504526	-42228.104404985905	-997.0491374135017	-55075.01617908478	-1217.3398822546005	-12250.943046569824	-11619.004940927029	-25016.82240962982	-34207.26413935423	-23171.24727976322	-30393.430201470852	-23270.928280889988	-27624.024101674557	-18528.93257457018	-26625.070497334003	-26146.913660407066	-110083.24001145363	-24497.895856261253	-106358.17153149843	-30864.22508227825	-23892.572784423828	-23896.922004818916	-31213.34313648939	-81109.03668171167	-25852.66498565674	-25672.913429260254	-24145.154099225998	-15817.059858322144	-11756.015178442001	-19622.74031996727	-24975.63984030485	-15442.756038725376	-1160.025828719139
-1666.2625240683556	-21176.295297324657	-61865.20940089226	-98756.64181226492	-21885.8948777318	-126306.1772030592	-1089.8234563469887	-1130.2301339507103	-13143.502990722656	-25877.32495290041	-1195.097659111023	-10967.633022487164	-13381.201065063477	-1079.4818725585938	-29302.13975274563	-81916.37241721153	-100287.05065691471	-1330.9884490966797	-21192.847237288952	-43580.35892045498	-26407.82092255354	-25894.028066694736	-70403.02754932642	-83480.06272476912	-42097.861292660236	-1045.062527000904	-54926.25832360983	-1266.1452182531357	-12223.400634765625	-11627.222561776638	-24922.439383506775	-34105.26356458664	-24491.051776885986	-31247.460313677788	-23920.116468012333	-28117.703257381916	-18740.625472724438	-26582.804491996765	-26087.329772770405	-109649.41904550791	-24914.071452319622	-106017.97053802013	-31497.323483228683	-23784.29834061861	-23727.828304171562	-30988.360492646694	-80990.92323100567	-24390.87282091379	-24210.229168474674	-23793.125657498837	-15720.20207977295	-11745.318956136703	-19541.663874447346	-24873.49934643507	-15395.264190733433	-1251.8671144843102
-1912.789769232273	-21057.74516695738	-61705.60063248873	-98606.31292456388	-21759.361179172993	-126216.88835519552	-1169.4198867082596	-1132.8070473074913	-13102.587371826172	-25814.22984111309	-1264.7930784225464	-10968.126403987408	-13329.226020812988	-1138.3337774276733	-29179.52134203911	-81805.98239290714	-98508.1953945756	-1406.1028060913086	-21164.160117208958	-43393.686913490295	-26434.84407913685	-24985.424230635166	-70203.13533735275	-83171.91166162491	-42052.92567670345	-1072.079456627369	-54773.4102871418	-1327.447578907013	-12176.650409698486	-11558.737870156765	-24843.708540439606	-34008.63433802128	-23098.71979814768	-30331.522547781467	-23147.19445157051	-27470.48885089159	-18349.95829409361	-26455.56804549694	-26040.808900117874	-109292.0445484519	-24334.636346757412	-105808.3901014924	-30623.105358958244	-23754.94573879242	-23714.064323484898	-30922.8767644763	-80595.90845632553	-24286.089673757553	-24124.188702106476	-25409.208121538162	-15687.773704528809	-11716.496577978134	-19464.472806930542	-24828.3082447052	-15333.804986059666	-1314.081300020218
-2064.895173072815	-21078.709833741188	-61452.28960800171	-98068.91228085756	-21681.85024446249	-125386.10857748985	-1310.7331010699272	-1230.6931552290916	-13050.905090332031	-25673.911879122257	-1337.1214475631714	-10888.753837764263	-13295.322109222412	-1218.3398983478546	-29069.515090882778	-81286.30579423904	-98087.66496956348	-1479.3831787109375	-21013.525095045567	-43176.51143062115	-26294.822422087193	-25015.556149065495	-69833.67951989174	-82832.67856401205	-41692.34151417017	-1167.4114192128181	-54535.61144083738	-1483.603212237358	-12105.403144836426	-11539.86443990469	-24740.207315683365	-33841.3429762125	-22851.4875818491	-30091.160243868828	-22997.7818043828	-27333.895397782326	-18345.27281153202	-26355.564407229424	-25900.217708826065	-109055.71920609474	-26040.895463764668	-105280.30073225498	-30469.16655868292	-23679.298698842525	-23612.53818255663	-30783.190972149372	-80330.25880974531	-24119.993631839752	-23945.728269279003	-23653.41295748949	-15670.057514190674	-11680.927440404892	-19369.177879333496	-24784.014871299267	-15333.710957109928	-1430.1195003390312
-2020.7569496035576	-21107.720085442066	-61420.85020953417	-97998.55801552534	-21725.739647984505	-125525.18535196781	-1273.371101617813	-1258.666539132595	-13069.364181518555	-25651.681293189526	-1339.1151599884033	-10890.245697200298	-13292.155937194824	-1201.2932624816895	-29087.26402413845	-81288.23292785883	-99447.73197591305	-1428.8201217651367	-21071.97109746933	-43243.723497629166	-26383.528206288815	-25657.154647648335	-69846.5300577879	-82752.40628409386	-41727.04741960764	-1195.6333945393562	-54507.6530585289	-1434.9727358222008	-12120.888931274414	-11546.661488473415	-24737.567571640015	-33820.98262387514	-23515.839017808437	-30145.885123550892	-23077.599525511265	-27303.170363128185	-19206.327546417713	-24541.042195916176	-27372.425333321095	-108749.09910786152	-24753.096327126026	-105195.80875945091	-31274.63013780117	-23625.56615394354	-23588.35655927658	-30898.708707869053	-80287.58314269781	-24203.400292992592	-24023.503520727158	-23764.117452263832	-15598.947975158691	-11689.511001229286	-19416.99080181122	-24707.144332647324	-15291.57746130228	-1421.6599261164665
-2049.7721697092056	-21101.34428304434	-61396.361185610294	-97906.63160675764	-21672.779527008533	-125268.14638257027	-1275.2479364871979	-1255.4088601469994	-13055.993438720703	-25681.217370927334	-1340.351336479187	-10883.922752559185	-13277.9641456604	-1260.0206718444824	-28986.994614243507	-81222.18486148119	-99344.43259882927	-1473.5855407714844	-20948.135917305946	-43300.42364227772	-26260.049805402756	-25685.258087277412	-69794.43286919594	-82777.29033911228	-41732.57367247343	-1188.5671809315681	-54433.59417784214	-1449.3751851320267	-12124.254112243652	-11491.835080087185	-24725.76240825653	-33798.09819954634	-23430.182581067085	-30076.386566460133	-23024.38773405552	-27279.439898967743	-18654.722049057484	-26330.204427719116	-25871.691725432873	-108765.8108997345	-24739.937039911747	-105138.50052756071	-31284.009941875935	-23609.535873770714	-23641.191677331924	-30881.426789462566	-80168.32440114021	-25588.218195438385	-25413.74882364273	-23935.37409377098	-15614.643472671509	-11663.8327023983	-19450.190924823284	-24673.992733180523	-15277.76049810648	-1422.8061810731888
-2406.0155314207077	-20982.27963924408	-61128.93374353647	-97418.64148408175	-21627.840374171734	-124826.70071786642	-1489.4792913794518	-1344.717716038227	-12996.850456237793	-25597.11758041382	-1367.687310218811	-10919.153502643108	-13244.555198669434	-1345.4351949691772	-28875.13795685768	-80865.60232973099	-97499.26599264145	-1501.1472930908203	-20881.021296799183	-42836.52685266733	-26145.423176169395	-24775.505666971207	-69522.97063624859	-82269.71649944782	-41602.50414043665	-1277.4838154911995	-54217.59533840418	-1533.5592703819275	-12068.892669677734	-11505.683522164822	-24579.359181642532	-33656.02291315794	-22803.254407942295	-29953.950450718403	-22901.067890048027	-27225.981919527054	-18199.169761240482	-26210.32542026043	-25749.531376183033	-108287.06760245562	-24222.695738077164	-104556.2687728405	-33190.80291855335	-23443.747852146626	-23333.717045903206	-30589.377266168594	-79782.78802114725	-23987.392486989498	-23800.939898073673	-23740.63879466057	-15576.895872116089	-11693.449074208736	-19301.017848670483	-24624.18307298422	-15265.851270735264	-1686.8106238245964
-2336.665258705616	-20839.429444730282	-60964.74143469334	-97451.46209341288	-21510.938710331917	-124730.83398222923	-1385.0977002382278	-1340.543657720089	-12965.541702270508	-25506.812709510326	-1434.0406827926636	-10837.3278657794	-13179.190528869629	-1321.6449728012085	-28810.716464459896	-80794.85824984312	-98776.55645507574	-1535.195915222168	-20919.88928592205	-42933.459059119225	-26101.472601771355	-25291.434742093086	-69359.4507600069	-82232.17058569193	-41557.39494419098	-1263.5975001454353	-54131.98828589916	-1559.482881784439	-12049.961475372314	-11431.568009316921	-24552.648539066315	-33599.46839821339	-23357.655099451542	-30014.478912770748	-22900.653904736042	-27125.904648184776	-18475.747768580914	-26160.701975882053	-25765.58696514368	-107974.61543673277	-24576.677530407906	-104588.71909755468	-31042.890218555927	-23471.908828139305	-23458.333995997906	-30590.960417449474	-79655.19617575407	-24021.6428835392	-23865.024096488953	-25199.428116083145	-15485.357318878174	-11624.314101934433	-19291.923411786556	-24526.66113758087	-15168.80944544077	-1576.8616523742676
-2488.770662546158	-20860.39411151409	-60711.43041020632	-96914.06144970655	-21433.427775621414	-123900.05420452356	-1526.4109145998955	-1438.4297656416893	-12913.859420776367	-25366.494747519493	-1506.3690519332886	-10757.955299556255	-13145.286617279053	-1401.6510937213898	-28700.710213303566	-80275.18165117502	-98356.02603006363	-1608.4762878417969	-20769.25426375866	-42716.283576250076	-25961.4509447217	-25321.566660523415	-68989.99494254589	-81892.93748807907	-41196.810781657696	-1358.9294627308846	-53894.189439594746	-1715.6385151147842	-11978.714210510254	-11412.694579064846	-24449.147314310074	-33432.17703640461	-23110.42288315296	-29774.11660885811	-22751.241257548332	-26989.311195075512	-18471.062286019325	-26060.698337614536	-25624.99577385187	-107738.29009437561	-26282.93664741516	-104060.62972831726	-30888.9514182806	-23396.26178818941	-23356.807855069637	-30451.274625122547	-79389.54652917385	-23855.5468416214	-23686.56366366148	-23443.632952034473	-15467.641128540039	-11588.74496436119	-19196.62848418951	-24482.36776417494	-15168.715416491032	-1692.899852693081
-2350.787036538124	-20814.736285686493	-60687.97917789221	-96847.03430259228	-21485.029491245747	-123946.72423064709	-1600.7320992350578	-1470.4269685149193	-12912.347427368164	-25397.006810069084	-1503.5793323516846	-10783.314884364605	-13149.868965148926	-1399.3610534667969	-28852.678713083267	-80469.8087093234	-96957.36712896824	-1623.7954330444336	-20835.858494341373	-42624.411666452885	-26056.65679204464	-24793.28061002493	-69081.75098055601	-81812.41600447893	-41249.51870024204	-1401.9055579304695	-53856.521009624004	-1703.8395745158195	-12022.872283935547	-11456.434094369411	-24471.218014717102	-33464.40945845842	-23554.342181622982	-30646.862152516842	-23465.12291574478	-27600.462483525276	-18615.348900556564	-24304.696677684784	-27046.8740696311	-107517.70059555769	-23941.53475934267	-104027.68966472149	-30094.79720109701	-23334.75855588913	-23279.51132118702	-30422.43783789873	-79445.8547629714	-23904.7188732028	-23719.69171077013	-23294.310571968555	-15446.287574768066	-11504.979795098305	-19149.954461038113	-24434.30304545164	-15112.562404692173	-1742.8081395030022
-2379.802256643772	-20808.360483288765	-60663.490153968334	-96755.10789382458	-21432.069370269775	-123689.68526124954	-1602.6089341044426	-1467.1692895293236	-12898.976684570312	-25426.542887806892	-1504.8155088424683	-10776.991939723492	-13135.677173614502	-1458.0884628295898	-28752.409303188324	-80403.76064294577	-96854.06775188446	-1668.5608520507812	-20712.02331417799	-42681.11181110144	-25933.17839115858	-24821.384049654007	-69029.65379196405	-81837.30005949736	-41255.044953107834	-1394.8393443226814	-53782.462128937244	-1718.2420238256454	-12026.237464904785	-11401.607685983181	-24459.412851333618	-33441.52503412962	-23468.68574488163	-30577.363595426083	-23411.911124289036	-27576.732019364834	-18063.743403196335	-26093.858909487724	-25546.140461742878	-107534.41238743067	-23928.37547212839	-103970.38143283129	-30104.177005171776	-23318.728275716305	-23332.346439242363	-30405.155919492245	-79326.5960214138	-25289.536775648594	-25109.937013685703	-23465.567213475704	-15461.983072280884	-11479.301496267319	-19183.15458405018	-24401.15144598484	-15098.745441496372	-1743.9543944597244
-2829.8910208940506	-20763.963917016983	-60388.07454574108	-96263.79065293074	-21379.417905330658	-123340.64634490013	-1705.15710490942	-1552.4543264508247	-12859.804786682129	-25289.700448811054	-1536.9349145889282	-10788.3549644351	-13094.519706726074	-1528.7463903427124	-28506.33307927847	-79854.47818666697	-97767.6270531416	-1630.2404022216797	-20636.750465512276	-42376.29899829626	-25812.0516988039	-25081.516178429127	-68679.28605890274	-81329.97542351484	-41106.973407924175	-1469.001859009266	-53576.17333716154	-1765.5945732593536	-11942.203735351562	-11378.513661324978	-24288.29918026924	-33246.85697335005	-23062.18970924616	-29636.906815707684	-22654.52734321356	-26881.39771682024	-18324.959235727787	-25915.459350645542	-25474.30944120884	-106969.63849073648	-24464.736921727657	-103336.59776890278	-33610.587778151035	-23160.71094149351	-23077.986718416214	-30257.46091914177	-78842.07574057579	-23722.945696771145	-23541.77529245615	-23530.85878920555	-15374.479486465454	-11601.266598165035	-19128.468453526497	-24322.53596585989	-15100.855730116367	-1949.590976178646
-2666.6953456401825	-20546.44564497471	-60231.870403051376	-96299.93838047981	-21270.22855359316	-123152.37286090851	-1712.4586978554726	-1552.3040871024132	-12808.524948120117	-25252.138226389885	-1598.5048551559448	-10730.397052943707	-13036.90355682373	-1519.712763786316	-28576.131153404713	-79976.4340313077	-96286.19160813093	-1730.1712265014648	-20683.776682794094	-42314.14722794294	-25774.60118752718	-24427.56070446968	-68594.67168277502	-81292.180306077	-41079.86622482538	-1469.8696635365486	-53480.85623699427	-1828.3497204780579	-11951.944828033447	-11341.340615212917	-24286.298982143402	-33242.89523279667	-23396.158263266087	-30515.455941736698	-23288.17729496956	-27423.196768581867	-17884.769122719765	-25924.35645765066	-25440.035701453686	-106743.21692442894	-23765.11596262455	-103420.60000282526	-29863.05728185177	-23181.101230084896	-23149.488757908344	-30114.689547479153	-78813.46779602766	-23722.96146374941	-23561.212286531925	-24729.62123578787	-15332.696918487549	-11439.782895803452	-19024.88707101345	-24253.81985038519	-14989.794388830662	-1898.0098657608032
-2734.296682178974	-20739.785271406174	-60219.130962610245	-95997.024097085	-21271.91414052248	-122908.69341015816	-1786.156579375267	-1595.6056947112083	-12824.837875366211	-25200.89922809601	-1648.8330097198486	-10699.604614436626	-13046.63204574585	-1579.8998527526855	-28537.533574581146	-79775.62115359306	-96014.7490708828	-1766.3925247192383	-20591.147174358368	-42344.47638827562	-25908.885674893856	-24584.510630607605	-68473.15630042553	-81109.6436188221	-40884.23108005524	-1545.4102118611336	-53363.856863856316	-1887.0695413947105	-11923.725761413574	-11321.046612679958	-24274.541039466858	-33157.24409341812	-22493.47298580408	-29475.788405299187	-22569.394181787968	-26762.199125111103	-18529.44547688961	-24052.096613407135	-26831.236022293568	-106634.09244978428	-23767.400346934795	-103148.21965426207	-29881.483659744263	-23159.996089041233	-23192.87469434738	-30315.504134714603	-78623.25593310595	-25102.064247727394	-24923.211365938187	-23436.5590082407	-15340.728967666626	-11423.493541359901	-19058.48151141405	-24234.796432197094	-14995.05871206522	-1913.7472060918808
-2818.8007494807243	-20567.41031175852	-59978.55937856436	-95762.53773677349	-21192.717618882656	-122321.59308320284	-1853.7719122171402	-1650.1901950240135	-12756.842666625977	-25111.82026439905	-1670.8332242965698	-10651.024486720562	-13002.999645233154	-1599.7188847064972	-28466.124902248383	-79456.7574326396	-95865.66118311882	-1803.4515991210938	-20533.141660630703	-42096.971745073795	-25634.579530477524	-24457.69262290001	-68225.215865314	-80952.94720846415	-40719.2820622921	-1565.2016261219978	-53243.05739068985	-1984.505353808403	-11880.697563171387	-11322.467184960842	-24182.79775738716	-33075.60387098789	-23148.926046967506	-30275.09363782406	-23138.76464778185	-27286.603315472603	-17880.083640158176	-25824.352819383144	-25299.444510161877	-106506.89158207178	-25471.375079631805	-102892.51063358784	-29709.118481576443	-23105.454190135002	-23047.962616980076	-29975.003755152225	-78547.81814944744	-23556.865421831608	-23382.751853704453	-22973.826071739197	-15314.980728149414	-11404.21375823021	-18929.592143416405	-24209.526476979256	-14989.700359880924	-2014.0480660796165
-2983.42164593935	-20375.002734065056	-59972.13449931145	-95803.63642793894	-21179.712902843952	-122193.55983477831	-1750.5134307146072	-1583.916017651558	-12820.977858304977	-24927.175199508667	-1476.2417440414429	-10793.987121224403	-12919.40705871582	-1577.4110412597656	-28345.399222254753	-79283.36514812708	-95355.62072962523	-1639.190040588379	-20455.54321616888	-41948.753645300865	-25696.053360700607	-24312.207863509655	-68211.10576540232	-80780.1209692955	-40822.25252985954	-1508.273319542408	-53165.10743749142	-2001.0149194002151	-12251.523780822754	-11704.823740899563	-24165.36479282379	-33074.734029471874	-22374.856682300568	-29270.61478215456	-22462.45652937889	-26693.54409122467	-17796.00208258629	-25784.518383085728	-25255.038240373135	-105993.74707502127	-23601.497296392918	-102531.69529110193	-29623.20680296421	-23061.7148154974	-23009.20397824049	-29936.132350742817	-78326.44209045172	-23554.329835653305	-23377.086227476597	-23001.25555074215	-15237.117504119873	-11416.258418798447	-18744.15138733387	-23943.786660850048	-14870.867595493793	-2056.522146522999
-3021.1897711753845	-20477.870433092117	-59787.51121169329	-95541.85458374023	-21110.073323845863	-122371.38100981712	-1896.006343126297	-1680.740492284298	-12734.386138916016	-25026.494566679	-1742.5223560333252	-10653.009727656841	-12947.858428955078	-1641.5241537094116	-28361.255424797535	-79348.294541955	-95446.87292712927	-1828.0028991699219	-20562.900542974472	-41977.51180511713	-25750.308471262455	-24190.68728542328	-68038.1741912365	-80564.52386540174	-40709.052351772785	-1620.4405310750008	-53062.25097191334	-1997.177238047123	-11849.433124542236	-11260.779541909695	-24101.427170276642	-32958.61429208517	-22420.945504188538	-29413.880751609802	-22445.66035246849	-26608.663874328136	-18350.47119641304	-23882.594161570072	-26725.131262004375	-105842.89698678255	-23604.140837430954	-102598.43822425604	-29640.363936424255	-23022.369043409824	-23010.017013013363	-30025.03776270151	-78110.1277077198	-23535.48893582821	-23374.48663878441	-24700.613030552864	-15211.442813873291	-11383.974940896034	-18900.213998377323	-24087.464836597443	-14886.10765939951	-2067.8026773929596
-3050.2049912810326	-20471.49463069439	-59763.02218776941	-95449.92817497253	-21057.113202869892	-122114.34204041958	-1897.8831779956818	-1677.4828132987022	-12721.015396118164	-25056.03064441681	-1743.758532524109	-10646.686783015728	-12933.666637420654	-1700.2515630722046	-28260.98601490259	-79282.24647557735	-95343.57355004549	-1872.7683181762695	-20439.06536281109	-42034.21194976568	-25626.830070376396	-24218.790725052357	-67986.07700264454	-80589.40792042017	-40714.57860463858	-1613.3743174672127	-52988.19209122658	-2011.5796873569489	-11852.798305511475	-11205.953133523464	-24089.622006893158	-32935.72986775637	-22335.289067447186	-29344.382194519043	-22392.448561012745	-26584.933410167694	-17798.86569905281	-25671.756393373013	-25224.397654116154	-105859.60877865553	-23590.981550216675	-102541.12999236584	-29649.74374049902	-23006.338763237	-23062.852131068707	-30007.755844295025	-77990.8689661622	-24920.306838274002	-24764.73194169998	-24871.869672060013	-15227.138311386108	-11358.296642065048	-18933.41412138939	-24054.313237130642	-14872.290696203709	-2068.948932349682
-3159.921107828617	-20470.98011726141	-59655.20351409912	-95112.26693999767	-21138.7077485919	-121762.1852235794	-2032.5181025266647	-1764.214755833149	-12702.788032531738	-25035.025965690613	-1701.3990869522095	-10681.424151599407	-12952.232734680176	-1726.8141813278198	-28271.747768223286	-79036.05396813154	-95277.26220619678	-1825.2157135009766	-20400.63786238432	-41756.98716711998	-25485.180284559727	-24217.64214080572	-67914.50698167086	-80389.98514389992	-40629.44468855858	-1675.2740224003792	-52925.041288256645	-2034.4614119529724	-11844.187088012695	-11288.286267220974	-24021.94962334633	-32890.28380793333	-23100.692873060703	-30137.883844673634	-23042.050733447075	-27178.68983721733	-17733.98058986664	-25679.11383241415	-25148.758177518845	-105738.23997843266	-23653.1753539443	-102168.47867417336	-32430.754841446877	-22869.903343439102	-22769.141480326653	-29781.190049171448	-78000.34736084938	-23424.264276981354	-23237.963482499123	-23061.051908910275	-15221.81908607483	-11416.735392034054	-18861.43211275339	-24049.694678664207	-14921.84067350626	-2270.7391895651817
-3173.2951750159264	-20498.835099875927	-59534.20018720627	-95004.45394003391	-21032.56238913536	-121540.60123211145	-2037.3195574879646	-1778.6266002058983	-12682.703857421875	-24886.176604688168	-1814.8507251739502	-10573.637161433697	-12913.954517364502	-1721.530274629593	-28251.249173641205	-78828.6179432869	-95026.34250211716	-1901.2832717895508	-20412.26552081108	-41760.33632224798	-25610.2868142128	-24220.819203853607	-67668.71837377548	-80225.29076778889	-40348.4681892395	-1715.77249366045	-52824.45212560892	-2153.332871377468	-11778.185859680176	-11241.90611165762	-23997.9259455204	-32791.322930276394	-22173.713287889957	-29173.518447697163	-22296.24770528078	-26472.070421218872	-18345.785713851452	-23782.590523302555	-26584.540070712566	-105606.57164442539	-25310.39995443821	-102070.34885501862	-29486.42513614893	-22946.72200345993	-22908.490872085094	-29885.351970374584	-77844.47806113958	-23369.392893910408	-23196.026205956936	-22944.817866504192	-15193.726623535156	-11348.405803322792	-18804.919070780277	-24043.17146319151	-14886.013630449772	-2183.840877711773
-2281.6464381814003	-20478.773535966873	-59483.75396049023	-94954.29516482353	-21038.369089245796	-121405.09973335266	-1999.941108763218	-1823.1638028025627	-12643.123943090439	-24742.494738817215	-1796.2640676498413	-10581.616212069988	-12926.74076461792	-1699.2982387542725	-28226.434587717056	-78660.89519280195	-95162.37210613489	-1950.1792068481445	-20456.917427539825	-41649.08573257923	-25622.582144200802	-27743.451121270657	-67703.9809449315	-80129.17957872152	-40419.04660964012	-1698.5047038197517	-52780.029660344124	-2063.4871479272842	-11791.406517028809	-11198.487687051296	-23960.116936445236	-32783.52258139849	-22159.12640017271	-28985.52176898718	-22249.642862975597	-26414.442146718502	-17779.552149295807	-25625.101565659046	-25014.1883790493	-105616.94878447056	-23558.420069992542	-101720.75159919262	-29748.062069952488	-22832.049614846706	-22741.840641081333	-29642.464835882187	-77738.48754173517	-23400.227665781975	-23221.612834692	-23115.666451334953	-15161.371826171875	-11356.67946600914	-18775.064111173153	-24006.18838596344	-14845.864633619785	-2155.884359717369
-3202.3103951215744	-20492.4592974782	-59509.711163282394	-94912.52753126621	-20979.60226815939	-121283.56226271391	-2039.1963923573494	-1775.3689212203026	-12669.333114624023	-24915.712682425976	-1816.086901664734	-10567.314216792583	-12899.762725830078	-1780.2576839923859	-28150.97976374626	-78762.56987690926	-94923.04312503338	-1946.0486907958984	-20288.430340647697	-41817.036466896534	-25486.80841332674	-24248.922643482685	-67616.62118518353	-80250.17482280731	-40353.99444210529	-1708.706280052662	-52750.39324492216	-2167.735320687294	-11781.551040649414	-11187.079703271389	-23986.120782136917	-32768.43850594759	-22088.056851148605	-29104.019890606403	-22243.035913825035	-26448.33995705843	-17794.180216491222	-25571.752755105495	-25083.806462824345	-105623.28343629837	-25297.24066722393	-102013.04062312841	-29495.804940223694	-22930.691723287106	-22961.325990140438	-29868.070051968098	-77725.21931958199	-24754.2107963562	-24586.27150887251	-23116.07450801134	-15209.422121047974	-11322.727504491806	-18838.119193792343	-24010.01986372471	-14872.196667253971	-2184.987132668495
-3514.415533363819	-20402.40490537882	-59210.84432274103	-94354.1831432581	-20978.552518844604	-120981.19337248802	-2216.065747797489	-1892.6511610150337	-12628.649223327637	-24809.38230597973	-1845.4165878295898	-10604.036826312542	-12863.187606811523	-1848.6255712509155	-28056.872039616108	-78407.91447877884	-94437.94352519512	-1923.0473861694336	-20279.761722564697	-41420.35174429417	-25460.887568295002	-23980.76872175932	-67358.00949013233	-79662.32870322466	-40258.63081550598	-1825.8448899388313	-52506.43602317572	-2203.2889295220375	-11741.675384521484	-11207.725193917751	-23837.07781147957	-32606.002867221832	-22125.480113983154	-29036.308654546738	-22199.533790946007	-26364.1569429636	-18199.682663559914	-23637.35153633356	-26433.853738069534	-104837.92004078627	-23492.200228750706	-101346.31689560413	-32208.061496019363	-22711.17115676403	-22629.66973543167	-29691.538264393806	-77297.00727254152	-23236.791749060154	-23051.237834751606	-23032.04370367527	-15100.564981460571	-11360.927437126637	-18736.759040117264	-23883.33966487646	-14818.153944075108	-2440.532001197338
-3360.31119287014	-20401.912689864635	-59120.672670423985	-94250.00919282436	-20865.393999278545	-120661.4509703517	-2292.1192784309387	-1848.7204656004906	-12634.682952821255	-24932.136034965515	-1868.4180364608765	-10584.769088923931	-12844.722658157349	-1803.1437187194824	-27844.311498880386	-78247.63637799025	-94086.95797681808	-1957.1798706054688	-20229.65768188238	-46502.41401863098	-25001.529100835323	-24334.63181143999	-67286.61219787598	-79597.25206798315	-39990.228350520134	-1779.6744254231453	-52554.09092617035	-2252.8684381246567	-11777.341987609863	-11177.238826692104	-23803.106437325478	-32615.609183609486	-22097.45820492506	-28987.5990614295	-22149.938008129597	-26230.47291636467	-17672.663405954838	-25368.422082841396	-24953.3374248147	-104644.461307168	-23467.861455619335	-100781.6727566123	-29607.05888348818	-22853.884553849697	-22600.707899332047	-29712.364873468876	-77280.51264750957	-23206.11230713129	-23052.607187986374	-22879.430838882923	-15092.61752319336	-11249.756744146347	-18763.871498644352	-23840.13750767708	-14805.324277937412	-2444.54662668705
-3407.297135412693	-20156.68701183796	-59231.275301516056	-94648.78559678793	-20931.290434002876	-120707.50546181202	-1966.1912442445755	-1791.6526280641556	-12683.932188749313	-24619.758067905903	-1645.48934841156	-10663.188583016396	-12769.371566772461	-1760.7222366333008	-27976.59434467554	-78272.24100506306	-95623.98179012537	-1768.2831497192383	-20211.272384881973	-41488.525790929794	-25362.681883335114	-24618.218374967575	-67367.42118805647	-79840.37989336252	-40326.72179734707	-1699.7913630604744	-52523.68543624878	-2233.0502222776413	-12124.834846496582	-11577.653880059719	-23874.3047914505	-32665.568089663982	-22633.79198360443	-28953.57114714384	-22215.915982544422	-26348.959888517857	-17921.791557073593	-25489.65231347084	-24979.81630539894	-104676.31796330214	-23843.53848004341	-101312.02428716421	-30042.991662561893	-22778.677904844284	-22753.473650753498	-29604.216003715992	-77385.72980988026	-23289.88304543495	-23117.921621859074	-22791.475545287132	-15034.701118469238	-11324.075942754745	-18571.601992189884	-23642.13955372572	-14705.872054874897	-2319.3024988770485
-3489.2034841179848	-20230.544459164143	-59078.09141236544	-94457.35801792145	-20817.761451482773	-120746.24986237288	-2149.0461561083794	-1860.5037187933922	-12578.881378173828	-24741.30802100897	-1909.7762479782104	-10520.719330012798	-12800.989109039307	-1841.881984949112	-27974.70161396265	-78335.24326527119	-94355.16698127985	-2007.659065246582	-20260.1837092638	-41450.07188373804	-25328.23120969534	-23855.09929829836	-67181.63907599449	-79705.05506938696	-40178.81571382284	-1783.736599266529	-52448.78735297918	-2277.8430173397064	-11707.258403778076	-11126.812632501125	-23813.0069129467	-32569.80870461464	-22015.529369533062	-29042.11223691702	-22119.302084505558	-26294.804706275463	-17615.205936014652	-25402.250303268433	-24977.701702535152	-104832.08797329664	-25133.98115772009	-101463.25919312239	-29254.685216903687	-22793.064677655697	-22778.46830880642	-29577.603679955006	-77212.09109419584	-23187.635484457016	-23037.54678171873	-24380.128530323505	-15080.135967254639	-11283.208904027939	-18679.851680755615	-23862.688268125057	-14763.24561458826	-2339.042603969574
-3543.430753469467	-20396.02910298109	-59186.35529881716	-94262.2567344904	-20925.592397868633	-120724.15440309048	-2217.942582666874	-1889.393482029438	-12615.278480529785	-24838.918383717537	-1846.6527643203735	-10597.713881671429	-12848.9958152771	-1907.3529806137085	-27956.602629721165	-78341.8664124012	-94334.64414811134	-1967.8128051757812	-20155.926542401314	-41477.05188894272	-25337.409167408943	-24008.872161388397	-67305.91230154037	-79687.21275824308	-40264.15706837177	-1818.7786763310432	-52432.37714248896	-2217.6913788318634	-11745.040565490723	-11152.89878553152	-23825.272648096085	-32583.11844289303	-22039.823677241802	-28966.81009745598	-22146.32199949026	-26340.426478803158	-17648.077166199684	-25426.5137681365	-24933.120130181313	-104854.63183265924	-23479.040941536427	-101289.00866371393	-32217.441300094128	-22695.140876591206	-22682.504853487015	-29674.25634598732	-77177.74853098392	-24621.609651505947	-24441.48313766718	-23203.30034518242	-15116.260478973389	-11335.24913829565	-18769.95916312933	-23850.18806540966	-14804.336980879307	-2441.6782561540604
-3830.3238424658775	-20134.114264667034	-58754.7355479002	-93807.08722114563	-20763.751581192017	-120186.84200274944	-2327.792346417904	-1974.5282796025276	-12524.82674407959	-24664.51372230053	-1940.34211063385	-10551.118994891644	-12750.222198486328	-1968.9772815704346	-27780.324479937553	-77914.53980076313	-93766.76800435781	-2029.4231796264648	-20127.679911017418	-41110.087305784225	-25178.831963777542	-23615.04881620407	-66870.93019235134	-79142.09300482273	-40088.97834008932	-1893.8089955449104	-52130.77125054598	-2327.799075484276	-11670.747928619385	-11092.631714761257	-23652.15877890587	-32384.488641560078	-21967.29619562626	-28904.902443766594	-22022.588170170784	-26186.89122802019	-17469.102885723114	-25257.01131629944	-24827.01536989212	-104063.43636965752	-23315.781432032585	-100739.2272337079	-31976.32157677412	-22557.513830959797	-22499.647172152996	-29383.789973974228	-76664.62030559778	-23055.034339606762	-22892.7584105134	-24467.354367494583	-14986.974325180054	-11295.730537831783	-18611.6916500926	-23702.85646981001	-14695.385928213596	-2595.733727455139
-2705.521927654743	-20260.457813739777	-58742.894762694836	-93799.44433367252	-20789.94662040472	-119919.04536038637	-2215.618922293186	-2030.9004132151604	-12506.078273534775	-24435.07760721445	-1965.5116720199585	-10450.81767386198	-12776.70527267456	-1882.6094341278076	-27857.629710137844	-77649.77104973793	-95430.73316663504	-2079.272315979004	-20212.64659625292	-41188.85787820816	-25289.210666835308	-28049.461632728577	-66860.29636758566	-79189.43850278854	-39923.51587712765	-1890.0227473378181	-52138.607659101486	-2295.5224508047104	-11664.717582702637	-11071.317826211452	-23669.056935071945	-32374.356641590595	-22418.061701476574	-28668.47813397646	-22003.10231614113	-26069.85794401169	-17905.34162378311	-25330.23549604416	-24738.966444075108	-104299.51967275143	-23800.461253643036	-100501.0805952549	-30167.84692955017	-22549.012704193592	-22486.11031359434	-29310.548488855362	-76797.77526116371	-23135.78087556362	-22962.448229074478	-22905.886445879936	-14958.95544052124	-11264.496989965439	-18602.514716029167	-23704.54127883911	-14680.869093000889	-2418.6647120714188
-3982.4292463064194	-20155.078931450844	-58501.42452341318	-93269.68657743931	-20686.240646481514	-119356.06222504377	-2469.1055607795715	-2072.414387524128	-12473.14446258545	-24524.195760309696	-2012.670479774475	-10471.746428668499	-12716.318286895752	-2048.983402490616	-27670.318228781223	-77394.86320209503	-93346.2375793457	-2102.7035522460938	-19977.044888854027	-40892.91182291508	-25038.810306727886	-23645.1807346344	-66501.47437489033	-78802.85990720987	-39728.39417755604	-1989.1409581303596	-51892.97240424156	-2483.954708814621	-11599.500663757324	-11073.758284509182	-23548.657554149628	-32217.1972797513	-21720.06397932768	-28664.540139853954	-21873.175522983074	-26050.297774910927	-17464.417403161526	-25157.00767803192	-24686.42417860031	-103827.11102730036	-25022.04054903984	-100211.13786447048	-31822.382776498795	-22481.866791009903	-22398.121031224728	-29244.1041816473	-76398.97065901756	-22888.93829768896	-22714.29797768593	-22711.55920344591	-14969.258134841919	-11260.161400258541	-18516.396722495556	-23658.563096404076	-14695.291899263859	-2711.7719277739525
-3784.186682343483	-20183.59696763754	-58379.81347262859	-93095.15836167336	-20616.97153043747	-119175.3965973854	-2507.797091960907	-2056.457076013088	-12497.63728326559	-24624.71890336275	-2037.6656408309937	-10453.970550715923	-12694.68716621399	-1986.4549140930176	-27475.506621301174	-77236.51223492622	-94355.31903731823	-2086.272979736328	-19985.386850595474	-46042.18616425991	-24668.15762346983	-24640.64232289791	-66442.92762053013	-78657.51099205017	-39494.69761800766	-1971.1924689412117	-51912.66892492771	-2484.903741002083	-11650.653053283691	-11050.06896585226	-23512.046435952187	-32206.443243801594	-22356.393506228924	-28670.55542641878	-21903.397461295128	-25885.888713657856	-17798.452880442142	-25073.55601322651	-24678.115489840508	-103327.03219544888	-23709.90263926983	-99562.00175267458	-30026.84374308586	-22570.847643196583	-22344.977571845055	-29380.44852644205	-76339.80036693811	-22941.665516912937	-22793.44258236885	-22669.650833427906	-14890.201137542725	-11157.574268102646	-18591.322103500366	-23538.49040055275	-14640.328737318516	-2707.3269790410995
-3737.3272223472595	-19863.703212082386	-58498.404269874096	-93497.26188385487	-20690.58027726412	-119129.0443404913	-2293.55224186182	-2003.4130574464798	-12526.915434598923	-24365.08358478546	-1809.9535207748413	-10556.257770180702	-12627.084594726562	-1958.7900276184082	-27742.009033620358	-77453.81678652763	-93133.61694318056	-1963.2584609985352	-19975.159781754017	-40869.21395975351	-25035.81046909094	-23754.34433734417	-66602.64211082458	-78900.3896137476	-39849.19307798147	-1906.0635264515877	-51872.55338734388	-2501.91706097126	-12026.818199157715	-11487.426485955715	-23607.955234527588	-32308.994924247265	-22672.295147418976	-29454.54817610979	-22603.43937277794	-26646.252008914948	-17330.812911212444	-25253.30679523945	-24654.265041708946	-103444.9194509983	-23031.976912260056	-100143.90519243479	-28863.158725857735	-22487.870306789875	-22444.628412663937	-29127.94513374567	-76544.00143015385	-22991.20162564516	-22814.109811902046	-22321.668664991856	-14882.040718078613	-11139.544736623764	-18304.56565141678	-23369.298266530037	-14526.85699826479	-2640.450712263584
-3913.0789735913277	-20012.228736937046	-58337.232214570045	-93302.50718677044	-20569.338982641697	-119260.19548940659	-2364.7239696383476	-2068.24032920599	-12441.835708618164	-24433.890889406204	-2079.0238523483276	-10389.92079180479	-12650.953617095947	-2025.193180322647	-27605.896736383438	-77324.11912220716	-94623.52804178	-2136.7521743774414	-20015.912877976894	-40989.84402936697	-24994.859732329845	-24161.10980975628	-66337.95449864864	-78765.31399345398	-39683.28498131037	-1975.2546427845955	-51807.365351736546	-2509.8783202171326	-11580.569469451904	-10999.642771661282	-23521.94691157341	-32160.642764806747	-22274.464670836926	-28725.0686019063	-21872.76153767109	-25950.22050356865	-17740.995410501957	-25107.384233653545	-24702.47976756096	-103514.65886157751	-25376.022341370583	-100243.58818918467	-29674.47007650137	-22510.027767002583	-22522.737981319427	-29245.68733292818	-76271.37881362438	-22923.188694238663	-22778.382176101208	-24170.34852486849	-14877.719581604004	-11191.026427984238	-18507.30228561163	-23561.04116100073	-14598.250073969364	-2601.8229563236237
-4091.8216478824615	-19795.128000199795	-58054.04507851601	-92739.17808711529	-20530.425047516823	-118348.05248939991	-2477.0998871326447	-2131.8494626283646	-12452.776625394821	-24139.439925074577	-1953.9710216522217	-10478.870444893837	-12538.03946685791	-2080.601417541504	-27527.13330501318	-76825.67729717493	-92294.2982621789	-2061.090133666992	-19854.283641934395	-40532.5785369277	-25011.517752826214	-23517.470918297768	-66046.14461928606	-78172.73317307234	-39478.379204928875	-2056.63439399004	-51453.948122262955	-2670.744578540325	-11924.306495666504	-11406.865412652493	-23423.083422660828	-32024.713983535767	-21697.082388341427	-28352.972985982895	-21760.92243027687	-25831.719114661217	-17796.51498490572	-23211.54449915886	-25939.360602259636	-102544.59951335192	-22871.00178706646	-99321.74341386557	-28640.46538043022	-22329.138120114803	-22305.156667768955	-29038.29334896803	-75840.66134184599	-22803.72909772396	-22627.38416415453	-22292.66045975685	-14760.786613464355	-11083.736781716347	-18179.89257878065	-23202.94325274229	-14423.170268833637	-2810.2435238957405
-3035.5520145893097	-19967.474013984203	-58010.023731052876	-92647.92062073946	-20549.236463665962	-118340.58423906565	-2542.979919910431	-2242.6608425974846	-12349.061519384384	-24180.40312409401	-2129.9758443832397	-10343.886861026287	-12634.418300628662	-2080.677225112915	-27623.04439908266	-76831.3468312025	-92940.36831969023	-2274.247627258301	-19976.533993124962	-40569.54604703188	-24962.339252591133	-27185.58759510517	-66095.51729035378	-78249.44822317362	-39445.98715776205	-2096.2949107289314	-51487.47561019659	-2564.389289498329	-11566.70093536377	-10981.090432107449	-23402.707378149033	-32017.783476173878	-22456.56486529112	-29169.45516294241	-22390.625706374645	-26367.15006440878	-17314.362977921963	-25093.889977812767	-24413.415180385113	-103068.1211604476	-22988.89968585968	-99332.96150052547	-28988.013992846012	-22258.205106139183	-22177.26507550478	-28834.27761888504	-75956.0468814373	-22837.09945577383	-22658.63641911745	-22436.07956558466	-14806.295040130615	-11079.965783834457	-18335.47837525606	-23431.69999164343	-14501.854036390781	-2739.8129254579544
-4120.83686798811	-19788.752197802067	-58029.55605459213	-92647.25167834759	-20477.46492654085	-118091.01352000237	-2478.9767220020294	-2128.591783642769	-12439.40588259697	-24168.976002812386	-1955.2071981430054	-10472.547500252724	-12523.847675323486	-2139.328826904297	-27426.863895118237	-76759.62923079729	-92190.99888509512	-2105.85555267334	-19730.44846177101	-40589.27868157625	-24888.039351940155	-23545.574357926846	-65994.0474306941	-78197.61722809076	-39483.905457794666	-2049.5681803822517	-51379.889241576195	-2685.147027850151	-11927.671676635742	-11352.039004266262	-23411.278259277344	-32001.829559206963	-21611.425951600075	-28283.474428892136	-21707.710638821125	-25807.988650500774	-17244.90948754549	-25000.7067309618	-24438.626994371414	-102561.3113052249	-22857.84249985218	-99264.43518197536	-28649.845184504986	-22313.10783994198	-22357.9917858243	-29021.011430561543	-75721.40260028839	-24188.547000169754	-24017.629467070103	-22463.917101264	-14776.482110977173	-11058.05848288536	-18213.092701792717	-23169.79165327549	-14409.353305637836	-2811.3897788524628
-4114.2167692780495	-19890.613167881966	-57646.94244098663	-91943.63464874029	-20376.26137369871	-117596.93547606468	-2835.1580895781517	-2268.2175053954124	-12340.6205291152	-24370.04442024231	-2202.129813194275	-10347.03973788023	-12552.40019416809	-2184.522705078125	-27240.92131024599	-76418.0880163908	-91864.95419037342	-2281.248291015625	-19749.274247467518	-45422.87433308363	-24341.286209225655	-23776.768285274506	-65678.14854329824	-77717.52071243525	-39017.16889864206	-2177.464632332325	-51261.536876022816	-2753.7705796957016	-11552.636405944824	-10959.841571748257	-23245.696879029274	-31849.870078384876	-22394.89667004347	-29171.53245538473	-22290.920851528645	-26183.180834054947	-17207.474234580994	-24837.210494995117	-24352.564226150513	-102095.63368314505	-22898.341071486473	-98393.88265794516	-28847.010806381702	-22280.040045142174	-22036.132333755493	-28904.17765647173	-75498.0719872117	-22642.984097123146	-22489.630772411823	-22199.84395313263	-14737.5407371521	-10973.043061971664	-18324.28576272726	-23265.649113357067	-14461.313680708408	-3028.475192427635
-4243.109060525894	-19719.244937181473	-57604.361182928085	-92150.98347383738	-20328.62882590294	-117681.73436808586	-2692.0849672555923	-2280.000758588314	-12284.818954467773	-24179.216406285763	-2243.488024711609	-10282.989978969097	-12508.666645050049	-2223.2609713077545	-27371.311425328255	-76505.69490367174	-92133.16319483519	-2331.7274856567383	-19779.800274848938	-40370.53219819069	-24667.98831808567	-23297.235772132874	-65573.17542141676	-77825.32371383905	-39205.75626194477	-2181.5268061757088	-51156.23330283165	-2778.7451589107513	-11482.552822113037	-10909.415377557278	-23255.597354650497	-31804.06959939003	-22312.96783465147	-29226.04563087225	-22260.284927904606	-26247.51262396574	-17150.016764640808	-24871.038715422153	-24376.928503870964	-102283.26034927368	-24564.460773587227	-99075.46909445524	-28494.63713979721	-22219.220168948174	-22213.892743229866	-28769.41646295786	-75429.65043389797	-22624.50727444887	-22474.57036614418	-23700.54164457321	-14725.059181213379	-11006.495221853256	-18240.265944838524	-23288.199873805046	-14419.235017359257	-2922.9711697101593
-4407.72995698452	-19526.83735948801	-57597.936303675175	-92192.08216500282	-20315.624109864235	-117553.70111966133	-2588.8264857530594	-2213.7265812158585	-12348.954146146774	-23994.571341395378	-2048.896544456482	-10425.952613472939	-12425.074058532715	-2200.953127861023	-27250.585745334625	-76332.30261915922	-91623.12274134159	-2167.4659271240234	-19702.201830387115	-40222.31409841776	-24729.462148308754	-23151.75101274252	-65559.06532150507	-77652.49747467041	-39308.726729512215	-2124.598499596119	-51078.28334963322	-2795.2547245025635	-11853.379039764404	-11291.771933495998	-23238.164390087128	-31803.199757874012	-21538.89846998453	-28221.56677520275	-21583.976809501648	-25654.453399717808	-17065.93520706892	-24831.204279124737	-24332.522234082222	-101770.11584222317	-22694.58299034834	-98714.65375196934	-28408.72546118498	-22175.48079431057	-22175.13410449028	-28730.54505854845	-75208.27437490225	-22621.97168827057	-22468.904739916325	-23727.971123576164	-14647.195957183838	-11018.539882421494	-18054.82518875599	-23022.46005767584	-14300.402252972126	-2965.4452501535416
-3390.0464401245117	-19898.898802101612	-57565.664539694786	-91889.83682399988	-20389.081233918667	-117559.59238797426	-2726.5275651812553	-2371.0972477793694	-12274.922710180283	-23954.759464383125	-2273.99334526062	-10266.499535739422	-12545.37317276001	-2202.4886150360107	-27408.168670475483	-76203.2073418498	-92101.04963868856	-2372.079299926758	-19855.65785330534	-40232.910624206066	-24938.04653632641	-26948.71417605877	-65539.01979881525	-77521.79178249836	-39075.17328470945	-2246.8657782673836	-51068.87034511566	-2733.2168070673943	-11464.189231872559	-10900.529358804226	-23217.835566282272	-31733.50253546238	-21481.35210621357	-28067.879972815514	-21548.108763873577	-25552.61717015505	-17780.06505161524	-23052.127681732178	-25698.510740935802	-102167.80122280121	-22827.924560666084	-98510.79972195625	-28765.3206474185	-22099.47291946411	-22037.7933306098	-28744.6258341074	-75252.70679312944	-22649.62692785263	-22471.910771369934	-22407.071360349655	-14685.040935516357	-11024.15782892704	-18210.805302619934	-23265.344977855682	-14398.167306959629	-2909.605737090111
-3419.0616602301598	-19892.522999703884	-57541.17551577091	-91797.91041523218	-20336.121112942696	-117302.55341857672	-2728.40440005064	-2367.8395687937737	-12261.551967382431	-23984.295542120934	-2275.229521751404	-10260.176591098309	-12531.181381225586	-2261.2160243988037	-27307.89926058054	-76137.15927547216	-91997.75026160479	-2416.8447189331055	-19731.822673141956	-40289.61076885462	-24814.56813544035	-26976.817615687847	-65486.92261022329	-77546.67583751678	-39080.699537575245	-2239.7995646595955	-50994.8114644289	-2747.61925637722	-11467.554412841797	-10845.702950417995	-23206.03040289879	-31710.618111133575	-21395.695669472218	-27998.381415724754	-21494.89697241783	-25528.886705994606	-17228.45955425501	-24841.289913535118	-24197.77713304758	-102184.51301467419	-22814.765273451805	-98453.49149006605	-28774.700451493263	-22083.442639291286	-22090.628448665142	-28727.343915700912	-75133.44805157185	-24034.444830298424	-23862.156074285507	-22578.328001856804	-14700.736433029175	-10998.479530096054	-18244.005425632	-23232.19337838888	-14384.350343763828	-2910.751992046833
-4559.835360825062	-19547.80202627182	-57344.625279188156	-91654.6815212965	-20238.113175153732	-116722.92134195566	-2730.139700114727	-2311.612689137459	-12297.271864652634	-23854.253379404545	-2121.224913597107	-10346.580047249794	-12391.170146942139	-2280.959248781204	-27140.579494178295	-75812.62602049112	-91202.59231632948	-2240.7462997436523	-19551.566808223724	-40005.13861554861	-24589.440491259098	-23181.882931172848	-65189.609504044056	-77313.26437705755	-38948.14256697893	-2219.930462181568	-50840.4845033288	-2951.4103578329086	-11782.131774902344	-11272.898503243923	-23134.663165330887	-31635.908396065235	-21291.66625368595	-27981.20447129011	-21434.564162313938	-25517.859946608543	-17061.249724507332	-24731.20064085722	-24191.931042790413	-101533.79049986601	-24400.842107355595	-98186.56438273191	-28254.786660909653	-22099.833754360676	-22073.60796356201	-28590.859266221523	-74942.62472832203	-22455.875646352768	-22290.444307088852	-21972.175959527493	-14629.479766845703	-10982.970744848251	-17959.530261158943	-22978.166684269905	-14300.308224022388	-3081.483450472355
-4468.7111948132515	-19822.037955999374	-57202.583249628544	-91185.55085200071	-20216.106143951416	-116815.9436249733	-3018.705734848976	-2396.653910577297	-12266.481719911098	-24144.400760531425	-2346.1473140716553	-10269.652412593365	-12463.355066299438	-2306.3340950012207	-27026.045581638813	-75789.9485270381	-91025.63550937176	-2379.079963684082	-19628.398107647896	-45086.238910257816	-24316.99349296093	-23539.894866228104	-65121.65105175972	-76989.86427175999	-38646.355025589466	-2328.035499870777	-50842.93161094189	-2922.5980972647667	-11450.124702453613	-10879.280498445034	-23060.825067162514	-31565.589137673378	-21419.68391096592	-28069.957265257835	-21448.403909027576	-25368.647939801216	-17673.17630827427	-22795.448198914528	-25637.659786701202	-101195.31374549866	-22737.365946292877	-97571.72087937593	-28624.31746095419	-22121.307858467102	-21896.66058886051	-28814.525871694088	-74794.73189890385	-22455.511569201946	-22302.905124664307	-22170.835747897625	-14616.286632537842	-10917.235107064247	-18199.612690091133	-23099.29409956932	-14357.626951277256	-3198.2680040597916
-4597.603486061096	-19650.66972529888	-57160.001991569996	-91392.8996770978	-20168.473596155643	-116900.74251699448	-2875.632612526417	-2408.437163770199	-12210.680145263672	-23953.57274657488	-2387.5055255889893	-10205.602653682232	-12419.621517181396	-2345.07236123085	-27156.435696721077	-75877.55541431904	-91293.84451383352	-2429.5591583251953	-19658.924135029316	-40033.896775364876	-24643.695601820946	-23060.36235308647	-65016.677929878235	-77097.6672731638	-38834.942388892174	-2332.097673714161	-50737.62803775072	-2947.5726764798164	-11380.041118621826	-10828.854304254055	-23070.725542783737	-31519.78865867853	-21337.75507557392	-28124.470440745354	-21417.767985403538	-25432.97972971201	-17615.718838334084	-22829.276419341564	-25662.024064421654	-101382.94041162729	-24403.48564839363	-98253.30731588602	-28271.943794369698	-22060.4879822731	-22074.420998334885	-28679.764678180218	-74726.31034559011	-22437.03474652767	-22287.844718396664	-23671.533439338207	-14603.805076599121	-10950.687266945839	-18115.592872202396	-23121.8448600173	-14315.548287928104	-3092.7639813423157
-4497.7264149188995	-19815.662153601646	-57178.09422570467	-91093.62444323301	-20163.146022975445	-116558.90465557575	-3020.582569718361	-2393.3962315917015	-12253.110977113247	-24173.936838269234	-2347.383490562439	-10263.329467952251	-12449.163274765015	-2365.0615043640137	-26925.77617174387	-75723.90046066046	-90922.33613228798	-2423.8453826904297	-19504.562927484512	-45142.93905490637	-24193.51509207487	-23567.99830585718	-65069.55386316776	-77014.74832677841	-38651.88127845526	-2320.969286262989	-50768.87273025513	-2937.0005465745926	-11453.489883422852	-10824.454090058804	-23049.01990377903	-31542.704713344574	-21334.027474224567	-28000.458708167076	-21395.19211757183	-25344.917475640774	-17121.57081091404	-24584.61043071747	-24136.92617881298	-101212.02553737164	-22724.206659078598	-97514.41264748573	-28633.697265028954	-22105.277578294277	-21949.495706915855	-28797.2439532876	-74675.47315734625	-23840.32947164774	-23693.15042757988	-22342.092389404774	-14631.98213005066	-10891.556808233261	-18232.8128131032	-23066.14250010252	-14343.809988081455	-3199.414259016514
-3705.95474922657	-19630.608161389828	-57109.555764853954	-91342.74090188742	-20174.28029626608	-116765.24101823568	-2838.25416380167	-2452.9743663668633	-12171.100230932236	-23809.890880703926	-2368.9188680648804	-10213.581704318523	-12432.407764434814	-2322.84032535553	-27131.62111079693	-75709.8326638341	-91429.87411785126	-2478.455093383789	-19703.57604175806	-39922.646185696125	-24655.99093180895	-26582.99427050352	-65051.94050103426	-77001.55608409643	-38905.52080929279	-2314.8298838734627	-50693.205572485924	-2857.7269530296326	-11393.261775970459	-10785.435879647732	-23032.916533708572	-31511.988309800625	-21323.168187856674	-27936.47376203537	-21371.163143098354	-25375.35145521164	-17049.48527377844	-24671.787461698055	-24091.67237275839	-101393.31755167246	-22651.505763947964	-97903.71006006002	-28533.580728173256	-21945.815593659878	-21907.770767331123	-28436.87754368782	-74620.3198261857	-22467.86951839924	-22313.43134713173	-23842.38202416897	-14571.45027923584	-10958.960929632187	-18085.737912595272	-23084.86178278923	-14275.399291098118	-3064.807463347912
-4626.618706166744	-19644.293922901154	-57135.51296764612	-91300.9732683301	-20115.513475179672	-116643.70354759693	-2877.5094473958015	-2405.179484784603	-12197.30940246582	-23983.108824312687	-2388.741702079773	-10199.279709041119	-12405.429725646973	-2403.799770593643	-27056.166286826134	-75811.5073479414	-91190.54513674974	-2474.324577331543	-19535.088954865932	-40090.59692001343	-24520.217200934887	-23088.46579271555	-64964.58074128628	-77122.55132818222	-38840.468641757965	-2325.031460106373	-50663.56915706396	-2961.9751257896423	-11383.406299591064	-10774.027895867825	-23058.920379400253	-31496.904234349728	-21252.09863883257	-28054.971883654594	-21364.556193947792	-25409.249265551567	-17064.113340973854	-24618.438651144505	-24161.290456533432	-101399.65220350027	-24390.32636117935	-98195.99908399582	-28281.323598444462	-22044.457702100277	-22127.25611639023	-28662.48275977373	-74607.05160403252	-23821.852648973465	-23678.090021312237	-23842.790080845356	-14619.500574111938	-10925.008968114853	-18148.792995214462	-23088.6932605505	-14301.731324732304	-3093.910236299038
-4900.955719172955	-19451.37183177471	-57021.26941472292	-91004.41072452068	-20184.103304862976	-116163.51348233223	-2908.8858904242516	-2425.6372499465942	-12243.217230558395	-23777.459080696106	-2151.7907762527466	-10376.97971212864	-12340.40323638916	-2408.054545402527	-26946.2023601532	-75391.92255598307	-90614.19333940744	-2262.510414123535	-19419.06300997734	-39665.154037594795	-24440.0412453413	-22941.83244907856	-64878.900620400906	-76750.30231249332	-38858.30519324541	-2330.0028584599495	-50522.468400895596	-3001.366415977478	-11745.621299743652	-11238.717585504055	-22973.815031290054	-31450.588333010674	-21243.433079779148	-27843.994678139687	-21337.850247979164	-25409.94646835327	-16915.146674215794	-24585.961653888226	-24041.24471014738	-100765.13889622688	-22582.64238166809	-97462.53242331743	-30976.423020780087	-21864.282907664776	-21794.78682690859	-28397.045560240746	-74395.15393972397	-22323.274501502514	-22145.655935883522	-22059.40179669857	-14536.318124771118	-10995.492378652096	-17891.37023049593	-22818.334885954857	-14232.448537647724	-3338.17457395792
-4608.112998127937	-19544.494994163513	-57070.265788674355	-91282.22561120987	-20623.206668257713	-116425.48591470718	-2909.906277537346	-2496.0200471282005	-12181.775993347168	-24636.70390033722	-2405.016604423523	-10213.700561702251	-12368.671226501465	-2440.913179397583	-27070.403769254684	-75611.89530110359	-91035.00900256634	-2473.963390350342	-19650.460821330547	-39798.50924640894	-24400.217388153076	-23169.87344944477	-65027.434700131416	-77061.59382736683	-38949.93873786926	-2352.886699974537	-50603.95347040892	-2587.966137766838	-11363.252319335938	-10737.71328252554	-23006.73468375206	-31401.798883974552	-21238.106757164	-27920.12476825714	-21332.37724918127	-25291.68356025219	-16861.198847711086	-25830.34167677164	-22624.092128753662	-101355.88738328218	-22294.740749299526	-97695.24100548029	-28011.27198934555	-22397.33090776205	-22239.932910978794	-30266.556334614754	-74884.59433072805	-22452.62845760584	-22274.866880714893	-22183.055496633053	-14545.115690112114	-10905.61121726036	-18119.235834360123	-23590.229249358177	-14233.420370519161	-3157.276924788952
-4666.984549999237	-19500.929214954376	-56863.501985132694	-90996.13264268637	-20080.206357061863	-116195.67999511957	-2907.7627807855606	-2487.7373690009117	-12147.77328491211	-23871.799274683	-2412.735629081726	-10152.19144076109	-12358.63115310669	-2406.5721666812897	-27002.506547749043	-75494.57076060772	-92401.52425533533	-2460.8205947875977	-19535.52944356203	-39910.30434381962	-24334.616840720177	-23603.246283590794	-64729.49084407091	-76885.58263790607	-38710.2255294323	-2373.044849693775	-50514.81130158901	-3010.7804617881775	-11355.863887786865	-10782.245516717434	-22964.537353277206	-31394.903659582138	-22571.903135955334	-28909.00199586153	-22013.744381070137	-25902.928421258926	-17275.806239128113	-24576.172645807266	-24101.70656889677	-100965.83123755455	-24806.50195723772	-97855.79809051752	-28914.421999394894	-21936.18325829506	-21958.162415742874	-28437.500115931034	-74488.93815332651	-22360.06048423052	-22215.405760526657	-23490.761639118195	-14522.642795562744	-10914.312745809555	-18067.716549694538	-22986.552766680717	-14254.23947674036	-3185.751522064209
-4784.61950391531	-19553.74731528759	-56746.47447478771	-90638.45492988825	-20001.305206298828	-116021.59225523472	-3130.432333469391	-2478.531029164791	-12162.659240663052	-23999.532176852226	-2441.0728368759155	-10216.734581172466	-12350.389657974243	-2426.6858053207397	-26749.49802196026	-75296.57384902239	-90354.45998853445	-2485.4557571411133	-19476.316296100616	-44775.974471747875	-24034.93788844347	-23174.174960672855	-64634.57175397873	-76469.62857335806	-38476.702550172806	-2395.9996054768562	-50467.26683831215	-3047.108243227005	-11379.197246551514	-10764.18701928854	-22875.906034588814	-31344.074912011623	-21261.499992609024	-27938.55105447769	-21271.458288252354	-25191.382224857807	-16942.59653043747	-24415.107978880405	-24030.82141852379	-100420.83007436991	-22560.947149574757	-96964.6312174797	-28392.577541708946	-21967.65053266287	-21766.638025581837	-28506.77758127451	-74162.3449319601	-22273.754159748554	-22144.4257004261	-23606.146411716938	-14502.695976257324	-10852.038207769394	-18074.54530006647	-22918.81090450287	-14234.858935415745	-3353.4697303175926
-3858.060153067112	-19651.572828173637	-56856.244740366936	-90805.3402581811	-20096.769361555576	-115934.46124053001	-2979.5673781633377	-2550.8604742884636	-12119.417949438095	-23669.572918713093	-2441.2472372055054	-10134.209138095379	-12398.503852844238	-2402.846446275711	-27021.6148596406	-75190.156065166	-91009.34369283915	-2551.735466003418	-19552.94101959467	-39705.47070282698	-24515.969274759293	-26613.12618893385	-64682.484683573246	-76662.32298648357	-38544.93664675951	-2410.161846458912	-50455.40672618151	-3013.8825863599777	-11322.014511108398	-10766.562449395657	-22929.41530895233	-31344.696947991848	-21075.935971558094	-27696.11145812273	-21221.750495910645	-25238.758002102375	-17044.79979121685	-24571.783823430538	-23951.08118146658	-101156.9922093153	-24357.76488095522	-97375.6206908226	-28379.64192789793	-21870.168553709984	-21806.244626402855	-28297.191751360893	-74354.67017960548	-22301.773476481438	-22134.970914304256	-22086.586860120296	-14553.734088897705	-10923.391792058945	-17990.442984998226	-23040.568409383297	-14275.30526214838	-3180.845663666725
-4936.724907755852	-19574.7119820714	-56493.16345030069	-90101.05428618193	-19923.794271588326	-115190.81247752905	-3271.7455478310585	-2576.4171370863914	-12110.976959168911	-23859.214214861393	-2513.4012060165405	-10137.362014949322	-12316.485746383667	-2506.691926240921	-26639.49177080393	-74776.89725035429	-89933.92956352234	-2558.736129760742	-19325.681273937225	-44558.79898887873	-23894.916231393814	-23204.306879103184	-64265.115936517715	-76130.3954757452	-38116.11838763952	-2491.3315680623055	-50229.46799200773	-3203.26387655735	-11307.949981689453	-10745.313589036465	-22772.404809832573	-31176.783550202847	-21014.267776310444	-27698.188750565052	-21122.045641064644	-25054.788771748543	-16937.91104787588	-24315.10434061289	-23890.23022723198	-100184.50473201275	-24267.206266582012	-96436.54184824228	-28238.63874143362	-21892.003492712975	-21665.11188465357	-28367.091788947582	-73896.69528537989	-22107.658117830753	-21965.96526759863	-21850.351247668266	-14484.97978591919	-10816.469070196152	-17979.250372469425	-22874.517531096935	-14234.764906466007	-3469.507930636406
-4199.180511415005	-19555.14263367653	-56532.8888759017	-90155.06946140528	-20042.75949126482	-115375.05338090658	-3158.3135684728622	-2664.885035097599	-12065.363315343857	-23592.778620004654	-2471.813099861145	-10164.608802974224	-12347.73694229126	-2529.9417428970337	-26827.2377256155	-74769.45260065794	-90420.94471591711	-2573.499580383301	-19420.437221348286	-39365.48612487316	-24366.570028841496	-26373.07570683956	-64371.775799930096	-76099.36092191935	-38455.09927302599	-2520.2342427372932	-50137.3906237483	-3063.838644504547	-11285.504035949707	-10732.381531655788	-22768.5671749115	-31159.376884937286	-21027.70279765129	-27558.901664972305	-21125.03658157587	-25130.844523847103	-16898.696740925312	-24426.544836461544	-23800.394848823547	-100388.34060567617	-22539.565155267715	-96651.58873140812	-31101.278287768364	-21634.617707014084	-21527.42348974943	-28103.378045380116	-73807.19939100742	-22169.172331631184	-21990.182543098927	-22173.812697291374	-14460.57244682312	-10935.91342586279	-17922.282954335213	-22880.73661106825	-14207.445575773716	-3437.5367871522903
-5277.8452661037445	-19478.28178757429	-56169.80758583546	-89450.78348940611	-19869.78440129757	-114631.40461790562	-3450.491738140583	-2690.441697895527	-12056.922325074673	-23782.419916152954	-2543.96706867218	-10167.761679828167	-12265.718835830688	-2633.7872228622437	-26445.11463677883	-74356.19378584623	-89345.5305866003	-2580.500244140625	-19193.17747569084	-44218.81441092491	-23745.516985476017	-22964.256397008896	-63954.407052874565	-75567.43341118097	-38026.281013906	-2601.403964340687	-49911.45188957453	-3253.2199347019196	-11271.439506530762	-10711.132671296597	-22611.55667579174	-30991.463487148285	-20966.03460240364	-27560.978957414627	-21025.33172672987	-24946.87529349327	-16791.807997584343	-24169.865353643894	-23739.543894588947	-99415.85312837362	-22449.00654089451	-95712.5098888278	-30960.275101304054	-21656.452646017075	-21386.290748000145	-28173.278082966805	-73349.22449678183	-21975.0569729805	-21821.1768963933	-21937.577084839344	-14391.818143844604	-10828.990703999996	-17911.09034180641	-22714.685732781887	-14166.905220091343	-3726.199054121971
-5031.98848760128	-19326.179271936417	-56329.40659087896	-90127.37478005886	-20374.784199416637	-114939.4315417409	-3125.584091067314	-2703.756657540798	-12044.730323791504	-24329.286768734455	-2574.26420879364	-10082.902023494244	-12218.635734558105	-2624.224374771118	-26701.598891675472	-74600.77115803957	-91303.37006306648	-2603.056499481201	-19406.18999004364	-39338.28139203787	-24066.845910787582	-23475.88396090269	-64183.75012278557	-76121.85275143385	-38454.40800535679	-2544.4047434926033	-49962.53146916628	-2820.001440644264	-11236.563385009766	-10610.543421685696	-22715.67468237877	-30992.63294416666	-21497.042058467865	-27603.08113324642	-21085.8367023468	-24947.099357545376	-16986.98832219839	-25535.475607156754	-22348.87019377947	-100038.45827156305	-22536.78193295002	-96475.57000154257	-28431.056848943233	-22114.293997108936	-21984.202583491802	-29934.63998758793	-73943.8820501566	-22188.181667387486	-22015.70227509737	-21973.275491178036	-14342.69930446148	-10813.42874121666	-17946.686439216137	-23288.58214223385	-14068.424829900265	-3420.0572771430016
-5406.737557351589	-19306.9135568738	-56127.22632777691	-89658.1323145032	-19822.151853501797	-114716.2035099268	-3307.4186158180237	-2702.2249510884285	-12001.120750427246	-23591.591902196407	-2585.325280189514	-10103.711920917034	-12221.985286712646	-2672.525489091873	-26575.504751861095	-74443.80067312717	-89613.73959106207	-2630.9794387817383	-19223.70350307226	-39166.47227603197	-24072.219094336033	-22484.723883867264	-63849.43393099308	-75675.23641258478	-38214.86837720871	-2605.4661381840706	-49806.14831638336	-3278.1945139169693	-11201.355922698975	-10660.706477105618	-22621.457151412964	-30945.66300815344	-20884.105767011642	-27615.492132902145	-20994.69580310583	-25011.207083404064	-16734.350527644157	-24203.69357407093	-23763.9081723094	-99603.47979450226	-24115.126242995262	-96394.09632533789	-30607.901434719563	-21595.632769823074	-21564.051157474518	-28038.516889452934	-73280.8029434681	-21956.580150306225	-21806.116490125656	-23438.274776279926	-14379.336587905884	-10862.442863881588	-17827.070523917675	-22737.236493229866	-14124.826556742191	-3620.6950314044952
-5351.509062469006	-19139.37020331621	-55686.271762132645	-89086.52513301373	-19679.34097057581	-113836.22702270746	-3418.6714236736298	-2827.9342035651207	-11916.617721557617	-23391.481131851673	-2721.2173023223877	-9967.87330263853	-12127.299053192139	-2726.451347589493	-26553.04550808668	-74048.0070527196	-89071.84072738886	-2753.6275787353516	-19178.540700614452	-38954.357089817524	-23983.452710211277	-22502.498826920986	-63408.2142753005	-75217.93591761589	-37861.8829370141	-2729.8878806233406	-49445.07398760319	-3448.4748180508614	-11155.335536956787	-10611.457049310207	-22513.315984487534	-30754.049553453922	-21635.19354069233	-28308.403834700584	-21558.750828802586	-25385.687647402287	-17150.52966696024	-22298.064831495285	-25061.250865757465	-98834.11278760433	-23833.96526426077	-95865.51721721888	-27511.89571726322	-21486.64347356558	-21509.84543275833	-27871.57746118307	-72943.86968529224	-21873.906536519527	-21724.868302822113	-22991.946553587914	-14248.728290557861	-10673.973584771156	-17676.007136285305	-22547.35646569729	-13971.5376906991	-3676.692547082901
-5380.524282574654	-19132.994400918484	-55661.78273820877	-88994.59872424603	-19626.38084959984	-113579.18805330992	-3420.5482585430145	-2824.676524579525	-11903.246978759766	-23421.01720958948	-2722.4534788131714	-9961.550357997417	-12113.107261657715	-2785.1787569522858	-26452.776098191738	-73981.95898634195	-88968.54135030508	-2798.392997741699	-19054.70552045107	-39011.057234466076	-23859.97430932522	-22530.602266550064	-63356.117086708546	-75242.81997263432	-37867.409189879894	-2722.8216670155525	-49371.01510691643	-3462.8772673606873	-11158.700717926025	-10556.630640923977	-22501.51082110405	-30731.16512912512	-21549.537103950977	-28238.905277609825	-21505.53903734684	-25361.957183241844	-16598.92416960001	-24087.227063298225	-23560.517257869244	-98850.82457947731	-23820.80597704649	-95808.20898532867	-27521.275521337986	-21470.613193392754	-21562.680550813675	-27854.295542776585	-72824.61094373465	-23258.72443896532	-23115.113605737686	-23163.203195095062	-14264.423788070679	-10648.29528594017	-17709.20725929737	-22514.204866230488	-13957.7207275033	-3677.8388020396233
-5362.018574535847	-19033.195472180843	-55596.535559237	-88975.8510671258	-20134.07404267788	-113360.97042042017	-3452.945088684559	-2915.5170869231224	-11887.713569641113	-24074.612285614014	-2738.7283811569214	-9975.97121065855	-12076.348762512207	-2822.2921657562256	-26467.01358062029	-73782.34693950415	-88813.00521612167	-2798.031810760498	-19170.077386915684	-38718.96956086159	-23739.974496543407	-22612.009923279285	-63418.971045553684	-75181.86247181892	-37976.87928599119	-2750.6769068837166	-49311.39942026138	-3088.868279337883	-11138.546737670898	-10520.316027581692	-22449.325125455856	-30636.059778749943	-21535.54522228241	-28104.058162212372	-21473.36009258032	-25244.391477942467	-16396.009676337242	-25299.13008892536	-22023.318930089474	-98807.05975925922	-21725.220365166664	-95307.45090681314	-27251.223912239075	-21823.486399054527	-21675.35734540224	-29458.369117617607	-73102.15367043018	-21889.500247597694	-21711.890465140343	-21503.46861088276	-14190.038904070854	-10628.897535085678	-17679.65009844303	-23015.740855038166	-13889.409773290157	-3741.205490529537
-4776.586625933647	-18947.865728497505	-55376.089631676674	-88540.06440526247	-19594.63201993704	-112741.91249781847	-3419.3477078080177	-2904.08333671093	-11889.490717411041	-22922.836239099503	-2580.367533683777	-10039.44242155552	-12022.588802337646	-2761.917589187622	-26297.498991012573	-73187.21541905403	-88277.29945290089	-2711.5423278808594	-18994.959140717983	-38477.712917506695	-23917.200213372707	-25909.77790337801	-63059.910929083824	-74609.76539176702	-37674.84766244888	-2751.0237467885017	-49084.90272283554	-3531.294293522835	-11468.135147094727	-10931.52175039053	-22354.572786092758	-30578.08800125122	-20599.305072009563	-26875.565996408463	-20686.425220906734	-24598.40669554472	-16495.529062271118	-24000.737799286842	-23305.90171301365	-98095.02007824183	-21918.36671358347	-94627.01524966955	-27533.682172179222	-21252.584670364857	-21202.910422086716	-27450.133129954338	-72350.85346031189	-21736.10968029499	-21566.32887250185	-21434.429453372955	-14120.794078826904	-10658.7227704525	-17365.4164929986	-22200.34019893408	-13812.461900532246	-3807.2483098506927
-6009.355721116066	-18871.49709790945	-55103.17999392748	-87939.95238369703	-19534.815449535847	-112318.00613695383	-3635.472346842289	-2973.570694923401	-11875.01599764824	-22989.723806262016	-2629.5200538635254	-10061.863035798073	-11959.03564453125	-2911.244921684265	-26127.936442911625	-72934.23470503092	-87552.87087196112	-2684.4105072021484	-18817.803435742855	-38248.97892922163	-23755.505637466908	-22147.095503866673	-62713.93947428465	-74142.91451627016	-37514.43186831474	-2878.3639329075813	-48811.30908566713	-3671.096075117588	-11418.404014587402	-10940.759257256985	-22231.53366112709	-30400.568287074566	-20565.658785820007	-26926.35288196802	-20636.316148877144	-24548.121491789818	-16915.659576535225	-22012.987769961357	-24725.567072033882	-97315.99133455753	-21852.146872341633	-94252.58054608107	-29993.681598246098	-21131.70621228218	-21090.739516437054	-27499.206558465958	-71909.37319111824	-21572.67376357317	-21395.953872561455	-21350.806705713272	-14059.9872341156	-10662.970741569996	-17327.11142194271	-22077.4914778471	-13784.751210987568	-4091.895951330662
-5716.513000071049	-18964.620260298252	-55152.176367878914	-88217.76727038622	-19973.918812930584	-112579.97856932878	-3636.4927339553833	-3043.953492105007	-11813.574760437012	-23848.96862590313	-2882.7458820343018	-9898.583885371685	-11987.303634643555	-2944.1035556793213	-26252.13785201311	-73154.20745015144	-87973.68653512001	-2895.863483428955	-19049.20124709606	-38382.334138035774	-23715.681780278683	-22375.136504232883	-62862.47355401516	-74454.20603114367	-37606.065412938595	-2901.2477744221687	-48892.794155180454	-3257.695796906948	-11036.035034179688	-10439.754954278469	-22264.453313589096	-30351.778838038445	-20560.33246320486	-27002.482972085476	-20630.84315007925	-24429.858583688736	-16861.711750030518	-23257.367792844772	-23308.414490640163	-97906.73982161283	-21564.24523997307	-94485.28912824392	-27028.53056681156	-21664.754212379456	-21535.88560050726	-29368.717332839966	-72398.81358212233	-21702.027719676495	-21525.164817392826	-21474.460405647755	-14068.784799456596	-10573.08958017826	-17554.977025806904	-22849.38584125042	-13785.723043859005	-3910.9983021616936
-5855.251380622387	-18871.004882395267	-55013.00834161043	-87835.7784332633	-19421.656929969788	-111998.2637348175	-3711.5258774757385	-2929.6399995088577	-11881.049727141857	-23112.477535247803	-2652.521502494812	-10042.595298409462	-11940.570695877075	-2865.763069152832	-25915.375902175903	-72773.95660424232	-87201.88532358408	-2718.5429916381836	-18767.69939506054	-43331.041203558445	-23296.14717000723	-22500.958593547344	-62642.54218202829	-74077.83788102865	-37246.029403328896	-2832.1934683918953	-48858.963988661766	-3720.675583720207	-11454.070617675781	-10910.272890031338	-22197.562286973	-30410.17460346222	-20537.636876761913	-26877.643288850784	-20586.720366060734	-24414.437465190887	-16388.64031893015	-23744.058316469193	-23245.05075877905	-97122.53260093927	-21827.808099210262	-93687.93640708923	-27392.678985714912	-21274.419609367847	-21061.77768033743	-27520.033167541027	-71892.87856608629	-21541.994321644306	-21397.323225796223	-21198.193840920925	-14052.039775848389	-10551.800048589706	-17354.2238804698	-22034.289320647717	-13771.921544849873	-4095.9105768203735
-5984.143671870232	-18699.636651694775	-54970.427083551884	-88043.12725836039	-19374.024382174015	-112083.06262683868	-3568.452755153179	-2941.4232527017593	-11825.24815249443	-22921.649521291256	-2693.879714012146	-9978.54553949833	-11896.837146759033	-2904.5013353824615	-26045.766017258167	-72861.56349152327	-87470.09432804585	-2769.022186279297	-18798.22542244196	-38278.699068665504	-23622.849278867245	-22021.426080405712	-62537.56906014681	-74185.64088243246	-37434.6167666316	-2836.255642235279	-48753.6604154706	-3745.650162935257	-11383.987033843994	-10859.846695840359	-22207.462762594223	-30364.374124467373	-20455.708041369915	-26932.156464338303	-20556.084442436695	-24478.76925510168	-16331.182848989964	-23777.88653689623	-23269.4150364995	-97310.15926706791	-23493.927801311016	-94369.52284359932	-27040.30531913042	-21213.599733173847	-21239.538089811802	-27385.271974027157	-71824.45701277256	-21523.51749897003	-21382.26281952858	-22698.891532361507	-14039.558219909668	-10585.252208471298	-17270.204062581062	-22056.840081095695	-13729.842881500721	-3990.4065541028976
-5745.528220176697	-18958.244457900524	-55127.68734395504	-88125.84086161852	-19920.958691954613	-112322.93959993124	-3638.369568824768	-3040.6958131194115	-11800.20401763916	-23878.504703640938	-2883.9820585250854	-9892.260940730572	-11973.11184310913	-3002.8309650421143	-26151.868442118168	-73088.1593837738	-87870.38715803623	-2940.6289024353027	-18925.36606693268	-38439.034282684326	-23592.203379392624	-22403.23994386196	-62810.3763654232	-74479.09008616209	-37611.591665804386	-2894.1815608143806	-48818.735274493694	-3272.098246216774	-11039.400215148926	-10384.928545892239	-22252.648150205612	-30328.89441370964	-20474.67602646351	-26932.984414994717	-20577.631358623505	-24406.128119528294	-16310.106252670288	-25046.530024647713	-21807.68088275194	-97923.45161348581	-21551.08595275879	-94427.98089635372	-27037.910370886326	-21648.72393220663	-21588.720718562603	-29351.43541443348	-72279.55484056473	-23086.845622122288	-22915.4101203084	-21645.717047154903	-14084.480296969414	-10547.411281347275	-17588.17714881897	-22816.23424178362	-13771.906080663204	-3912.144557118416
-6160.643133759499	-18795.61403489113	-54653.49609833956	-87351.75777041912	-19333.019227921963	-111651.68801563978	-3850.4574269652367	-3121.7219908833504	-11707.058326721191	-23029.5002874732	-2919.0370569229126	-9865.982569873333	-11929.662822723389	-3053.9044754505157	-25972.1145632267	-72614.25231152773	-87391.7358046174	-2955.0478591918945	-18743.3200686574	-38086.93259048462	-23411.976202726364	-21926.86035770178	-62240.97027641535	-73795.50505703688	-37241.80892533064	-3003.2563450932503	-48513.59426623583	-3779.096655488014	-10976.650341033936	-10443.30922216177	-22064.04759311676	-30179.92390292883	-21181.54423213005	-27799.425526857376	-21135.67864650488	-24963.91500109434	-16269.161356270313	-23672.48198622465	-23163.13497364521	-97054.6521704793	-23545.6058588624	-94006.30622667074	-29847.853357613087	-21021.78826111555	-20999.475591897964	-27230.329672455788	-71498.36228317022	-21393.45194029808	-21243.140074551105	-22758.687890529633	-14024.259801864624	-10585.729181706905	-17387.484788000584	-22162.748098909855	-13780.815959513187	-4204.623597145081
-6032.421309173107	-18696.329619586468	-54696.06759303808	-87670.67134827375	-19759.117875277996	-111785.6271995902	-3748.219332575798	-3125.830610692501	-11709.752281188965	-23704.10004222393	-2977.671404838562	-9845.666053950787	-11874.33822631836	-3064.4552659988403	-25975.590292334557	-72660.83277213573	-87302.5110142827	-3002.2392768859863	-18897.119435548782	-38072.06969952583	-23433.626175761223	-22009.416598677635	-62375.39425623417	-73933.97033274174	-37436.412937521935	-2969.211880028248	-48517.12938255072	-3382.2059428691864	-10965.107578277588	-10324.661475121975	-22079.534281015396	-30130.26461237669	-20402.148544847965	-26871.076761305332	-20453.897529304028	-24252.592868745327	-16131.131972193718	-24877.02757281065	-21701.57612246275	-97132.25615048409	-21387.826443254948	-93878.1994663477	-26796.79064756632	-21511.096886575222	-21405.863037228584	-29060.969042420387	-71766.42661517859	-21520.270310223103	-21366.68539315462	-22909.771069467068	-13955.194143176079	-10507.892680883408	-17429.909635782242	-22668.902646183968	-13662.955027997494	-4066.2000284194946
-5153.476172864437	-18974.775684297085	-54524.62780278921	-86986.4371701479	-19280.31311637163	-111209.80363339186	-3960.953555524349	-3168.8877846598625	-11703.195811927319	-22927.79707455635	-2972.5438261032104	-9830.224389255047	-11947.904401779175	-2987.650266647339	-25796.411267638206	-72151.4866489172	-87008.63670009375	-3029.532157897949	-18769.073606431484	-43031.37329083681	-23222.675953507423	-25932.201851308346	-62135.417361557484	-73426.89649045467	-36842.823483109474	-3022.424852669239	-48473.88621151447	-3783.1478122472763	-10993.953353881836	-10403.936836183071	-21992.314430594444	-30118.963155388832	-20321.906594634056	-26592.550275683403	-20373.90669965744	-24135.33552068472	-16372.190385639668	-23584.64149904251	-23004.200897455215	-96745.73431038857	-21784.730872809887	-92876.99271517992	-27517.53425270319	-21044.754408717155	-20794.414343178272	-27226.365652680397	-71304.92401736975	-21387.892151772976	-21241.849833011627	-21312.60474151373	-13976.29409790039	-10492.2210958004	-17385.136604309082	-22096.69104576111	-13746.918582975864	-4195.272790014744
-5282.368464112282	-18803.407453596592	-54482.04654473066	-87193.78599524498	-19232.68056857586	-111294.60252541304	-3817.88043320179	-3180.671037852764	-11647.394237279892	-22736.969060599804	-3013.9020376205444	-9766.174630343914	-11904.170852661133	-3026.3885328769684	-25926.80138272047	-72239.09353619814	-87276.84570455551	-3080.0113525390625	-18799.599633812904	-37979.03115594387	-23549.37806236744	-25452.669338166714	-62030.444239676	-73534.69949185848	-37031.41084641218	-3026.487026512623	-48368.58263832331	-3808.122391462326	-10923.869770050049	-10353.510641992092	-22002.214906215668	-30073.162676393986	-20239.977759242058	-26647.06345117092	-20343.2707760334	-24199.667310595512	-16314.732915699482	-23618.469719469547	-23028.565175175667	-96933.3609765172	-23450.85057491064	-93558.57915169	-27165.160586118698	-20983.934532523155	-20972.174752652645	-27091.604459166527	-71236.50246405602	-21369.4153290987	-21226.789426743984	-22813.30243295431	-13963.81254196167	-10525.673255681992	-17301.116786420345	-22119.241806209087	-13704.839919626713	-4089.768767297268
-6184.526713013649	-18717.294286370277	-54442.75656855106	-87133.27070456743	-19681.606940567493	-110954.84742188454	-3889.5325469374657	-3223.7167186141014	-11658.069999694824	-23563.782080233097	-3049.999773979187	-9766.293487727642	-11840.434314727783	-3144.4613869190216	-25865.584041178226	-72141.15617346764	-86881.98058927059	-3075.5196495056152	-18746.48441338539	-37854.894216656685	-23293.604518711567	-22039.548517107964	-62005.938438773155	-73594.73723512888	-37075.82877498865	-3064.543842613697	-48279.3305362463	-3538.3615761995316	-10893.860313415527	-10305.7880448699	-21976.033056259155	-29962.973250567913	-20154.916328549385	-26630.714457392693	-20304.484882116318	-24115.999415636063	-16126.44648963213	-24777.023934543133	-21560.98493117094	-96895.93080812693	-23094.085560262203	-93350.11009711027	-26642.851847290993	-21435.449846625328	-21304.336896300316	-28921.28325009346	-71500.77696859837	-21354.1742683053	-21188.22496032715	-21153.975905418396	-13937.477952837944	-10472.323543310165	-17334.614708185196	-22624.609272778034	-13662.860999047756	-4182.238228738308
-6361.033218801022	-18726.546607494354	-54118.96525466442	-86489.50002324581	-19059.70547860861	-110550.95376241207	-4110.058602869511	-3206.227700650692	-11638.953247010708	-22926.610356748104	-3086.0560064315796	-9769.327507197857	-11822.152746200562	-3130.2340128421783	-25544.6782938838	-71825.83472138643	-86201.4315752387	-3087.0120162963867	-18572.33988815546	-42832.35944199562	-22928.32501900196	-22043.850028336048	-61613.07549262047	-73002.77198112011	-36602.592587292194	-3107.6567481160164	-48142.64390414953	-3997.5036816596985	-10909.805240631104	-10332.2617816329	-21845.20440709591	-29905.249278604984	-20178.309563994408	-26649.140743613243	-20243.5659211874	-24015.69808024168	-16207.844172358513	-23361.790236651897	-22967.714220941067	-95960.87349921465	-23360.291960537434	-92619.50030910969	-27024.15739965439	-21005.769471526146	-20831.04201090336	-27161.504496753216	-70778.52756983042	-21175.299970448017	-21057.783780038357	-22577.06682050228	-13895.058238983154	-10418.750533819199	-17289.924173891544	-21953.190927922726	-13664.29956394434	-4378.431034266949
-6525.647071361542	-18620.86409187317	-54119.40070408583	-86482.99990779161	-19627.597070276737	-110395.4395622611	-4068.27873724699	-3337.741279423237	-11604.015365600586	-23486.98778152466	-3080.5656366348267	-9796.693152606487	-11789.667404174805	-3271.5566835403442	-25671.20690715313	-71720.45270895958	-86293.58161234856	-3097.283763885498	-18613.980615139008	-37514.90963870287	-23144.20527279377	-21799.498035013676	-61695.229555130005	-73031.77517056465	-36985.99140125513	-3174.6162388920784	-47961.314433813095	-3588.317634344101	-10857.349838256836	-10271.607127130032	-21815.184922218323	-29777.65318751335	-20106.683154642582	-26493.504664242268	-20207.770967781544	-24008.08593738079	-15980.343439340591	-24631.78494757414	-21410.29859852791	-96127.2792044878	-21275.8858345747	-92626.07813769579	-29364.488207161427	-21199.898999929428	-21025.515759646893	-28727.469544112682	-70953.3061800003	-21221.573123455048	-21043.43658912182	-21241.201742589474	-13844.316310763359	-10484.84517711401	-17266.454677522182	-22464.777474462986	-13595.001312673092	-4438.929352223873
-5577.35166233778	-18756.45996206999	-53783.76860499382	-85831.58633899689	-19031.890647530556	-109723.74926042557	-4176.6313690543175	-3376.62439507246	-11566.150142371655	-22620.379942953587	-3141.7914304733276	-9699.425851047039	-11797.868909835815	-3170.961462020874	-25427.606390058994	-71140.36250585318	-87276.99776059389	-3158.6252670288086	-18524.802775144577	-42571.14543646574	-22889.30447614193	-26238.212362766266	-61291.732784211636	-72487.1554145217	-36347.292750597	-3213.9428961873055	-47832.464210271835	-4015.1831151247025	-10867.264419555664	-10276.766975343227	-21701.254429221153	-29709.79721558094	-20580.84189593792	-26275.506640672684	-20127.36615282297	-23790.751317977905	-16497.979860126972	-23289.775429427624	-22728.978962481022	-95428.30519866943	-22026.77205646038	-91657.3217112422	-27937.319112300873	-20761.71749806404	-20538.68401569128	-26894.449305653572	-70364.21173679829	-21123.445361554623	-20982.685227394104	-21102.824736058712	-13773.877712249756	-10400.038619756699	-17212.587209165096	-21795.04393863678	-13581.923042356968	-4458.0531423687935
-6738.049248278141	-18188.337129712105	-53496.69685411453	-85736.75271427631	-18884.89175659418	-109018.54713255167	-4111.491566300392	-3360.920292496681	-11531.185728788376	-22359.55790656805	-3027.5914907455444	-9740.816188454628	-11604.514682769775	-3285.880321741104	-25442.37582862377	-71032.01512992382	-85248.09054160118	-3093.090606689453	-18317.841988027096	-37199.15938311815	-22962.606387257576	-21463.562554240227	-60929.10540556908	-72305.90952688456	-36461.55731475353	-3234.0458491444588	-47461.10636532307	-4246.552304506302	-11159.281452178955	-10642.449440896511	-21650.05320429802	-29598.635019242764	-20753.146506488323	-27116.089858293533	-20697.067285835743	-24431.477172791958	-15865.99367761612	-23246.67494904995	-22668.641837835312	-94761.33164304495	-22924.407417178154	-91981.73274493217	-26280.257242023945	-20639.755224466324	-20674.96252423525	-26577.08475703001	-70042.01635247469	-20960.389288961887	-20819.28640395403	-22019.304646611214	-13684.481433868408	-10308.538526296616	-16830.61832666397	-21482.351686775684	-13385.832284271717	-4574.335119843483
-5907.3817492723465	-18463.476162314415	-53050.89757335186	-84680.06262606382	-18791.180490791798	-108145.28813910484	-4503.992366671562	-3588.3848244547844	-11409.133388221264	-22365.705459833145	-3306.255602836609	-9592.495038211346	-11655.581937789917	-3369.0292530059814	-25193.02107900381	-70321.93828731775	-84786.63291364908	-3353.6005783081055	-18288.69017201662	-41951.83360528946	-22562.433061897755	-25374.33832514286	-60526.95370697975	-71547.16513490677	-35869.7640312314	-3420.2150595784187	-47181.33216136694	-4284.049953818321	-10769.247772216797	-10186.539581239223	-21434.90487229824	-29353.224050164223	-20619.345059752464	-26776.483669638634	-20514.889543056488	-24088.043438374996	-15907.001214265823	-23053.429911196232	-22403.427698791027	-94196.9066863656	-21215.210488677025	-90489.20261651278	-26757.486175596714	-20470.909900009632	-20229.83877760172	-26418.17843568325	-69522.48335707188	-20824.76394176483	-20678.873417437077	-20633.017855763435	-13621.21731185913	-10215.507413625717	-16945.55086839199	-21522.202651441097	-13402.90798574686	-4779.201355755329
-6036.274040520191	-18292.107931613922	-53008.31631529331	-84887.41145116091	-18743.547942996025	-108230.08703112602	-4360.919244349003	-3600.168077647686	-11353.331813573837	-22174.8774458766	-3347.613814353943	-9528.445279300213	-11611.848388671875	-3407.767519235611	-25323.411194086075	-70409.5451745987	-85054.84191811085	-3404.0797729492188	-18319.21619939804	-36899.49147039652	-22889.13517075777	-24894.80581200123	-60421.98058509827	-71654.96813631058	-36058.35139453411	-3424.2772334218025	-47076.02858817577	-4309.024533033371	-10699.16418838501	-10136.113387048244	-21444.805347919464	-29307.423571169376	-20537.416224360466	-26830.996845126152	-20484.25361943245	-24152.37522828579	-15849.543744325638	-23087.258131623268	-22427.79197651148	-94384.53335249424	-22881.33019077778	-91170.78905302286	-26405.112509012222	-20410.090023815632	-20407.59918707609	-26283.41724216938	-69454.06180375814	-20806.287119090557	-20663.813011169434	-22133.715547204018	-13608.73575592041	-10248.959573507309	-16861.531050503254	-21544.753411889076	-13360.829322397709	-4673.697333037853
-7103.053185880184	-18013.587186694145	-52962.6014598608	-84867.99485164881	-19179.469598948956	-107762.29867917299	-4329.312876582146	-3576.9395810365677	-11428.14276766777	-22817.045400619507	-3189.1200704574585	-9671.526771187782	-11464.519264221191	-3503.5325298309326	-25141.4681725502	-70138.21552735567	-84149.93634933233	-3235.3265113830566	-18188.502534508705	-36627.1364313364	-22694.83545732498	-21336.200231552124	-60383.36468428373	-71542.17964041233	-36205.739790678024	-3405.405742943287	-46908.82653290033	-4055.7732833623886	-11039.980949401855	-10470.747345864773	-21401.190533399582	-29196.364303827286	-19678.285429000854	-25810.168995678425	-19769.159607112408	-23475.648109078407	-15577.175760686398	-24205.977910399437	-20915.80546271801	-93833.95867705345	-20654.687392890453	-90601.50465595722	-25796.892091572285	-20817.8659632802	-20701.002691984177	-28074.224628686905	-69496.96024930477	-20788.510472118855	-20619.582918524742	-20501.818498671055	-13504.537942767143	-10207.65452170372	-16709.58821618557	-21784.381062328815	-13200.017637431622	-4808.6408749222755
-7269.04313570261	-18215.739301025867	-52735.40667754412	-84287.29942959547	-18683.731372594833	-107806.18067026138	-4577.043883383274	-3669.655435860157	-11338.857093811035	-22241.765013039112	-3396.7663345336914	-9550.865893542767	-11548.295230865479	-3557.094851732254	-25153.848645985126	-70156.56446057558	-84330.41333717108	-3376.947952270508	-18142.060494422913	-36670.757482111454	-22727.44059485197	-21132.12341248989	-60076.00913029909	-71188.11726081371	-35897.93560039997	-3551.617419540882	-46802.434951007366	-4448.826314628124	-10649.433055877686	-10145.3508939147	-21321.766222953796	-29129.90385699272	-20503.76993817091	-26881.78373068571	-20434.14454740286	-24102.090024530888	-16269.674258589745	-21099.508102297783	-23847.45733553171	-93605.50460880995	-22815.110349535942	-90796.35434943438	-28865.111935079098	-20289.211565732956	-20295.42828142643	-26332.490670681	-69012.5815345645	-20642.851202368736	-20493.43801122904	-22050.092799544334	-13547.928911209106	-10253.207544624805	-16823.225979447365	-21421.904690802097	-13333.118632853031	-4958.344974517822
-7114.938795208931	-18215.247085511684	-52645.23502522707	-84183.12547916174	-18570.572853028774	-107486.43826812506	-4653.097414016724	-3625.724740445614	-11344.890823304653	-22364.5187420249	-3419.767783164978	-9531.598156154156	-11529.830282211304	-3511.612999200821	-24941.288105249405	-69996.28635978699	-83979.42778879404	-3411.080436706543	-18091.956453740597	-41752.81975644827	-22268.082127392292	-21485.986502170563	-60004.611838042736	-71123.0406255722	-35629.53313541412	-3505.446955025196	-46850.089854002	-4498.405823230743	-10685.099658966064	-10114.864526689053	-21287.794848799706	-29139.510173380375	-20475.748029112816	-26833.074137568474	-20384.54876458645	-23968.405997931957	-15742.655000984669	-22830.57864880562	-22366.94102227688	-93412.04587519169	-22790.77157640457	-90231.71021044254	-26264.109322547913	-20431.924962818623	-20266.466445326805	-26353.31727975607	-68996.08690953255	-20612.171760439873	-20494.807364463806	-21897.479934751987	-13539.981452941895	-10142.036851644516	-16850.338437974453	-21378.702533602715	-13320.288966715336	-4962.359600007534
-6261.8761748075485	-18394.900950431824	-52606.53838199377	-83921.97882932425	-18631.025261044502	-107364.29628801346	-4687.540011942387	-3716.821229636669	-11334.994579017162	-22140.06180012226	-3450.2731037139893	-9515.10771292448	-11566.536809921265	-3490.840642929077	-24978.145350396633	-69693.79879796505	-83947.31423264742	-3451.4322509765625	-18167.814032197	-41615.198182463646	-22538.14034563303	-25137.46490609646	-59970.45621544123	-70819.50869423151	-35498.950158178806	-3570.785927116871	-46762.72689628601	-4452.877471387386	-10666.736068725586	-10105.978507936	-21250.03306043148	-29068.943109452724	-19644.132300674915	-25674.908479511738	-19672.37260055542	-23273.510544121265	-16372.703287959099	-21011.667615115643	-23688.523259341717	-93296.58674871922	-21054.23536348343	-89667.04083794355	-26534.7928301692	-20312.17771333456	-20090.367032706738	-26328.52665090561	-68819.14326876402	-20637.29141384363	-20492.14776968956	-20604.00965052843	-13499.963207244873	-10159.6994587183	-16820.877795755863	-21355.84763765335	-13299.221256315708	-4948.9941673874855
-6290.891394913197	-18388.525148034096	-52582.0493580699	-83830.05242055655	-18578.06514006853	-107107.25731861591	-4689.416846811771	-3713.5635506510735	-11321.62383621931	-22169.59787786007	-3451.509280204773	-9508.784768283367	-11552.34501838684	-3549.56805229187	-24877.87594050169	-69627.75073158741	-83844.01485556364	-3496.19766998291	-18043.978852033615	-41671.8983271122	-22414.66194474697	-25165.568345725536	-59918.35902684927	-70844.39274924994	-35504.4764110446	-3563.719713509083	-46688.66801559925	-4467.279920697212	-10670.101249694824	-10051.15209954977	-21238.227897047997	-29046.05868512392	-19558.475863933563	-25605.40992242098	-19619.160809099674	-23249.780079960823	-15821.09779059887	-22800.829846918583	-22187.789651453495	-93313.2985405922	-21041.07607626915	-89609.73260605335	-26544.172634243965	-20296.147433161736	-20143.20215076208	-26311.244732499123	-68699.88452720642	-22022.109316289425	-21882.393072605133	-20775.26629203558	-13515.65870475769	-10134.021159887314	-16854.07791876793	-21322.69603818655	-13285.404293119907	-4950.140422344208
-7723.182950019836	-19212.68549722433	-52529.400361299515	-83290.75114947557	-18512.092157244682	-106820.21083271503	-4895.11268222332	-3774.036851942539	-11293.36726373434	-21738.97659868002	-3539.442790031433	-9533.335096895695	-11856.889688491821	-3697.8499171733856	-25335.43882828951	-69196.80060344934	-83417.41822141409	-3554.386157989502	-18404.984701275826	-36277.35597229004	-23124.53767091036	-20792.72045171261	-59152.006594121456	-70589.91173177958	-35551.92925572395	-3712.491747379303	-46392.65538388491	-4749.003575265408	-10471.891854465008	-10194.350069284439	-21001.93864107132	-28720.01182168722	-19498.28935086727	-26093.77231937647	-19659.237108826637	-23493.147063970566	-16071.08053046465	-22515.6551040411	-22260.24127459526	-93140.33342546225	-20185.66798299551	-90012.78591036797	-25665.801912546158	-20117.757766842842	-20672.35741072893	-26040.709605693817	-68446.56834250689	-20554.814295709133	-20393.95223426819	-20386.17952799797	-13726.729921460152	-10555.3211337924	-17479.76560485363	-21004.21347552538	-13783.350182890892	-4857.298317849636
-6401.277978122234	-18117.357988595963	-52474.22092103958	-84018.6535885334	-19038.1257853508	-106973.83857774734	-4578.740554630756	-3816.1873661875725	-11250.288852453232	-22632.364939928055	-3509.142394065857	-9459.155862033367	-11471.852970123291	-3625.4197273254395	-25022.503538012505	-69515.74557203054	-83956.687725842	-3546.3156776428223	-18189.87674587965	-36327.46851861477	-22621.364240825176	-24767.443489313126	-59876.23986381292	-70891.23824983835	-35802.5338704586	-3595.6371272206306	-46523.74875575304	-4118.245511889458	-10579.86368560791	-9964.411292016506	-21195.942677021027	-28905.1528557539	-19462.555146872997	-25525.075982511044	-19556.345940709114	-23196.54616457224	-15560.725827395916	-24046.561092972755	-20674.955601394176	-93457.16038650274	-20611.610166490078	-89790.56096404791	-25921.747358560562	-20588.20076262951	-20433.63935482502	-27780.557113826275	-68909.00570058823	-20634.408302247524	-20464.109525740147	-20616.22939926386	-13428.792264819145	-10148.075568914413	-16740.500940024853	-21846.782787442207	-13175.014675557613	-4908.003088116646
-6577.784483909607	-18126.61030972004	-52150.42960715294	-83374.88290721178	-18416.224323391914	-106569.94491827488	-4799.266610562801	-3798.698348224163	-11231.172099769115	-21995.193216443062	-3545.1986265182495	-9462.189881503582	-11453.57140159607	-3611.192353248596	-24701.59779071808	-69200.42411994934	-83276.13871181011	-3557.8080444335938	-18015.73222064972	-41304.933743953705	-22256.08474111557	-24771.74500054121	-59483.376917660236	-70299.27299582958	-35329.297682762146	-3638.75003272295	-46387.06212365627	-4577.387617349625	-10595.808612823486	-9990.885028779507	-21065.11402785778	-28847.42888379097	-19485.94838231802	-25543.502268731594	-19495.426979780197	-23096.244829177856	-15642.1235101223	-22631.32739508152	-22081.684891164303	-92522.10307759047	-20877.81656676531	-89059.95117604733	-26303.052910923958	-20158.520387530327	-19960.344469428062	-26020.77836048603	-68186.75630182028	-20455.53400439024	-20333.668345451355	-22039.320314347744	-13386.372550964355	-10094.502559423447	-16695.8104057312	-21175.3644425869	-13176.453240454197	-5104.195893645287
-7479.942732810974	-18040.497142493725	-52111.13963097334	-83314.36761653423	-18865.15069538355	-106230.18981474638	-4870.918724298477	-3841.7440289855003	-11241.847862184048	-22822.006236076355	-3581.296362876892	-9462.30873888731	-11389.83486366272	-3729.2652072906494	-24640.380449175835	-69102.48675721884	-82881.27359652519	-3553.3163414001465	-17962.617000222206	-41180.79680466652	-22000.311197459698	-21358.62417948246	-59458.87111675739	-70359.31073909998	-35373.715611338615	-3676.806848824024	-46297.810021579266	-4307.62680208683	-10565.799156188965	-9943.162431657314	-21038.932177901268	-28737.239457964897	-19400.886951625347	-25527.153274953365	-19456.641085863113	-23012.576934218407	-15453.837084054947	-23789.881610155106	-20614.104647159576	-92484.67290920019	-20521.05155211687	-88851.48212146759	-25780.744172096252	-20610.0357016325	-20292.506613075733	-27850.457151412964	-68451.03080636263	-20440.29294359684	-20295.10387903452	-20379.99378681183	-13360.03796184063	-10041.15284705162	-16729.30832749605	-21680.731909155846	-13134.47431987524	-5196.665355086327
-7608.835024058819	-17869.128911793232	-52068.55837291479	-83521.71644163132	-18817.518147587776	-106314.98870676756	-4727.845601975918	-3853.527282178402	-11186.046287536621	-22631.17822211981	-3622.654574394226	-9398.258979976177	-11346.101314544678	-3768.003473520279	-24770.7705642581	-69190.09364449978	-83149.48260098696	-3603.7955360412598	-17993.143027603626	-36128.45466977358	-22327.013306319714	-20879.091666340828	-59353.89799487591	-70467.11374050379	-35562.30297464132	-3680.869022667408	-46192.5064483881	-4332.60138130188	-10495.715572357178	-9892.736237466335	-21048.83265352249	-28691.43897897005	-19318.95811623335	-25581.666450440884	-19426.005162239075	-23076.9087241292	-15396.379614114761	-23823.709830582142	-20638.468924880028	-92672.29957532883	-22187.171254217625	-89533.06855797768	-25428.37050551176	-20549.2158254385	-20470.267022550106	-27715.695957899094	-68382.6092530489	-20421.816120922565	-20280.043472766876	-21880.69147825241	-13347.556405901909	-10074.605006933212	-16645.288509607315	-21703.282669603825	-13092.395656526089	-5091.161332368851
-6729.889887750149	-18147.57497650385	-51897.11858266592	-82837.48226350546	-18338.71338868141	-105739.16514056921	-4940.579824924469	-3896.5844561457634	-11179.489818274975	-21854.87525445223	-3617.5269956588745	-9382.817315280437	-11419.667490005493	-3691.1984741687775	-24591.59153956175	-68680.74752128124	-82855.608286798	-3631.0884170532227	-17865.097198486328	-41087.75826108456	-22116.063084065914	-24801.87691897154	-59113.92110019922	-69960.03989821672	-34968.71352022886	-3734.081995308399	-46149.263277351856	-4733.54325067997	-10524.561347961426	-9972.011598527431	-20961.61280310154	-28680.137521982193	-19238.71616601944	-25303.139964818954	-19346.014332592487	-22959.651376068592	-15637.43802756071	-22531.323756814003	-21941.093699872494	-92285.7777352333	-22584.075683772564	-88531.8618068099	-26149.114110648632	-20082.873347580433	-19858.818328499794	-25881.092568159103	-67921.10665524006	-20289.43796247244	-20155.207912623882	-20283.525150299072	-13368.65636062622	-10058.933421850204	-16600.515478134155	-21131.071069180965	-13176.35921150446	-5220.2340939641
-8147.058439493179	-18994.369774997234	-51788.541163504124	-82135.90031832457	-18263.669688403606	-105334.15645974874	-5110.790495753288	-3981.773462355137	-11156.321594178677	-21431.559467077255	-3708.6903944015503	-9402.536558687687	-11706.854196548462	-3881.161112546921	-24966.633950710297	-68185.67646038532	-83685.77928191423	-3683.4792671203613	-18160.71386998892	-35817.12811791897	-22791.166193544865	-21098.73096317053	-58308.32201677561	-69650.1706558466	-35056.39852321148	-3904.0097908973694	-45751.23338264227	-4981.038878142834	-10345.202920138836	-10067.180208444595	-20710.87863969803	-28310.84588187933	-19757.224652171135	-25776.72868436575	-19412.69656199217	-23148.562861263752	-16196.870004951954	-22220.789034426212	-21985.019339621067	-91822.90431374311	-20427.709166646004	-88793.11490643024	-26085.58677214384	-19834.720856189728	-20416.62708324194	-25708.793258666992	-67505.85606193542	-20290.36750549078	-20134.787628650665	-20176.399522542953	-13524.313535809517	-10463.1386577487	-17307.216209709644	-20702.56636840105	-13618.354642271996	-5120.078670203686
-7071.0102460980415	-18051.14478200674	-51573.76271820068	-82187.21146672964	-18284.703518390656	-105179.75728094578	-5119.3260152339935	-4010.609016954899	-11125.435184180737	-21778.08095574379	-3648.092858314514	-9413.216980159283	-11368.900579452515	-3818.2937707901	-24397.21440553665	-68260.04405677319	-82267.20930987597	-3652.8525314331055	-17732.593400239944	-40747.77368313074	-21966.663838148117	-24561.82643687725	-58803.21221655607	-69397.0778336525	-34878.87614649534	-3844.1543915867805	-45831.24717491865	-4783.499308824539	-10488.050872802734	-9937.830680787563	-20800.764669060707	-28494.81745892763	-19190.482992112637	-25165.93017166853	-19249.300418257713	-22851.73789781332	-15491.334977269173	-22386.08476984501	-21790.40736722946	-91517.12613159418	-20765.87595808506	-87807.82984739542	-28870.750470519066	-19847.322500884533	-19579.99719184637	-25687.278862178326	-67373.635866642	-20156.836817622185	-20010.419541418552	-20370.75098747015	-13275.494718551636	-10071.455055654049	-16532.35544747114	-20971.239270865917	-13108.499525129795	-5476.925217449665
-8477.088526427746	-18701.38597524166	-51055.67013186216	-80984.3766053915	-18022.95953166485	-103755.69533842802	-5438.151493370533	-4193.533891737461	-10999.304840028286	-21176.884983956814	-3873.1545667648315	-9295.605745851994	-11564.567224502563	-4079.228903532028	-24732.048639655113	-67367.2522418499	-81195.41443496943	-3878.454578399658	-17924.601266860962	-35197.81628674269	-22464.29477930069	-20234.856925547123	-57543.542939543724	-68710.18037623167	-34578.86980384588	-4110.281954288483	-45100.10133373737	-5249.9057168364525	-10247.186272799969	-9976.952814340591	-20444.529082775116	-27954.272716462612	-19795.72781598568	-26277.7057133317	-19800.219952225685	-23445.854981660843	-15605.891359090805	-21984.44351619482	-21659.468075931072	-90591.50580143929	-19616.147598862648	-87624.99581170082	-24905.753835439682	-19543.91325813532	-20107.781845152378	-25232.52238869667	-66664.12768220901	-19991.68608570099	-19830.975818693638	-19706.592642247677	-13371.653135418892	-10278.607451617718	-17040.17986893654	-20429.725081205368	-13439.339585661888	-5441.226883590221
-8362.740600466728	-17357.829389810562	-50594.82814347744	-81215.34189754725	-18328.385522007942	-103250.47321248055	-5270.884413123131	-4273.024321973324	-10891.983863830566	-22069.086607396603	-3956.3663511276245	-9160.529628932476	-11053.77885055542	-4149.3824598789215	-24167.380375623703	-67360.54528290033	-80927.4788145423	-3927.863956451416	-17512.759593188763	-35048.91498422623	-21666.770414710045	-20321.228140175343	-57745.434340298176	-68587.38238495588	-34589.24352276325	-4078.6592295765877	-44899.952398240566	-4833.503522872925	-10271.009990692139	-9675.338982522488	-20491.423095226288	-27925.69987374544	-19616.396581351757	-25765.599844396114	-19566.988005638123	-23029.616641819477	-14931.190442740917	-23292.498242735863	-20037.69572621584	-90123.47195130587	-21617.650870084763	-87145.27845931053	-24668.322428405285	-19975.371316730976	-19905.691456973553	-26907.508740901947	-66600.16859275103	-19858.68791091442	-19717.067057192326	-21201.104592502117	-12992.47961986065	-9797.89132475853	-16205.702773690224	-21128.794275283813	-12748.385059297085	-5675.089898109436
-8831.582951962948	-18632.81076335907	-50611.310940504074	-80226.29280865192	-17862.804301917553	-102974.70348733664	-5621.699138641357	-4321.970296919346	-10925.166030824184	-20951.24132424593	-4017.172067642212	-9218.218420565128	-11475.522096633911	-4201.040293455124	-24517.172911047935	-66739.1127524972	-80356.09575396776	-3976.2862510681152	-17803.72512704134	-34861.180863916874	-22440.002063035965	-19997.98350650072	-56987.0454480052	-67982.52393555641	-34208.055930793285	-4260.852821826935	-44681.496068656445	-5418.733234405518	-10144.674569308758	-9896.391741037369	-20259.657270908356	-27669.991775751114	-18820.51505690813	-25176.130523204803	-18957.703009724617	-22631.322087407112	-16071.59343278408	-19942.68122011423	-22944.563636481762	-89691.1858637929	-19455.172473669052	-86802.8340331316	-24683.06049001217	-19385.181071460247	-19968.310100257397	-25142.87060391903	-65960.78759390116	-19804.21355777979	-19644.25017094612	-19677.584437012672	-13250.399030804634	-10222.7994967103	-16915.50679630041	-20263.37006741762	-13335.652856230736	-5611.019695222378
-7648.416360616684	-17443.867876827717	-50416.96347397566	-80572.20641058683	-17836.576047062874	-102546.61639785767	-5380.360154569149	-4249.80731856823	-10949.562586247921	-21108.13857483864	-3756.647292137146	-9288.050598740578	-11043.752439498901	-4050.2696170806885	-23867.475670933723	-66677.80687516928	-80123.56404685974	-3790.895278930664	-17307.115319609642	-39860.000475764275	-21517.29402267933	-24098.5286334157	-57491.3473457098	-67907.48230350018	-34098.624535918236	-4074.943895637989	-44778.75927400589	-5250.954957842827	-10670.681983947754	-10136.970899522305	-20386.770280241966	-27913.528575241566	-18762.08526647091	-24482.594503104687	-18810.689057588577	-22319.300069510937	-15088.167298614979	-21960.277732670307	-21295.914231419563	-89223.80560415983	-20144.677516400814	-85783.25636565685	-25303.154354929924	-19465.289464235306	-19255.484124183655	-25034.03394675255	-65917.28993594646	-19723.77416628599	-19586.565870821476	-19631.36774355173	-12935.71635055542	-9794.26440024376	-15975.48898613453	-20290.842858731747	-12713.515849888325	-5846.6367401480675
-8860.598172068596	-18626.434960961342	-50586.8219165802	-80134.36639988422	-17809.84418094158	-102717.66451793909	-5623.575973510742	-4318.71261793375	-10911.795288026333	-20980.777401983738	-4018.4082441329956	-9211.895475924015	-11461.330305099487	-4259.767702817917	-24416.903501152992	-66673.06468611956	-80252.79637688398	-4021.051670074463	-17679.889946877956	-34917.881008565426	-22316.523662149906	-20026.0869461298	-56934.94825941324	-68007.40799057484	-34213.58218365908	-4253.786608219147	-44607.437187969685	-5433.1356837153435	-10148.039750277996	-9841.565332651138	-20247.852107524872	-27647.10735142231	-18734.85862016678	-25106.631966114044	-18904.49121826887	-22607.59162324667	-15519.987935423851	-21731.84345191717	-21443.83002859354	-89707.89765566587	-19442.013186454773	-86745.5258012414	-24692.440294086933	-19369.150791287422	-20021.14521831274	-25125.588685512543	-65841.52885234356	-21189.031460225582	-21034.495473861694	-19848.84107851982	-13266.094528317451	-10197.121197879314	-16948.706919312477	-20230.21846795082	-13321.835893034935	-5612.1659501791
-9147.491261065006	-18364.520122647285	-50155.20216566324	-79679.19688653946	-17648.003364264965	-102180.35211759806	-5733.425737261772	-4403.84741550684	-10821.343551576138	-20806.37274056673	-4112.097590446472	-9165.30058914423	-11362.556688308716	-4321.392003774643	-24240.62535136938	-66245.73807448149	-79684.92023313046	-4082.6620445251465	-17651.64331549406	-34550.91642540693	-22157.946458518505	-19632.263600945473	-56499.96615022421	-67462.28823715448	-34038.403455376625	-4328.816927433014	-44305.83129602671	-5543.243380367756	-10073.747113406658	-9781.298261880875	-20074.738238334656	-27448.47755008936	-18662.331138551235	-25044.72431242466	-18780.757388949394	-22454.056372463703	-15341.01365494728	-21562.34100008011	-21337.725268304348	-88916.70219266415	-19278.75367695093	-86195.74437123537	-24451.320570766926	-19231.523745656013	-19838.28753697872	-24835.12231349945	-65328.40062695742	-19622.456148326397	-19485.770746707916	-21112.895100831985	-13136.808374524117	-10157.602597415447	-16790.43940627575	-20082.88687235117	-13212.884840369225	-5766.221421480179
-9299.596664905548	-18385.484789431095	-49901.891141176224	-79141.79624283314	-17570.492429554462	-101349.57233989239	-5874.73895162344	-4501.73352342844	-10769.661270081997	-20666.054778575897	-4184.425959587097	-9085.928022921085	-11328.65277671814	-4401.398124694824	-24130.61910021305	-65726.06147581339	-79264.38980811834	-4155.942417144775	-17501.00829333067	-34333.740942537785	-22017.92480146885	-19662.3955193758	-56130.510332763195	-67123.05513954163	-33677.81929284334	-4424.148890018463	-44068.03244972229	-5699.399013698101	-10002.499848544598	-9762.4248316288	-19971.237013578415	-27281.186188280582	-18415.098922252655	-24804.36200851202	-18631.344741761684	-22317.46291935444	-15336.328172385693	-21462.33736181259	-21197.13407701254	-88680.37685030699	-20985.012793958187	-85667.65500199795	-24297.3817704916	-19155.87670570612	-19736.761396050453	-24695.436521172523	-65062.7509803772	-19456.360106408596	-19307.310313880444	-19357.099936783314	-13119.092184185982	-10122.033459842205	-16695.144478678703	-20038.593498945236	-13212.790811419487	-5882.259621798992
-8154.198198795319	-17299.409601926804	-49522.92038702965	-79225.92800056934	-17474.624595701694	-101099.30642545223	-5778.892879962921	-4526.395019710064	-10707.466106116772	-20922.27139633894	-4190.181796073914	-9014.782807528973	-10925.334489822388	-4314.740560770035	-23496.77806264162	-65729.68499231339	-79123.11029851437	-4159.364303588867	-17111.755812704563	-39361.31871420145	-21149.47187167406	-23641.420068204403	-56461.880656301975	-66832.41640359163	-33455.187719881535	-4350.40717536211	-44062.439189493656	-5527.783055782318	-10126.416606903076	-9558.959791123867	-20034.412400364876	-27408.60325038433	-18402.757953703403	-24254.091957867146	-18467.534612715244	-21920.56068456173	-14907.371152043343	-21578.009652853012	-21018.57769358158	-88062.14650243521	-21677.161377727985	-84714.8202676773	-24934.6327688694	-19196.639326393604	-19024.748454749584	-24675.505275964737	-64802.93893969059	-19357.079815089703	-19247.02642506361	-21010.240723133087	-12778.734813690186	-9661.214885473251	-15911.189279556274	-20209.744466006756	-12605.893868982792	-6129.157197594643
-9640.71702325344	-18289.054594933987	-49578.53527671099	-78491.52544605732	-17516.482559263706	-100790.16448026896	-6053.485141932964	-4615.7580842375755	-10715.606635987759	-20589.26047986746	-4214.991822242737	-9116.32768779993	-11277.885866165161	-4528.493421316147	-23936.241966187954	-65305.35801130533	-78675.99083119631	-4177.706531524658	-17368.504495084286	-33993.75636458397	-21868.525555551052	-19422.345037281513	-55819.801449120045	-66560.0930749774	-33587.98191910982	-4534.2212862968445	-43750.016347289085	-5749.35507184267	-9965.989373385906	-9728.243913888931	-19810.388879537582	-27095.86612522602	-18366.865748345852	-24667.152215361595	-18534.63082742691	-22209.549441099167	-15190.225122094154	-21317.098374843597	-21046.447744369507	-87911.72524666786	-19166.813068270683	-84943.62304258347	-27019.018130362034	-18920.32585901022	-19457.94025939703	-24501.622815191746	-64515.28019177914	-19323.758961558342	-19162.521942675114	-19444.32577395439	-13025.930542111397	-10134.55509364605	-16626.98444801569	-19878.761700630188	-13144.931125044823	-6138.950745284557
-9763.983323454857	-16684.8314935565	-48627.742348730564	-77873.06867003441	-17239.994303286076	-99142.99343472719	-5996.450482428074	-4750.574969768524	-10585.223868131638	-20422.1065133214	-4180.869800567627	-9008.692103028297	-10644.143268585205	-4619.714202165604	-23224.913049280643	-64682.88468682766	-77445.34068393707	-4138.311073303223	-16680.10220760107	-33499.38466703892	-21022.058664023876	-19298.450194597244	-55431.93911445141	-65668.70307385921	-33153.73665320873	-4604.136462509632	-43107.30801349878	-5916.633460223675	-10326.161685943604	-9878.384957253933	-19716.22207260132	-26924.469276845455	-18943.948610007763	-24771.827958106995	-18870.926905333996	-22286.054573357105	-14985.651171565056	-19475.14433592558	-22139.17066949606	-86083.57590258121	-21175.05699312687	-83702.61799991131	-26650.732037305832	-18709.746621251106	-18756.498062431812	-24140.15896475315	-63624.94745314121	-18978.733216881752	-18838.154049038887	-20368.855801582336	-12507.351163864136	-9555.250849068165	-15413.578361272812	-19616.056503772736	-12299.715899765491	-6609.708924651146
-10218.123137772083	-17681.777689754963	-48421.73603248596	-76876.52038991451	-17068.355087935925	-98157.02359718084	-6314.51928126812	-4854.956385850906	-10539.734038054943	-19919.318098962307	-4323.546256065369	-8991.161306381226	-10952.737726211548	-4760.469267606735	-23406.503231585026	-63723.120829701424	-76532.34556818008	-4315.749279022217	-16943.026414453983	-33105.9831572175	-21419.155740082264	-18959.04723381996	-54507.93657827377	-65070.49754482508	-32807.730308532715	-4765.010790348053	-42697.528446376324	-6216.810720860958	-10148.620484530926	-9927.384132623672	-19396.39449071884	-26514.577241539955	-17938.468022704124	-23983.816546797752	-18096.019466757774	-21677.111612796783	-14787.05744343996	-20891.291337668896	-20551.95460855961	-85618.40471923351	-18545.614626586437	-82919.0495608449	-23451.422014772892	-18538.292822360992	-19133.427191734314	-23848.37789976597	-63058.9342610836	-18890.69631022215	-18738.668272078037	-18704.942530035973	-12686.152174115181	-9857.36443823576	-16070.117986679077	-19198.365288496017	-12749.947449803352	-6508.66226798296
-8908.103775203228	-16788.110079944134	-48049.1901575923	-76919.55345648527	-16985.49197012186	-98034.79093116522	-6321.931691110134	-4945.892059504986	-10413.403682410717	-20360.179781615734	-4523.893572807312	-8777.053456485271	-10633.01202583313	-4696.119547128677	-22893.387874007225	-63900.13663071394	-76901.1065120697	-4483.432723999023	-16631.3723782897	-38281.7790286541	-20489.228980064392	-23083.556542038918	-54853.41700172424	-64952.68504804373	-32482.128268003464	-4748.19738227129	-42769.88513934612	-6028.685197353363	-9901.711025238037	-9341.56253618002	-19477.002842068672	-26642.86414515972	-18700.19641882181	-24438.025351822376	-18608.517456114292	-21873.268602252007	-14442.181980669498	-21046.798065006733	-20417.804494917393	-85513.31887841225	-21107.640993595123	-82327.03016901016	-24174.584691762924	-18622.79481768608	-18460.17288917303	-23867.31805896759	-63020.49827939272	-18793.95160508156	-18684.05000948906	-20330.653837382793	-12423.658027648926	-9384.501203298569	-15471.603543639183	-19635.256071686745	-12261.883271753788	-6713.085763335228
-9516.347930014133	-17785.54849165678	-47933.35549366474	-76027.1791267991	-16927.01127433777	-97368.5634957552	-6563.9469593167305	-5094.204171001911	-10361.880122840405	-19734.637638270855	-4643.568579673767	-8778.79039722681	-10960.071432113647	-4882.356465101242	-23287.53859704733	-63100.6508743763	-76339.09694468975	-4626.738445281982	-16944.40062582493	-32806.31524449587	-21345.68452358246	-22390.290491580963	-54000.81175780296	-64419.5561542511	-32404.524388313293	-4955.242174625397	-42312.45066922903	-6279.282949388027	-9688.50322073698	-9421.048078775406	-19191.146634340286	-26223.365793466568	-17722.737740576267	-23698.72353363037	-17883.20580035448	-21398.009668290615	-14770.607510149479	-20731.874520242214	-20311.104747235775	-85241.6064286828	-18502.537400186062	-82108.10586893559	-23576.27728176117	-18308.6276217103	-18866.063854575157	-23554.71038490534	-62470.97971236706	-18736.59414035082	-18583.19487929344	-18819.353430628777	-12610.406496167183	-9797.785485446453	-16101.03071051836	-19260.76701360941	-12724.944487929344	-6608.02448117733
-10595.012684702873	-17708.687645554543	-47570.2742035985	-75322.89315479994	-16754.036184370518	-96624.91473275423	-6856.125128984451	-5119.760833799839	-10353.43913257122	-19924.278934419155	-4715.722548484802	-8781.943274080753	-10878.053325653076	-4986.201945066452	-22905.41550821066	-62687.39205956459	-75263.68281537294	-4633.739109039307	-16717.140880167484	-37659.64353054762	-20724.63148021698	-18981.471181750298	-53583.44301074743	-63887.628643512726	-31975.706129193306	-5036.41189622879	-42086.511935055256	-6468.6642395854	-9674.438691318035	-9399.799218416214	-19034.136135220528	-26055.452395677567	-17661.069545328617	-23700.800826072693	-17783.50094550848	-21214.040437936783	-14663.71876680851	-20475.195037424564	-20250.253793001175	-84269.11895138025	-18411.978785812855	-81169.02702635527	-23435.27409529686	-18330.46256071329	-18724.93111282587	-23624.610422492027	-62013.00481814146	-18542.478781700134	-18414.189232587814	-18583.117818176746	-12541.652193188667	-9690.86276358366	-16089.83809798956	-19094.716135323048	-12684.404132246971	-6896.686748147011
-9273.107712805271	-16613.360136926174	-47515.094763338566	-76050.79559385777	-17280.069812476635	-96778.54247778654	-6539.753001391888	-5161.911348044872	-10310.360721290112	-20817.66727566719	-4685.422152519226	-8707.764039218426	-10493.016607284546	-4913.771755218506	-22592.480217933655	-63006.33702814579	-75802.95231980085	-4625.668628692627	-16502.03292477131	-37709.75607687235	-20221.458050131798	-22956.194219350815	-54307.6762804389	-64188.9551615715	-32226.310743927956	-4919.557276070118	-42217.60530692339	-5837.90617620945	-9782.410522460938	-9169.860441148281	-19228.140171170235	-26240.593429744244	-17625.335341334343	-23132.104489207268	-17680.609777390957	-20917.439538538456	-14153.364063739777	-22006.10102635622	-18664.96811980009	-84585.94591242075	-18837.920969307423	-80946.80208003521	-23691.219541311264	-18800.905556499958	-18486.21305692196	-25364.457930624485	-62475.4421762228	-18622.072788238525	-18484.346524059772	-18813.167689442635	-12243.71453654766	-9283.617198705673	-15350.573433160782	-19937.285447239876	-12076.068624913692	-6947.3915184140205
-10723.904975950718	-17537.31941485405	-47527.69294553995	-75530.24197989702	-16706.403636574745	-96709.71362477541	-6713.052006661892	-5131.544086992741	-10297.637557923794	-19733.45092046261	-4757.080760002136	-8717.89351516962	-10834.319776535034	-5024.9402112960815	-23035.805623292923	-62774.99894684553	-75531.89181983471	-4684.21830368042	-16747.666907548904	-32607.30139565468	-21051.333589076996	-18501.938668608665	-53478.46988886595	-63995.431644916534	-32164.293492496014	-5040.474070072174	-41981.20836186409	-6493.638818800449	-9604.355107486248	-9349.373024225235	-19044.03661084175	-26009.65191668272	-17579.14070993662	-23755.31400156021	-17752.86502188444	-21278.372227847576	-14606.261296868324	-20509.0232578516	-20274.618070721626	-84456.74561750889	-20078.09848791361	-81850.61346286535	-23082.900428712368	-18269.64268451929	-18902.691522300243	-23489.849228978157	-61944.58326482773	-18524.00195902586	-18399.12882632017	-20083.81550961733	-12529.170637249947	-9724.314923465252	-16005.818280100822	-19117.266895771027	-12642.32546889782	-6791.182725429535
-11757.563101232052	-15776.22063612938	-46251.380637168884	-73750.38466191292	-16436.119132339954	-95417.30061626434	-7119.283825039864	-5658.8356357216835	-10067.283027648926	-19233.526629328728	-5026.564261436462	-8517.29217928648	-10160.565406799316	-5167.629434585571	-21761.212783813477	-60920.21511417627	-73227.1424921751	-5031.647857666016	-15927.107558608055	-31316.097129046917	-19859.980123102665	-18534.181112587452	-52735.24481165409	-61973.4636824131	-31645.97969841957	-5378.376393139362	-41290.882968723774	-6829.552691102028	-9169.009925842285	-8925.224738061428	-18568.62596154213	-25477.093086481094	-17267.26664942503	-22557.180869698524	-17451.237722039223	-20602.07538294792	-13716.465799629688	-20359.502623021603	-19994.351687550545	-81487.09710896015	-17847.87213677168	-78701.14674288034	-22475.008941829205	-17940.57955288887	-17663.81631141901	-23175.541266024113	-60141.190199673176	-18059.66349697113	-17939.325571775436	-17418.841379463673	-11898.093584060669	-9023.51971745491	-14525.271565318108	-18564.153261601925	-11595.265595018864	-7577.978948056698
-12181.438590705395	-15557.904913902283	-45510.52143937349	-72595.53383076191	-16187.696663498878	-93931.24624329805	-7334.961638569832	-5866.572246134281	-9930.237358093262	-18926.109497725964	-5195.81186580658	-8386.493641078472	-10010.529914855957	-5350.940629959106	-21392.407906234264	-59909.09097111225	-73495.50355267525	-5160.740966796875	-15682.836727321148	-30855.869274675846	-19526.60864573717	-18840.191624045372	-51891.56023430824	-61033.72260648012	-31150.448965907097	-5569.894436657429	-40649.460967481136	-7061.587993979454	-9042.320991516113	-8798.054877221584	-18277.56596016884	-25067.927146673203	-17526.201950728893	-22240.137234687805	-17204.697175204754	-20257.491180241108	-13842.255274116993	-20064.636553406715	-19719.12975257635	-80169.66799724102	-18089.913320422173	-77481.47573894262	-22894.793801426888	-17657.542642235756	-17408.08598393202	-22843.624918997288	-59200.477919101715	-17795.216706752777	-17680.160966157913	-17209.061374008656	-11695.677198410034	-8931.33724141121	-14352.722170174122	-18262.506154477596	-11430.270054399967	-7840.7593004107475
-11477.810552358627	-17026.01989287138	-46053.9627161026	-73223.86743581295	-16217.271010994911	-93645.1981304884	-7256.090817809105	-5551.0411267876625	-10003.57513421774	-19171.359305739403	-5090.792536735535	-8480.16416412592	-10541.997312545776	-5406.319197654724	-22432.415434658527	-60945.450585246086	-73309.88803339005	-5008.286724090576	-16267.28347313404	-31527.761710107327	-20391.090697467327	-17944.07514244318	-51870.006234288216	-62115.70028936863	-31191.234040617943	-5438.264276981354	-40688.65431171656	-6994.540960371494	-9379.649525821209	-9131.975769281387	-18486.627052545547	-25243.91281145811	-17876.579175055027	-23939.247395515442	-17893.84786528349	-21231.080145537853	-14141.07212549448	-19977.81167000532	-19673.844872057438	-81907.91799348593	-19508.578103780746	-79462.82336419821	-22322.852351605892	-17695.798175811768	-18338.11595672369	-22681.66201198101	-60162.14260452986	-17960.873749017715	-17836.15241074562	-19404.228623867035	-12174.093851208687	-9447.60124129057	-15566.232544183731	-18542.778501451015	-12298.314871668816	-7375.11129117012
-12511.468677639961	-15264.92111414671	-44777.65040773153	-71444.01011782885	-15946.98650676012	-92352.78512197733	-7662.322636187077	-6078.332675516605	-9773.220603942871	-18671.435014605522	-5360.276038169861	-8279.562828242779	-9868.242942810059	-5549.008420944214	-21157.82259517908	-59090.66675257683	-71005.13870573044	-5355.716278076172	-15446.724124193192	-30236.557443499565	-19199.737231492996	-17976.317586421967	-51126.78115707636	-60093.732326865196	-30672.9202465415	-5776.166600048542	-39998.32891857624	-7330.454832673073	-8944.304344177246	-8707.82748311758	-18011.216403245926	-24711.353981256485	-17564.705114543438	-22741.114263653755	-17592.22056543827	-20554.7833006382	-13251.276628255844	-19828.291035175323	-19393.578488886356	-78938.26948493719	-17278.351752638817	-76313.3566442132	-21714.96086472273	-17366.735044181347	-17099.240745842457	-22367.354049026966	-58358.749539375305	-17496.535286962986	-17376.349156200886	-16739.25449371338	-11543.01679801941	-8746.806035280228	-14085.685829401016	-17989.664867281914	-11251.25499778986	-8161.907513797283
-11842.81448996067	-16851.26994985342	-45519.86732184887	-72355.10957318544	-16511.848853349686	-92388.94967710972	-7473.9121280908585	-5767.060415327549	-9900.532173097134	-19628.84679979086	-5252.321116447449	-8410.874746859074	-10402.001893997192	-5623.971405744553	-22131.507778584957	-60051.65098267794	-72211.7338411212	-5150.52262878418	-16137.94401961565	-30955.738758325577	-20123.319767534733	-17816.712819755077	-51324.26551300287	-61351.970402896404	-30935.416516542435	-5609.624170780182	-40136.37447929382	-6803.761939227581	-9260.34902304411	-8960.273674249649	-18237.76438164711	-24841.642096042633	-16801.71809756756	-22633.326532900333	-16965.940186560154	-20275.251081824303	-13852.254208564758	-20937.11463135481	-17921.008496940136	-80980.54502749443	-17238.858079493046	-78082.59527522326	-21839.487201154232	-17873.908914625645	-18364.156124472618	-24178.801883637905	-59617.08650135994	-17788.994932174683	-17636.448925316334	-17886.742475926876	-11994.150360107422	-9346.717236697674	-15445.20243370533	-18844.807877004147	-12112.50022482872	-7609.417046248913
-12865.963103175163	-15196.345902264118	-44333.29121637344	-70685.92632108927	-15786.831277012825	-91571.79327088594	-7845.870281457901	-6206.76908069849	-9699.08179473877	-18445.791354894638	-5504.293539047241	-8202.175502955914	-9779.197814941406	-5670.81981086731	-20942.946866571903	-58462.527263224125	-70165.82002472878	-5453.547950744629	-15325.84798437357	-29899.922020673752	-19175.44451522827	-17739.444167375565	-50570.283665537834	-59366.07588618994	-30302.106373488903	-5926.737467586994	-39579.72365349531	-7499.282350242138	-8841.792640686035	-8627.266409814358	-17826.344591379166	-24427.073040544987	-16589.49235546589	-21639.53907352686	-16749.703622937202	-19740.250406384468	-13716.97870194912	-17786.528739094734	-20678.674049437046	-78037.9495472908	-17117.37662744522	-75491.19486564398	-21492.267519295216	-17208.002857506275	-16959.769000947475	-22277.702264249325	-57655.40945106745	-17309.062759041786	-17189.62350845337	-16710.246288478374	-11421.762693405151	-8690.99808037281	-13961.012756764889	-17823.309853494167	-11147.568268358707	-8331.70032542944
-12894.978323280811	-15189.97009986639	-44308.80219244957	-70593.99991232157	-15733.871156036854	-91314.7543014884	-7847.747116327286	-6203.511401712894	-9685.711051940918	-18475.327432632446	-5505.529715538025	-8195.8525583148	-9765.006023406982	-5729.5472202301025	-20842.67745667696	-58396.479196846485	-70062.520647645	-5498.313369750977	-15202.012804210186	-29956.622165322304	-19051.966114342213	-17767.547607004642	-50518.18647694588	-59390.95994120836	-30307.632626354694	-5919.671253979206	-39505.66477280855	-7513.684799551964	-8845.157821655273	-8572.440001428127	-17814.53942799568	-24404.188616216183	-16503.835918724537	-21570.0405164361	-16696.491831481457	-19716.519942224026	-13165.37320458889	-19575.690970897675	-19177.940441548824	-78054.66133916378	-17104.21734023094	-75433.88663375378	-21501.64732336998	-17191.97257733345	-17012.60411900282	-22260.42034584284	-57536.15070950985	-18693.88066148758	-18579.868811368942	-16881.502929985523	-11437.458190917969	-8665.319781541824	-13994.212879776955	-17790.158254027367	-11133.751305162907	-8332.846580386162
-13181.871412277222	-14928.055261552334	-43877.18244153261	-70138.8303989768	-15572.030339360237	-90777.44190114737	-7957.596880078316	-6288.646199285984	-9595.259315490723	-18300.92277121544	-5599.2190618515015	-8149.257671535015	-9666.232406616211	-5791.171521186829	-20666.39930689335	-57969.152585208416	-69494.64450389147	-5559.92374420166	-15173.76617282629	-29589.65758216381	-18893.38891071081	-17373.724261820316	-50083.20436775684	-58845.84018778801	-30132.453898072243	-5994.701573193073	-39204.058880865574	-7623.792496204376	-8770.865184783936	-8512.172930657864	-17641.425558805466	-24205.558814883232	-16431.308437108994	-21508.132862746716	-16572.75800216198	-19562.98469144106	-12986.39892411232	-19406.18851906061	-19071.835681259632	-77263.46587616205	-16940.9578307271	-74884.10520374775	-21260.527600049973	-17054.34553170204	-16829.7464376688	-21969.953973829746	-57023.02248412371	-17127.305349588394	-17031.144084215164	-18145.556952297688	-11308.172037124634	-8625.801181077957	-13835.945366740227	-17642.826658427715	-11024.800252497196	-8486.90205168724
-12266.689979434013	-16632.954227626324	-44779.00812405348	-71200.25874203444	-16263.42638450861	-90902.89530414343	-7689.589941620827	-5974.797025740147	-9763.48650354147	-19321.429668188095	-5421.568720817566	-8280.076208651066	-10251.966402053833	-5807.282601118088	-21762.702901005745	-59040.526839613914	-72480.09490162134	-5279.615737915039	-15893.673188328743	-30495.510903954506	-19789.94829016924	-18122.723331212997	-50480.580935657024	-60412.229326963425	-30439.88578402996	-5801.142214298248	-39494.952478051186	-7035.797242105007	-9133.660088717937	-8833.103813409805	-17946.70438027382	-24432.47615623474	-17060.65339887142	-22316.282897889614	-16719.399639725685	-19930.66687911749	-13978.043683052063	-20642.24856173992	-17645.786561965942	-79663.1159157753	-17480.89926314354	-76862.92427128553	-22259.272060751915	-17590.87200397253	-18108.425796985626	-23846.88553661108	-58676.37422078848	-17524.54814195633	-17377.28431969881	-17676.96247047186	-11791.733974456787	-9254.534760653973	-15272.653038561344	-18543.160769879818	-11947.504684209824	-7872.1973986029625
-13333.976816117764	-14949.019928336143	-43623.87141704559	-69601.42975527048	-15494.519404649734	-89946.6621234417	-8098.910094439983	-6386.532307207584	-9543.577033996582	-18160.604809224606	-5671.5474309921265	-8069.885105311871	-9632.328495025635	-5871.17764210701	-20556.39305573702	-57449.47598654032	-69074.11407887936	-5633.204116821289	-15023.131150662899	-29372.482099294662	-18753.367253661156	-17403.856180250645	-49713.74855029583	-58506.60709017515	-29771.86973553896	-6090.0335357785225	-38966.26003456116	-7779.948129534721	-8699.617919921875	-8493.299500405788	-17537.924334049225	-24038.267453074455	-16184.076220810413	-21267.770558834076	-16423.34535497427	-19426.391238331795	-12981.713441550732	-19306.184880793095	-18931.244489967823	-77027.1405338049	-18647.216947734356	-74356.01583451033	-21106.588799774647	-16978.698491752148	-16728.220296740532	-21830.26818150282	-56757.37283754349	-16961.209307670593	-16852.68365138769	-16389.761788249016	-11290.455846786499	-8590.232043504715	-13740.65043914318	-17598.533285021782	-11024.706223547459	-8602.940252006054
-13675.097174465656	-14852.589733839035	-43300.51555258036	-68951.15895849466	-15440.509534358978	-89387.25426381826	-8277.656284749508	-6500.55686801672	-9489.522399902344	-18083.810510516167	-5702.113293647766	-8100.284770190716	-9581.561584472656	-5998.2729387283325	-20362.01592171192	-57028.77252203226	-68485.71510195732	-5654.968231201172	-14890.627352416515	-29032.497521340847	-18603.96800774336	-17163.805698156357	-49403.03966665268	-57943.645025610924	-29682.03236180544	-6200.105932056904	-38648.24393212795	-7829.904187679291	-8663.107444763184	-8459.11858266592	-17377.076200008392	-23852.947390019894	-16135.84304690361	-21130.56076568365	-16326.631440639496	-19318.477760076523	-12835.610391259193	-19160.9458938241	-18780.55815732479	-76258.48893016577	-16829.017222046852	-73631.98387509584	-23828.22515964508	-16743.147645056248	-16449.39916008711	-21636.45447552204	-56209.90204894543	-16828.60816282034	-16707.89528018236	-16476.987625420094	-11197.294204711914	-8602.75367730856	-13672.490408480167	-17438.701486706734	-10956.846537172794	-8859.63137549162
-12596.72006636858	-16339.97042787075	-44046.13709241152	-70048.73502910137	-16022.716227769852	-89324.4341828227	-8016.950939238071	-6186.557455122471	-9606.469749391079	-19066.755185067654	-5586.032893180847	-8173.1453958153725	-10109.679430007935	-6005.350392103195	-21528.11758995056	-58222.10262107849	-69989.73005467653	-5474.591049194336	-15657.560585200787	-29876.199072778225	-19463.076875925064	-17258.849293589592	-49715.80185842514	-59472.2390473485	-29962.357064664364	-6007.414377689362	-38843.82042914629	-7304.664080798626	-9035.64344137907	-8742.876419305801	-17680.354823350906	-24075.902990818024	-17099.156562685966	-22817.259926855564	-17106.9230299592	-20227.95899951458	-13387.065037190914	-20405.90304350853	-17320.235298275948	-78431.71740347147	-16669.337695360184	-75694.80517655611	-21079.439124047756	-17300.06440591812	-17799.580558896065	-23370.61466664076	-57834.64584106207	-17225.86672216654	-17073.472509741783	-17207.155590176582	-11639.073574066162	-9070.003554522991	-15005.616697788239	-18270.319482684135	-11768.489627599716	-8193.345611989498
-12951.214491903782	-16271.39521598816	-43601.77790105343	-69290.6512323618	-15862.560998022556	-88543.44233173132	-8200.498584508896	-6314.993860304356	-9532.330940186977	-18841.11152535677	-5730.0503940582275	-8095.758070528507	-10020.634302139282	-6127.161782026291	-21313.241861343384	-57593.96313172579	-69150.41137367487	-5572.422721862793	-15536.684445381165	-29539.56364995241	-19438.78415966034	-17021.97587454319	-49159.304366886616	-58744.58260667324	-29591.543191611767	-6157.985245227814	-38425.21516406536	-7473.491598367691	-8933.13173788786	-8662.315346002579	-17495.483011484146	-23791.622050106525	-16123.943803608418	-21715.68473672867	-16264.406087458134	-19413.42610526085	-13852.76711088419	-18364.14074742794	-18605.330858826637	-77531.39746582508	-16508.362570166588	-74872.64339798689	-20856.745778620243	-17141.33221924305	-17660.108814001083	-23280.962881863117	-57131.30575275421	-17038.39419424534	-16886.746861994267	-17178.147384941578	-11517.819469451904	-9014.195599615574	-14880.943625152111	-18103.96446889639	-11664.802898168564	-8363.138423621655
-12980.22971200943	-16265.019413590431	-43577.288877129555	-69198.7248235941	-15809.600877046585	-88286.40336233377	-8202.37541937828	-6311.73618131876	-9518.960197389126	-18870.647603094578	-5731.286570549011	-8089.435125887394	-10006.442510604858	-6185.889191389084	-21212.97245144844	-57527.91506534815	-69047.11199659109	-5617.188140869141	-15412.849265217781	-29596.263794600964	-19315.30575877428	-17050.079314172268	-49107.20717829466	-58769.466661691666	-29597.069444477558	-6150.919031620026	-38351.1562833786	-7487.894047677517	-8936.496918857098	-8607.488937616348	-17483.677848100662	-23768.73762577772	-16038.287366867065	-21646.18617963791	-16211.194296002388	-19389.695641100407	-13301.16161352396	-20153.30297923088	-17104.597250938416	-77548.10925769806	-16495.20328295231	-74815.33516609669	-20866.125582695007	-17125.301939070225	-17712.943932056427	-23263.68096345663	-57012.04701119661	-18423.21209669113	-18276.99216490984	-17349.404026448727	-11533.514966964722	-8988.517300784588	-14914.143748164177	-18070.81286942959	-11650.985934972763	-8364.284678578377
-13267.12280100584	-16003.104575276375	-43145.6691262126	-68743.55531024933	-15647.760060369968	-87749.09096199274	-8312.22518312931	-6396.8709788918495	-9428.50846093893	-18696.24294167757	-5824.975916862488	-8042.840239107609	-9907.668893814087	-6247.51349234581	-21036.69430166483	-57100.58845371008	-68479.23585283756	-5678.798515319824	-15384.602633833885	-29229.29921144247	-19156.72855514288	-16656.25596898794	-48672.225069105625	-58224.34690827131	-29421.890716195107	-6225.949350833893	-38049.55039143562	-7598.001744329929	-8862.20428198576	-8547.221866846085	-17310.563978910446	-23570.10782444477	-15965.759885251522	-21584.278525948524	-16087.460466682911	-19236.16039031744	-13122.18733304739	-19983.800527393818	-16998.492490649223	-76756.91379469633	-16331.943773448467	-74265.55373609066	-20625.005859375	-16987.674893438816	-17530.08625072241	-22973.21459144354	-56498.91878581047	-16856.636784791946	-16728.26743775606	-18613.45804876089	-11404.228813171387	-8948.99870032072	-14755.876235127449	-17923.481273829937	-11542.034882307053	-8518.340149879456
-12388.17766469717	-16281.550639986992	-42974.229335963726	-68059.32113212347	-15168.955301463604	-87173.26739579439	-8524.959406077862	-6439.928152859211	-9421.951991677284	-17919.93997400999	-5819.848338127136	-8027.398574411869	-9981.235069274902	-6170.7084929943085	-20857.51527696848	-56591.24233049154	-68185.3615386486	-5706.091396331787	-15256.556804716587	-34188.60280275345	-18945.77833288908	-20579.041221618652	-48432.24817442894	-57717.27306598425	-28828.301261782646	-6279.162323474884	-38006.30722039938	-7998.943613708019	-8891.050057590008	-8626.49722790718	-17223.344128489494	-23558.806367456913	-15885.517935037613	-21305.752040326595	-16007.469637036324	-19118.903042256832	-13363.24574649334	-18691.41445362568	-18301.11726564169	-76370.39195460081	-16728.848203003407	-73264.34698492289	-21345.74946451187	-16521.33241558075	-16918.637556672096	-21138.61120170355	-56037.41618800163	-16724.25862634182	-16603.431877613068	-17016.291720807552	-11425.328767895699	-8933.327115237713	-14711.10320365429	-17351.269673407078	-11625.998437285423	-8647.412911474705
-14252.503288984299	-14245.312828660011	-42143.71630835533	-67336.15390235186	-14992.382063031197	-86754.11338073015	-8538.690424084663	-6739.755169630051	-9313.649801969528	-17413.868129611015	-5810.667727470398	-7975.118388772011	-9256.413444519043	-6230.248785018921	-19832.277187108994	-55446.53534042835	-66342.0698389411	-5793.0109786987305	-14465.149271786213	-28144.72431397438	-18154.59819227457	-16700.507894694805	-48091.17479580641	-56454.0494954586	-28901.780751228333	-6430.895436108112	-37595.75603121519	-8297.359836697578	-8845.738555908203	-8658.258801400661	-16963.08181118965	-23271.658506333828	-15707.445321261883	-20447.22509711981	-15888.02007997036	-18786.03993177414	-12432.442712605	-18735.1388566494	-18286.065021514893	-73965.16840273142	-16207.818780362606	-71607.41039335728	-20260.62904405594	-16361.11460840702	-16124.886092424393	-20983.209560096264	-54753.55611824989	-16395.545511484146	-16284.041609585285	-15737.604381501675	-10857.515836715698	-8325.56302189827	-13115.623947143555	-16758.305074572563	-10561.862861931324	-9229.342898190022
-13419.228204846382	-16024.069242060184	-42892.35810172558	-68206.154666543	-15570.249125659466	-86918.31118428707	-8453.538397490978	-6494.75708681345	-9376.82617944479	-18555.924979686737	-5897.304286003113	-7963.467672884464	-9873.76498222351	-6327.519613265991	-20926.6880505085	-56580.91185504198	-68058.70542782545	-5752.078887939453	-15233.967611670494	-29012.123728573322	-19016.706898093224	-16686.38788741827	-48302.76925164461	-57885.113810658455	-29061.306553661823	-6321.281313419342	-37811.75154513121	-7754.1573776602745	-8790.9570171237	-8528.34843659401	-17207.062754154205	-23402.816462635994	-15718.527668952942	-21343.916222035885	-15938.047819495201	-19099.566937208176	-13117.501850485802	-19883.7968891263	-16857.901299357414	-76520.58845233917	-18038.202890455723	-73737.46436685324	-20471.067059099674	-16912.027853488922	-17428.56010979414	-22833.52879911661	-56233.26913923025	-16690.540742874146	-16549.80700492859	-16857.66288471222	-11386.512622833252	-8913.429562747478	-14660.581307530403	-17879.187900424004	-11541.940853357315	-8634.378350198269
-13760.348563194275	-15927.639047563076	-42569.00223726034	-67555.88386976719	-15516.23925536871	-86358.90332466364	-8632.284587800503	-6608.781647622585	-9322.771545350552	-18479.1306809783	-5927.870148658752	-7993.8673377633095	-9822.998071670532	-6454.614909887314	-20732.310916483402	-56160.208390533924	-67470.30645090342	-5773.843002319336	-15101.46381342411	-28672.139150619507	-18867.307652175426	-16446.337405323982	-47992.06036800146	-57322.15174609423	-28971.469179928303	-6431.353709697723	-37493.735442698	-7804.113435804844	-8754.446541965008	-8494.167518854141	-17046.214620113373	-23217.496399581432	-15670.294495046139	-21206.70642888546	-15841.333905160427	-18991.653458952904	-12971.398800194263	-19738.557902157307	-16707.214966714382	-75751.93684870005	-16220.003164768219	-73013.43240743876	-23192.703418970108	-16676.477006793022	-17149.738973140717	-22639.715093135834	-55685.79835063219	-16557.93959802389	-16405.01863372326	-16944.888721883297	-11293.350980758667	-8925.951196551323	-14592.42127686739	-17719.356102108955	-11474.08116698265	-8891.069473683834
-13550.728081226349	-14349.083630561829	-41655.33576953411	-66486.81263923645	-14851.03824943304	-85965.6532793045	-8788.118102133274	-6979.002954781055	-9135.79588675499	-17229.187668919563	-6130.690051078796	-7762.747479617596	-9263.747150421143	-6352.135982513428	-19713.312552571297	-54824.065385103226	-66148.82121545076	-6104.000144958496	-14466.523483157158	-27845.056401252747	-18081.126975774765	-20131.751152455807	-47584.0499753356	-55803.108104884624	-28498.57483100891	-6621.126820385456	-37210.6782540679	-8359.832065224648	-8385.621292114258	-8151.922747552395	-16757.833954811096	-22980.44705826044	-15491.715039134026	-20162.132083952427	-15675.206413567066	-18506.93798726797	-12415.992779314518	-18575.722039222717	-18045.21516019106	-73588.37011218071	-16164.74155396223	-70796.46670144796	-20385.484311044216	-16131.449407756329	-15857.522755265236	-20689.542045235634	-54165.60156953335	-16241.443341612816	-16128.56821680069	-15852.015282094479	-10781.7701587677	-8265.984069108963	-13146.536670982838	-16820.706799685955	-10536.859900057316	-9328.705111384392
-14783.497176408768	-14272.714999973774	-41382.426131784916	-65886.70061767101	-14791.221679031849	-85541.74691843987	-9004.242741167545	-7048.4903129935265	-9121.321166992188	-17296.075236082077	-6179.842571258545	-7785.168093860149	-9200.193992614746	-6501.463315010071	-19543.75000447035	-54571.08467108011	-65424.392634510994	-6076.868324279785	-14289.36777818203	-27616.322412967682	-17919.432399868965	-16369.06875294447	-47238.07852053642	-55336.25722938776	-28338.15903687477	-6748.467006504536	-36937.08461689949	-8499.6338468194	-8335.890159606934	-8161.16025441885	-16634.79482984543	-22802.927344083786	-15458.06875294447	-20212.918969511986	-15625.097341537476	-18456.65278351307	-12836.123293578625	-16587.972009897232	-19464.880519211292	-72809.34136849642	-16098.521712720394	-70422.03199785948	-22845.48373711109	-16010.570949673653	-15745.351849615574	-20738.615473747253	-53724.1213003397	-16078.007424890995	-15958.193216860294	-15768.392534434795	-10720.963314056396	-8270.23204022646	-13108.231599926949	-16697.858078598976	-10509.149210512638	-9613.35275286436
-14629.392835915089	-14272.222784459591	-41292.25447946787	-65782.52666723728	-14678.06315946579	-85222.00451630354	-9080.296271800995	-7004.559617578983	-9127.354896485806	-17418.828965067863	-6202.8440198898315	-7765.9003564715385	-9181.729043960571	-6455.981462478638	-19331.189463734627	-54410.80657029152	-65073.40708613396	-6111.00080871582	-14239.263737499714	-32698.384687304497	-17460.073932409286	-16722.93184262514	-47166.68122828007	-55271.18059414625	-28069.756571888924	-6702.29654198885	-36984.73951989412	-8549.21335542202	-8371.556762695312	-8130.673887193203	-16600.823455691338	-22812.53366047144	-15430.046843886375	-20164.20937639475	-15575.501558721066	-18322.96875691414	-12309.104035973549	-18319.042556405067	-17984.36420595646	-72615.88263487816	-16074.182939589024	-69857.38785886765	-20244.481124579906	-16153.28434675932	-15716.39001351595	-20759.442082822323	-53707.62667530775	-16047.327982962132	-15959.562570095062	-15615.779669642448	-10713.015855789185	-8159.06134724617	-13135.344058454037	-16654.655921399593	-10496.319544374943	-9617.367378354073
-14676.378778457642	-14026.997106432915	-41402.85711055994	-66181.30307120085	-14743.95959419012	-85268.05900776386	-8754.368237614632	-6947.491780042648	-9176.604132413864	-17106.45099800825	-5979.915331840515	-7844.319850564003	-9106.377952575684	-6413.559980392456	-19463.47230952978	-54435.41119736433	-66610.43089944124	-5922.10408782959	-14220.878440499306	-27684.49645960331	-17821.226714909077	-17006.518406152725	-47247.49021846056	-55514.30841952562	-28406.25001871586	-6622.413479626179	-36954.33402997255	-8529.395139575005	-8719.049621582031	-8531.088940560818	-16672.02180981636	-22862.492566525936	-15966.380622565746	-20130.18146210909	-15641.479533135891	-18441.455729067326	-12558.232187092304	-18440.27278703451	-18010.8430865407	-72647.73929101229	-16449.8599640131	-70387.73938941956	-20680.41390365362	-16078.077697753906	-15869.1557649374	-20651.29321306944	-53812.84383767843	-16131.098721265793	-16024.877003967762	-15527.824376046658	-10655.099451065063	-8233.380545854568	-12943.074551999569	-16456.657967448235	-10396.867321312428	-9492.123250544071
-14758.285127162933	-14100.854553759098	-41249.67322140932	-65989.87549233437	-14630.430611670017	-85306.80340832472	-8937.223149478436	-7016.342870771885	-9071.553321838379	-17228.000951111317	-6244.2022314071655	-7701.850597560406	-9137.99549484253	-6494.719728708267	-19461.57957881689	-54498.41345757246	-65341.61609059572	-6161.480003356934	-14269.789764881134	-27646.042552411556	-17786.776041269302	-16243.399329483509	-47061.70810639858	-55378.98359555006	-28258.34393519163	-6706.358715832233	-36879.43594670296	-8574.18793463707	-8301.473178863525	-8080.247693002224	-16610.72393131256	-22766.733181476593	-15348.118008494377	-20218.722551882267	-15544.865635097027	-18387.300546824932	-12251.646566033363	-18352.870776832104	-18008.72848367691	-72803.5093010068	-17740.302641689777	-70538.97429537773	-19892.107457995415	-16092.464470565319	-15894.150422990322	-20624.680889308453	-53639.20512199402	-16028.851160287857	-15944.50216382742	-17116.47736108303	-10700.534299850464	-8192.513507127762	-13051.3242405653	-16677.206681847572	-10454.240881025791	-9511.863355636597
-15006.408865392208	-13734.013306677341	-40669.98607891798	-65029.779358267784	-14503.249437451363	-83689.59788644314	-9081.729235231876	-7159.2522094249725	-9019.587378263474	-16851.77651488781	-6144.379504203796	-7737.38903772831	-8964.090980529785	-6611.6277713775635	-19228.886998474598	-53616.98697882891	-64120.06605249643	-6117.079399108887	-13984.76583737135	-27065.18462842703	-17494.3553006649	-16142.64436852932	-46482.711141228676	-54574.3181399107	-27928.72129935026	-6828.685643017292	-36303.20198106766	-8798.261978268623	-8621.032974243164	-8440.861546456814	-16405.672252893448	-22505.91940110922	-16004.883786380291	-20631.15849107504	-16029.002923369408	-18738.747849464417	-11967.253541231155	-18203.92726880312	-17685.291822850704	-71416.34077870846	-15638.298396229744	-69219.62029469013	-19500.580966949463	-15787.270099699497	-15560.31052684784	-20175.022343099117	-52971.11545795202	-15832.417301476002	-15721.065194010735	-15058.017495751381	-10502.439050674438	-8048.849339723587	-12676.038211226463	-16183.816680252552	-10217.85226470232	-9813.271463930607
-14337.754677712917	-15320.362142384052	-41412.20299303532	-65940.87881362438	-15068.111784040928	-83725.76244157553	-8893.318727135658	-6847.979949235916	-9146.898947417736	-17809.188300073147	-6036.424582481384	-7868.7009563446045	-9497.849931716919	-6686.590756177902	-20202.572181880474	-54577.971208930016	-65326.66118788719	-5911.8857498168945	-14675.985732793808	-27784.36594325304	-18417.93783670664	-15983.03960186243	-46680.19549715519	-55832.556215941906	-28191.217569351196	-6662.143213748932	-36441.24754178524	-8271.569084823132	-8937.077653110027	-8693.307737588882	-16632.220231294632	-22636.207515895367	-15241.896769404411	-20523.370760321617	-15402.722544491291	-18459.21563065052	-12568.23112154007	-19312.750864982605	-16212.721830904484	-73458.6163212657	-15598.804723083973	-70988.85892570019	-19625.107303380966	-16294.443970143795	-16825.225905478	-21986.470177710056	-54229.45241993666	-16124.876946687698	-15981.164963126183	-16205.505477964878	-10953.572612762451	-8648.760541141033	-14035.554815530777	-17038.959689974785	-11079.09749174118	-9260.780996382236
-15360.90329092741	-13665.43809479475	-40225.62688755989	-64271.695561528206	-14343.094207704067	-82908.60603535175	-9265.2768805027	-7287.688614606857	-8945.448569059372	-16626.132855176926	-6288.397005081177	-7660.001712441444	-8875.045852661133	-6733.439161300659	-19014.01126986742	-52988.847489476204	-63280.74737149477	-6214.911071777344	-13863.889697551727	-26728.549205601215	-17470.062584400177	-15905.770949482918	-45926.21364969015	-53846.66169923544	-27557.907426297665	-6979.256510555744	-35884.59671598673	-8967.089495837688	-8518.521270751953	-8360.300473153591	-16220.800441026688	-22221.63846039772	-15029.671027302742	-19529.583300948143	-15186.48598086834	-17924.214955210686	-12432.95561492443	-16162.16497272253	-18970.387383401394	-70516.02084106207	-15477.323271036148	-68397.45851612091	-19277.88762152195	-15628.537913024426	-15420.838781952858	-20085.370558321476	-52267.775369644165	-15644.944773554802	-15534.339546263218	-15029.009290516376	-10381.18494606018	-7993.04138481617	-12551.365138590336	-16017.461666464806	-10114.165535271168	-9983.064275562763
-15389.918511033058	-13659.062292397022	-40201.13786363602	-64179.769152760506	-14290.134086728096	-82651.56706595421	-9267.153715372086	-7284.430935621262	-8932.07782626152	-16655.668932914734	-6289.63318157196	-7653.678767800331	-8860.854061126709	-6792.166570663452	-18913.741859972477	-52922.799423098564	-63177.44799441099	-6259.676490783691	-13740.054517388344	-26785.249350249767	-17346.58418351412	-15933.874389111996	-45874.116461098194	-53871.545754253864	-27563.433679163456	-6972.190296947956	-35810.53783529997	-8981.491945147514	-8521.886451721191	-8305.47406476736	-16208.995277643204	-22198.754036068916	-14944.01459056139	-19460.084743857384	-15133.274189412594	-17900.484491050243	-11881.350117564201	-17951.32720452547	-17469.653775513172	-70532.73263293505	-15464.163983821869	-68340.15028423071	-19287.267425596714	-15612.5076328516	-15473.673900008202	-20068.08863991499	-52148.51662808657	-17029.762676000595	-16924.58484917879	-15200.265932023525	-10396.880443572998	-7967.363085985184	-12584.565261602402	-15984.310066998005	-10100.348572075367	-9984.210530519485
-13635.979469954967	-15424.13294428587	-40923.822454214096	-65091.537550508976	-14926.767970442772	-82937.30234014988	-9142.746405184269	-7087.227734386921	-8969.045032203197	-17624.507839381695	-6356.446906089783	-7656.330047190189	-9505.183637619019	-6808.477953672409	-20083.607547342777	-53955.50125360489	-65133.41256439686	-6222.87491607666	-14677.359944164753	-27484.698030531406	-18344.466620206833	-19414.282859623432	-46173.07067668438	-55181.61482536793	-27788.011649131775	-6852.374598026276	-36056.16976463795	-8334.0413133502	-8476.960389316082	-8186.971683740616	-16426.972374916077	-22344.99606782198	-15026.166487276554	-20238.277747154236	-15189.908878087997	-18180.113686144352	-12551.781188249588	-19153.334047555923	-15971.87196958065	-73081.81803071499	-15555.727496683598	-70177.91523379087	-19749.962570369244	-16064.778769493103	-16557.862568318844	-21692.802662849426	-53641.49787122011	-15970.774776816368	-15825.691570341587	-16319.916378557682	-10877.826934814453	-8589.181588351727	-14066.46753937006	-17101.361415088177	-11054.094529867172	-9360.143209576607
-15512.190703570843	-13589.555031776428	-39775.94299197197	-63683.500948250294	-14141.297986090183	-82242.2879140377	-9480.261960625648	-7435.839910566807	-8777.490898132324	-16665.90933638811	-6577.914008140564	-7464.121246516705	-8845.673030853271	-6876.09871506691	-18858.189390182495	-52668.865095973015	-63119.61230415106	-6485.54842376709	-13789.40633046627	-26566.502866864204	-17126.533149659634	-15685.535803318024	-45453.24445182085	-53499.252240002155	-27285.28448331356	-7104.148922741413	-35586.881896555424	-9075.090076208115	-8076.767597198486	-7862.850438058376	-16053.314373016357	-22000.994076251984	-15645.556473612785	-20402.655945837498	-15685.848478496075	-18340.00846451521	-11786.45739465952	-17821.659188985825	-17407.955285012722	-70254.68167698383	-17170.782257556915	-68151.18419671059	-19132.05938088894	-15518.619961857796	-15329.574857413769	-19816.493672311306	-51856.76446169615	-15465.722950279713	-15381.525748252869	-16436.890475332737	-10345.457513809204	-7915.799824953079	-12611.738504648209	-16102.718287527561	-10110.230283796787	-10095.791921377182
-15676.811600029469	-13397.147454082966	-39769.51811271906	-63724.59963941574	-14128.29327005148	-82114.25466561317	-9377.003479123116	-7369.565733194351	-8841.626089811325	-16481.264271497726	-6383.322527885437	-7607.083881020546	-8762.080444335938	-6853.790871620178	-18737.463710188866	-52495.472811460495	-62609.57185065746	-6321.286865234375	-13711.807886004448	-26418.284767091274	-17188.006979882717	-15540.05104392767	-45439.13435190916	-53326.42600083351	-27388.254950881004	-7047.220616161823	-35508.93194335699	-9091.599641799927	-8447.593814849854	-8245.206993997097	-16035.881408452988	-22000.124234735966	-14871.487108945847	-19398.177090168	-15009.540360093117	-17746.949240267277	-11702.375837087631	-17781.824752688408	-17363.54901522398	-69741.53716993332	-15300.904474318027	-67790.36885422468	-19046.147702276707	-15474.880587220192	-15290.816218674183	-19777.622267901897	-51635.388402700424	-15463.18736410141	-15375.860122025013	-16464.31995433569	-10267.594289779663	-7927.8444855213165	-12426.297748565674	-15836.978471398354	-9991.397519409657	-10138.266001820564
-14714.644224643707	-15347.272098183632	-40560.741164147854	-64387.25157850981	-14753.792880475521	-82193.65357714891	-9434.92457485199	-7112.784397184849	-8960.604041934013	-17814.149135529995	-6428.600874900818	-7659.482924044132	-9423.165531158447	-6912.323433637619	-19701.484458506107	-53542.24243879318	-64057.99843508005	-6229.875579833984	-14450.100198507309	-32338.026316583157	-17723.413576841354	-16005.463549792767	-45755.70192962885	-54649.687314629555	-27359.193390011787	-6933.544319629669	-35830.23103046417	-8523.422603547573	-8462.895859897137	-8165.722823381424	-16269.961875796318	-22177.082670032978	-14964.498292028904	-20240.355039596558	-15090.204023241997	-17996.14445579052	-12444.892444908619	-18896.654564738274	-15911.02101534605	-72109.33055341244	-15465.16888231039	-69238.83639121056	-19608.959383904934	-16086.613708496094	-16416.729826569557	-21762.702700436115	-53183.522976994514	-15776.659418165684	-15656.68592363596	-16083.680766105652	-10809.072631835938	-8482.258866488934	-14055.274926841259	-16935.310536801815	-11013.5541741848	-9648.805476546288
-14843.536515891552	-15175.903867483139	-40518.159906089306	-64594.60040360689	-14706.160332679749	-82278.4524691701	-9291.85145252943	-7124.56765037775	-8904.802467286587	-17623.32112157345	-6469.959086418152	-7595.433165132999	-9379.431982040405	-6951.0616998672485	-19831.87457358837	-53629.84932607412	-64326.20743954182	-6280.354774475098	-14480.62622588873	-27285.684181690216	-18050.11568570137	-15525.931036651134	-45650.728807747364	-54757.49031603336	-27547.780753314495	-6937.606493473053	-35724.92745727301	-8548.397182762623	-8392.81227606535	-8115.296629190445	-16279.862351417542	-22131.28219103813	-14882.569456636906	-20294.868215084076	-15059.568099617958	-18060.476245701313	-12387.434974968433	-18930.48278516531	-15935.385293066502	-72296.95721954107	-17131.288584411144	-69920.42282772064	-19256.585717320442	-16025.793832302094	-16594.49023604393	-21627.941506922245	-53115.10142368078	-15758.18259549141	-15641.625517368317	-17584.378457546234	-10796.591075897217	-8515.711026370525	-13971.255108952522	-16957.861297249794	-10971.475510835648	-9543.301453828812
-15828.91700387001	-13418.112120866776	-39516.20708823204	-63187.19899570942	-14050.782335340977	-81283.4748879075	-9518.316693484783	-7467.4518411159515	-8789.943808317184	-16340.946309506893	-6455.650897026062	-7527.711314797401	-8728.176532745361	-6933.7969925403595	-18627.457459032536	-51975.7962127924	-62189.04142564535	-6394.567237854004	-13561.172863841057	-26201.109284222126	-17047.98532283306	-15570.182962357998	-45069.67853444815	-52987.19290322065	-27027.67078834772	-7142.5525787472725	-35271.133097052574	-9247.755275130272	-8376.346549987793	-8226.333563745022	-15932.380183696747	-21832.83287292719	-14624.254892647266	-19157.81478625536	-14860.127712905407	-17610.355787158012	-11697.690354526043	-17681.82111442089	-17222.95782393217	-69505.21182757616	-17007.163591325283	-67262.27948498726	-18892.20890200138	-15399.233547270298	-15189.290077745914	-19637.93647557497	-51369.738756120205	-15297.091322183609	-15197.39968919754	-14708.524790287018	-10249.878099441528	-7892.275347948074	-12331.002820968628	-15792.68509799242	-9991.303490459919	-10254.304202139378
-16170.037362217903	-13321.681926369667	-39192.851223766804	-62536.9281989336	-13996.77246505022	-80724.06702828407	-9697.062883794308	-7581.476401925087	-8735.889174222946	-16264.152010798454	-6486.216759681702	-7558.110979676247	-8677.409622192383	-7060.892289161682	-18433.08032500744	-51555.09274828434	-61600.642448723316	-6416.331352233887	-13428.669065594673	-25861.12470626831	-16898.586076915264	-15330.13248026371	-44758.969650805	-52424.230838656425	-26937.8334146142	-7252.624975025654	-34953.11699461937	-9297.711333274841	-8339.836074829102	-8192.152646005154	-15771.532049655914	-21647.512809872627	-14576.021718740463	-19020.604993104935	-14763.413798570633	-17502.44230890274	-11551.587304234505	-17536.582127451897	-17072.27149128914	-68736.56022393703	-15188.96386563778	-66538.24752557278	-21613.845261871815	-15163.682700574398	-14910.468941092491	-19444.122769594193	-50822.267967522144	-15164.490177333355	-15052.61131799221	-14795.750627458096	-10156.716457366943	-7904.796981751919	-12262.842790305614	-15632.853299677372	-9923.443804085255	-10510.995325624943
-15877.194641172886	-13414.805088758469	-39241.84759771824	-62814.74308562279	-14435.875828444958	-80986.03946065903	-9698.083270907402	-7651.859199106693	-8674.447937011719	-17123.396830439568	-6739.442587852478	-7394.831829249859	-8705.677612304688	-7093.750923156738	-18557.281734108925	-51775.065493404865	-62021.45811188221	-6627.784328460693	-13660.06687694788	-25994.479915082455	-16858.76221972704	-15558.173480629921	-44907.50373053551	-52735.52235352993	-27029.466959238052	-7275.508816540241	-35034.60206413269	-8884.311055064201	-7957.467094421387	-7691.148343026638	-15804.45170211792	-21598.723360836506	-14570.695396125317	-19096.73508322239	-14757.94079977274	-17384.17940080166	-11497.639477729797	-18780.962150335312	-15655.11890989542	-69327.30871099234	-14901.062233269215	-66770.95610773563	-18648.69423043728	-15696.730700671673	-15355.615025162697	-21313.6335439682	-51311.70835852623	-15293.84413343668	-15181.822262823582	-14919.404327392578	-10165.51402270794	-7814.915820360184	-12490.708394169807	-16404.747663080692	-9924.415636956692	-10330.097676455975
-16593.912851691246	-13103.36620414257	-38451.99202597141	-61382.07736778259	-13748.349996209145	-79238.01265531778	-9912.740697324276	-7789.213012337685	-8598.843504667282	-15956.73487919569	-6655.464364051819	-7427.312441468239	-8527.374130249023	-7244.203484535217	-18064.275447428226	-50543.96860522032	-61869.00350922346	-6545.424461364746	-13184.398234307766	-25400.89685189724	-16565.21459954977	-15636.14299172163	-43915.28507345915	-51484.489762723446	-26442.302682101727	-7444.14301854372	-34311.69499337673	-9529.746636152267	-8213.14714050293	-8064.98278516531	-15480.472048282623	-21238.346870064735	-14834.957020044327	-18703.561358094215	-14516.873251736164	-17157.858106195927	-11677.37677872181	-17241.71605783701	-16797.049556314945	-67419.1311122179	-15431.005049288273	-65318.576521635056	-22033.630121469498	-14880.645789921284	-14654.7386136055	-19112.206422567368	-49881.55568695068	-14900.043387115002	-14793.446712374687	-14585.970622003078	-9954.300071716309	-7812.614505708218	-12090.293395161629	-15331.206192553043	-9758.448263466358	-10773.775677978992
-15597.442092299461	-14664.60434550047	-39044.429676651955	-62288.22585952282	-14217.027707099915	-79213.93697488308	-9834.890263676643	-7544.064690172672	-8610.740043580532	-17061.229506850243	-6803.67086315155	-7357.703814089298	-9087.109518051147	-7332.440686225891	-19228.484384953976	-51800.30096447468	-62104.20365309715	-6604.423194885254	-14000.242791473866	-26206.144496142864	-17389.8727940917	-14968.06751048565	-44042.26515316963	-52877.75896048546	-26574.721301436424	-7335.396700382233	-34432.37340712547	-9049.299324333668	-8168.1066944003105	-7897.899374246597	-15722.452793121338	-21365.543085813522	-15180.007921755314	-20478.801609039307	-15200.550943017006	-18013.18416339159	-11922.24580359459	-18399.27119731903	-15334.612094402313	-69748.12959551811	-16561.768200278282	-67532.6327290535	-18496.537640213966	-15451.94932359457	-16029.914670467377	-20819.7542899251	-51332.66076338291	-15195.054385483265	-15078.649101793766	-16904.79157179594	-10441.514289855957	-8238.997344195843	-13531.66937303543	-16383.372902929783	-10627.464913606644	-10127.230019569397
-16923.942938625813	-12810.382404386997	-37719.12099432945	-60230.55365484953	-13507.639839470387	-77659.55153399706	-10240.10169494152	-8000.973441720009	-8441.826750516891	-15702.060396075249	-6819.9285364151	-7320.3816286325455	-8385.087158203125	-7442.271275520325	-17829.690136373043	-49725.544386684895	-59378.63866227865	-6740.399772644043	-12948.28563117981	-24781.58502072096	-16238.343185305595	-14772.268954098225	-43150.505996227264	-50544.49948310852	-25964.77396273613	-7650.4151819348335	-33660.562944471836	-9798.613474845886	-8115.1304931640625	-7974.755391061306	-15214.12249135971	-20881.773704648018	-14873.460183858871	-19204.538387060165	-14904.39664196968	-17455.150226593018	-11086.39813286066	-17005.370539605618	-16471.49829262495	-66187.73259991407	-14619.443481504917	-64150.45742690563	-20853.79718476534	-14589.838191866875	-14345.893375515938	-18635.935552597046	-49039.827307224274	-14601.36196732521	-14489.63490241766	-14116.163741707802	-9801.639671325684	-7628.083299577236	-11823.257054388523	-15058.36490535736	-9579.43320685625	-11094.923891365528
-16045.668268978596	-12818.17582309246	-37547.67144072056	-60072.58187967539	-13407.301180124283	-77302.46604377031	-10207.524701178074	-8059.922488689423	-8382.162661075592	-15409.52916920185	-6914.793517112732	-7220.5736891031265	-8359.59518814087	-7414.755332946777	-17784.376955866814	-49350.385611355305	-59263.74856221676	-6865.363265991211	-13004.565196335316	-24673.68358618021	-16375.74504494667	-18298.07793456316	-42939.979959487915	-50283.693917930126	-25754.375883817673	-7673.645863354206	-33515.551316559315	-9827.639210820198	-8062.349922180176	-7884.956810891628	-15152.289804458618	-20775.012478113174	-13931.893710970879	-18052.17631137371	-14111.988771498203	-16690.90253609419	-11131.96969228983	-16951.358272850513	-16336.928494155407	-66066.44140595198	-14524.688197553158	-63702.730351924896	-18171.10441327095	-14551.984463274479	-14318.592536270618	-18497.210339307785	-48777.967488110065	-14577.325356125832	-14473.284254610538	-14170.77828413248	-9741.19241142273	-7568.027373552322	-11736.889052808285	-15014.858612656593	-9503.457166969776	-10980.069061517715
-17278.437364161015	-12741.807192504406	-37274.76180297136	-59472.46985810995	-13347.484609723091	-76878.55968290567	-10423.649340212345	-8129.409846901894	-8367.68794131279	-15476.416736364365	-6963.9460372924805	-7242.99430334568	-8296.042030334473	-7564.08266544342	-17614.814407765865	-49097.40489733219	-58539.31998127699	-6838.2314453125	-12827.409491360188	-24444.949597895145	-16214.05046904087	-14535.395535051823	-42594.00850468874	-49816.84304243326	-25593.960089683533	-7800.986049473286	-33241.95767939091	-9967.440992414951	-8012.618789672852	-7894.194317758083	-15029.25067949295	-20597.49276393652	-13898.247424781322	-18102.96319693327	-14061.879699468613	-16640.617332339287	-11552.100206553936	-14963.608243525028	-17756.59385317564	-65287.412662267685	-14458.468356311321	-63328.29564833641	-20631.103839337826	-14431.106005191803	-14206.421630620956	-18546.283767819405	-48336.487218916416	-14413.88943940401	-14302.909254670143	-14087.155536472797	-9680.385566711426	-7572.275344669819	-11698.583981752396	-14892.009891569614	-9475.746477425098	-11264.716702997684
-17124.333023667336	-12741.314976990223	-37184.590150654316	-59368.29590767622	-13234.326090157032	-76558.81728076935	-10499.702870845795	-8085.4791514873505	-8373.721670806408	-15599.170465350151	-6986.947485923767	-7223.726565957069	-8277.577081680298	-7518.600812911987	-17402.253867030144	-48937.1267965436	-58188.33443289995	-6872.363929748535	-12777.305450677872	-29527.01187223196	-15754.692001581192	-14889.258624732494	-42522.611212432384	-49751.76640719175	-25325.557624697685	-7754.8155849576	-33289.61258238554	-10017.02050101757	-8048.2853927612305	-7863.707950532436	-14995.27930533886	-20607.099080324173	-13870.225515723228	-18054.253603816032	-14012.283916652203	-16506.933305740356	-11025.08094894886	-16694.678790032864	-16276.077539920807	-65093.953928649426	-14434.12958317995	-62763.65150934458	-18030.10122680664	-14573.81940227747	-14177.459794521332	-18567.110376894474	-48319.99259388447	-14383.209997475147	-14304.278607904911	-13934.54267168045	-9672.438108444214	-7461.104651689529	-11725.696440279484	-14848.807734370232	-9462.916811287403	-11268.731328487396
-17307.452584266663	-12735.431390106678	-37250.27277904749	-59380.54344934225	-13294.52448874712	-76621.52071350813	-10425.52617508173	-8126.152167916298	-8354.317198514938	-15505.952814102173	-6965.182213783264	-7236.671358704567	-8281.850238800049	-7622.810074806213	-17514.544997870922	-49031.35683095455	-58436.02060419321	-6882.996864318848	-12703.574311196804	-24501.649742543697	-16090.572068154812	-14563.4989746809	-42541.91131609678	-49841.72709745169	-25599.486342549324	-7793.919835865498	-33167.89879870415	-9981.843441724777	-8015.98397064209	-7839.367909371853	-15017.445516109467	-20574.608339607716	-13812.59098803997	-18033.46463984251	-14008.667908012867	-16616.886868178844	-11000.494709193707	-16752.77047532797	-16255.860245287418	-65304.12445414066	-14445.309069097042	-63270.98741644621	-20640.48364341259	-14415.075725018978	-14259.2567486763	-18529.001849412918	-48217.22847735882	-15798.707341849804	-15693.154557585716	-14258.412177979946	-9696.081064224243	-7546.597045838833	-11731.784104764462	-14858.858292102814	-9461.929514229298	-11265.862957954407
-17253.22531491518	-12569.94674628973	-37142.00889259577	-59575.644732773304	-13186.69354236126	-76643.61617279053	-10356.629748523235	-8097.262404680252	-8317.920096158981	-15408.342451393604	-7028.305697441101	-7159.676807045937	-8233.843532562256	-7557.339079141617	-17532.643982112408	-49024.73368382454	-58456.54343736172	-6922.843124389648	-12807.831478059292	-24474.66973733902	-16081.394110441208	-14409.726111590862	-42417.6380905509	-49859.56940859556	-25514.144988000393	-7758.877758800983	-33184.309009194374	-10041.99508023262	-7978.201808929443	-7813.281756341457	-15005.179780960083	-20561.298601329327	-13788.29668033123	-18108.76677930355	-13981.647993028164	-16571.26509565115	-10967.623479008675	-16728.5070104599	-16300.441817641258	-65281.58059477806	-16100.249285280704	-63445.237945854664	-17677.72756022215	-14512.99952608347	-14355.220203995705	-18432.349183380604	-48251.571040570736	-14364.733174800873	-14289.218201637268	-15435.240363121033	-9659.956552505493	-7494.556811571121	-11641.676622390747	-14871.35849481821	-9420.838147938251	-11163.22730576992
-17594.345673263073	-12473.516551792622	-36818.65302813053	-58925.373935997486	-13132.683672070503	-76084.2083131671	-10535.37593883276	-8211.286965489388	-8263.865462064743	-15331.548152685165	-7058.871560096741	-7190.076471924782	-8183.076622009277	-7684.434375762939	-17338.26684808731	-48604.03021931648	-57868.14446043968	-6944.607238769531	-12675.327679812908	-24134.685159385204	-15931.99486452341	-14169.675629496574	-42106.92920690775	-49296.607344031334	-25424.307614266872	-7868.950155079365	-32866.29290676117	-10091.95113837719	-7941.691333770752	-7779.100838601589	-14844.33164691925	-20375.978538274765	-13740.063506424427	-17971.556986153126	-13884.93407869339	-16463.351617395878	-10821.520428717136	-16583.268023490906	-16149.755484998226	-64512.928991138935	-14282.0495595932	-62721.20598644018	-20399.363920092583	-14277.44867938757	-14076.399067342281	-18238.535477399826	-47704.100251972675	-14232.132029950619	-14144.429830431938	-15522.46620029211	-9566.794910430908	-7507.078445374966	-11573.516591727734	-14711.526696503162	-9352.978461563587	-11419.918429255486
-16422.557815909386	-12845.08577889204	-36696.209611833096	-58518.954644560814	-13092.982276558876	-75770.3571793437	-10749.130548894405	-8324.726936638355	-8195.86775559187	-15414.490004658699	-7306.9698095321655	-7011.355656802654	-8284.910787582397	-7640.488010406494	-17283.289232492447	-48314.65684121847	-57995.08580940962	-7183.353096008301	-12778.679662048817	-29227.343959510326	-15681.220785081387	-18320.501882493496	-42015.486391961575	-49100.825016617775	-24922.351704478264	-7945.046969234943	-32904.53480523825	-10079.49272954464	-7588.168128967285	-7357.37189668417	-14790.031448960304	-20315.887632250786	-13654.495233595371	-17769.16059064865	-13799.470250248909	-16227.831361234188	-11008.631015658379	-16535.261972606182	-16035.227678596973	-64717.15563809872	-14391.052356779575	-61952.707817435265	-18154.956493794918	-14344.154201626778	-13910.096457362175	-18273.442862033844	-47732.03804516792	-14229.107827603817	-14148.805215120316	-14048.953572273254	-9596.692430496216	-7401.525698900223	-11756.609164118767	-14911.209459483624	-9437.913849413395	-11368.093541681767
-17746.451077103615	-12494.481218576431	-36565.34200364351	-58387.973292291164	-13055.17273736	-75253.42853546143	-10676.689153194427	-8309.173073410988	-8212.183180570602	-15191.230190694332	-7131.199929237366	-7110.703905701637	-8149.172710418701	-7764.440496683121	-17228.26059693098	-48084.353620648384	-57447.61403542757	-7017.88761138916	-12524.692657649517	-23917.509676516056	-15791.973207473755	-14199.807547926903	-41737.473389446735	-48957.374246418476	-25063.72345173359	-7964.282117664814	-32628.494060456753	-10248.106771707535	-7870.444068908691	-7760.227408349514	-14740.83042216301	-20208.687176465988	-13492.831290125847	-17731.194682240486	-13735.52143150568	-16326.758164286613	-10816.834946155548	-16483.26438522339	-16009.164293706417	-64276.60364878178	-15988.308676600456	-62193.11661720276	-20245.425119817257	-14201.801639437675	-13974.872926414013	-18098.8496850729	-47438.450605392456	-14066.035988032818	-13965.969397604465	-13766.671036243439	-9549.078720092773	-7471.5093078017235	-11478.221664130688	-14667.233323097229	-9352.88443261385	-11535.956629574299
-17702.312853634357	-12523.49147027731	-36533.90260517597	-58317.61902695894	-13099.062140882015	-75392.50530993938	-10639.327153742313	-8337.146457314491	-8230.642271757126	-15168.9996047616	-7133.193641662598	-7112.195765137672	-8146.006538391113	-7747.393860816956	-17246.009530186653	-48086.28075426817	-58807.681041777134	-6967.324554443359	-12583.13866007328	-23984.721743524075	-15880.678991675377	-14841.406046509743	-41750.32392734289	-48877.10196650028	-25098.42935717106	-7992.504092991352	-32600.53567814827	-10199.476295292377	-7885.92985534668	-7767.02445691824	-14738.19067811966	-20188.326824128628	-14157.182726085186	-17785.91956192255	-13815.339152634144	-16296.033129632473	-11677.88968104124	-14668.742173910141	-17481.371918201447	-63969.98355054855	-14700.509539961815	-62108.62464439869	-21050.88869893551	-14148.069094538689	-13950.691303133965	-18214.36742079258	-47395.774938344955	-14149.442649185658	-14043.74464905262	-13877.37553101778	-9477.969181060791	-7480.092868626118	-11526.03458660841	-14590.362784445286	-9310.750936806202	-11527.497055351734
-18032.342940568924	-12230.507670521736	-35801.03157353401	-57166.09531402588	-12858.351984143257	-73814.04418861866	-10966.688151359558	-8548.906886696815	-8073.625517606735	-14914.325121641159	-7297.657814025879	-7005.264952301979	-8003.719566345215	-7945.461651802063	-17011.42421913147	-47267.856535732746	-56317.316194832325	-7162.299865722656	-12347.026056945324	-23365.409912347794	-15553.807577431202	-13977.532008886337	-40985.54485011101	-47937.11168688536	-24620.900637805462	-8198.776256382465	-31949.403629243374	-10468.343133985996	-7787.9132080078125	-7676.797062814236	-14471.841121196747	-19831.75365871191	-14195.68588989973	-18286.8965908885	-14202.86254286766	-16593.325250029564	-11086.911035180092	-14432.396655678749	-17155.82065451145	-62738.585038244724	-13888.94797217846	-60940.505549669266	-19871.05576223135	-13857.26149648428	-13641.846065044403	-17738.096550822258	-46554.046558618546	-13850.761229395866	-13739.932839095592	-13407.568650722504	-9325.308780670166	-7295.561662495136	-11258.998245835304	-14317.521497249603	-9131.735880196095	-11848.64526873827
-18007.13089132309	-12058.64722430706	-35668.27866315842	-57269.27018868923	-12697.560916781425	-73579.10067850351	-10899.668559670448	-8516.759444475174	-8023.857672452927	-14846.250836670399	-7362.0174741744995	-6921.947456002235	-7941.521068572998	-7938.718065500259	-16929.253793478012	-47195.185322225094	-56234.53965091705	-7246.911544799805	-12327.448043644428	-23395.130051791668	-15421.15121883154	-13851.862585425377	-40809.17443597317	-47979.83805304766	-24541.085536122322	-8156.667965710163	-31891.75495904684	-10542.897221803665	-7753.496227264404	-7595.88450139761	-14447.77022266388	-19795.559496104717	-14085.735145449638	-18292.70017325878	-14122.630836427212	-16523.973013341427	-10502.43430763483	-16197.29542261362	-15699.66861897707	-62732.7529707551	-15530.728901147842	-61057.44784718752	-16917.679483115673	-13939.155017375946	-13790.644638419151	-17624.161966383457	-46469.130380272865	-13801.604964792728	-13726.241786062717	-14755.653477370739	-9304.879766464233	-7217.843129396439	-11202.090886473656	-14296.8701004982	-9076.827550709248	-11747.155871510506
-18415.852586209774	-12155.556656241417	-35332.18335825205	-56316.0851085186	-12645.23663341999	-72776.01336812973	-11152.112631499767	-8674.085612893105	-7986.115965604782	-14718.217539668083	-7442.911491394043	-6921.554682374001	-7900.482646942139	-8126.000451087952	-16696.27908062935	-46573.6689800024	-55374.69813674688	-7304.896957397461	-12102.314736962318	-23085.474634170532	-15406.036460280418	-13768.762029469013	-40376.950169980526	-47234.33930122852	-24255.613017618656	-8342.28091031313	-31456.739483475685	-10651.573100864887	-7688.76668548584	-7541.409581124783	-14275.164145946503	-19524.588293671608	-13134.81669408083	-17115.822843670845	-13307.133808910847	-15755.06189161539	-11001.007611513138	-14179.7965914011	-16940.18260717392	-61854.97689247131	-13714.813559770584	-60061.03553920984	-19657.7422208786	-13682.499029636383	-13555.209438204765	-17631.16284763813	-45731.44772875309	-15048.10660392046	-14943.452494263649	-13549.817086994648	-9219.750173568726	-7214.075408756733	-11167.525296211243	-14118.014883995056	-9014.232187569141	-12019.584335327148
-16507.809204638004	-13920.135092616081	-35964.69629651308	-57123.67955583334	-13168.711997568607	-72742.00624018908	-11103.7588519454	-8432.95171624422	-8029.116901040077	-15809.81017512083	-7532.726664543152	-6904.938224375248	-8526.347274780273	-8096.8299815654755	-17653.584227263927	-47446.092709720135	-56979.67715835571	-7302.227867126465	-12989.516123056412	-28866.985588788986	-15944.560429513454	-17603.03358966112	-40604.507093310356	-48479.33173710108	-24211.788522601128	-8176.294746875763	-31750.026315808296	-10053.701977670193	-7679.507226169109	-7392.420832872391	-14459.169869065285	-19680.436641812325	-13188.9466817379	-17845.30625385046	-13314.17271476984	-15901.007060110569	-11144.419424593449	-17112.87398093939	-13961.884487986565	-64210.603556632996	-13782.038299500942	-61334.156349778175	-17519.434753119946	-14277.483563363552	-14610.436270415783	-19276.703479647636	-47207.93434685469	-13958.43926280737	-13845.928568661213	-14516.854668736458	-9692.749206542969	-7724.723218142986	-12676.540032505989	-15191.864074885845	-9955.148479223251	-11399.531639873981
-18372.134828925133	-11883.8972812891	-35134.183268904686	-56400.512326061726	-12992.1387591362	-72322.85222512484	-11117.489869952202	-8732.77873301506	-7920.814711332321	-15303.738330721855	-7523.546053886414	-6852.65803873539	-7801.525650024414	-8156.370273590088	-16628.346137404442	-46301.385719656944	-55136.385458648205	-7389.147449493408	-12198.108590126038	-22823.10710000992	-15153.380288898945	-13724.500262737274	-40263.433714687824	-47216.10816657543	-24285.268012046814	-8328.027859508991	-31339.475126624107	-10352.118200659752	-7634.195724487305	-7424.182406365871	-14198.907551765442	-19393.28878068924	-13010.87406796217	-16986.779310643673	-13194.723157703876	-15568.143949627876	-10213.616390705109	-17156.598383963108	-13946.832243859768	-61805.3800047636	-13261.008876860142	-59677.21975821257	-16434.314332664013	-14117.265756189823	-13816.68480616808	-19121.301838040352	-45924.07427710295	-13629.726147949696	-13526.53830063343	-13238.16732943058	-9124.936275362968	-7116.959124803543	-11081.060775995255	-14598.89947605133	-8891.012903869152	-11981.461626589298
-18538.12477874756	-12086.049395620823	-34906.988486588	-55819.81690400839	-12496.400532782078	-72366.73421621323	-11365.22087675333	-8825.49458783865	-7831.529037475586	-14728.45794314146	-7731.1923179626465	-6731.997161090374	-7885.301616668701	-8209.93259549141	-16640.726610839367	-46319.734652876854	-55316.86244648695	-7530.768890380859	-12151.666550040245	-22866.72815078497	-15185.985426425934	-13520.423443675041	-39956.07816070318	-46862.045786976814	-23977.46382176876	-8474.239536106586	-31233.08354473114	-10745.171231925488	-7243.647830963135	-7098.785954415798	-14119.483241319656	-19326.828333854675	-13836.358577132225	-18058.39404565096	-13859.708097994328	-16194.585865080357	-10906.114888608456	-14050.128575861454	-16878.48411667347	-61576.9259365201	-15421.43183350563	-59872.06945168972	-19502.534176170826	-13588.611358642578	-13411.110395610332	-17379.567880034447	-45439.69556236267	-13484.066878199577	-13400.393393337727	-14786.44163030386	-9168.327243804932	-7162.512147724628	-11194.69853925705	-14236.423104524612	-9024.113899290562	-12131.165726184845
-18702.745675206184	-11893.64181792736	-34900.56360733509	-55860.915595173836	-12483.395816743374	-72238.7009677887	-11261.962395250797	-8759.220410466194	-7895.664229154587	-14543.812878251076	-7536.6008377075195	-6874.959795594215	-7801.709030151367	-8187.624752044678	-16520.000930845737	-46146.342368364334	-54806.821992993355	-7366.5073318481445	-12074.068105578423	-22718.51005101204	-15247.459256649017	-13374.938684284687	-39941.96806079149	-46689.21954780817	-24080.434289336205	-8417.311229526997	-31155.133591532707	-10761.6807975173	-7614.474048614502	-7481.142510354519	-14102.050276756287	-19325.958492338657	-13062.289212465286	-17053.91518998146	-13183.39997959137	-15601.526640832424	-10822.033331036568	-14010.294139564037	-16834.077846884727	-61063.781429469585	-13551.554050266743	-59511.254109203815	-19416.622497558594	-13544.871984004974	-13372.351756870747	-17340.696475625038	-45218.31950336695	-13481.531292021275	-13394.727767109871	-14813.871109306812	-9090.46401977539	-7174.556808292866	-11009.257783174515	-13970.683288395405	-8905.281134903431	-12173.639806628227
-18854.851079046726	-11914.60648471117	-34647.25258284807	-55323.514951467514	-12405.884882032871	-71407.92119008303	-11403.275609612465	-8857.106518387794	-7843.981947660446	-14403.494916260242	-7608.9292068481445	-6795.587229371071	-7767.805118560791	-8267.630872964859	-16409.994679689407	-45626.665769696236	-54386.29156798124	-7439.787704467773	-11923.433083415031	-22501.33456814289	-15107.437599599361	-13405.070602715015	-39572.51224333048	-46349.98645019531	-23719.85012680292	-8512.643192112446	-30917.33474522829	-10917.836430847645	-7543.226783752441	-7462.269080102444	-13998.549052000046	-19158.66713052988	-12815.056996166706	-16813.55288606882	-13033.98733240366	-15464.93318772316	-10817.34784847498	-13910.29050129652	-16693.48665559292	-60827.45608711243	-15257.813167273998	-58983.16473996639	-19262.683697283268	-13469.22494405508	-13270.825615942478	-17201.01068329811	-44952.66985678673	-13315.435250103474	-13216.267334282398	-13058.07594525814	-9072.747829437256	-7138.987670719624	-10913.962855577469	-13926.389914989471	-8905.187105953693	-12289.67800694704
-18992.264593064785	-13082.995591819286	-34700.9821703434	-54823.26862388849	-12324.761317431927	-71380.76437866688	-11683.289675593376	-8929.876003921032	-7786.039207398891	-14225.669528782368	-7873.868773460388	-6714.466364443302	-8193.896074295044	-8350.68766093254	-16822.31679314375	-45359.97079575062	-54403.86733072996	-7708.2070960998535	-12414.590756893158	-22473.326640963554	-15583.082502484322	-13181.020482897758	-39032.07562452555	-46263.84025794268	-23631.457477092743	-8635.113863945007	-30823.30397760868	-11045.34849256277	-7066.106629550457	-7147.785129785538	-13799.65565943718	-18916.936298549175	-12830.877989828587	-17270.382634341717	-13084.800659418106	-15585.642904520035	-10707.52116048336	-15466.27557760477	-15291.268055737019	-61111.7547531724	-12791.989466965199	-59088.50101262331	-16303.224153637886	-13417.157559752464	-13788.039524912834	-17087.786815047264	-44873.68237030506	-13396.029971539974	-13300.907616376877	-13122.528358757496	-9347.128254055977	-7464.625736892223	-11851.238164663315	-13818.731889247894	-9474.345449328423	-12030.119069516659
-17963.2023422122	-11894.544920802116	-34596.80635613203	-55273.35617625713	-12411.691582143307	-71272.41969132423	-11365.897160887718	-8901.643720984459	-7804.40203332901	-14259.81305038929	-7590.342549324036	-6803.566280007362	-7780.591365814209	-8245.398837089539	-16385.18009376526	-45458.94301921129	-54522.32117199898	-7488.683639526367	-11968.084990143776	-22390.08397847414	-15119.732929587364	-16927.702520132065	-39607.7748144865	-46253.87526112795	-23790.42854720354	-8495.375402271748	-30872.912279963493	-10827.990707397461	-7556.447441101074	-7418.85065549612	-13960.740042924881	-19150.866781651974	-12800.470108449459	-16625.556207358837	-12987.382490098476	-15407.30491322279	-10251.114283919334	-15752.801543653011	-15123.134963929653	-60837.83322715759	-13505.833282828331	-58633.567484140396	-19524.320631086826	-13354.552555441856	-13104.175384938717	-16958.123548805714	-44846.67933738232	-13346.27002197504	-13241.853963017464	-13228.924530088902	-9040.393032073975	-7147.2613334059715	-10884.107895970345	-13889.406837761402	-8865.038109123707	-12261.721488952637
-16931.684694111347	-13701.819370388985	-35223.83709871769	-55968.82872468233	-12920.289528727531	-71255.95186722279	-11319.436665475368	-8640.688326656818	-7892.071231484413	-15502.393043518066	-7701.974268913269	-6774.13968616724	-8376.311782836914	-8280.14117693901	-17284.779349684715	-46434.96856665611	-57248.03821885586	-7431.320976257324	-12745.245291769505	-28406.757734417915	-15611.18895214796	-17909.04410111904	-39760.82251596451	-47539.5906611681	-23716.257790088654	-8367.81279039383	-31108.60431456566	-10285.737280547619	-7552.8182918429375	-7265.250972032547	-14168.109867691994	-19271.270702004433	-13447.881983041763	-17528.26261883974	-13067.632167935371	-15556.422857403755	-11270.208899080753	-16818.0079113245	-13686.662553012371	-62893.174444913864	-14024.079483151436	-60114.485345840454	-17939.21961271763	-13994.446652710438	-14354.705942928791	-18944.78713262081	-46267.222066283226	-13693.992472589016	-13586.76396304369	-14307.07466328144	-9490.332820892334	-7632.540742099285	-12503.990637362003	-14890.216967761517	-9790.152938604355	-11662.311992228031
-19041.86709690094	-11817.684074699879	-34233.72506606579	-54569.070204257965	-12238.716492176056	-70528.77092832327	-11658.075330555439	-8927.200383782387	-7795.961043059826	-14449.45434653759	-7662.496518135071	-6806.719156861305	-7698.573259353638	-8349.244317054749	-16003.057004928589	-45045.684204399586	-53446.90704268217	-7495.684303283691	-11740.825244486332	-27243.41226452589	-14498.679886221886	-13518.8832103014	-39190.40606743097	-45721.947750389576	-23361.610288083553	-8576.545123875141	-30646.97354578972	-11017.371997594833	-7542.382911682129	-7397.601795136929	-13803.729543805122	-18982.953383862972	-12738.801913201809	-16627.63349980116	-12887.677635252476	-15223.335682868958	-10144.225540578365	-15496.122060835361	-15062.284009695053	-59865.34574985504	-13415.274668455124	-57694.48864156008	-19383.317444622517	-13376.387494444847	-12963.04264318943	-17028.023586392403	-44388.70444315672	-13152.154663324356	-13072.848316311836	-12992.688917636871	-8971.638729095459	-7040.338611543179	-10872.915283441544	-13723.35595947504	-8824.497753441334	-12550.383755922318
-19170.759388148785	-11646.315843999386	-34191.14380800724	-54776.41902935505	-12191.083944380283	-70613.56982034445	-11515.00220823288	-8938.983636975288	-7740.159468412399	-14258.626332581043	-7703.854729652405	-6742.669397950172	-7654.839710235596	-8387.982583284378	-16133.447120010853	-45133.29109168053	-53715.116047143936	-7546.163497924805	-11771.351271867752	-22191.07012963295	-14825.381995081902	-13039.350697159767	-39085.43294554949	-45829.750751793385	-23550.19765138626	-8580.607297718525	-30541.669972598553	-11042.346576809883	-7472.299327850342	-7347.17560094595	-13813.630019426346	-18937.152904868126	-12656.87307780981	-16682.146675288677	-12857.041711628437	-15287.66747277975	-10086.76807063818	-15529.950281262398	-15086.648287415504	-60052.97241598368	-15081.394370555878	-58376.075078070164	-19030.943778038025	-13315.567618250847	-13140.803052663803	-16893.262392878532	-44320.28288984299	-13133.677840650082	-13057.787910044193	-14493.386609077454	-8959.157173156738	-7073.79077142477	-10788.895465552807	-13745.90671992302	-8782.419090092182	-12444.879733204842
-19115.5308932662	-11478.7724904418	-33750.189242362976	-54204.81184786558	-12048.273061454296	-69733.59333312511	-11626.255016088486	-9064.69288945198	-7655.65643954277	-14058.515562236309	-7839.746751785278	-6606.830779671669	-7560.153476715088	-8441.908441781998	-16110.987876236439	-44737.497471272945	-53173.217183470726	-7668.811637878418	-11726.188469409943	-21978.954943418503	-14736.615610957146	-13057.12564021349	-38644.21328985691	-45372.45025682449	-23197.212211191654	-8705.029040157795	-30180.59564381838	-11212.626880943775	-7426.278942108154	-7297.926173150539	-13705.488852500916	-18745.53945016861	-13407.960851490498	-17375.058377087116	-13421.096737325191	-15662.148036777973	-10502.947209954262	-13624.321538686752	-16383.990980863571	-59283.60540908575	-14800.233391821384	-57847.49596995115	-15934.938060581684	-13206.578321993351	-13086.597327947617	-16726.32296460867	-43983.34963166714	-13051.004226863384	-12976.53972274065	-14047.05838638544	-8828.548875808716	-6885.321492314339	-10637.832077920437	-13556.026692390442	-8629.130224049091	-12500.877248883247
-17261.714781045914	-13408.835570633411	-34490.96606707573	-54817.30501174927	-12679.579371988773	-69677.49074590206	-11646.797663092613	-8852.448756039143	-7735.0544773340225	-15247.718560397625	-7866.43844127655	-6667.208873331547	-8234.024810791016	-8478.208967924118	-17050.194038629532	-45616.54434812069	-54757.67337191105	-7626.296287536621	-12509.132688641548	-27787.445903241634	-15284.317537903786	-17045.170063495636	-38996.043438732624	-46599.60038155317	-23238.729070723057	-8574.084953784943	-30457.472265660763	-10554.604119241238	-7454.80164450407	-7175.023577928543	-13901.760310769081	-18914.697536587715	-13486.385146856308	-18029.23964780569	-13455.155558168888	-15853.714977800846	-10679.230253219604	-16581.66239309311	-13361.111289322376	-61661.775932610035	-13212.51791536808	-58946.36625111103	-16759.38667601347	-13703.639054656029	-14045.86070483923	-18468.51626265049	-45425.493686556816	-13395.311052799225	-13282.952153086662	-13837.267782986164	-9337.672420501709	-7448.009535968304	-12236.954296588898	-14617.375680565834	-9611.137881994247	-11983.460205614567
-19456.651251614094	-11382.34229594469	-33426.83337789774	-53554.541051089764	-11994.26319116354	-69174.18547350168	-11805.00120639801	-9178.717450261116	-7601.601805448532	-13981.72126352787	-7870.312614440918	-6637.230444550514	-7509.386566162109	-8569.00373840332	-15916.610742211342	-44316.79400676489	-52584.81820654869	-7690.575752258301	-11593.684671163559	-21638.970365464687	-14587.216365039349	-12817.075158119202	-38333.50440621376	-44809.488192260265	-23107.374837458134	-8815.101436436176	-29862.579541385174	-11262.582939088345	-7389.768466949463	-7263.745255410671	-13544.640718460083	-18560.219387114048	-13359.727677583694	-17237.84858393669	-13324.382822990417	-15554.234558522701	-10356.844159662724	-13479.082551717758	-16233.30464822054	-58514.953805446625	-12982.03366613388	-57123.46401053667	-18656.574420452118	-12971.027475297451	-12807.776191294193	-16532.50925862789	-43435.87884306908	-12918.40308201313	-12831.75135153532	-14134.284223556519	-8735.38723373413	-6897.843126118183	-10569.672047257423	-13396.194894075394	-8561.270537674427	-12757.568372368813
-19608.756655454636	-11403.3069627285	-33173.52235341072	-53017.14040738344	-11916.752256453037	-68343.40569579601	-11946.314420759678	-9276.603558182716	-7549.9195239543915	-13841.403301537037	-7942.640983581543	-6557.85787832737	-7475.482654571533	-8649.009859323502	-15806.604491055012	-43797.11740809679	-52164.28778153658	-7763.85612487793	-11443.049649000168	-21421.79488259554	-14447.194707989693	-12847.20707654953	-37964.04858875275	-44470.25509464741	-22746.79067492485	-8910.433399021626	-29624.780695080757	-11418.73857241869	-7318.521202087402	-7244.871825158596	-13441.139493703842	-18392.92802530527	-13112.495461285114	-16997.48628002405	-13174.970175802708	-15417.641105413437	-10352.158677101135	-13379.078913450241	-16092.71345692873	-58278.628463089466	-14688.292783141136	-56595.37464129925	-18502.635620176792	-12895.380435347557	-12706.250050365925	-16392.823466300964	-43170.22919648886	-12752.30704009533	-12653.290918707848	-12378.489059507847	-8717.671043395996	-6862.273988544941	-10474.377119660378	-13351.90152066946	-8561.17650872469	-12873.606572687626
-17616.209206581116	-13340.26035875082	-34046.60687571764	-54059.22121500969	-12519.424142241478	-68896.49889481068	-11830.345308363438	-8980.885161221027	-7660.915668129921	-15022.07490068674	-8010.455942153931	-6589.821548044682	-8144.979682922363	-8600.020357847214	-16835.318310022354	-44988.404858767986	-53918.354690909386	-7724.127960205078	-12388.256548821926	-27450.81048041582	-15260.024821639061	-16808.296644449234	-38439.5459471941	-45871.943940877914	-22867.91519767046	-8724.655821323395	-30038.867000579834	-10723.431636810303	-7352.289941012859	-7094.46250462532	-13716.88849890232	-18630.416595876217	-12511.172387778759	-16927.664457678795	-12612.63861566782	-15039.182083547115	-11144.93232691288	-14539.90009701252	-14646.206849873066	-60761.455994963646	-13051.542790174484	-58124.20447254181	-16536.693330585957	-13544.906867980957	-13906.388959944248	-18378.86447787285	-44722.15359824896	-13207.838524878025	-13096.226505339146	-13808.25957775116	-9216.418315887451	-7392.201581060886	-12112.28122395277	-14451.020666778088	-9507.451152563095	-12153.253017246723
-17645.224426686764	-13333.884556353092	-34022.117851793766	-53967.29480624199	-12466.464021265507	-68639.45992541313	-11832.222143232822	-8977.627482235432	-7647.544925332069	-15051.61097842455	-8011.692118644714	-6583.498603403568	-8130.787891387939	-8658.747767210007	-16735.04890012741	-44922.35679239035	-53815.05531382561	-7768.893379211426	-12264.421368658543	-27507.510625064373	-15136.546420753002	-16836.400084078312	-38387.44875860214	-45896.82799589634	-22873.44145053625	-8717.589607715607	-29964.808119893074	-10737.834086120129	-7355.655121982098	-7039.63609623909	-13705.083335518837	-18607.532171547413	-12425.515951037407	-16858.165900588036	-12559.426824212074	-15015.451619386673	-10593.32682955265	-16329.06232881546	-13145.473241984844	-60778.167786836624	-13038.383502960205	-58066.89624065161	-16546.07313466072	-13528.876587808132	-13959.224077999592	-18361.582559466362	-44602.89485669136	-14592.656427323818	-14486.471808254719	-13979.516219258308	-9232.113813400269	-7366.5232822299	-12145.481346964836	-14417.869067311287	-9493.634189367294	-12154.399272203445
-19924.664964556694	-11135.016322016716	-32717.41357856989	-52470.04448527098	-11701.95131880045	-67549.05432605743	-12058.041019380093	-9358.48067677021	-7446.097044706345	-13696.534717857838	-8037.566506385803	-6504.940046906471	-7362.517246246338	-8769.36156964302	-15530.056931376457	-43303.74273008108	-51493.11226069927	-7870.231918334961	-11290.967837452888	-21111.530444085598	-14165.139103472233	-12481.487170994282	-37476.969290971756	-43950.01939624548	-22577.13819950819	-8978.397504627705	-29249.11592245102	-11543.248718380928	-7247.593746185303	-7129.778346002102	-13256.220461130142	-18171.413799643517	-12954.311542928219	-16866.080069243908	-12998.024555027485	-15240.375390470028	-9621.578899264336	-14998.738693416119	-14485.875088751316	-57504.144791960716	-14511.873986423016	-55988.28497940302	-18270.89570093155	-12741.723109543324	-12576.22748708725	-16085.075175881386	-42537.84222954512	-12570.549630641937	-12494.811494469643	-13813.79972332716	-8604.080387115479	-6797.077089250088	-10349.309729635715	-13171.418325603008	-8438.408492863178	-13028.808298945427
-17932.117515683174	-13071.969718039036	-33590.49810087681	-53512.125292897224	-12304.62320458889	-68102.1475250721	-11942.071906983852	-9062.762279808521	-7557.093188881874	-14877.206317007542	-8105.381464958191	-6536.903716623783	-8032.014274597168	-8720.372068166733	-16558.7707503438	-44495.03018075228	-53247.17917007208	-7830.503753662109	-12236.174737274647	-27140.54604190588	-14977.969217121601	-16442.576738893986	-37952.46664941311	-45351.70824247599	-22698.2627222538	-8792.619926929474	-29663.202227950096	-10847.941782772541	-7281.36248511076	-6979.369025468826	-13531.969466328621	-18408.902370214462	-12352.988469421864	-16796.25824689865	-12435.692994892597	-14861.916368603706	-10414.35254907608	-16159.559876978397	-13039.368481695652	-59986.972323834896	-12875.123993456364	-57517.11481064558	-16304.953411340714	-13391.249542176723	-13776.366396665573	-18071.11618745327	-44089.76663130522	-13026.081115424633	-12937.74708110094	-15243.570241570473	-9102.827659606934	-7327.004681766033	-11987.213833928108	-14270.537471711636	-9384.683136701584	-12308.454743504524
-19071.60234415531	-11314.670186936855	-32678.71693533659	-52208.89783543348	-11762.403726816177	-67426.91234594584	-12092.483617305756	-9449.577165961266	-7436.200800418854	-13472.0777759552	-8068.071826934814	-6488.449603676796	-7399.223773956299	-8748.589213371277	-15566.914176523685	-43001.255168259144	-51460.99870455265	-7910.5837326049805	-11366.82541590929	-20973.908870100975	-14435.19732171297	-16132.965574920177	-37442.81366837025	-43646.487464904785	-22446.555222272873	-9043.73647671938	-29161.75296473503	-11497.720366537571	-7229.230155944824	-7120.89232724905	-13218.458672761917	-18100.846735715866	-12122.695814490318	-15707.914411187172	-12285.848390996456	-14545.479936659336	-10251.627186238766	-13179.827659726143	-15807.457325816154	-57388.68566548824	-12775.337773501873	-55423.61560690403	-18541.579208552837	-12621.975860059261	-12400.128074467182	-16060.284547030926	-42360.89858877659	-12595.669284045696	-12492.151899695396	-12520.329439103603	-8564.062141418457	-6814.739696323872	-10319.849087417126	-13148.563429653645	-8417.34078246355	-13015.442866325378
-18917.498003661633	-11314.177971422672	-32588.545283019543	-52104.72388499975	-11649.245207250118	-67107.16994380951	-12168.537147939205	-9405.646470546722	-7442.234529912472	-13594.831504940987	-8091.073275566101	-6469.181866288185	-7380.758825302124	-8703.107360839844	-15354.353635787964	-42840.97706747055	-51110.01315617561	-7944.716217041016	-11316.721375226974	-26055.97114443779	-13975.838854253292	-16486.82866460085	-37371.41637611389	-43581.41082966328	-22178.152757287025	-8997.566012203693	-29209.407867729664	-11547.29987514019	-7264.896759033203	-7090.405960023403	-13184.487298607826	-18110.45305210352	-12094.673905432224	-15659.204818069935	-12236.252608180046	-14411.795910060406	-9724.60792863369	-14910.898206233978	-14326.941012561321	-57195.226931869984	-12750.999000370502	-54858.9714679122	-15940.576596021652	-12764.689257144928	-12371.166238367558	-16081.111156105995	-42344.40396374464	-12564.989842116833	-12493.521252930164	-12367.716574311256	-8556.114683151245	-6703.569003343582	-10346.961545944214	-13105.361272454262	-8404.511116325855	-13019.45749181509
-18084.222919523716	-13092.934384822845	-33337.18707638979	-52974.7246491909	-12227.112269878387	-67271.36774736643	-12083.38512134552	-9160.648387730122	-7505.4109073877335	-14736.888355016708	-8177.709834098816	-6457.531150400639	-7998.110363006592	-8800.378189086914	-16448.76449918747	-43975.35358208418	-52826.64874505997	-7903.784126281738	-12085.539715111256	-26923.37055903673	-14837.947560071945	-16472.708657324314	-37583.010831952095	-45012.47514486313	-22337.678559720516	-8887.951889514923	-29425.40338164568	-11004.097416102886	-7210.115220248699	-6960.495595216751	-13428.46824157238	-18241.611008405685	-12105.756253123283	-16555.89594298601	-12286.280347704887	-14725.322915494442	-10409.667066514492	-16059.55623871088	-12898.777290403843	-59750.64698147774	-14581.38311046362	-56989.02544140816	-16151.014611065388	-13315.60250222683	-13674.840255737305	-17931.430395126343	-43824.116984725	-12859.985073506832	-12759.286648273468	-13487.775077521801	-9085.111469268799	-7291.435544192791	-11891.918906331062	-14226.244098305702	-9384.589107751846	-12424.492943823338
-20150.26709884405	-11237.809340834618	-32315.635645270348	-51504.611863434315	-11589.428636848927	-66683.26358294487	-12384.661786973476	-9475.133828759193	-7427.75981014967	-13661.7190721035	-8140.22579574585	-6491.602480530739	-7317.2056674957275	-8852.434693336487	-15184.791087687016	-42587.99635344744	-50385.584575235844	-7917.584396362305	-11139.565670251846	-25827.237156152725	-13814.144278347492	-12724.146265089512	-37025.444921314716	-43114.55995416641	-22017.736963152885	-9124.906198322773	-28935.814230561256	-11687.101656734943	-7215.165626525879	-7099.643466889858	-13061.448173642159	-17932.933337926865	-12061.027619242668	-15709.991703629494	-12186.143536150455	-14361.510706305504	-10144.738442897797	-12923.148176908493	-15746.606371581554	-56416.19818818569	-12684.779159128666	-54484.53676432371	-18400.576022088528	-12643.810799062252	-12258.995332717896	-16130.184584617615	-41902.92369455099	-12401.553925395012	-12323.146252989769	-12284.093826651573	-8495.307838439941	-6707.816974461079	-10308.656474888325	-12982.512551367283	-8376.800426781178	-13304.10513329506
-20279.159390091896	-11066.441110134125	-32273.0543872118	-51711.9606885314	-11541.796089053154	-66768.06247496605	-12241.588664650917	-9486.917081952095	-7371.958235502243	-13470.891058146954	-8181.584007263184	-6427.552721619606	-7273.472118377686	-8891.172959566116	-15315.18120276928	-42675.60324072838	-50653.79357969761	-7968.063591003418	-11170.091697633266	-20774.895021259785	-14140.846387207508	-12244.61375194788	-36920.47179943323	-43222.36295557022	-22206.324326455593	-9128.968372166157	-28830.51065737009	-11712.076235949993	-7145.082042694092	-7049.217272698879	-13071.348649263382	-17887.13285893202	-11979.09878385067	-15764.504879117012	-12155.507612526417	-14425.842496216297	-10087.280972957611	-12956.97639733553	-15770.970649302006	-56603.82485431433	-14350.89886122942	-55166.1232008338	-18048.202355504036	-12582.990922868252	-12436.755742192268	-15995.423391103745	-41834.50214123726	-12383.077102720737	-12308.085846722126	-13784.791518092155	-8482.82628250122	-6741.26913434267	-10224.636656999588	-13005.063311815262	-8334.721763432026	-13198.601110577583
-18069.099916160107	-13115.568834125996	-33281.258653998375	-52812.44397509098	-12218.04155242443	-67153.40555244684	-12047.89995676279	-9185.36409264803	-7510.499255776405	-14744.193846821785	-8180.9397230148315	-6452.7000651955605	-7980.75239944458	-8842.058962583542	-16366.244022548199	-43911.232649326324	-54083.41637432575	-7897.986488342285	-12020.150537371635	-27047.282770693302	-14803.174943387508	-17142.410595536232	-37543.764181256294	-44957.08691996336	-22377.910718023777	-8909.107651233673	-29323.386118650436	-10969.869388997555	-7228.966187655926	-6912.466235399246	-13414.023334145546	-18198.36623173952	-12684.45125234127	-16541.122265577316	-12312.886277377605	-14670.86741667986	-10719.116304039955	-16034.196259200573	-12870.25130701065	-59460.73867511749	-13280.424686610699	-56847.225236713886	-16965.857994258404	-13245.839677155018	-13703.4937505126	-18029.666212439537	-43662.1825761199	-14328.209637105465	-14227.307202637196	-13769.736213803291	-9029.697427749634	-7274.340806186199	-11972.93195182085	-14116.221960186958	-9328.638648748398	-12417.179624557495
-18425.34327787161	-12996.504190325737	-33013.83121192455	-52324.453852415085	-12173.102399587631	-66711.959887743	-12262.131311655045	-9274.672948539257	-7451.356273293495	-14660.09405630827	-8208.275696754456	-6487.930815279484	-7947.343452453613	-8927.473485708237	-16254.387365162373	-43554.65011757612	-52238.24976813793	-7925.548240661621	-11953.035916864872	-26583.385981082916	-14688.548314154148	-16232.658175230026	-37272.301948308945	-44449.5130802989	-22247.841185986996	-8998.024285793304	-29107.387279212475	-11054.053474247456	-7173.604745090008	-6926.314677476883	-13267.620107531548	-18056.290945351124	-12057.52307921648	-16418.686149835587	-12189.566433370113	-14617.40943723917	-10263.564016222954	-15914.317251741886	-12748.09095776081	-58981.99537783861	-12763.183384776115	-56264.993481993675	-18872.65097093582	-13080.05165553093	-13396.019119083881	-17737.616689145565	-43276.64619612694	-12727.383928656578	-12614.498277068138	-13575.000914692879	-8991.949827194214	-7303.957177996635	-11823.758875668049	-14066.412299990654	-9316.729421377182	-12681.184067308903
-20289.668902158737	-10960.266378998756	-32183.31818431616	-51601.28662264347	-11996.529161155224	-66292.80587267876	-12275.862329661846	-9574.499965310097	-7343.054083585739	-14154.022211909294	-8199.095086097717	-6435.650629639626	-7222.521827697754	-8987.01377773285	-15229.149275302887	-42409.94312751293	-50394.958068430424	-8012.467823028564	-11161.628383934498	-20539.50749230385	-13897.368173539639	-12354.124848306179	-36931.22856968641	-43186.289509773254	-22321.320675432682	-9149.757398426533	-28696.836090028286	-11352.469697237015	-7128.293243408203	-6958.076250970364	-13007.357790231705	-17769.14308422804	-11879.45046544075	-15560.1592066288	-12070.11687630415	-14284.546326756477	-9332.760982334614	-15958.041654765606	-12733.038713634014	-56576.77182596922	-12242.153962135315	-54608.056890428066	-17787.53055047989	-12919.8338483572	-12602.267654836178	-17582.21504753828	-41992.7861263752	-12398.670813798904	-12295.108009040356	-12296.313575387001	-8424.136896014214	-6696.193084657192	-10228.279619157314	-13473.44770115614	-8252.593846023083	-13263.11405402422
-19002.74939239025	-12389.227285146713	-31857.031967699528	-50709.44879627228	-11724.97492825985	-64078.819004654884	-12523.1654509902	-9513.871250152588	-7275.48367536068	-13990.151675403118	-8316.830130577087	-6362.764433860779	-7622.1953125	-9159.449331998825	-15724.648630559444	-41972.412935972214	-50094.60450512171	-8063.59098815918	-11527.55783623457	-25695.61277371645	-14239.17849868536	-15769.360371768475	-35960.43707746267	-42959.91755014658	-21467.58957540989	-9228.813789844513	-28054.899378299713	-11521.509123265743	-7356.235856235027	-7125.454896211624	-12853.625718712807	-17475.002061665058	-11629.125353574753	-15735.350481271744	-11750.955072700977	-14084.971608936787	-9860.39633756876	-15488.510214567184	-12253.597821950912	-56688.67485040426	-12141.98494309187	-54240.42000025511	-15305.05485534668	-12698.018618881702	-13071.506051421165	-17084.371773719788	-41820.300265431404	-12294.321277320385	-12190.644606471062	-12835.61767077446	-8652.171459197998	-7026.766522586346	-11266.892414331436	-13386.015887856483	-8921.745746135712	-13050.895590007305
-21033.064966499805	-10555.141588151455	-30799.32415777445	-49405.58614444733	-11052.66346347332	-63703.546980679035	-12784.62747579813	-9906.414121747017	-7077.895811796188	-12908.799443423748	-8515.295783996582	-6189.823370575905	-6981.149654388428	-9272.551945924759	-14711.791014134884	-40846.05487912893	-48431.789793252945	-8292.132011413574	-10689.708263218403	-19695.355335712433	-13480.60349559784	-11686.750225782394	-35312.0081448555	-41342.631600022316	-21233.264874577522	-9526.758579075336	-27537.956607222557	-12212.978377521038	-6920.376461029053	-6831.820017755032	-12513.939090967178	-17121.39375370741	-12276.537248969078	-15948.438273072243	-12296.490455925465	-14378.550413906574	-9622.091801583767	-12425.76480948925	-15170.197450637817	-54054.99723029137	-13781.378477096558	-52778.33310216665	-17288.15427839756	-12009.146414160728	-11872.180176615715	-15187.236174106598	-40052.06148093939	-11819.948892712593	-11745.109431147575	-13105.204632341862	-8127.749496459961	-6464.555452167988	-9785.050921082497	-12430.57491749525	-7990.711166203022	-13782.529676318169
-21487.204780817032	-11552.087784349918	-30593.317841529846	-48409.03786432743	-10881.024248123169	-62717.57714313269	-13102.696274638176	-10010.7955378294	-7032.405981719494	-12406.011029064655	-8657.972239494324	-6172.292573928833	-7289.7441120147705	-9413.30701136589	-14893.381196439266	-39886.2910220027	-47518.79467749596	-8469.570217132568	-10952.632470071316	-19301.953825891018	-13877.700571656227	-11347.347265005112	-34388.005608677864	-40744.42607098818	-20887.258529901505	-9687.632906913757	-27128.177040100098	-12513.155638158321	-6742.835259616375	-6880.819193124771	-12194.111509084702	-16711.50171840191	-11271.05666166544	-15160.426861763	-11521.583017349243	-13769.607453346252	-9423.498073458672	-13841.911811232567	-13582.981389701366	-53589.826046943665	-11151.936110556126	-51994.76466310024	-14088.84425586462	-11837.692615270615	-12249.109305918217	-14895.455109119415	-39486.04828888178	-11731.91198605299	-11645.623654186726	-11441.291360795498	-8306.550506711006	-6766.669041335583	-10441.590546488762	-12012.883702218533	-8440.942716240883	-13681.483019649982
-21398.06890410185	-10380.391645133495	-30265.228763520718	-48536.82828181982	-11347.241305828094	-62447.29852730036	-13002.448786079884	-10122.433410286903	-6974.852850675583	-13366.286937475204	-8676.824363708496	-6120.533953309059	-6841.154235839844	-9490.204154014587	-14410.883358061314	-39952.25527656078	-47333.6356009841	-8434.367916107178	-10560.368809700012	-19123.332383930683	-13212.832565665245	-11559.387903094292	-34766.267423570156	-40578.90171355009	-20977.447350502014	-9698.118472874165	-26985.676774799824	-12022.199356377125	-6801.075958251953	-6660.117922723293	-12265.07642006874	-16719.12303829193	-11201.67617148161	-14642.517410457134	-11368.58277720213	-13422.721350193024	-9333.273884654045	-13385.067770838737	-13417.361075520515	-53127.62426429987	-11511.658452808857	-51398.1050131917	-16804.7891279459	-12187.257152974606	-11898.220344364643	-16684.376045763493	-39507.00537776947	-11648.07007586956	-11545.405945718288	-11587.718484401703	-7947.806005358696	-6363.671447575092	-9664.020810604095	-12732.604293048382	-7804.8965193629265	-14016.835431396961
-19508.531230568886	-12244.7690102458	-30962.988880753517	-49363.17038625479	-11363.02347689867	-62631.50903224945	-12921.698176383972	-9790.458951294422	-7033.38719522953	-13804.28449690342	-8750.364634513855	-6089.496642649174	-7503.777362823486	-9423.920275688171	-15353.951022267342	-41024.29105311632	-49094.15075677633	-8432.060012817383	-11332.19832932949	-25196.931012153625	-13871.356347680092	-15312.251806557178	-34930.97038805485	-41884.85165023804	-20824.152759373188	-9504.277069568634	-27338.57929378748	-11798.337221205235	-6811.97047919035	-6547.443787813187	-12501.267838835716	-16970.076736807823	-11269.798040807247	-15506.847936034203	-11407.800627827644	-13686.23222398758	-9679.600190997124	-15106.24213474989	-11976.26128411293	-55527.01574867964	-13674.46880441904	-53171.98390227556	-14936.533269286156	-12429.368481040001	-12840.770381987095	-16725.843102931976	-40705.94926917553	-11927.626926124096	-11851.105160713196	-14214.490650355816	-8495.189922332764	-6893.717007815838	-11202.592707753181	-13304.917495131493	-8814.123765230179	-13333.41604745388
-21456.94045597315	-10336.825865924358	-30058.464959979057	-48250.73531329632	-10804.240994632244	-62217.492607712746	-13000.305289328098	-10114.150732159615	-6940.850142240524	-12601.382311820984	-8684.5433883667	-6059.024832367897	-6831.114162445068	-9455.863141298294	-14342.986136555672	-39834.93073606491	-48700.15085375309	-8421.225120544434	-10445.437431931496	-19235.127481341362	-13147.232018232346	-11992.760737240314	-34468.32356750965	-40402.89052408934	-20737.73414206505	-9718.276622593403	-26896.53460597992	-12445.013680398464	-6793.687526702881	-6704.650156915188	-12222.879089593887	-16712.227813899517	-12535.472550272942	-15631.394638061523	-12049.949909090996	-14033.96621119976	-9747.881276071072	-12130.898739874363	-14894.975515663624	-52737.568118572235	-14023.419660747051	-51558.66209822893	-17707.939137995243	-11726.109503507614	-11616.449849128723	-14855.319827079773	-39111.34920036793	-11555.50210249424	-11485.944825530052	-12895.424626886845	-7925.333110809326	-6372.372976124287	-9612.50152593851	-12128.927810370922	-7825.7156255841255	-14045.310028672218
-20835.032076895237	-10390.547069132328	-29637.680198431015	-47305.4981815815	-10653.635609269142	-61077.12359136343	-13326.90960764885	-10247.367702841759	-6864.47390216589	-12445.115386128426	-8766.622307777405	-6052.174457192421	-6801.755002975464	-9533.750864982605	-13955.156773686409	-38949.53447532654	-46368.58576595783	-8568.036590576172	-10280.241169035435	-23772.37153673172	-12719.826738893986	-15116.453250169754	-34039.21123111248	-39551.5921728611	-20214.205420672894	-9819.295551121235	-26566.768831133842	-12547.651371717453	-6758.994277954102	-6624.299804627895	-11992.937537074089	-16486.30735564232	-10963.250302910805	-14232.584714055061	-11111.64632678032	-13128.198287189007	-8843.752520263195	-13712.341477036476	-13113.147482335567	-51966.6187530756	-11732.144085645676	-49789.8086001277	-17293.79281383753	-11567.257349312305	-11156.749087035656	-14542.024365603924	-38413.11581301689	-11333.934507966042	-11262.09096133709	-11425.862820267677	-7855.31530380249	-6282.802963197231	-9494.180389106274	-11979.90949755907	-7766.092058479786	-14301.109919250011
-22170.480188548565	-9968.891051888466	-28856.745713055134	-46249.201394855976	-10350.41548717022	-59601.00066590309	-13513.090767085552	-10451.089887738228	-6696.3238360881805	-12150.600246727467	-8994.261238098145	-5868.383749604225	-6585.590270996094	-9834.46973156929	-13793.255686998367	-38322.318961799145	-45267.16794872284	-8758.797523498535	-9964.613508820534	-18335.88037198782	-12672.589486837387	-10920.116720199585	-33094.949810147285	-38760.12785881758	-19894.917802512646	-10068.05343991518	-25752.738411307335	-12897.110485970974	-6596.524356842041	-6479.035281121731	-11759.85255742073	-16048.489283442497	-11513.106518268585	-14961.297919809818	-11541.744565367699	-13492.994973182678	-9070.999206542969	-11641.953157365322	-14353.786204636097	-50622.561460494995	-13037.72368055582	-49511.072993040085	-16314.792659938335	-11260.539438605309	-11220.967984199524	-14272.115253925323	-37447.02199077606	-12454.166057229042	-12385.652670741081	-12567.866182863712	-7667.114103317261	-6106.355516254902	-9253.992235541344	-11656.579909920692	-7529.196876347065	-14537.397308647633
-20262.436806976795	-11733.46948826313	-29489.258651316166	-47056.795842170715	-10873.890851318836	-59566.99353796244	-13464.736987531185	-10209.955991089344	-6739.324771523476	-13242.192882180214	-9084.076411247253	-5851.767291605473	-7211.4548988342285	-9805.299262046814	-14750.560833632946	-39194.742691516876	-46872.14697033167	-8756.128433227539	-10851.814894914627	-24117.391326606274	-13211.113456070423	-14754.388280391693	-33322.506733477116	-40005.12029469013	-19851.093307495117	-9902.067276477814	-26046.025243639946	-12299.23936277628	-6587.2648975253105	-6330.046532869339	-11943.858280539513	-16204.337631583214	-11567.236505925655	-15690.781329989433	-11548.783471226692	-13638.940141677856	-9214.41101962328	-14575.03054690361	-11375.488085448742	-52978.18812465668	-13104.948420286179	-50784.19380360842	-14176.48519217968	-11855.523972332478	-12276.194816410542	-15917.65588593483	-38923.50860887766	-11364.498716115952	-11288.128745138645	-13534.903764605522	-8140.113136291504	-6617.003325641155	-10763.00697183609	-12730.429100811481	-8470.113168001175	-13917.344613194466
-22594.355678021908	-9750.57532966137	-28115.886515259743	-45094.35056370497	-10101.993018329144	-58114.9462929368	-13728.76858061552	-10658.826498150826	-6559.2781665325165	-11843.183115124702	-9163.508842468262	-5737.585211396217	-6435.554779052734	-10017.780926942825	-13424.450809419155	-37311.19481873512	-45535.529009222984	-8887.890632629395	-9720.342677533627	-17875.65251761675	-12339.218009471893	-11226.127231657505	-32251.265232801437	-37820.3867828846	-19399.38707000017	-10259.571483433247	-25111.316410064697	-13129.1457888484	-6469.835422515869	-6351.865420281887	-11468.79255604744	-15639.323343634605	-11772.041819572449	-14644.254284799099	-11295.20401853323	-13148.410770475864	-9196.788681030273	-11347.087087750435	-14078.564269661903	-49305.132348775864	-13279.764864206314	-48291.40198910236	-16734.57751953602	-10977.502527952194	-10965.237656712532	-13940.198906898499	-36506.3097102046	-12189.719267010689	-12126.488065123558	-12358.086177408695	-7464.697717666626	-6014.173040211201	-9081.442840397358	-11354.932802796364	-7364.2013357281685	-14800.177661001682
-21943.43207883835	-9810.672335267067	-27719.590777635574	-44241.03984075785	-10004.347753942013	-57231.61624598503	-14053.496064066887	-10795.301147818565	-6496.2726692557335	-11657.380111694336	-9244.351585388184	-5737.057780861855	-6420.387411117554	-10036.941241264343	-13136.890856444836	-36491.84662437439	-43307.263298511505	-8989.936683654785	-9678.98159480095	-22356.196428358555	-12035.291131019592	-14321.716304957867	-31874.250084996223	-36944.204376637936	-18870.332095742226	-10367.656625568867	-24855.60951590538	-13217.381030857563	-6431.776992797852	-6326.341476380825	-11250.656166911125	-15436.287309706211	-10285.476008951664	-13314.942917883396	-10410.112227678299	-12266.373310625553	-8844.265422582626	-11139.367593109608	-13797.469844222069	-48517.47119140625	-11001.648576319218	-46579.85672289133	-16311.05139130354	-10834.68065392971	-10452.701776564121	-13644.185363829136	-35927.33506441116	-10583.333770036697	-10512.388898015022	-10717.26772928238	-7378.984413146973	-5950.281326115131	-8929.921580553055	-11239.066089451313	-7318.39473181963	-15054.831296622753
-23404.738854050636	-10628.456882059574	-27642.45275694132	-43609.812160909176	-9885.414650142193	-56687.53079068661	-14261.06873434782	-10852.516770124435	-6454.645353972912	-11256.294910252094	-9333.521271705627	-5755.285164833069	-6710.74028968811	-10243.950515508652	-13494.184334337711	-35994.848429858685	-42777.367287278175	-9092.890590667725	-9916.152263879776	-17018.354218184948	-12621.68845629692	-9976.971850574017	-31055.800463676453	-36714.607414186	-18923.311193287373	-10509.362445831299	-24485.538003504276	-13513.507134735584	-6236.932778537273	-6414.713037729263	-11002.561747550964	-15087.356021940708	-10139.63305914402	-13733.806757748127	-10396.976735949516	-12486.009830474854	-8542.642665088177	-12643.355082035065	-12369.187859475613	-48361.21786814928	-10133.081195831299	-46925.60179531574	-15442.060473680496	-10640.260707437992	-11034.692154586315	-13356.368318617344	-35554.76013815403	-10500.856651902199	-10414.19336259365	-10499.437606751919	-7605.751127362251	-6345.903001189232	-9588.809389650822	-10887.431927323341	-7802.5236583948135	-14963.135447084904
-23111.89613300562	-10721.580044448376	-27691.449130892754	-43887.62704759836	-10324.51801353693	-56949.50322306156	-14262.089121460915	-10922.899567306042	-6393.204116761684	-12115.539729893208	-9586.747099876404	-5592.006014406681	-6739.008279800415	-10276.809149503708	-13618.385743439198	-36214.82117497921	-43198.18295043707	-9304.343566894531	-10147.550075232983	-17151.709426999092	-12581.864599108696	-10205.012850940228	-31204.334543406963	-37025.898929059505	-19014.944737911224	-10532.246287345886	-24567.023073017597	-13100.106856524944	-5854.563798129559	-5913.708734750748	-11035.48140001297	-15038.566572904587	-10134.306736528873	-13809.936847865582	-10391.503737151623	-12367.746922373772	-8488.69483858347	-13887.73510491848	-10952.035278081894	-48951.96635520458	-9845.179563462734	-47158.3103774786	-12476.90944224596	-11173.308707535267	-11479.83823865652	-15225.879092991352	-36044.200529158115	-10630.210608005524	-10543.404307425022	-10623.091306686401	-7614.548692703247	-6256.021839797497	-9816.674993515015	-11659.326290726662	-7803.495491266251	-14782.237797915936
-21370.836808919907	-11153.59475439787	-27571.169230520725	-43992.337501347065	-10224.602995991707	-55721.48619258404	-14191.323443949223	-10757.88943606615	-6371.123538613319	-12454.457607746124	-9561.805688858032	-5536.650615274906	-6830.087306976318	-10308.489638328552	-13932.294916391373	-36737.05484056473	-43810.82450288534	-9178.028526306152	-10250.555320680141	-22701.21621823311	-12526.57784819603	-13959.651335179806	-31157.54558736086	-37397.73249846697	-18507.21998256445	-10450.428350925446	-24334.865928411484	-12968.96902191639	-6260.0476123690605	-6032.088204622269	-11201.576910376549	-15154.317585647106	-10889.462211966515	-14773.139533817768	-10847.249372124672	-12777.115165114403	-9214.92392194271	-12002.056662976742	-12059.810447335243	-49529.04056298733	-12374.45291095972	-47574.24192637205	-13193.743769645691	-11122.947276949883	-11572.147505939007	-15019.816884160042	-36437.72786027193	-10613.897978186607	-10538.426681816578	-12826.308673620224	-7663.782245635986	-6284.481688559055	-10198.748163282871	-11989.585692703724	-8022.415841341019	-14671.065990567207
-21399.852029025555	-11147.218952000141	-27546.68020659685	-43900.411092579365	-10171.642875015736	-55464.44722318649	-14193.200278818607	-10754.631757080555	-6357.752795815468	-12483.993685483932	-9563.041865348816	-5530.327670633793	-6815.8955154418945	-10367.217047691345	-13832.02550649643	-36671.00677418709	-43707.52512580156	-9222.7939453125	-10126.720140516758	-22757.91636288166	-12403.09944730997	-13987.754774808884	-31105.448398768902	-37422.61655348539	-18512.74623543024	-10443.362137317657	-24260.807047724724	-12983.371471226215	-6263.412793338299	-5977.261796236038	-11189.771746993065	-15131.433161318302	-10803.805775225163	-14703.640976727009	-10794.037580668926	-12753.38470095396	-8663.318424582481	-13791.218894779682	-10559.076839447021	-49545.752354860306	-12361.293623745441	-47516.93369448185	-13203.123573720455	-11106.916996777058	-11624.98262399435	-15002.534965753555	-36318.46911871433	-11998.7158806324	-11928.671984732151	-12997.565315127373	-7679.477743148804	-6258.803389728069	-10231.948286294937	-11956.434093236923	-8008.598878145218	-14672.21224552393
-22826.229946494102	-9128.004582583904	-26203.279290139675	-42142.01412177086	-9467.582580566406	-54251.899643719196	-14453.46175289154	-11226.581440806389	-6146.408670902252	-10904.460483014584	-9619.421573638916	-5435.278670907021	-6084.331398010254	-10457.058493852615	-12663.890782892704	-34749.905150055885	-41353.46851652861	-9364.484298706055	-9229.124187767506	-16224.314607918262	-11701.75034826994	-13284.32026565075	-30160.813308537006	-35172.27602249384	-18085.860007166862	-10769.50900632143	-23457.75189256668	-13743.257751643658	-6136.987827301025	-6058.518027245998	-10703.147084236145	-14624.747725486755	-10500.985638678074	-13553.389487326145	-10520.459147453308	-12283.413018226624	-8321.618781268597	-10641.984225690365	-13221.060923278332	-46156.270233511925	-12098.24789428711	-44873.65306073427	-15198.629647612572	-10200.016269028187	-10065.88662046194	-12701.236953318119	-34076.47285079956	-10001.728737354279	-9934.352076172829	-11538.378534972668	-7011.426071166992	-5707.019803822041	-8406.316026747227	-10687.12845557928	-6932.305471241474	-15533.255839645863
-23904.894701182842	-9051.143736481667	-25840.198000073433	-41437.72814977169	-9294.607490599155	-53508.25088071823	-14745.639922559261	-11252.138103604317	-6137.967680633068	-11094.101779162884	-9691.575542449951	-5438.431547760963	-6002.313291549683	-10560.903973817825	-12281.767694056034	-34336.64633524418	-40278.0543872118	-9371.484962463379	-9001.864442110062	-21077.642893970013	-11080.69730490446	-9875.500955820084	-29743.444561481476	-34640.34851175547	-17657.041748046875	-10850.678727924824	-23231.813158392906	-13932.63904184103	-6122.92329788208	-6037.2691668868065	-10546.136585116386	-14456.834327697754	-10439.317443430424	-13555.466779768467	-10420.754292607307	-12099.443787872791	-8214.730037927628	-10385.304742872715	-13160.209969043732	-45183.78275620937	-12007.689279913902	-43934.57421815395	-15057.626461148262	-10221.851208031178	-9924.753878712654	-12771.136990904808	-33618.49795657396	-9807.613378703594	-9765.346429467201	-11302.142922520638	-6942.671768188477	-5600.097081959248	-8395.123414218426	-10521.07757729292	-6891.765115559101	-15821.918106615543
-21823.727518498898	-10928.903229773045	-26805.82100880146	-42745.560261428356	-9923.22040617466	-53978.3928502202	-14408.878092348576	-10962.368367493153	-6220.707126259804	-12176.576553881168	-9732.289469718933	-5399.529132425785	-6665.860023498535	-10550.52824306488	-13463.220628917217	-35659.882631123066	-43975.88618630171	-9351.88705444336	-9882.44930922985	-22297.68850851059	-12069.727969944477	-14293.765286266804	-30261.763821423054	-36482.875477552414	-18017.215502917767	-10634.880180835724	-23619.385046482086	-13215.406774103642	-6136.723859012127	-5850.0919353961945	-10898.711745619774	-14722.26722151041	-11062.741076529026	-14386.59734171629	-10547.497033834457	-12408.800498247147	-8789.107899069786	-13496.352825164795	-10283.854904472828	-48228.323243141174	-12603.334807395935	-46297.26269054413	-13622.908433318138	-10823.880086123943	-11369.252296507359	-14670.61861872673	-35377.75683814287	-11734.269090414047	-11669.507379114628	-12787.785309672356	-7477.061357498169	-6166.620913684368	-10059.398891150951	-11654.786986112595	-7843.603337526321	-14934.99259787798
-24513.138855993748	-10048.582148194313	-25724.363336145878	-40545.353820085526	-9236.126794815063	-52842.02344530821	-14987.655190765858	-11400.450215101242	-6086.444121062756	-10468.559635818005	-9811.250549316406	-5440.168488502502	-6329.3726978302	-10747.14089179039	-12675.918417096138	-33537.160578906536	-39716.04481983185	-9514.790683746338	-9314.89268964529	-15602.179109811783	-11937.152848422527	-9182.23490536213	-28890.839317560196	-34107.21961796284	-17579.437868356705	-11057.72352027893	-22774.378688275814	-14183.236793875694	-5909.715493381023	-6116.754709482193	-10260.280377388	-14037.3359760046	-9461.85876518488	-12816.164961576462	-9695.442636847496	-11624.1848539114	-8543.155567407608	-10070.381198108196	-13053.510221362114	-44912.07030647993	-9402.58568650484	-43715.649918079376	-14459.319051146507	-9907.684012055397	-10330.64484411478	-12458.529316842556	-33068.9793895483	-9750.255913972855	-9664.491299271584	-9790.84251576662	-7129.420236706734	-6013.381364107132	-9024.550581097603	-10146.588519215584	-7354.826331734657	-15716.856824457645
-22508.252030968666	-10567.34421813488	-25628.59078580141	-40835.952751755714	-9522.355019688606	-51618.939877808094	-14919.786735236645	-11302.565202057362	-5989.551562905312	-11696.258411049843	-10040.771142959595	-5215.2109943032265	-6434.527923583984	-10870.407423973083	-13013.759589254856	-34213.31892323494	-40646.202658355236	-9644.694038391113	-9525.460566282272	-21341.741254508495	-11718.563839435577	-13193.017829596996	-28940.487252652645	-34815.22875726223	-17168.872910499573	-10991.72321176529	-22549.64773249626	-13653.101130366325	-5936.195508182049	-5679.303467988968	-10447.490376830101	-14081.413115382195	-10126.031481266022	-13785.999180555344	-10092.503481566906	-11891.559724390507	-8663.831326901913	-11218.245010852814	-11243.399201333523	-46096.604793190956	-11630.798114418983	-44306.98181724548	-12220.382151186466	-10374.340301394463	-10920.935313522816	-14104.695963978767	-33832.688370108604	-11248.115142703056	-11178.969921410084	-12288.970224142075	-7203.146852493286	-5926.281752645969	-9667.689477741718	-11215.590685129166	-7560.901551485062	-15425.933622896671
-22932.12752044201	-10349.028495907784	-24887.73158800602	-39681.101920604706	-9273.93255084753	-50132.885504841805	-15135.464548766613	-11510.30181246996	-5852.5058933496475	-11388.841279447079	-10210.018747329712	-5084.412456095219	-6284.492431640625	-11053.718619346619	-12644.954711675644	-33202.19478017092	-40914.56371885538	-9773.787147521973	-9281.189734995365	-20881.513400137424	-11385.192362070084	-13499.028341054916	-28096.802675306797	-33875.48768132925	-16673.3421779871	-11183.241255283356	-21908.225731253624	-13885.136433243752	-5809.506573855877	-5552.133607149124	-10156.43037545681	-13672.247175574303	-10384.966782569885	-13468.955545544624	-9845.962934732437	-11546.975521683693	-8789.620801389217	-10923.378941237926	-10968.17726635933	-44779.175681471825	-11872.839298069477	-43087.31081330776	-12640.16701078415	-10091.303390741348	-10665.204986035824	-13772.779616951942	-32891.976089537144	-10983.668352484703	-10919.80531579256	-12079.190218687057	-7000.730466842651	-5834.099276602268	-9495.140082597733	-10913.943578004837	-7395.906010866165	-15688.713975250721
-23288.37088215351	-10229.963852107525	-24620.304145932198	-39193.11179792881	-9228.99339801073	-49691.43984013796	-15349.695903658867	-11599.610668361187	-5793.362910866737	-11304.741488933563	-10237.354721069336	-5119.643206179142	-6251.083484649658	-11139.133142471313	-12533.098054289818	-32845.612248420715	-39069.39711266756	-9801.348899841309	-9214.075114488602	-20417.61661052704	-11270.565732836723	-12589.27592074871	-27825.340442359447	-33367.91384166479	-16543.272645950317	-11272.157889842987	-21692.226891815662	-13969.320518493652	-5754.145131289959	-5565.982049226761	-10010.027148842812	-13530.171889185905	-9758.038609445095	-13346.519429802895	-9722.643090724945	-11493.517542243004	-8334.068513572216	-10803.49993377924	-10846.01691710949	-44300.43238419294	-11355.597996234894	-42505.07905858755	-14546.959987461567	-9925.51536911726	-10357.730354607105	-13480.73009365797	-32506.439709544182	-9382.842644035816	-9306.996390223503	-11884.454919576645	-6962.982866287231	-5863.7156484127045	-9345.967006444931	-10864.133917808533	-7383.996783494949	-15952.718418002129
-25152.69650644064	-8193.726040780544	-23789.791118323803	-38469.944568157196	-9052.420159578323	-49272.28582507372	-15363.426921665668	-11899.437685132027	-5685.060721158981	-10798.669644534588	-10228.174110412598	-5067.363020539284	-5526.261859893799	-11198.673434495926	-11507.859964430332	-31700.905258357525	-37226.10541296005	-9888.268482208252	-8422.667581558228	-14373.73812174797	-10479.385592222214	-8710.742593824863	-27484.267063736916	-32104.690271139145	-16616.752135396004	-11423.891002476215	-21281.675702631474	-14267.736741483212	-5708.833629608154	-5597.743622720242	-9749.764831542969	-13243.02402806282	-9579.965995669365	-12487.992486596107	-9603.193533658981	-11160.654431760311	-7403.265479683876	-10847.22433680296	-10830.964672982693	-41895.20883232355	-10834.568573594093	-40848.14246702194	-13461.839567005634	-9765.297561943531	-9563.978890359402	-13325.328452050686	-31222.579639792442	-9054.129529178143	-8987.60612219572	-10605.767580270767	-6395.169935107231	-5255.951555073261	-7750.4877499341965	-10271.169318974018	-6319.86120814085	-16534.648404717445
-25606.836320757866	-9190.672236979008	-23583.7848020792	-37473.3962880373	-8880.780944228172	-48286.31598752737	-15681.495720505714	-12003.819101214409	-5639.570891082287	-10295.881230175495	-10370.85056591034	-5049.832223892212	-5834.856317520142	-11339.428499937057	-11689.450146734715	-30741.14140123129	-36313.110297203064	-10065.706687927246	-8685.59178841114	-13980.336611926556	-10876.482668280602	-8371.33963304758	-26560.26452755928	-31506.484742105007	-16270.745790719986	-11584.765330314636	-20871.896135509014	-14567.914002120495	-5531.2924281954765	-5646.742798089981	-9429.937249660492	-12833.13199275732	-8574.485408365726	-11699.981075286865	-8828.28609508276	-10551.71147119999	-7204.671751558781	-12263.371338546276	-9243.748612046242	-41430.03764897585	-8205.126207053661	-40064.57402795553	-10262.529544472694	-9593.843763053417	-9940.908019661903	-13033.547387063503	-30656.566447734833	-8966.09262251854	-8888.120345234871	-8941.854308724403	-6573.970945358276	-5558.065144240856	-8407.027375340462	-9853.4781036973	-6770.092758178711	-16433.60174804926
-24425.78610420227	-9643.713315844536	-22677.725701212883	-36036.72704833746	-8526.74542170763	-45588.893525362015	-16078.159194946289	-12144.286434352398	-5411.79093515873	-10546.542292237282	-10716.320175170898	-4798.203585207462	-5855.524101257324	-11701.050928115845	-11614.562727153301	-30321.876331090927	-35904.775268137455	-10268.01441192627	-8488.980360090733	-19058.141646802425	-10462.551724076271	-11822.642415165901	-25608.282107651234	-30785.410100460052	-15204.92557388544	-11813.45275068283	-19907.00869590044	-14653.452626943588	-5430.293027102947	-5213.19731259346	-9255.940615296364	-12457.267418920994	-8994.607878744602	-12359.37907654047	-8967.89720016718	-10607.962101519108	-7782.975918531418	-10019.688281655312	-10029.605671107769	-40867.99661439657	-10611.943199694157	-39237.81894946098	-13573.598369002342	-9176.90839356184	-9706.518162190914	-12565.609173476696	-29901.400219380856	-10017.059808552265	-9947.539629817009	-11347.116470098495	-6502.347473144531	-5505.5157124996185	-8814.908320903778	-10090.138910233974	-6922.482493638992	-16707.586050331593
-25698.05968117714	-7624.006730914116	-21244.15313243866	-34174.15612709522	-7709.526607692242	-44056.60354375839	-16414.47419965267	-12572.305422663689	-5206.480539739132	-9089.76281875372	-10795.701332092285	-4683.886848092079	-5105.495035171509	-11745.410521745682	-10233.867462813854	-28240.49660617113	-33199.73311048746	-10443.83724975586	-7541.280366659164	-17606.602166175842	-9301.844157576561	-11473.070995688438	-24592.249725162983	-28469.99293422699	-14509.636880636215	-12093.429155170918	-19151.60844373703	-15462.91841596365	-5339.534664154053	-5263.967176377773	-8735.344578385353	-11960.1882994771	-8663.76583313942	-11160.41799402237	-8644.72298413515	-10004.30639219284	-6914.257017612457	-8601.52415907383	-11211.073441684246	-37285.05575942993	-10324.558697104454	-36029.89417672157	-12968.101830363274	-8412.721062898636	-8118.46032255888	-10285.13777011633	-27642.909326434135	-7989.39322334528	-7954.5890744924545	-9735.316825151443	-5826.348342895508	-4842.5614336133	-7016.388519883156	-8777.63111537695	-5833.359420597553	-17572.644269943237
-24849.661593675613	-9425.39759361744	-21936.866503417492	-34881.87621718645	-8278.322952866554	-44102.839152395725	-16293.837008476257	-12352.023044764996	-5274.7452656030655	-10239.125160634518	-10885.567779541016	-4667.4050469994545	-5705.488609313965	-11884.36212348938	-11245.757849574089	-29310.752188026905	-36173.1363286376	-10397.107521057129	-8244.709528803825	-18597.913792431355	-10129.180246710777	-12128.652926623821	-24764.597530305386	-29845.669024527073	-14709.394841372967	-12004.970794200897	-19265.586694657803	-14885.487929821014	-5303.604092776775	-5086.027451753616	-8964.880613923073	-12048.101479113102	-9253.543180048466	-12042.33544152975	-8721.35665333271	-10263.377898812294	-7908.7653930187225	-9724.822212040424	-9754.383736133575	-39550.56750267744	-10853.98438334465	-38018.14794552326	-13993.383228600025	-8893.871482908726	-9450.787834703922	-12233.692826449871	-28960.687938809395	-9752.613018333912	-9688.375024199486	-11137.336464643478	-6299.9310874938965	-5413.333236455917	-8642.358925759792	-9788.491803109646	-6757.486953020096	-16970.366402685642
-27524.37039399147	-8267.041334688663	-20632.919717490673	-32674.170584619045	-7885.171346247196	-42256.26963508129	-16839.86818021536	-12845.540333509445	-5061.810263335705	-9146.165111362934	-11046.399598121643	-4632.824814796448	-5255.852495193481	-12170.072004079819	-10290.25328463316	-26849.698809087276	-31571.682906985283	-10689.027061462402	-7649.111582219601	-11696.737004220486	-9620.470552921295	-7000.964218616486	-23228.05938255787	-27476.66608530283	-14306.798454105854	-12406.494869232178	-18229.257098913193	-15568.265498697758	-5025.389947116375	-5180.636642694473	-8238.387488126755	-11208.98629629612	-7443.061805844307	-10273.360971271992	-7703.679813683033	-9268.11384832859	-6323.816343188286	-11064.814609348774	-8029.955081820488	-36201.429470181465	-7186.2712923288345	-34995.41116017103	-11615.74576228857	-8396.411855220795	-8726.490868330002	-11494.460596561432	-26725.278297007084	-7735.037288367748	-7656.690053641796	-8000.000554680824	-5873.1715660095215	-5137.299104094505	-7554.2462185025215	-8728.026328802109	-6131.673700332642	-17715.25417548418
-25783.311069905758	-8699.056044638157	-20512.639817118645	-32778.88103836775	-7785.256328701973	-41028.25260460377	-16769.102502703667	-12680.530202269554	-5039.72968518734	-9485.08298921585	-11021.458187103271	-4577.469415664673	-5346.931522369385	-12201.752492904663	-10604.162457585335	-27371.932474672794	-32184.324459433556	-10562.712020874023	-7752.1168276667595	-17246.243795454502	-9565.183802008629	-10755.602702856064	-23181.270426511765	-27848.499654710293	-13799.073698759079	-12324.676932811737	-17997.09995430708	-15437.127664089203	-5430.873761355877	-5299.016112565994	-8404.482998490334	-11324.737309038639	-8198.217281281948	-11236.563657224178	-8159.425448656082	-9677.482091069221	-7050.045426547527	-9179.136167407036	-9137.730251073837	-36778.50367796421	-9715.544639825821	-35411.342709064484	-12332.580089688301	-8346.05042463541	-8818.800135612488	-11288.398387730122	-27118.8056281209	-7718.724658548832	-7651.712428033352	-10203.217921614647	-5922.405118942261	-5165.758952856064	-7936.319388270378	-9058.285730779171	-6350.59405040741	-17604.082368135452
-26835.4749032259	-7037.756194651127	-19301.574687719345	-31017.771377503872	-7007.278631389141	-39954.05722898245	-17142.937490940094	-13116.9811886549	-4824.908564031124	-8331.563622057438	-11274.666786193848	-4362.4472271203995	-4709.935651779175	-12307.328307390213	-9315.332135677338	-25716.760688841343	-30035.111265957355	-10910.50276184082	-6816.185612261295	-16247.12720245123	-8493.830148816109	-10706.437490105629	-22375.19139045477	-25887.48919302225	-13171.289808571339	-12634.724016010761	-17366.390247821808	-16147.050524413586	-5015.682559967041	-4911.1824397444725	-7981.258044838905	-10887.283829212189	-7900.335102438927	-10173.277640759945	-7889.977093577385	-9118.750951468945	-6363.164422571659	-7817.712506949902	-10394.662195682526	-33852.61998963356	-9580.903900563717	-32762.634067595005	-11994.740211904049	-7664.114087343216	-7467.248130142689	-9370.016849935055	-25037.86983627081	-8623.610387861729	-8595.13231408596	-9197.978375673294	-5365.712949752808	-4484.361497700214	-6485.329834342003	-8003.636107802391	-5371.845130741596	-18327.5119022727
-28267.76645833254	-7861.916543841362	-19248.925690948963	-30478.4701064229	-6941.305648565292	-39667.01074308157	-17348.633326351643	-13177.454489946365	-4796.651991546154	-7900.942342877388	-11362.600296020508	-4386.997555732727	-5014.480321884155	-12455.610172271729	-9772.895023465157	-25285.810560703278	-29608.514631807804	-10968.691249847412	-7177.191461503506	-10852.58484762907	-9203.705874979496	-6333.589596092701	-21608.838957726955	-25633.00817555189	-13218.742653250694	-12783.496049880981	-17070.377616107464	-16428.77417898178	-4817.473164737225	-5054.380409479141	-7744.968788862228	-10561.23696577549	-7840.148589372635	-10661.640037715435	-7930.053393304348	-9362.117935478687	-6613.147162437439	-7532.537764072418	-10467.113818824291	-33679.65487450361	-8725.495807290077	-33165.68737190962	-11116.369490206242	-7485.7244210243225	-7996.403390109539	-9099.48172312975	-24784.553651571274	-7156.315367281437	-7106.691475749016	-8808.891611635685	-5576.784166455269	-4905.661471605301	-7111.017520427704	-7685.15354514122	-5869.791020512581	-18234.66979777813
-28632.77039593458	-7687.166600823402	-18714.830296695232	-29609.712243795395	-7235.883490920067	-38410.76228970289	-17566.454636633396	-13393.473778486252	-4693.609030425549	-8358.429836928844	-11524.128875732422	-4317.708138465881	-4874.484903335571	-12673.262380361557	-9471.987367391586	-24392.010958135128	-28510.360439538956	-11110.927154541016	-7047.852007985115	-10280.56189584732	-8935.934945046902	-6206.227273404598	-21063.098236441612	-24869.278289079666	-12962.925129175186	-12954.85594367981	-16518.09778368473	-16237.995157837868	-4698.172661960125	-4882.678314447403	-7496.106117963791	-10158.966250360012	-6765.287511885166	-9355.719175100327	-7002.145714581013	-8406.288871765137	-6324.329245507717	-8491.840725421906	-8714.27744370699	-32752.281908512115	-6455.775783002377	-31785.459282934666	-10633.004339754581	-7663.8351598382	-8022.443557858467	-10596.621594786644	-24239.497548401356	-6984.436550438404	-6906.987990319729	-7291.405463695526	-5396.840675354004	-4804.777467012405	-6989.987409949303	-7987.182920694351	-5683.976373672485	-18468.975552856922
-27259.35039269924	-6819.44047242403	-18560.715489923954	-29862.920546352863	-6758.856162548065	-38468.00285601616	-17358.615304470062	-13324.717799067497	-4687.86289447546	-8024.146490454674	-11443.914390563965	-4231.648688912392	-4559.900159835815	-12490.639502763748	-8946.527258098125	-24705.63654577732	-30303.4723264575	-11039.59587097168	-6571.914780974388	-15786.899348080158	-8160.458671450615	-11012.448001563549	-21531.50681310892	-24947.74811708927	-12675.759076058865	-12826.242059528828	-16724.96824657917	-16379.085827291012	-4888.993625640869	-4784.012578904629	-7690.198043465614	-10478.117889404297	-8159.27040374279	-9856.234005749226	-7643.436546742916	-8774.16674876213	-6488.953897058964	-7522.846437335014	-10119.440260708332	-32535.19087791443	-9822.94508421421	-31542.963063657284	-12414.525071501732	-7381.077176690102	-7211.517802655697	-9038.10050290823	-24097.15755569935	-8359.163597643375	-8335.967708468437	-8988.198370218277	-5163.296564102173	-4392.179021656513	-6312.780439198017	-7701.989000678062	-5206.8495901227	-18590.29225462675
-27776.890847682953	-7790.445187211037	-18136.278105556965	-28656.197030246258	-6981.381157755852	-37302.55978614092	-17891.935845315456	-13588.790868222713	-4521.788844704628	-8296.503105223179	-11867.152647972107	-4086.0694919228554	-4863.353660583496	-12749.66772532463	-9140.462192118168	-23609.262902021408	-27966.126267671585	-11456.048805236816	-6999.122178673744	-15062.956257462502	-8403.105261087418	-9991.333620846272	-20484.576123714447	-24153.26026326418	-12291.316743969917	-13098.916863441467	-16180.67490953207	-16350.046894967556	-4273.722001254559	-4345.855893373489	-7256.886887431145	-9877.361118674278	-6521.535320699215	-9021.916568815708	-6739.736265361309	-7993.502900660038	-5780.86005461216	-10063.49445450306	-6992.911269128323	-32182.024884343147	-6388.359783470631	-30409.87145203352	-8156.856994211674	-7576.883356273174	-7726.118384599686	-10323.780689001083	-23635.048374652863	-6799.65493863821	-6752.883950769901	-7253.203499495983	-5313.147539138794	-4634.027821242809	-7048.012592315674	-8006.38248860836	-5646.143745660782	-18572.352391541004
-26920.726291954517	-8112.805508375168	-18570.06137239933	-29622.496288776398	-7083.008352398872	-36925.706289827824	-17497.56579399109	-13225.205968260765	-4658.157709479332	-8726.88379251957	-11500.423641204834	-4256.029794692993	-4951.372138977051	-12763.670278549194	-9685.627130448818	-24848.196557343006	-29019.70261490345	-11029.377532958984	-7027.02207326889	-15886.768831729889	-8757.169793248177	-9988.969197273254	-20964.21209180355	-25265.995913505554	-12460.726626694202	-12865.97179365158	-16211.881758391857	-16121.259772539139	-5107.021657168865	-4946.2313759326935	-7650.396464943886	-10251.832838773727	-7434.786550581455	-10249.423303961754	-7404.679558098316	-8791.926650345325	-6498.952831506729	-8395.324515283108	-8321.319005072117	-33346.06790816784	-8971.889843285084	-32144.082599937916	-11359.218471229076	-7597.44344907999	-8167.587943196297	-10373.277467548847	-24513.766137957573	-8352.941823065281	-8292.255667626858	-9665.879472136497	-5461.769725799561	-4807.559016942978	-7405.260702729225	-8284.290723204613	-5889.079760551453	-18358.950000464916
-27344.60178142786	-7894.489786148071	-17829.20217460394	-28467.64545762539	-6834.5858835577965	-35439.651916861534	-17713.243607521057	-13432.942578673363	-4521.112039923668	-8419.466660916805	-11669.671245574951	-4125.231256484985	-4801.336647033691	-12946.98147392273	-9316.822252869606	-23837.072414278984	-29288.063675403595	-11158.470642089844	-6782.751241981983	-15426.540977358818	-8423.798315882683	-10294.979708731174	-20120.527514457703	-24326.254837572575	-11965.195894181728	-13057.489837169647	-15570.45975714922	-16353.295075416565	-4980.332722842693	-4819.06151509285	-7359.336463570595	-9842.666898965836	-7693.721851885319	-9932.379668951035	-7158.139011263847	-8447.342447638512	-6624.742305994034	-8100.4584456682205	-8046.097070097923	-32028.638796448708	-9213.931026935577	-30924.411596000195	-11779.00333082676	-7314.406538426876	-7911.857615709305	-10041.361120522022	-23573.053857386112	-8088.495032846928	-8033.091062009335	-9456.09946668148	-5259.353340148926	-4715.376540899277	-7232.711307585239	-7982.643616080284	-5724.084219932556	-18621.730352818966
-29817.691221117973	-5262.591183543205	-14234.620092988014	-23238.514550805092	-5709.283303797245	-29625.342388153076	-18993.27364552021	-14565.328986048698	-3813.645449101925	-6979.633019864559	-12508.5796585083	-3561.426498055458	-3650.60724067688	-13671.532010316849	-7029.9364131093025	-19095.346985399723	-21994.04873019457	-12039.973720550537	-5274.239684998989	-12284.98495221138	-6300.626254200935	-8497.063363730907	-16764.5086440444	-19232.05160534382	-9893.124141454697	-13990.561578571796	-12895.327539145947	-17517.676779925823	-4127.991832733154	-4029.8907813429832	-5971.1703189611435	-8081.818573832512	-5967.194579839706	-7699.972207546234	-5951.426061868668	-6786.410410046577	-4695.430695712566	-7022.983686387539	-6871.840664029121	-25125.267361462116	-7377.74879360199	-24099.703541576862	-9141.787118971348	-6168.872210681438	-5810.2590363025665	-8423.230048060417	-18813.42748528719	-5223.573859810829	-5197.0857655406	-7235.879773080349	-4093.768781542778	-3633.9575365185738	-4981.825348734856	-6618.225516855717	-4162.509462535381	-20324.762998342514
-30271.8310354352	-6259.537379741669	-14028.613776743412	-22241.966270685196	-5537.644088447094	-28639.372550606728	-19311.342444360256	-14669.71040213108	-3768.1556190252304	-6476.8446055054665	-12651.256114006042	-3543.8957014083862	-3959.2016983032227	-13812.28707575798	-7211.526595413685	-18135.583128273487	-21081.05361443758	-12217.411926269531	-5537.163891851902	-11891.583442389965	-6697.723330259323	-8157.660402953625	-15840.506107866764	-18633.84607630968	-9547.117796778679	-14151.435906410217	-12485.547972023487	-17817.854040563107	-3950.4506313204765	-4078.889956712723	-5651.342737078667	-7671.926538527012	-4961.713992536068	-6911.960796236992	-5176.518623292446	-6177.467449486256	-4496.836967587471	-8439.130688130856	-5284.62460309267	-24660.096178114414	-4748.306427061558	-23316.135102510452	-5942.477096438408	-5997.418411791325	-6187.188165605068	-8131.448983073235	-18247.41429322958	-5135.536953151226	-5097.59998857975	-5571.966501533985	-4272.569791793823	-3936.0711256861687	-5638.364974141121	-6200.534301578999	-4612.741012573242	-20223.716341674328
-30955.106443166733	-4676.340647280216	-12292.0416482687	-20082.12980121374	-5007.035327494144	-25522.796073377132	-19721.736936807632	-15110.00475203991	-3432.073473393917	-6221.433823168278	-12987.545112609863	-3239.9868770837784	-3255.047857284546	-14233.44979596138	-6111.401085972786	-16571.611068069935	-18829.426885664463	-12506.639232635498	-4549.14493060112	-10925.509988486767	-5492.612245440483	-7730.429858148098	-14547.450309336185	-16649.54786413908	-8554.77706938982	-14531.85643941164	-11110.109343230724	-18201.80888837576	-3804.1397285461426	-3677.1060447096825	-5217.083785414696	-7008.9141035676	-5203.763849139214	-6712.83185428381	-5196.680171310902	-5900.854969322681	-4144.338100671768	-6239.172034263611	-6055.429418027401	-21692.831591665745	-6634.093997061253	-20832.443432450294	-8168.425500512123	-5420.2652351260185	-5159.046843886375	-7508.109127879143	-16208.387995123863	-5857.791024327278	-5837.629005134106	-6698.5413236022	-3633.133388400078	-3275.757600605488	-4450.766663193703	-5844.230509281158	-3700.9951726794243	-21079.630630671978
-32387.397998273373	-5500.500996470451	-12239.392651498318	-19542.82853013277	-4941.062344670296	-25235.749587476254	-19927.43277221918	-15170.478053331375	-3403.816900908947	-5790.812543988228	-13075.478622436523	-3264.537205696106	-3559.5925273895264	-14381.731660842896	-6568.963973760605	-16140.66093993187	-18402.83025151491	-12564.82772064209	-4910.15077984333	-5530.967633664608	-6202.48797160387	-3357.58196413517	-13781.097876608372	-16395.06684666872	-8602.229914069176	-14680.62847328186	-10814.09671151638	-18483.532542943954	-3605.930333316326	-3820.304014444351	-4980.794529438019	-6682.867240130901	-5143.577336072922	-7201.1942512393	-5236.756471037865	-6144.221953332424	-4394.320840537548	-5953.9972913861275	-6127.881041169167	-21519.866476535797	-5778.685903787613	-21235.496736764908	-7290.054778814316	-5241.875568807125	-5688.202103853226	-7237.574001073837	-15955.071810424328	-4390.496003746986	-4349.188166797161	-6309.45455956459	-3844.204605102539	-3697.0575745105743	-5076.454349279404	-5525.7479466199875	-4198.941062450409	-20986.788526177406
-31378.981932640076	-4458.02492505312	-11551.182450473309	-18927.278970062733	-4758.6128586530685	-24036.741700410843	-19937.4147503376	-15317.741362452507	-3295.027803838253	-5914.016691565514	-13156.79271697998	-3109.1883388757706	-3105.0123653411865	-14416.760991334915	-5742.596208393574	-15560.486925005913	-19097.787946164608	-12635.732341766357	-4304.874099314213	-10465.282134115696	-5159.240768074989	-8036.440369606018	-13703.765731990337	-15709.8067882061	-8059.246336877346	-14723.374482929707	-10468.687341988087	-18433.844191253185	-3677.4507942199707	-3549.9361838698387	-4926.023784041405	-6599.748163759708	-5462.699150443077	-6395.78821927309	-4950.139624476433	-5556.270766615868	-4270.127575159073	-5944.305964648724	-5780.207483053207	-20375.402479946613	-6876.135180711746	-19612.772428512573	-8588.210360109806	-5137.228324472904	-4903.3165163993835	-7176.192780852318	-15267.675714552402	-5593.344234108925	-5578.4643995165825	-6488.7613181471825	-3430.717002749443	-3183.5751245617867	-4278.217268049717	-5542.58340215683	-3535.999632060528	-21342.410983026028
-32189.365108668804	-5335.9064774513245	-11077.748692154884	-17442.74056726694	-4542.034490466118	-22609.32619816065	-20469.7149040699	-15511.431634426117	-3190.3949912786484	-5327.128486692905	-13326.805146217346	-3126.888292312622	-3380.1978759765625	-14642.930579900742	-5812.32973331213	-14244.140536129475	-16339.626224219799	-12840.732299804688	-4500.683685660362	-9607.983834683895	-5441.711214900017	-6787.28498852253	-12508.300962865353	-14604.027419507504	-7583.170460164547	-14973.165445327759	-9842.908935427666	-18818.20553714037	-3444.548150241375	-3612.783801317215	-4459.7929755449295	-6047.780842065811	-3830.2903900146484	-5485.340692222118	-4051.9123418927193	-4893.869826614857	-3615.981559216976	-7240.573958933353	-4070.8310728669167	-19431.48799932003	-3729.451512336731	-18246.972234725952	-7295.693314254284	-4799.986503958702	-4972.771014273167	-6592.362192571163	-14316.126142501831	-3904.481619000435	-3866.1696969866753	-4630.112747490406	-3571.7704124450684	-3515.305085539818	-4785.583817303181	-5075.082526683807	-3974.321954727173	-21505.36876910925
-33524.81322032213	-4914.250460207462	-10296.814206779003	-16386.44378054142	-4238.814368367195	-21133.20327270031	-20655.896063506603	-15715.153819322586	-3022.244925200939	-5032.613347291946	-13554.444076538086	-2943.0975847244263	-3164.0331439971924	-14943.649446487427	-5650.428646624088	-13616.925022602081	-15238.208406984806	-13031.49323272705	-4185.056025445461	-4171.492669939995	-5394.473962843418	-2590.9484585523605	-11564.039541900158	-13812.563105463982	-7263.882842004299	-15221.923334121704	-9028.878515601158	-19167.66465139389	-3282.0782291293144	-3467.5192778110504	-4226.707995891571	-5609.96276986599	-4380.146605372429	-6214.053897976875	-4482.010580480099	-5258.666512608528	-3843.22824549675	-5170.185639262199	-5311.469795167446	-18087.430706739426	-5035.031107246876	-17968.23662763834	-6316.693160355091	-4493.268593251705	-5036.989911437035	-6322.453080892563	-13350.032320261002	-5024.713168263435	-4989.731406390667	-5772.116110086441	-3383.569211959839	-3338.8576385974884	-4545.395663738251	-4751.752939045429	-3737.426772594452	-21741.65615850687
-32932.76117300987	-4930.781686604023	-9693.754665613174	-15247.040089070797	-3598.168792784214	-20020.067306160927	-20978.480050206184	-15843.345790863037	-2925.2367194890976	-4081.9057182073593	-13643.005844116211	-2881.0610332489014	-3138.8257026672363	-14928.468748092651	-5294.971472144127	-12680.252287745476	-14376.45794904232	-13120.396488189697	-4028.7635649442673	-8763.83167809248	-5024.946536958218	-6119.910365998745	-10889.080538034439	-12760.369509756565	-6495.114659309387	-15350.166625976562	-8684.029452621937	-19678.714217424393	-3236.6313678622246	-3486.527568101883	-3966.374276280403	-5400.031511545181	-4227.377173542976	-5873.619758665562	-4278.285921514034	-4987.873913764954	-3905.3123784661293	-3708.2971136569977	-6507.98980987072	-16909.713403642178	-5268.676027297974	-16417.24844646454	-6796.317042171955	-3889.29906976223	-4242.683536052704	-4197.383319139481	-12375.401497066021	-3325.7596979141235	-3316.171119093895	-5439.003804445267	-3275.3830128908157	-3283.6674530506134	-4342.355119228363	-4032.2097430229187	-3712.439274907112	-22024.7843914032
-33948.688709795475	-4695.934737980366	-9555.955008983612	-15231.592949390411	-3990.3918995261192	-19647.14889973402	-20871.57387703657	-15922.890429735184	-2885.199255645275	-4725.196215689182	-13723.691680908203	-2812.2990465164185	-3013.997652053833	-15126.960641860962	-5281.623769044876	-12605.80087953806	-15506.569467484951	-13160.58634185791	-3940.785194158554	-3711.264815568924	-5061.102485477924	-2896.9589700102806	-10720.35496455431	-12872.822029531002	-6768.352109491825	-15413.44137763977	-8387.45651435852	-19399.699954271317	-3155.3892948031425	-3340.3494169712067	-3935.64799451828	-5200.796830058098	-4639.081906676292	-5897.010262966156	-4235.47003364563	-4914.082309901714	-3969.0177199840546	-4875.319569647312	-5036.247860193253	-16770.001595020294	-5277.072290897369	-16748.56562370062	-6736.478019952774	-4210.231682598591	-4781.259583950043	-5990.536733865738	-12409.32003968954	-4760.266378045082	-4730.566800773144	-5562.336104631424	-3181.152826309204	-3246.6751625537872	-4372.846268594265	-4450.105831921101	-3572.4312319755554	-22004.43651086092
-33297.765110611916	-4756.031743586063	-9159.659271359444	-14378.28222644329	-3892.7466351389885	-18763.81885278225	-21196.301360487938	-16059.365079402924	-2822.193758368492	-4539.393212258816	-13804.534423828125	-2811.7716159820557	-2998.8302841186523	-15146.12095618248	-4994.063816070557	-11786.452685177326	-13278.303756773472	-13262.6323928833	-3899.4241114258766	-8191.80872631073	-4757.175607025623	-5992.548043310642	-10343.339816749096	-11996.63962328434	-6239.297135233879	-15521.52651977539	-8131.7496201992035	-19487.93519628048	-3117.330865085125	-3314.8254730701447	-3717.5116053819656	-4997.7607961297035	-3152.5160960555077	-4567.698896050453	-3350.378242790699	-4032.044850051403	-3616.4944615364075	-4667.600075006485	-4755.153434753418	-15982.34043765068	-2998.956003010273	-15037.020357489586	-6312.951891720295	-4067.409808576107	-4268.723703801632	-5694.523190796375	-11830.345393896103	-3153.8808810710907	-3116.467633664608	-3921.517656505108	-3095.439521789551	-3182.783448457718	-4221.325008749962	-4334.23911857605	-3526.6246280670166	-22259.09014648199
-34070.17639505863	-4344.531150341034	-7751.17622089386	-12090.655339479446	-2895.9208164811134	-15917.520991384983	-21706.943341493607	-16388.021556854248	-2543.66474378109	-3323.706521511078	-14121.971298217773	-2559.6214122772217	-2743.2663192749023	-15490.386533737183	-4376.43614500761	-10156.516370415688	-11211.836104512215	-13587.062000274658	-3303.668810546398	-7404.3567143678665	-4216.932528197765	-5353.2768604159355	-8672.022203326225	-10177.865768551826	-5156.767587244511	-15891.461486816406	-6898.811256706715	-20362.84632587433	-2912.779263675213	-3133.742831468582	-3212.2877427339554	-4327.12704128027	-3463.9464428424835	-4886.479405403137	-3523.5400309562683	-4102.318473041058	-3354.219783425331	-2924.4854615330696	-5691.5785638689995	-13477.277633845806	-4525.0212307572365	-13149.98833733797	-5822.95542371273	-3140.69209420681	-3591.4713436365128	-3282.262398958206	-9770.362006902695	-3959.9768624305725	-3956.714358687401	-4901.665354967117	-2814.7476197481155	-2925.4675171375275	-3811.29643368721	-3258.2147354483604	-3250.924985051155	-22779.652023732662
-34051.670687019825	-4244.732221603394	-7685.929041922092	-12071.907682359219	-3403.6140095591545	-15699.303358495235	-21739.34017163515	-16478.862119197845	-2528.1313346624374	-3977.30159753561	-14138.246200561523	-2574.0422649383545	-2706.5078201293945	-15527.499942541122	-4390.673627436161	-9956.90432357788	-11056.299970328808	-13586.700813293457	-3419.040677011013	-7112.269040763378	-4096.932715415955	-5434.684517145157	-8734.876162171364	-10116.908267736435	-5266.237683355808	-15919.31672668457	-6839.19557005167	-19988.837337851524	-2892.625283420086	-3097.428218126297	-3160.102047085762	-4232.021690905094	-3449.954561173916	-4751.632290005684	-3491.361086189747	-3984.75276774168	-3151.3052901625633	-4136.388487160206	-4154.38023608923	-13433.51281362772	-2429.435618877411	-12649.230258822441	-5552.903814613819	-3493.5652998685837	-3704.1481382250786	-4886.335973799229	-10047.904733598232	-2590.7526710629463	-2553.4912180900574	-3241.930770754814	-2740.362735748291	-2906.0697662830353	-3781.7392728328705	-3759.7507242560387	-3182.6140308380127	-22843.018712222576
-34180.56297826767	-4073.3639909029007	-7643.3477838635445	-12279.256507456303	-3355.981461763382	-15784.102250516415	-21596.26704931259	-16490.645372390747	-2472.329760015011	-3786.4735835790634	-14179.604412078857	-2509.9925060272217	-2662.7742710113525	-15566.238208770752	-4521.063742518425	-10044.511210858822	-11324.508974790573	-13637.18000793457	-3449.566704392433	-2059.9269058704376	-4423.6348242759705	-4955.152004003525	-8629.903040289879	-10224.711269140244	-5454.825046658516	-15923.378900527954	-6733.891996860504	-20013.811917066574	-2822.541699588299	-3047.002023935318	-3170.0025227069855	-4186.221211910248	-3368.0257257819176	-4806.145465493202	-3460.725162565708	-4049.0845576524734	-3093.847820222378	-4170.216707587242	-4178.744513809681	-13621.139479756355	-4095.5553209781647	-13330.816695332527	-5200.530148029327	-3432.7454236745834	-3881.9085476994514	-4751.574780285358	-9979.4831802845	-2572.275848388672	-2538.4308118224144	-4742.628462195396	-2727.8811798095703	-2939.521926164627	-3697.7194549441338	-3782.3014847040176	-3140.535367488861	-22737.5146895051
-35259.22773295641	-3996.503144800663	-7280.266493797302	-11574.970535457134	-3183.006371796131	-15040.45348751545	-21888.445218980312	-16516.202035188675	-2463.8887697458267	-3976.1148797273636	-14251.758380889893	-2513.1453828811646	-2580.7561645507812	-15670.083688735962	-4138.940653681755	-9631.252396047115	-10249.094845473766	-13644.180671691895	-3222.306958734989	-6913.255191922188	-3802.581780910492	-1546.3326941728592	-8212.534293234348	-9692.78375840187	-5026.006787538528	-16004.548622131348	-6507.953262686729	-20203.193207263947	-2808.4771701693535	-3025.753163576126	-3012.992023587227	-4018.3078141212463	-3306.3575305342674	-4808.222757935524	-3361.0203077197075	-3865.115327298641	-2986.9590768814087	-3913.5372247695923	-4117.893559575081	-12648.652002453804	-4004.9967066049576	-12391.737852752209	-5059.526961565018	-3454.580362677574	-3740.775805950165	-4821.474817872047	-9521.508286058903	-2378.1604897379875	-2369.425165116787	-4506.392849743366	-2659.1268768310547	-2832.599204301834	-3686.526842415333	-3616.250606417656	-3099.995011806488	-23026.17695647478
-34435.180332660675	-4169.781207323074	-7217.080826640129	-11221.89747685194	-3190.498658835888	-14661.272538006306	-21924.76465177536	-16604.040845394135	-2440.6217826604843	-3781.1940155625343	-14283.499877929688	-2490.331995010376	-2603.2709007263184	-15708.038741827011	-4075.52848893404	-9262.716767847538	-10113.681912243366	-13729.297904968262	-3174.3293570280075	-6832.333762586117	-3949.161598265171	-5225.914537727833	-8126.281482040882	-9414.135882079601	-4900.9500631690025	-16062.821380615234	-6346.531424283981	-20172.067304730415	-2793.4787608981133	-2962.040736436844	-2963.425071835518	-3924.856325864792	-2389.085365355015	-3580.5585427880287	-2595.632352232933	-3146.489409327507	-3065.4018664956093	-3883.788422882557	-3938.7421887516975	-12549.904667854309	-2255.301206469536	-11769.760248363018	-5339.59027326107	-3318.802833020687	-3617.511511385441	-4779.402270615101	-9225.305903732777	-3788.0980455875397	-3757.010873258114	-3384.1792070269585	-2634.8041286468506	-2824.583512544632	-3690.266323208809	-3560.2441110014915	-3065.1103382110596	-23013.957778811455
-34494.051884531975	-4126.215428113937	-7010.317023098469	-10935.804508328438	-2647.4983476400375	-14431.466618418694	-21922.621155023575	-16595.758167266846	-2406.6190742254257	-3016.2893899083138	-14291.21890258789	-2428.822874069214	-2593.230827331543	-15673.697729110718	-4007.631267428398	-9145.392227351665	-11480.19716501236	-13716.155109405518	-3059.397979259491	-6944.128859996796	-3883.5610508322716	-5659.287371873856	-7828.337625980377	-9238.124692618847	-4661.236854732037	-16082.979530334473	-6257.389255464077	-20594.881628751755	-2786.090329349041	-3006.5729706287384	-2921.2277413606644	-3917.961101472378	-3722.881744146347	-4569.435770392418	-3276.9994841217995	-3757.734270334244	-3480.009257912636	-2629.6193919181824	-5416.356628894806	-12159.848522126675	-4767.06241440773	-11930.31733340025	-6242.740283310413	-2857.6551835536957	-3335.741016149521	-2950.346051931381	-8829.649726331234	-3695.5300722122192	-3697.5497530698776	-4691.8853495121	-2612.331234097481	-2833.2850410938263	-3638.7470385432243	-2956.567628324032	-3085.9294444322586	-23042.432376086712
-34557.45252519846	-4100.27394670248	-6791.885954976082	-10725.629272341728	-3041.662558197975	-14251.993386089802	-22137.872897028923	-16755.44982033968	-2286.034854531288	-3791.4344190359116	-14571.780704498291	-2300.7744737267494	-2588.089870452881	-15791.970886230469	-4019.9760191440582	-9008.782440721989	-10055.846221983433	-13955.16983795166	-3223.681170105934	-6613.587279200554	-3729.1105644106865	-4977.575951933861	-7705.409472763538	-9041.842367827892	-4622.800867319107	-16194.780006408691	-6122.875485539436	-20265.665435791016	-2348.359906375408	-2519.4171097278595	-2807.7441672086716	-3727.096366047859	-3090.62724840641	-4523.129744768143	-3148.206641316414	-3586.013382792473	-2970.509143590927	-3754.1204073429108	-3877.0436982512474	-12271.853711903095	-3961.919480204582	-11580.794160842896	-5184.382228553295	-3224.915162026882	-3473.412468791008	-4527.807303011417	-8933.553737342358	-2224.0583198666573	-2213.9517723321915	-4620.80375033617	-2583.3811988830566	-2773.0202515125275	-3717.439566254616	-3678.652331531048	-3074.99204993248	-23125.53916966915
-34859.05582213402	-3951.465485095978	-6476.221628844738	-10067.046645700932	-2942.076189994812	-13175.218165040016	-22140.44246530533	-16811.777455806732	-2303.5761131048203	-3473.77688395977	-14452.747482299805	-2359.533456802368	-2453.235408782959	-15891.349937200546	-3706.723611354828	-8251.592624783516	-10382.042972743511	-13858.391014099121	-2930.0585257411003	-6372.105908215046	-3615.7901208996773	-5531.925049185753	-7282.596904695034	-8474.394806146622	-4405.4193306565285	-16254.3394241333	-5705.109423041344	-20404.10260760784	-2666.7898265719414	-2834.870875597	-2672.365070462227	-3515.6903860569	-2648.0206666588783	-3263.5149077773094	-2349.091805398464	-2801.905206620693	-3191.191340982914	-3588.9223532676697	-3663.520253777504	-11232.475556135178	-2497.3423901200294	-10550.089244425297	-5759.375132858753	-3035.765922367573	-3361.781183898449	-4447.485923588276	-8284.593623161316	-3523.6512553691864	-3497.8462676405907	-3174.3992015719414	-2432.387742996216	-2732.401036500931	-3517.716928064823	-3258.597003877163	-2900.114797592163	-23276.738131165504
-35189.085909068584	-3658.4816853404045	-5743.350597202778	-8915.522932767868	-2701.366033256054	-11596.757043719292	-22467.803462922573	-17023.537885189056	-2146.5593589544296	-3219.1024008393288	-14617.211654663086	-2252.602643966675	-2310.9484367370605	-16089.417728185654	-3472.1383002996445	-7433.168406248093	-7891.678125798702	-14053.366325378418	-2693.945922613144	-5752.794077038765	-3288.9187066555023	-4668.051011562347	-6517.81782746315	-7534.404526531696	-3927.8906112909317	-16460.611587524414	-5053.977374136448	-20672.96944630146	-2568.773179233074	-2744.643481492996	-2406.0155135393143	-3159.1172206401825	-2686.523830473423	-3764.4919367432594	-2736.615195631981	-3099.197327017784	-2600.212695121765	-3352.5768350362778	-3337.968990087509	-10001.077043831348	-1685.7808223366737	-9381.970149695873	-4579.542196154594	-2744.9583243131638	-3052.9359458088875	-3971.2150536179543	-7442.865243434906	-3224.9698355793953	-3194.0344576835632	-2704.5923212766647	-2279.727342605591	-2547.8698303699493	-3250.6805872917175	-2985.7557166814804	-2721.0997409820557	-23597.88634455204
-35134.8586397171	-3492.9970415234566	-5635.086710751057	-9110.624216198921	-2593.5350868701935	-11618.85250300169	-22398.90703636408	-16994.64812195301	-2110.1622565984726	-3121.49203813076	-14680.335138320923	-2175.6080923080444	-2262.9417304992676	-16023.946732521057	-3490.23728454113	-7426.54525911808	-7912.200958967209	-14093.212585449219	-2798.2030894756317	-5725.814071834087	-3279.7407489418983	-4514.278148472309	-6393.544601917267	-7552.246837675571	-3842.5492567420006	-16425.5695104599	-5070.387584626675	-20733.121084809303	-2530.9910175204277	-2718.5573284626007	-2393.7497783899307	-3145.8074823617935	-2662.2295227646828	-3839.7940762043	-2709.595280647278	-3053.5755544900894	-2567.3414649367332	-3328.313370168209	-3382.550562441349	-9978.533184468746	-3340.721038520336	-9556.220679104328	-1616.7861129641533	-2842.882125377655	-3148.899401128292	-3874.56238758564	-7477.207806646824	-1790.9956685304642	-1790.098101735115	-3881.4205064177513	-2243.602830886841	-2495.8295961022377	-3160.573104918003	-2998.2559193968773	-2680.0083746910095	-23495.250692367554
-35317.97820031643	-3487.1134546399117	-5700.76933914423	-9122.871757864952	-2653.7334854602814	-11681.55593574047	-22324.730340600014	-17035.321138381958	-2090.757784307003	-3028.274386882782	-14658.56986618042	-2188.552885055542	-2267.2148876190186	-16128.155994415283	-3602.5284153819084	-7520.775293529034	-8159.8871302604675	-14103.845520019531	-2724.471949994564	-700.4519421458244	-3615.620815515518	-4188.518498420715	-6412.844705581665	-7642.207527935505	-4116.477974593639	-16464.673761367798	-4948.673800945282	-20697.94402551651	-2498.689595401287	-2694.217287302017	-2415.9159891605377	-3113.316741645336	-2604.5949950814247	-3819.0051122307777	-2705.979272007942	-3163.5291169285774	-2542.7552251815796	-3386.405055463314	-3362.3332678079605	-10188.703709959984	-3351.9005244374275	-10063.55658620596	-4227.168529570103	-2684.1384481191635	-3230.6963552832603	-3836.453860104084	-7374.443690121174	-3206.493012905121	-3178.9740514159203	-4205.290012717247	-2267.24578666687	-2581.321990251541	-3166.660769402981	-3008.3064771294594	-2679.021077632904	-23492.382321834564
-35475.978998064995	-3396.566847026348	-5311.73084628582	-8460.353419423103	-2539.5252165794373	-11059.444643378258	-22577.653226673603	-17108.672682762146	-2056.1076225042343	-3044.6977394223213	-14710.901000976562	-2206.0077571868896	-2212.174819946289	-16151.04202914238	-3295.860150516033	-7005.8417946100235	-7323.801982045174	-14114.976699829102	-2665.699291229248	-5385.829493880272	-3130.3415030241013	-4274.227666378021	-6082.8357182741165	-6989.284773111343	-3752.71188300848	-16535.64190673828	-4752.37148219347	-20783.077142953873	-2494.4805423617363	-2684.3764107227325	-2232.901644349098	-2960.487419307232	-2613.9963488578796	-3702.584283053875	-2612.881366312504	-2945.6620762348175	-2421.238414645195	-3183.074383199215	-3231.864229798317	-9209.88158082962	-1522.5213128328323	-8832.188719689846	-4338.422472834587	-2607.331278681755	-2870.078264474869	-3680.748681604862	-6929.737018048763	-1658.39452368021	-1645.3097305297852	-3968.646343588829	-2150.441188812256	-2508.351229906082	-3092.4130742549896	-2838.424121081829	-2612.148688316345	-23751.94181585312
-36396.64295500517	-3410.252608537674	-5337.688049077988	-8418.585785865784	-2480.7583954930305	-10937.907172739506	-22616.908510267735	-17060.877801179886	-2082.316794037819	-3217.915683031082	-14730.723834991455	-2191.705761909485	-2185.1967811584473	-16232.001474380493	-3220.4053265452385	-7107.516478717327	-7084.473000943661	-14110.846183776855	-2497.21220433712	-5553.780228197575	-2994.5677721500397	-779.6991885900497	-5995.4759585261345	-7110.280017197132	-3687.659715473652	-16545.84348297119	-4722.735066771507	-20887.325315713882	-2484.6250659823418	-2672.9684269428253	-2258.905490040779	-2945.4033438563347	-2542.9267998337746	-3821.0824046730995	-2606.2744171619415	-2979.559886574745	-2435.8664818406105	-3129.725572645664	-3301.4823135733604	-9216.216232657433	-3261.3419100642204	-9124.47774362564	-4086.165343105793	-2705.9733871221542	-3089.5636135339737	-3906.353897690773	-6916.4687958955765	-3012.3776542544365	-3009.968404710293	-3969.054400265217	-2198.4914836883545	-2474.399268388748	-3155.46815687418	-2842.2555988430977	-2638.480721950531	-23781.044588804245
-35628.08440190554	-3417.531513810158	-5058.419821798801	-7922.952775716782	-2462.0142818689346	-10228.664865672588	-22718.96644103527	-17206.558790683746	-2004.4253410100937	-2904.379777431488	-14783.229370117188	-2126.635190963745	-2178.270908355713	-16231.048150062561	-3185.853899359703	-6486.165195941925	-6903.271557033062	-14188.25707244873	-2515.064269065857	-5168.654011011124	-2990.3198459744453	-4304.35958480835	-5713.379900813103	-6650.051675498486	-3392.127720475197	-16630.97386932373	-4514.572635889053	-20939.232776284218	-2423.2332774996758	-2665.5029804706573	-2129.4004195928574	-2793.196057498455	-2366.7641325592995	-3462.2219791412354	-2463.468719124794	-2809.068623125553	-2416.5529320836067	-3083.070744931698	-3091.273038506508	-8973.556238472462	-3228.780429840088	-8304.099350452423	-4184.483672559261	-2531.684238731861	-2768.5521235466003	-3541.062889277935	-6664.087371468544	-1492.2984817624092	-1466.8492977023125	-2212.8511795401573	-2132.724998474121	-2472.78209233284	-2997.1181466579437	-2794.1307476758957	-2612.0546593666077	-23867.980016171932
-35612.96139854193	-3440.165963113308	-5002.491399407387	-7760.672101616859	-2452.943564414978	-10110.702670753002	-22683.48127645254	-17231.274495601654	-2009.5136893987656	-2911.6852692365646	-14786.459259033203	-2121.804105758667	-2160.912944793701	-16272.728923559189	-3103.3334227204323	-6422.044263184071	-8160.039186298847	-14182.459434509277	-2449.6750913262367	-5292.566222667694	-2955.5472292900085	-4974.0615230202675	-5674.133250117302	-6594.663450598717	-3432.3598787784576	-16652.12963104248	-4412.55537289381	-20905.004749178886	-2442.0842449069023	-2617.4736206531525	-2114.9555121660233	-2749.9512808322906	-2945.4591317772865	-3447.44830173254	-2490.074648797512	-2754.6131243109703	-2726.00216960907	-3057.7107654213905	-3062.7470551133156	-8683.647932112217	-1927.8220059871674	-8162.299145758152	-4999.327055752277	-2461.9214136600494	-2797.2056183218956	-3639.2987065911293	-6502.152962863445	-2960.523045361042	-2934.86985206604	-2494.8123158216476	-2077.310956954956	-2455.687354326248	-3078.131192147732	-2684.108609557152	-2556.104200363159	-23860.66669690609
-35694.86774724722	-3514.0234104394913	-4849.307510256767	-7569.244522750378	-2339.4145818948746	-10149.447071313858	-22866.336188316345	-17300.12558633089	-1904.4628788232803	-3033.23522233963	-15050.746158599854	-1979.3348527550697	-2192.530487060547	-16353.888671875	-3101.4406920075417	-6485.0465233922005	-6891.224377453327	-14421.835350036621	-2498.586415708065	-5254.112315475941	-2921.096555650234	-4210.942446351051	-5488.351138055325	-6459.338626623154	-3284.4537952542305	-16736.074867248535	-4337.657289624214	-20949.79754424095	-2024.5078021883965	-2166.6323730945587	-2053.657633662224	-2654.1918957829475	-2327.1965177059174	-3535.9893915057182	-2393.460750758648	-2700.457942068577	-2419.416548550129	-2970.3087552189827	-3060.632452249527	-8839.417942106724	-3218.264683663845	-8313.534051716328	-4211.02061009407	-2476.3081864714622	-2822.200276374817	-3612.686382830143	-6328.514247179031	-2858.2754843831062	-2854.4950119256973	-4083.465300858021	-2122.7458057403564	-2414.8203155994415	-3186.380880713463	-2904.6573239564896	-2613.477760076523	-23880.406801998615
-35741.85368978977	-3268.797732412815	-4959.910141348839	-7968.0209267139435	-2405.3110166192055	-10195.501562774181	-22540.408154129982	-17243.057748794556	-1953.712114751339	-2720.857255280018	-14827.817470550537	-2057.754346847534	-2117.179395675659	-16311.467189788818	-3233.7235378026962	-6509.651150465012	-8428.248190760612	-14232.93862915039	-2480.201118707657	-240.22408777475357	-3282.2493381500244	-4494.529009878635	-5569.160128235817	-6702.466452002525	-3620.9472420811653	-16656.191804885864	-4307.251799702644	-20929.979328393936	-2372.000661075115	-2567.0474264621735	-2124.8559877872467	-2704.1508018374443	-2863.5302963852882	-3501.9614772200584	-2459.4387251734734	-2818.9449142217636	-2668.5446996688843	-3091.538985848427	-3087.111332833767	-8871.274598240852	-3593.941708087921	-8843.885582268238	-4646.953389167786	-2401.101537466049	-2974.9660277962685	-3504.537513077259	-6433.731409549713	-2942.0462226867676	-2919.809445798397	-3995.51000726223	-2064.8294010162354	-2489.13951420784	-2994.111374258995	-2706.6593700051308	-2514.0255370140076	-23755.162674188614
-35943.992711007595	-3149.2408730983734	-4602.31104695797	-7375.856853604317	-2247.2133442163467	-9434.31349593401	-22830.693039655685	-17288.43590927124	-1900.6028617620468	-2759.511193752289	-14878.154892921448	-2073.7173595428467	-2065.3055000305176	-16351.39986038208	-2909.3063396811485	-5992.790517926216	-6232.096036195755	-14294.632865905762	-2362.9824575185776	-4858.389572501183	-2708.2642414569855	-3938.6396792531013	-5226.300603032112	-6129.815977096558	-3222.4752450585365	-16698.93797492981	-4138.9078632593155	-21063.742922246456	-2352.305821597576	-2550.409501314163	-1944.4813870191574	-2571.6818318367004	-2208.580214202404	-3330.8157683610916	-2286.5230983495712	-2631.802908182144	-1685.973154246807	-4702.730524897575	-1484.434670329094	-8199.072567343712	-3052.3616331219673	-7697.009688556194	-3952.7437533140182	-2378.0269129276276	-2638.5295602679253	-3233.3145988583565	-6031.700404524803	-1310.5410723090172	-1308.3698734641075	-3648.1618433594704	-2019.1343421936035	-2407.5851930379868	-2872.0507566332817	-2613.6475526094437	-2489.2866435050964	-24023.181742429733
-36820.51844447851	-3191.9368863105774	-4596.828851282597	-7263.734954714775	-2232.3359266519547	-9451.852799773216	-22832.586323797703	-17268.614411592484	-1945.2711244821548	-2910.498551428318	-14899.971439361572	-2060.907223701477	-2035.161289215088	-16415.31266975403	-2851.6004489660263	-6096.392335653305	-7352.834061443806	-14239.939292907715	-2252.941373050213	-5093.552373826504	-2661.196294784546	-1085.7097000479698	-5151.791381180286	-6170.5389412641525	-3192.128982961178	-16737.361526489258	-4081.3130655288696	-21119.36061859131	-2357.93613165617	-2545.7985661029816	-1967.845488667488	-2536.237404048443	-2801.862101137638	-3504.03876966238	-2359.7338703274727	-2634.9756838679314	-2561.655956327915	-2834.859503030777	-3026.260378599167	-7898.787120938301	-3503.383093714714	-7904.80673968792	-4505.950202703476	-2422.93647646904	-2833.833286046982	-3574.437550663948	-5975.756515324116	-2747.930864036083	-2750.8037990927696	-3759.2743948101997	-1996.0750980377197	-2382.216792345047	-2982.918761730194	-2540.608491718769	-2473.4851813316345	-24043.824941158295
-36298.4871365428	-3080.665661215782	-4157.95185559988	-6617.7730568647385	-2087.0581144690514	-8653.321644842625	-23014.24068492651	-17416.872314453125	-1826.4640525579453	-2533.8675340414047	-15022.172393798828	-1996.3300342559814	-1976.2603721618652	-16473.211250305176	-2694.430611073971	-5364.651028573513	-5392.777355194092	-14392.464538574219	-2242.1063176989555	-4521.754149675369	-2683.9715251922607	-3701.7662602066994	-4669.8031114935875	-5402.159536421299	-2851.6613720059395	-16849.50884246826	-3720.3025981783867	-21232.57043981552	-2249.794118106365	-2469.8484280109406	-1759.6095751523972	-2287.400891125202	-1233.367455124855	-2229.2405782341957	-1444.006155848503	-1817.2700139284134	-2151.6752279400826	-2660.968228816986	-2769.5302308797836	-7298.752629697323	-2891.3865079283714	-6874.847909986973	-3730.050407886505	-2219.294726252556	-2499.057815372944	-3143.662814080715	-5328.360316216946	-1123.0685443878174	-1121.6442257165909	-3619.153638124466	-1897.8802375793457	-2351.7772381305695	-2747.3776839971542	-2447.2925388216972	-2385.599914073944	-24192.97455406189
-36118.74323672056	-3295.7076882123947	-4108.448312461376	-6414.393691599369	-2090.9921130537987	-8663.392698347569	-23082.014001846313	-17507.86219674349	-1767.4172092676163	-2725.818090736866	-15219.99376296997	-1848.536314547062	-2042.4949951171875	-16537.199867248535	-2732.6358144283295	-5473.922380328178	-7159.585437953472	-14550.92845916748	-2254.315584421158	-4793.88446110487	-2587.7250782847404	-4516.952957808971	-4644.6665607094765	-5519.597550690174	-2788.9230627417564	-16927.5929107666	-3696.2352883815765	-21181.832847118378	-1897.8188678622246	-2039.462512254715	-1762.5976322889328	-2245.0259559750557	-2586.131819009781	-3218.945756494999	-2146.920203924179	-2355.873739361763	-2545.2060230374336	-2675.4426856040955	-2785.4105172753334	-7521.988830387592	-3460.3058673143387	-7093.863047778606	-4630.805469691753	-2193.271275818348	-2566.469948887825	-3280.770035803318	-5387.801966607571	-2593.828694164753	-2595.330406308174	-3873.6852954030037	-1920.3294200897217	-2322.6378395557404	-3013.831485569477	-2603.010216832161	-2448.4822194576263	-24143.187154352665
-36272.27386176586	-2906.7465052604675	-3692.508266031742	-5954.239466607571	-1891.287110567093	-7516.306188225746	-23127.3703276515	-17539.32388794422	-1728.5902808904648	-2363.2928414344788	-15159.300592422485	-1854.1684713363647	-1867.3823471069336	-16585.86451816559	-2571.7019574046135	-4902.809341788292	-4747.579114437103	-14559.87809753418	-2073.1083350777626	-4366.339108109474	-2471.726740181446	-3747.6446428894997	-4176.486267209053	-4969.743096470833	-2504.202184677124	-16966.864371299744	-3285.1693887114525	-21417.25319325924	-2207.138913333416	-2365.7725918293	-1639.663244843483	-2072.903012096882	-1898.79879206419	-2852.6537229418755	-1954.8493900895119	-2168.0201137661934	-2016.248869895935	-2544.501718044281	-2566.1393164396286	-6546.097414672375	-2597.066241979599	-6288.96056997776	-643.4244945049286	-2094.275149822235	-2497.687208712101	-2959.4414674043655	-4872.168316483498	-2425.212833046913	-2430.641341328621	-3344.082056939602	-1782.9674377441406	-2137.6296601891518	-2629.51441937685	-2224.260911822319	-2218.4940848350525	-24250.118324697018
-36613.394220113754	-2810.316310763359	-3369.1524015665054	-5303.968669831753	-1837.2772402763367	-6956.898328602314	-23306.116517961025	-17653.348448753357	-1674.5356467962265	-2286.49854272604	-15189.866455078125	-1884.56813621521	-1816.615436553955	-16712.95981478691	-2377.3248233795166	-4482.105877280235	-4159.180137515068	-14581.642211914062	-1940.604536831379	-4026.3545301556587	-2322.327494263649	-3507.594160795212	-3865.7773835659027	-4406.781031906605	-2414.3648109436035	-17076.936767578125	-2967.153286278248	-21467.20925140381	-2170.6284381747246	-2331.5916740894318	-1478.8151108026505	-1887.5829490423203	-1850.5656181573868	-2715.4439297914505	-1858.1354757547379	-2060.1066355109215	-1870.1458196043968	-2399.262731075287	-2415.4529837965965	-5777.445811033249	-778.8665162920952	-5564.928610563278	-3365.0608543753624	-1858.7243031263351	-2218.8660720586777	-2765.627761423588	-4324.697527885437	-2292.611688196659	-2285.852970123291	-3431.3078941106796	-1689.8057956695557	-2150.151293992996	-2561.3543887138367	-2064.429113507271	-2150.634398460388	-24506.809448182583
-36765.499623954296	-2831.2809775471687	-3115.841377079487	-4766.568026125431	-1759.766305565834	-6126.118550896645	-23447.429732322693	-17751.234556674957	-1622.8533653020859	-2146.1805807352066	-15262.19482421875	-1805.1955699920654	-1782.711524963379	-16792.965935707092	-2267.3185722231865	-3962.429278612137	-3738.6497125029564	-14654.922584533691	-1789.9695146679878	-3809.1790472865105	-2182.305837213993	-3537.72607922554	-3496.321566104889	-4067.547934293747	-2053.7806484103203	-17172.268730163574	-2729.354439973831	-21623.364884734154	-2099.381173312664	-2312.7182438373566	-1375.3138860464096	-1720.2915872335434	-1603.3334018588066	-2475.081625878811	-1708.722828567028	-1923.513182401657	-1865.4603370428085	-2299.25909280777	-2274.8617925047874	-5541.12046867609	-2485.1256332993507	-5036.839241325855	-3211.1220541000366	-1783.0772631764412	-2117.3399311304092	-2625.9419690966606	-4059.0478813052177	-2126.515646278858	-2107.3925372958183	-1675.512730062008	-1672.089605331421	-2114.582156419754	-2466.0594611167908	-2020.1357401013374	-2150.5403695106506	-24622.847648501396
-36696.149351239204	-2688.430783033371	-2951.649068236351	-4799.388635456562	-1642.864641726017	-6030.251815259457	-23343.04814118147	-17747.06049835682	-1591.5446113348007	-2055.8757098317146	-15328.548196792603	-1723.369933128357	-1717.3468551635742	-16769.175713539124	-2202.8970798254013	-3891.68519872427	-5015.940174937248	-14688.971206665039	-1828.8375037908554	-3906.1112537384033	-2138.3552628159523	-4053.6551543474197	-3332.801689863205	-4030.0020205378532	-2008.67145216465	-17158.38241481781	-2643.747387468815	-21649.288496136665	-2080.449979007244	-2238.602730989456	-1348.603243470192	-1663.73707228899	-2157.7340933680534	-2535.610087931156	-1708.308843255043	-1823.4359110593796	-2142.0383443832397	-2249.6356484293938	-2290.917381465435	-5228.668302953243	-2839.1074256300926	-5069.289566040039	-1063.2093541026115	-1811.2382391691208	-2241.956881225109	-2627.5251203775406	-3931.456035912037	-2160.76604282856	-2171.4767357110977	-3134.302051484585	-1580.5510520935059	-2045.4471841454506	-2456.9650242328644	-1922.6138046979904	-2053.498544216156	-24512.898677051067
-37052.39271295071	-2569.3661392331123	-2684.221626162529	-4311.398512780666	-1597.9254888892174	-5588.806150555611	-23557.279496073723	-17836.369354248047	-1532.4016288518906	-1971.7759193181992	-15355.884170532227	-1758.6006832122803	-1683.9379081726074	-16854.59023666382	-2091.040422439575	-3535.1026669740677	-3170.773568749428	-14716.532958984375	-1761.722883284092	-3442.2144641280174	-2023.728633582592	-3143.902734041214	-3061.3394569158554	-3522.428180873394	-1878.6019201278687	-17247.29904937744	-2427.7485480308533	-21733.472581386566	-2025.0885364413261	-2252.451173067093	-1202.2000168561935	-1521.6617859005928	-1530.8059202432632	-2413.1739721894264	-1584.988999247551	-1769.9779316186905	-1686.4860565662384	-2129.756640970707	-2168.7570322155952	-4749.925005674362	-2321.8661237955093	-4487.057811319828	-2970.0023307800293	-1645.4502175450325	-1934.4822497963905	-2335.4755970835686	-3545.919655919075	-559.940334379673	-558.6678101420403	-2939.566752374172	-1542.803451538086	-2075.063555955887	-2307.791948080063	-1872.804144501686	-2041.5893168449402	-24776.903119802475
-37081.407933056355	-2562.9903368353844	-2659.732602238655	-4219.472104012966	-1544.9653679132462	-5331.767181158066	-23559.156330943108	-17833.11167526245	-1519.030886054039	-2001.3119970560074	-15357.12034702301	-1752.277738571167	-1669.7461166381836	-16913.31764602661	-1990.771012544632	-3469.054600596428	-3067.4741916656494	-14761.298377990723	-1637.8877031207085	-3498.9146087765694	-1900.2502326965332	-3172.006173670292	-3009.2422683238983	-3547.312235891819	-1884.12817299366	-17240.232835769653	-2353.6896673440933	-21747.875030696392	-2028.4537174105644	-2197.6247646808624	-1190.3948534727097	-1498.7773615717888	-1445.1494835019112	-2343.675415098667	-1531.7772077918053	-1746.2474674582481	-1134.880559206009	-3918.9188727736473	-668.0234243273735	-4766.63679754734	-2308.70683658123	-4429.7495794296265	-2979.3821348547935	-1629.4199373722076	-1987.3173678517342	-2318.193678677082	-3426.660914361477	-1944.7582368254662	-1948.9131130576134	-3110.823393881321	-1558.4989490509033	-2049.385257124901	-2340.9920710921288	-1839.6525450348854	-2027.7723536491394	-24778.049374759197
-37037.2697095871	-2592.0005885362625	-2628.2932037711143	-4149.117838680744	-1588.8547714352608	-5470.8439556360245	-23521.794331490993	-17861.085059165955	-1537.4899772405624	-1979.0814111232758	-15359.114059448242	-1753.7695980072021	-1666.5799446105957	-16896.271010160446	-2008.5199458003044	-3470.981734216213	-4427.541198015213	-14710.735321044922	-1696.3337055444717	-3566.126675784588	-1988.9560168981552	-3813.604672253132	-3022.0928062200546	-3467.039955973625	-1918.8340784311295	-17268.45481109619	-2325.73128503561	-21699.244554281235	-2043.9395038485527	-2204.421813249588	-1187.7551094293594	-1478.4170092344284	-2109.5009194612503	-2398.400294780731	-1611.594928920269	-1715.5224328041077	-1995.9352940917015	-2104.3966614603996	-2140.231048822403	-4460.016699314117	-1020.9076999425888	-4345.257606625557	-3784.8457139730453	-1575.6873924732208	-1963.1357445716858	-2433.711414396763	-3383.9852473139763	-2028.1648979783058	-2026.6883645057678	-3221.5278886556625	-1487.389410018921	-2057.968817949295	-2388.804993569851	-1762.7820063829422	-1985.6388578414917	-24769.589800536633
-37189.37511342764	-2612.965255320072	-2374.9821792840958	-3611.7171949744225	-1511.3438367247581	-4640.064177930355	-23663.10754585266	-17958.971167087555	-1485.8076957464218	-1838.7634491324425	-15431.442428588867	-1674.3970317840576	-1632.6760330200195	-16976.277131080627	-1898.5136946439743	-2951.305135548115	-4007.0107730031013	-14784.01569366455	-1545.6986833810806	-3348.9511929154396	-1848.9343598484993	-3843.7365906834602	-2652.636988759041	-3127.8068583607674	-1558.2499158978462	-17363.78677368164	-2087.9324387311935	-21855.40018761158	-1972.6922389864922	-2185.548382997513	-1084.2538846731186	-1311.1256474256516	-1862.2687031626701	-2158.0379908680916	-1462.1822817325592	-1578.9289796948433	-1991.2498115301132	-2004.3930231928825	-1999.6398575305939	-4223.691356956959	-2727.1668169498444	-3817.168237388134	-3630.9069136977196	-1500.0403525233269	-1861.6096036434174	-2294.0256220698357	-3118.335600733757	-1862.068856060505	-1848.2279316782951	-1465.7327246069908	-1469.6732196807861	-2022.3996803760529	-2293.510065972805	-1718.4886329770088	-1985.5448288917542	-24885.628000855446
-37435.90235859156	-2494.415124952793	-2215.3734108805656	-3461.388307273388	-1384.8101381659508	-4550.775330066681	-23742.703976213932	-17961.548080444336	-1444.8920768499374	-1775.6683373451233	-15501.13784790039	-1674.8904132843018	-1580.7009887695312	-17035.129035949707	-1775.8952839374542	-2840.915111243725	-2228.155510663986	-14859.13005065918	-1517.0115633010864	-3162.279185950756	-1875.9575164318085	-2935.13275462389	-2452.7447767853737	-2819.6557952165604	-1513.314299941063	-17390.803703308105	-1935.0844022631645	-21916.702548265457	-1925.9420139193535	-2117.0636913776398	-1005.5230416059494	-1214.4964208602905	-469.9367244243622	-1242.1002249717712	-689.2602652907372	-931.7145732045174	-1600.5826328992844	-1877.156576693058	-1953.1189848780632	-3866.3168599009514	-2147.7317113876343	-3607.587800860405	-2756.6887894272804	-1470.687750697136	-1847.8456229567528	-2228.5418938994408	-2723.3208260536194	-1757.2857089042664	-1762.1874653100967	-3081.8151886463165	-1437.2448444366455	-1993.5773022174835	-2216.3189984560013	-1673.297531247139	-1924.085624217987	-24947.842186391354
-37476.26820242405	-2351.050417006016	-1943.362428367138	-3156.5476816296577	-1349.5030200481415	-4102.751777589321	-23772.95730960369	-18044.105964660645	-1395.3559592962265	-1664.358787715435	-15525.131774902344	-1627.8021450042725	-1533.902416229248	-17037.901432037354	-1722.235544860363	-2523.9785239100456	-3439.1346292495728	-14845.626068115234	-1517.4520519971848	-2981.9866097569466	-1690.3571562170982	-3449.913245499134	-2217.6548795700073	-2582.6871049404144	-1383.0711876153946	-17438.817092895508	-1786.3265467882156	-21965.507884263992	-1898.3996021151543	-2125.281312227249	-911.1400154829025	-1112.495846092701	-1789.7412215471268	-2096.130337178707	-1338.4484524130821	-1425.3937289118767	-1812.275531053543	-1834.8905713558197	-1893.5350972414017	-3432.4958939552307	-2563.907307446003	-3267.386807382107	-3389.7871903777122	-1362.4133068919182	-1678.7519223093987	-2003.5592500567436	-2605.2073753476143	-295.49354416131973	-299.50320452451706	-2729.786746919155	-1340.3870658874512	-1982.8810799121857	-2135.242552936077	-1571.1570373773575	-1876.5937762260437	-25039.683472156525
-37505.2834225297	-2344.674614608288	-1918.873404443264	-3064.6212728619576	-1296.5428990721703	-3845.7128081917763	-23774.834144473076	-18040.84828567505	-1381.985216498375	-1693.8948654532433	-15526.367951393127	-1621.4792003631592	-1519.7106246948242	-17096.628841400146	-1621.9661349654198	-2457.930457532406	-3335.8352521657944	-14890.391487121582	-1393.6168718338013	-3038.6867544054985	-1566.8787553310394	-3478.016685128212	-2165.5576909780502	-2607.5711599588394	-1388.597440481186	-17431.75087928772	-1712.2676661014557	-21979.91033357382	-1901.7647830843925	-2070.4549038410187	-899.3348520994186	-1089.611421763897	-1704.0847848057747	-2026.6317800879478	-1285.2366609573364	-1401.6632647514343	-1260.6700336933136	-3624.05280315876	-392.80148935317993	-3449.207685828209	-2550.748020231724	-3210.078575491905	-3399.1669944524765	-1346.3830267190933	-1731.5870403647423	-1986.277331650257	-2485.948633790016	-1680.3114466071129	-1689.7485074400902	-2901.043388426304	-1356.0825634002686	-1957.2027810811996	-2168.442675948143	-1538.0054379105568	-1862.776813030243	-25040.829727113247
-37859.7778480649	-2276.0994027256966	-1474.5142130851746	-2306.5374761223793	-1136.3876693248749	-3064.7209571003914	-23958.3817897439	-18169.284690856934	-1307.8464072942734	-1468.2512057423592	-15670.385452270508	-1544.091875076294	-1430.6654968261719	-17218.440231323242	-1407.090406358242	-1829.7909681797028	-2496.516571164131	-14988.223159790039	-1272.7407320141792	-2702.051331579685	-1542.5860390663147	-3241.14326608181	-1609.0601994395256	-1879.9147192835808	-1017.7835674285889	-17582.321746826172	-1293.6624010205269	-22148.737851142883	-1799.2530795931816	-1989.893830537796	-714.4630402326584	-805.3304810523987	-728.8720257282257	-925.0565899610519	-442.7197184562683	-587.1303704977036	-1726.372107386589	-1582.2905070781708	-1677.8970499038696	-2548.88774818182	-2389.772895038128	-2387.9167969226837	-3176.4736490249634	-1187.6508400440216	-1592.115295469761	-1896.6255468726158	-1782.6085454821587	-1492.838918685913	-1503.0228596925735	-2872.0351831912994	-1234.8284587860107	-1901.3948261737823	-2043.7696033120155	-1371.6504241228104	-1759.0900835990906	-25210.622538745403
-38189.807934999466	-1983.1156029701233	-741.6431814432144	-1155.0137631893158	-895.6775125861168	-1486.259835779667	-24285.742787361145	-18381.045120239258	-1150.8296531438828	-1213.5767226219177	-15834.849624633789	-1437.1610622406006	-1288.3785247802734	-17416.50802230835	-1172.5050953030586	-1011.3667496442795	-6.151724219322205	-15183.198471069336	-1036.6281288862228	-2082.7395004034042	-1215.7146248221397	-2377.2692284584045	-844.2811222076416	-939.9244396686554	-540.2548480629921	-17788.593910217285	-642.5303521156311	-22417.604689836502	-1701.2364322543144	-1899.6664364337921	-448.1134833097458	-448.75731563568115	-767.3751895427704	-1426.033618927002	-830.243108689785	-884.4224908947945	-1135.3934615254402	-1345.9449888467789	-1352.3457862138748	-1317.4892358779907	-1578.2113272547722	-1219.7977021932602	-1996.6407123208046	-896.8432419896126	-1283.2700573801994	-1420.3546769022942	-940.8801657557487	-1194.157498896122	-1199.211049735546	-2402.228302896023	-1082.1680583953857	-1716.863620042801	-1776.73326253891	-1098.8091369271278	-1580.0750269889832	-25531.77075213194
-38613.68342447281	-1764.7998807430267	-0.7839836478233337	-0.16293203830718994	-647.2550437450409	-0.20546281337738037	-24501.420600891113	-18588.781730651855	-1013.7839835882187	-906.1595910191536	-16004.097229003906	-1306.3625240325928	-1138.343032836914	-17599.819217681885	-803.7002177238464	-0.24260658025741577	-274.51278471946716	-15312.291580200195	-792.3572975993156	-1622.5116460323334	-882.343147456646	-2683.2797399163246	-0.5965448617935181	-0.18336373567581177	-44.724115550518036	-17980.11195373535	-1.1083508729934692	-22649.63999271393	-1574.5474979281425	-1772.4965755939484	-157.05348193645477	-39.59137582778931	-1026.310490846634	-1108.9899839162827	-583.7025618553162	-539.8382881879807	-1261.182936012745	-1051.0789192318916	-1077.1238512396812	-0.06012415885925293	-1820.2525109052658	-0.12669825553894043	-2416.4255719184875	-613.8063313364983	-1027.5397298932076	-1088.4383298754692	-0.1678851842880249	-929.7107086777687	-940.0464441180229	-2192.4482974410057	-879.751672744751	-1624.6811439990997	-1604.1838673949242	-797.1620298027992	-1415.0794863700867	-25794.55110448599
