-101232.90234375	-6926.027210235596	-28588.037063598633	-28428.70230102539	-88750.591796875	-7876.585098266602	-27357.466232299805	-27949.18064880371	-27905.851303100586	-17817.26190185547	-86977.26542663574	-90382.701171875	-25045.66505432129	-26468.360778808594	-48448.69494628906	-17588.710456848145	-31174.5362701416	-80008.337890625	-29032.72299194336	-28909.503204345703	-95957.7890625	-84942.99609375	-28421.807342529297
-99040.41003650427	-7043.391971588135	-27952.60353267193	-27823.539653778076	-86627.10971140862	-8094.531607925892	-26740.564274430275	-27321.338329732418	-27275.671177327633	-17624.587280273438	-85062.51215797663	-88359.1797876358	-24716.81122112274	-25853.745160460472	-47351.0174883008	-17745.594161987305	-30450.977242410183	-78198.86806505919	-28434.604592621326	-28313.0460370183	-93937.09726345539	-83069.49767541885	-27789.860860347748
-97764.46994304657	-7046.115100860596	-27617.87243282795	-27465.36594390869	-85447.79882091284	-6832.439953804016	-26404.756970643997	-26963.406260550022	-26925.577022194862	-17228.619720458984	-83958.99872326851	-87223.13833630085	-24175.08450770378	-25522.590388298035	-46760.20154893398	-16997.437324523926	-30053.715517282486	-77189.39063411951	-28039.518989920616	-27918.299113214016	-92683.56345945597	-82013.94459676743	-27430.05156815052
-97350.26112663746	-7154.807323455811	-27502.81584340334	-27373.782842993736	-85367.05887305737	-8187.85338973999	-26377.888803362846	-28023.03666871786	-27984.944867670536	-17166.375457763672	-83689.39163136482	-86892.40541684628	-24115.93766629696	-25504.255877137184	-46609.30654108524	-16967.699333190918	-30028.9899584651	-76951.40435540676	-28654.067735791206	-28564.688971161842	-92368.36775118113	-81690.08331739902	-27312.284618973732
-96467.56389516592	-8173.959766387939	-27268.375841021538	-27141.68744659424	-84909.29523152113	-8258.085830688477	-26062.679083943367	-26643.64693659544	-26604.09733378887	-17035.532302856445	-82843.25297349691	-86132.36936688423	-23915.87257003784	-25241.73275399208	-46107.70586514473	-16797.42554473877	-29786.37025785446	-76244.56644278765	-27614.475766658783	-27498.35811573267	-91323.11251914501	-80912.1992470622	-27087.70414853096
-95927.04086601734	-6062.493244171143	-27179.793013572693	-26964.669565439224	-83857.8844910264	-6403.175499558449	-25985.298691749573	-26493.42459332943	-26456.926639080048	-16976.518981933594	-82477.13125938177	-85738.691170156	-23755.804778516293	-25135.570598363876	-46001.874026715755	-16765.10410308838	-29533.3962379694	-75827.13839429617	-27566.317879855633	-27452.7858363986	-90968.17500883341	-80505.88692110777	-26989.765675842762
-95571.97763580084	-7163.479862213135	-26982.438901901245	-26860.203296661377	-83324.31673544645	-7050.386463463306	-25787.855012774467	-26335.56394147873	-26295.39689642191	-17035.945098876953	-82044.2454546094	-85199.61695206165	-23846.230674505234	-24907.974769949913	-45662.52409094572	-17154.321029663086	-29330.156489551067	-75379.9208085537	-27441.400590598583	-27321.841945886612	-90662.87166041136	-80140.44617843628	-26798.10508596897
-95157.76881939173	-7272.17208480835	-26867.382312476635	-26768.62019574642	-83243.57678759098	-8405.79989939928	-25760.986845493317	-27395.19434964657	-27354.764741897583	-16973.70083618164	-81774.63836270571	-84868.88403260708	-23787.08383309841	-24889.640258789062	-45511.62908309698	-17124.583038330078	-29305.43093073368	-75141.93452984095	-28055.949336469173	-27968.23180383444	-90347.67595213652	-79816.58489906788	-26680.338136792183
-94750.37953275442	-7135.921741485596	-26856.39130115509	-26674.361238598824	-83447.49253171682	-8046.496475219727	-25620.40424245596	-26117.15025919676	-26073.746963083744	-16740.51951599121	-81297.7227575779	-84624.73396784067	-23555.38845062256	-24775.53787612915	-45333.011654376984	-16505.548454284668	-29213.325609266758	-74898.18428701162	-27140.352715849876	-27025.820385217667	-89709.69930636883	-79500.53550946712	-26590.27366012335
-94275.07158792019	-8291.324527740479	-26632.942310094833	-26536.524799346924	-82785.81314605474	-8476.032340347767	-25445.777126073837	-26015.804617524147	-25973.91720801592	-16842.857681274414	-80928.4997048378	-84108.84798264503	-23587.018736839294	-24627.11713564396	-45010.02840715647	-16954.30924987793	-29062.811230123043	-74435.09661722183	-27016.35736733675	-26901.900948405266	-89302.4207201004	-79038.70082873106	-26455.75766634941
-93734.54855877161	-6179.858005523682	-26544.35948264599	-26359.50691819191	-81734.40240556002	-6621.122009217739	-25368.396733880043	-25865.582274258137	-25826.746513307095	-16783.844360351562	-80562.37799072266	-83715.1697859168	-23426.950945317745	-24520.954980015755	-44904.19656872749	-16921.98780822754	-28809.83721023798	-74017.66856873035	-26968.1994805336	-26856.328669071198	-88947.4832097888	-78632.38850277662	-26357.819193661213
-93881.82872593403	-7274.895214080811	-26532.651212632656	-26410.446485877037	-82064.2658970952	-7143.708245277405	-25425.17954170704	-27037.262280464172	-27004.670586764812	-16577.733276367188	-80671.12492799759	-83732.84258127213	-23245.35711967945	-24558.485486626625	-44920.81314373016	-16376.4262008667	-28908.169205605984	-74132.45709890127	-27660.863733768463	-27573.484880030155	-89094.14214813709	-78761.03182041645	-26320.528844594955
-93122.94804090261	-9059.774559020996	-26353.701500236988	-26199.194443941116	-81200.90805482864	-5580.162284374237	-25182.0781006217	-25688.445698678493	-25648.359393060207	-16509.094772338867	-80058.54655689001	-83100.42765676975	-23078.103431522846	-24341.871241152287	-44701.57401806116	-16279.888465881348	-28599.80988228321	-73542.9036719203	-26818.63111412525	-26706.965083360672	-88353.26172101498	-78118.60558891296	-26202.22376680374
-92999.13149446249	-8294.04765701294	-26298.211210250854	-26178.35108947754	-81606.50225555897	-7213.940686225891	-25109.96982228756	-25657.87254834175	-25623.82305288315	-16446.89012145996	-79824.98627012968	-82972.80653131008	-23045.292023420334	-24295.96236348152	-44419.21246778965	-16206.15241241455	-28665.549504995346	-73425.61918628216	-26621.27176463604	-26507.154024600983	-88048.88691610098	-77983.14775007963	-26095.948374152184
-93074.0383502245	-7234.611743927002	-26261.839388608932	-26126.453174710274	-81055.62028962374	-9833.160514831543	-25087.437825500965	-25610.46075516939	-25571.486605226994	-16405.14601135254	-79869.61006832123	-82939.93214190006	-22873.830845713615	-24229.150865912437	-44301.43268954754	-16203.438941955566	-28584.449143886566	-73324.03804284334	-26661.65456789732	-26541.330867946148	-88279.58183950186	-78012.86132496595	-26067.257357537746
-92458.60846531391	-6182.581134796143	-26209.62838280201	-26001.333208322525	-80555.09151506424	-5359.030355095863	-25032.589430093765	-25507.65020507574	-25476.652358174324	-16387.87680053711	-79458.86455601454	-82579.12833458185	-22885.224231898785	-24189.800207853317	-44313.380629360676	-16173.83097076416	-28412.575485110283	-73008.19113779068	-26573.11387783289	-26461.581745266914	-87693.94940578938	-77576.8354241252	-25998.009901463985
-92584.92267805338	-8402.739879608154	-26183.154620826244	-26086.767988562584	-81525.7623077035	-8569.354122161865	-25083.10165500641	-26717.50295650959	-26683.190898358822	-16384.64585876465	-79555.379178226	-82642.0736118555	-22986.14518201351	-24277.62785232067	-44268.31745994091	-16176.414421081543	-28640.82394617796	-73187.63290756941	-27235.82051050663	-27153.54388254881	-87733.69120782614	-77659.28647071123	-25978.181424975395
-92557.88722550869	-7253.286502838135	-26220.957770228386	-26069.19859135151	-81324.01044625044	-8264.442984879017	-25003.50228458643	-25489.307940125465	-25443.56683731079	-16547.84489440918	-79382.96948891878	-82601.21258360147	-23226.53461742401	-24160.92225778103	-44235.33419638872	-16662.432159423828	-28489.76658153534	-73088.71446144581	-26542.234316527843	-26429.363217890263	-87689.00750732422	-77627.03709113598	-25958.3271779418
-92044.3996489048	-6291.273357391357	-26094.5717933774	-25909.75010740757	-80474.35156720877	-6714.4437910318375	-25005.721262812614	-26567.28061324358	-26536.020203649998	-16325.632537841797	-79189.25746411085	-82248.39541512728	-22826.077390491962	-24171.465696692467	-44162.485621511936	-16144.092979431152	-28387.849926292896	-72770.20485907793	-27187.66262370348	-27107.97160321474	-87378.75369751453	-77252.9741447568	-25880.242952287197
-92093.24563008547	-7501.677280426025	-26077.934498608112	-25832.55805337429	-80670.31523156166	-8487.091677308083	-26117.814558804035	-25264.50156223774	-25226.349524140358	-16320.869812011719	-79194.87014448643	-82194.83416056633	-22835.281686007977	-24672.39491546154	-44063.670304477215	-16138.060707092285	-28805.843148112297	-72820.92329770327	-26309.352503955364	-26202.12988293171	-87313.13193202019	-77240.56215685606	-26515.064527869225
-91161.70241743326	-7310.425800323486	-25860.131790995598	-25677.654711008072	-80016.58792567253	-6784.676231980324	-24690.511543393135	-25187.89088112116	-25155.172669768333	-16194.78938293457	-78343.11880624294	-81488.35936516523	-22626.012294232845	-23908.942573547363	-43660.88494557142	-15973.819190979004	-28145.23022568226	-72063.36694645882	-26148.070654571056	-26041.64074778557	-86333.49846547842	-76475.09007441998	-25655.662481844425
-91281.94713205099	-7256.009632110596	-25886.226670384407	-25711.024881482124	-80144.69955575466	-7002.351330757141	-24667.694980800152	-25131.37587094307	-25093.47268217802	-16151.877334594727	-78279.45605421066	-81465.17113226652	-22684.80790400505	-23829.76748561859	-43644.518257021904	-15914.27532196045	-28092.504856407642	-72079.23703050613	-26147.148713827133	-26034.61629408598	-86435.4737033248	-76571.48401248455	-25598.51788574457
-90930.45573365688	-9177.139320373535	-25718.267969310284	-25594.031796693802	-79077.42596936226	-5798.108794033527	-24565.17614275217	-25060.6033796072	-25018.179267287254	-16316.420150756836	-78143.7932882309	-81076.90627253056	-22749.2495983243	-23727.255622804165	-43603.8965600729	-16436.772171020508	-27876.250854551792	-71733.43384635448	-26220.51271480322	-26110.507916033268	-86332.56992197037	-76245.10717058182	-25570.277284622192
-90789.93905687332	-9642.789176940918	-25831.254969000816	-25738.749685287476	-80527.08144211769	-7947.274673461914	-24499.756714999676	-25189.142615914345	-25147.251735568047	-16092.172637939453	-78128.08417516947	-81220.65246587992	-22708.710777044296	-23894.777474045753	-43545.85257720947	-15873.354866027832	-28068.395722806454	-72012.07795900106	-25987.045817673206	-25876.75452297926	-85828.82565778494	-76275.96948355436	-25554.30425298214
-90771.62404751778	-5196.069431304932	-25785.099896907806	-25671.27471244335	-80425.22411960363	-8101.349014282227	-24543.811035633087	-25166.041601002216	-25115.094582140446	-16100.864013671875	-78142.89158296585	-81154.91196519136	-22656.65794813633	-23832.878625035286	-43461.85075324774	-15848.152671813965	-28146.701400876045	-71913.94328957796	-26016.652538478374	-25904.523838937283	-85758.99069589376	-76143.26034283638	-25533.518501400948
-90867.73831564188	-7364.701854705811	-25771.170080959797	-25619.44178056717	-80063.95960789919	-8357.764766693115	-24640.826813519	-26191.00627911091	-26152.840527653694	-16089.633071899414	-78009.84896230698	-81134.43821281195	-22625.66106259823	-23811.43297445774	-43493.623249173164	-15884.537330627441	-28067.779297590256	-71841.25075179338	-26761.697459697723	-26681.006152033806	-86120.27799504995	-76247.62273311615	-25480.750936567783
-90881.54604297876	-7351.976505279541	-25626.405857682228	-25521.29052746296	-78932.13820415735	-10051.107024490833	-24470.535867631435	-24982.6184360981	-24941.30647945404	-16212.471389770508	-77954.85679966211	-80916.41075766087	-22544.977012515068	-23614.535247564316	-43203.75523155928	-16360.322647094727	-27860.890116155148	-71514.56821727753	-26063.536168575287	-25944.873700618744	-86258.89004045725	-76139.36290663481	-25435.310875356197
-90100.52400922775	-5111.351459503174	-25560.55624103546	-25388.609887361526	-78846.85173141956	-10431.181079864502	-24294.355552732944	-24964.293326497078	-24916.63779962063	-16042.461181640625	-77502.73715937138	-80516.70684629679	-22300.084690332413	-23595.93389815092	-43267.458902835846	-15818.858451843262	-27738.095864236355	-71286.17062580585	-25917.09668648243	-25804.48009312153	-85604.2592536211	-75728.01148450375	-25330.766023874283
-89900.75332283974	-7619.042041778564	-25442.500967681408	-25227.395406126976	-78546.83314609528	-8705.038186967373	-25500.912600934505	-24636.659243166447	-24596.169398367405	-16128.195190429688	-77280.11687582731	-80171.31277632713	-22506.42785280943	-24057.77929711342	-42965.99284648895	-16294.944412231445	-28082.28412038088	-71011.45347213745	-25711.23410463333	-25605.672715604305	-85292.44013297558	-75367.06373852491	-25883.118045687675
-89985.04108417034	-8383.85429763794	-25536.730078577995	-25387.34638416767	-79606.19596636295	-8427.997207641602	-24325.61709409952	-24811.616546988487	-24771.99299377203	-15958.789916992188	-77163.71030443907	-80374.4021628499	-22425.59596633911	-23548.909851312637	-42992.02257323265	-15714.263542175293	-27825.159596979618	-71134.41283917427	-25722.1054905653	-25614.675296604633	-85075.02276301384	-75469.73866277933	-25256.17046612501
-89654.51564019918	-9179.862449645996	-25383.536869466305	-25235.858086824417	-77898.11507886648	-4536.017139911652	-24229.368838965893	-24702.671310424805	-24668.085112154484	-15920.452590942383	-77040.27985352278	-79940.8648211956	-22207.52288490534	-23396.100850641727	-43013.08062070608	-15688.615333557129	-27478.989129424095	-70723.95641541481	-25825.42711210251	-25715.760992228985	-85079.03611797094	-75189.55409193039	-25210.467992424965
-89444.51805502176	-6272.387775421143	-25448.14725112915	-25210.328503012657	-78554.78522586823	-6573.086876511574	-24248.236701905727	-24661.394203722477	-24624.822299063206	-15899.776596069336	-76797.58859032393	-79980.72396612167	-22265.528174817562	-23442.747695684433	-42886.19073480368	-15681.942100524902	-27572.185577094555	-70716.98479068279	-25673.94760376215	-25569.103017270565	-84720.08525270224	-75063.4263368249	-25158.231993436813
-89240.30682379007	-9288.554672241211	-25268.480280041695	-25144.274985909462	-77817.37513101101	-5891.430575847626	-24202.500671684742	-25762.301718592644	-25727.452957630157	-15858.20832824707	-76770.67276161909	-79610.13190174103	-22148.376043498516	-23377.766339480877	-42862.18561285734	-15658.877342224121	-27454.26357060671	-70485.97013670206	-26439.9758579731	-26362.15085017681	-84763.8404096961	-74865.69281256199	-25092.701043248177
-89605.60594952106	-7354.699634552002	-25291.67475783825	-25163.116817593575	-77752.82731366158	-8789.015370368958	-24134.728563845158	-24624.686366915703	-24591.21232432127	-15816.503829956055	-76851.343364954	-79780.36930632591	-22003.250299096107	-23283.38047540188	-42612.93929219246	-15612.165809631348	-27463.62839102745	-70505.09078633785	-25668.450565874577	-25550.12677681446	-85005.35623645782	-75083.80982798338	-25075.50158315897
-89191.39713311195	-7463.391857147217	-25176.61816841364	-25071.53371667862	-77672.0873658061	-10144.428806304932	-24107.860396564007	-25684.316775083542	-25650.580169796944	-15754.259567260742	-76581.73627305031	-79449.63638687134	-21944.103457689285	-23265.045964241028	-42462.04428434372	-15582.42781829834	-27438.902832210064	-70267.1045076251	-26282.999311745167	-26196.516634762287	-84690.16052818298	-74759.94854861498	-24957.73463398218
-88597.44674962759	-9760.153938293457	-25195.821438074112	-25133.58703804016	-78403.5993566513	-8165.221183121204	-23882.854757130146	-24561.300296843052	-24517.071609795094	-15899.498016357422	-76213.33090651035	-79197.13108164072	-22379.85694384575	-23280.161855697632	-42448.17511922121	-16030.238571166992	-27344.836695075035	-70202.60813343525	-25388.927418351173	-25280.297355651855	-83808.13385874033	-74402.47106522322	-24922.35777080059
-88579.13174027205	-5313.434192657471	-25149.666365981102	-25066.112065196037	-78301.74203413725	-8319.295523941517	-23926.909077763557	-24538.199281930923	-24484.914456367493	-15908.189392089844	-76228.13831430674	-79131.39058095217	-22327.804114937782	-23218.263006687164	-42364.173295259476	-16005.036376953125	-27423.142373144627	-70104.47346401215	-25418.53413915634	-25308.06667160988	-83738.29889684916	-74269.76192450523	-24901.5720192194
-88624.81322938204	-7621.765171051025	-25107.76986783743	-24869.22169625759	-77367.5222555995	-7442.946532845497	-25165.105297148228	-24278.72717398405	-24246.075243234634	-15732.227630615234	-76176.6034411192	-79035.27132499218	-21964.70113939047	-23726.62452495098	-42375.176907122135	-15546.787574768066	-27685.02239525318	-70001.97604119778	-25316.14850193262	-25210.925791800022	-84038.90632897615	-74311.51065987349	-25523.308753490448
-88357.60959231853	-10307.70711517334	-25034.040277659893	-24912.179589509964	-77359.61148947477	-5961.663016796112	-23887.290952265263	-24382.911986470222	-24346.605423748493	-15727.365173339844	-75924.53410375118	-78850.09585177898	-21948.3109472394	-23115.243216335773	-42360.58493691683	-15488.603553771973	-27211.64386999607	-69779.13222408295	-25400.383888840675	-25295.81999474764	-83718.58517765999	-74087.80874222517	-24868.120572805405
-88210.60441297293	-7730.45739364624	-24992.71327841282	-24777.638595342636	-77286.78230774403	-8798.359968781471	-25138.237129867077	-25338.35758215189	-25305.443088710308	-15669.983367919922	-75906.99634921551	-78704.5384055376	-21905.554297983646	-23708.29001379013	-42224.281899273396	-15517.049583435059	-27660.296836435795	-69763.98976248503	-25930.69724780321	-25857.31564974785	-83723.71062070131	-73987.64938050508	-25405.54180431366
-87817.08656316996	-8196.240592956543	-24945.457450211048	-24735.16170835495	-76308.20074898005	-4106.752685666084	-23809.91056007147	-24232.689643204212	-24199.43472903967	-15668.351852416992	-75558.41238963604	-78456.41765505075	-21788.24315571785	-23009.08106070757	-42254.753098487854	-15456.282112121582	-26958.669850111008	-69361.70417559147	-25352.226002037525	-25250.24771541357	-83363.64766734838	-73681.49641627073	-24770.182100117207
-87908.03170198202	-5228.716220855713	-24925.122710108757	-24783.447240114212	-76723.36964595318	-10649.127589523792	-23677.453594863415	-24336.451007425785	-24286.457673847675	-15849.786560058594	-75587.98389071226	-78493.18546205759	-21971.230857133865	-22981.3182798028	-42169.781444847584	-15975.742156982422	-27014.536836504936	-69476.70080024004	-25318.978287160397	-25208.022925794125	-83583.56745457649	-73854.5130661726	-24698.819541692734
-88308.69990164042	-8482.544300079346	-24942.178166031837	-24839.43832027912	-77214.32372426987	-10214.661247253418	-23792.650677144527	-24304.92704296112	-24269.73263591528	-15623.416412353516	-75735.5976151824	-78689.6003369093	-21744.038361430168	-23002.522841095924	-41960.443608403206	-15412.154029846191	-27196.283131599426	-69560.26659500599	-25243.407342612743	-25130.185779333115	-83644.90529614687	-73982.06447827816	-24733.15416353941
-87768.17687249184	-6371.077777862549	-24853.595338582993	-24662.420439124107	-76162.91298377514	-8359.75091612339	-23715.270284950733	-24154.70469969511	-24122.561941206455	-15564.403091430664	-75369.47590106726	-78295.92214018106	-21583.97056990862	-22896.36068546772	-41854.61176997423	-15379.8325881958	-26943.309111714363	-69142.83854651451	-25195.249455809593	-25084.613499999046	-83289.96778583527	-73575.75215232372	-24635.21569085121
-87321.50665616989	-9762.877067565918	-24861.090338230133	-24775.413328170776	-77224.28846615553	-6903.129528999329	-23547.04745334387	-24203.368227660656	-24166.977454662323	-15503.530456542969	-75109.81747180223	-78061.08963030577	-21838.13023042679	-22949.007083535194	-41857.35917985439	-15282.081733703613	-26947.574969947338	-69193.13070249557	-24993.841815650463	-24885.550431847572	-82554.6000547409	-73346.91798657179	-24562.548478603363
-87303.19164681435	-5316.157321929932	-24814.935266137123	-24707.938355326653	-77122.43114364147	-7057.203869819641	-23591.10177397728	-24180.267212748528	-24134.820301234722	-15512.22183227539	-75124.62487959862	-77995.34912961721	-21786.07740151882	-22887.108234524727	-41773.35735589266	-15256.879539489746	-27025.88064801693	-69094.99603307247	-25023.44853645563	-24913.319747805595	-82484.76509284973	-73214.2088458538	-24541.76272702217
-87327.90718150139	-8749.60983657837	-24758.273276031017	-24545.543198943138	-76829.01866620779	-8868.592409729958	-24823.027410447598	-23958.96785002947	-23924.595554828644	-15539.140213012695	-75060.8576913476	-77944.50235557556	-21705.48920172453	-23445.766890645027	-41722.68122333288	-15346.77579498291	-27417.677135825157	-69057.15184986591	-24891.105278670788	-24790.984794318676	-82678.4553886652	-73209.76531016827	-25180.961333870888
-86907.29783976078	-9871.569290161133	-24746.033748805523	-24683.83022725582	-77143.54851830006	-8258.542964935303	-23520.179286062717	-25262.998635828495	-25226.345300137997	-15441.286193847656	-74840.21037989855	-77730.35671085119	-21778.983389019966	-22930.672572374344	-41706.46417200565	-15252.343742370605	-26922.84941112995	-68955.14442378283	-25608.390561521053	-25531.9402897954	-82239.40434646606	-73023.05670720339	-24444.781529426575
-86888.98283040524	-5424.8495445251465	-24699.878676712513	-24616.355254411697	-77041.691195786	-8412.617305755615	-23564.23360669613	-25239.897620916367	-25194.188146710396	-15449.977569580078	-74855.01778769493	-77664.61621016264	-21726.930560112	-22868.773723363876	-41622.46234804392	-15227.141548156738	-27001.155089199543	-68857.00975435972	-25637.99728232622	-25559.70960575342	-82169.56938457489	-72890.3475664854	-24423.995777845383
-86787.38415235281	-6638.143314361572	-24669.690448582172	-24368.525317788124	-75777.60792571306	-7013.68207859993	-24745.647018253803	-23808.74550676346	-23777.42486011982	-15480.126892089844	-74694.73597723246	-77550.82415884733	-21545.42141020298	-23339.604735016823	-41616.84938490391	-15314.45435333252	-27164.703115940094	-68639.72380137444	-24842.947391867638	-24745.412514984608	-82323.5178783536	-72803.45298421383	-25083.02286118269
-86632.09160852432	-5231.439350128174	-24590.391610264778	-24425.273530244827	-75544.0587554574	-9387.035935401917	-23341.646291077137	-23978.51893824339	-23936.363518714905	-15453.81900024414	-74484.47045600414	-77357.14401072264	-21429.504143714905	-22650.16350764036	-41578.965505480766	-15227.585319519043	-26617.27511137724	-68467.22336930037	-24923.892684459686	-24813.27600198984	-82330.03365057707	-72798.95998752117	-24339.010249495506
-86640.42522990704	-9269.669090270996	-24622.055737793446	-24444.85338151455	-75897.80878967047	-5750.073661327362	-23445.016110777855	-23856.41530907154	-23816.255053043365	-15432.35238647461	-74379.00388783216	-77342.46045273542	-21587.826827824116	-22649.048338472843	-41585.89072614908	-15196.726463317871	-26638.599221408367	-68432.75006830692	-24926.26083803177	-24823.282264232635	-82105.1719648838	-72676.14500463009	-24370.690084397793
-86217.88279211521	-5340.131572723389	-24475.335020840168	-24333.690429329872	-75463.31880760193	-10742.44937133789	-23314.778123795986	-25038.149346411228	-24995.73136419058	-15391.574737548828	-74214.86336410046	-77026.41109126806	-21370.357302308083	-22631.82899647951	-41428.07049763203	-15197.847328186035	-26592.549552559853	-68229.23709058762	-25538.441430330276	-25459.665859937668	-82014.83794230223	-72475.09870815277	-24221.243300318718
-86024.60060828924	-10890.721733093262	-24511.59374642372	-24451.734830856323	-76685.78487676382	-8328.775405883789	-23204.969566643238	-23883.608903706074	-23845.497766256332	-15310.44303894043	-73994.07172203064	-76970.32066088915	-21578.91829276085	-22668.14944922924	-41204.86349606514	-15082.069953918457	-26680.229710519314	-68248.30651116371	-24568.79859238863	-24465.609434366226	-81194.14911442995	-72245.17263686657	-24220.201058983803
-86006.2855989337	-6444.001987457275	-24465.43867433071	-24384.2598580122	-76583.92755424976	-8482.849746704102	-23249.02388727665	-23860.507888793945	-23813.34061282873	-15319.134414672852	-74008.87912982702	-76904.5801602006	-21526.865463852882	-22606.250600218773	-41120.861672103405	-15056.86775970459	-26758.535388588905	-68150.17184174061	-24598.405313193798	-24493.37875032425	-81124.31415253878	-72112.46349614859	-24199.41530740261
-86591.51553922892	-7444.506275177002	-24530.19362616539	-24372.112112283707	-75752.52102446556	-10003.071891784668	-23350.37583565712	-23778.43036556244	-23739.38226521015	-15328.403625488281	-74190.06739926338	-77181.96493786573	-21383.554242014885	-22536.327963232994	-41185.74939763546	-15120.27693939209	-26623.238483011723	-68213.88443922997	-24769.284291803837	-24657.64804881811	-82031.49208337069	-72570.40074068308	-24235.723675131798
-85484.07757914066	-8779.255210876465	-24423.010918974876	-24274.71694970131	-75634.37413626909	-6473.865074753761	-23127.589174449444	-23733.386560440063	-23698.32707154751	-15251.429718017578	-73627.9500079155	-76576.64246416092	-21418.8505012393	-22561.987293601036	-41099.031657636166	-15049.748512268066	-26427.25569063425	-67830.87846267223	-24520.64070558548	-24420.037155032158	-80839.21160411835	-71838.86031091213	-24122.262586295605
-85465.76256978512	-4332.5354652404785	-24376.855846881866	-24207.241976857185	-75532.51681375504	-6627.939415574074	-23171.643495082855	-23710.285545527935	-23666.169918119907	-15260.12109375	-73642.75741571188	-76510.90196347237	-21366.797672331333	-22500.08844459057	-41015.02983367443	-15024.5463180542	-26505.561368703842	-67732.74379324913	-24550.247426390648	-24447.80647099018	-80769.37664222717	-71706.15117019415	-24101.476834714413
-85610.72281908989	-7711.571811676025	-24346.28873616457	-24078.216990947723	-75367.21596640348	-8657.003054261208	-24380.75256896019	-23432.471172630787	-23394.245184123516	-15244.127426147461	-73515.32747542858	-76436.866956532	-21345.005082309246	-22979.572012782097	-40947.987012565136	-15054.898704528809	-26844.632487237453	-67710.76969408989	-24416.98222786188	-24318.447063803673	-81065.04217588902	-71798.10157257318	-24683.530845463276
-85335.18556064367	-6359.284015655518	-24240.895018458366	-24101.595032930374	-75005.5551660657	-10812.681812286377	-22999.568404376507	-23658.759614288807	-23614.883830308914	-15260.731582641602	-73368.72470623255	-76266.37504130602	-21170.292206048965	-22369.305873334408	-40926.46982169151	-15027.573539733887	-26349.929851949215	-67522.3991779685	-24498.849461197853	-24393.335004508495	-80969.58271026611	-71697.21463781595	-23996.662829875946
-84794.6625314951	-4247.817493438721	-24152.31219100952	-23924.57715177536	-73954.14442557096	-8957.77148115635	-22922.188012182713	-23508.537271022797	-23467.71313560009	-15201.71826171875	-73002.6029921174	-75872.69684457779	-21010.224414527416	-22263.143717706203	-40820.63798326254	-14995.252098083496	-26096.95583206415	-67104.97112947702	-24450.691574394703	-24347.762725174427	-80614.64519995451	-71290.90231186152	-23898.724357187748
-84964.08404737711	-9368.359092712402	-24027.503825247288	-23896.945317626	-73505.93654757738	-7536.7377009391785	-22912.04969382286	-23349.725805044174	-23313.994695186615	-15096.978881835938	-72950.8911985755	-75657.65862679482	-20906.269222915173	-22102.66132825613	-40554.31176131964	-14894.61695098877	-26009.722756028175	-66858.60382413864	-24447.562690079212	-24338.792746961117	-80675.05449801683	-71188.47082012892	-23847.67378181219
-84348.65416246653	-8316.328483581543	-23975.292819440365	-23771.82535123825	-73005.40777301788	-3062.607541203499	-22857.20129841566	-23246.915254950523	-23219.160448133945	-15079.709671020508	-72540.1456862688	-75296.8548194766	-20917.66260910034	-22063.31067019701	-40566.259701132774	-14865.008979797363	-25837.849097251892	-66542.75691908598	-24359.022000014782	-24259.043624281883	-80089.42206430435	-70752.44491928816	-23778.42632573843
-84307.41624587774	-9852.683708190918	-24099.609206557274	-23984.40862286091	-75223.98217695951	-8117.186050415039	-22762.69472515583	-23357.112226307392	-23315.147395551205	-15015.430252075195	-72448.54150611162	-75462.68526184559	-21218.434173345566	-22201.95457136631	-40430.169285297394	-14790.192863464355	-26107.18506193161	-66901.92435538769	-24094.675541579723	-23993.071703851223	-79580.73590165377	-70833.50889927149	-23722.77057057619
-84289.1012365222	-5405.963962554932	-24053.454134464264	-23916.933650016785	-75122.12485444546	-8271.260391235352	-22806.74904578924	-23334.011211395264	-23282.990242123604	-15024.121627807617	-72463.348913908	-75396.94476115704	-21166.3813444376	-22140.055722355843	-40346.16746133566	-14764.990669250488	-26185.4907400012	-66803.78968596458	-24124.28226238489	-24020.841019809246	-79510.90093976259	-70700.7997585535	-23701.984818995
-83983.29132723808	-9635.424629211426	-23843.598935246468	-23603.050196290016	-73120.6314895153	-6190.668863415718	-23942.42642712593	-23003.766612112522	-22968.85761409998	-15012.702682495117	-72276.1512747407	-74912.56064546108	-20867.720063209534	-22545.905377805233	-40316.54937624931	-14829.238716125488	-26231.116760253906	-66355.48907899857	-24095.260626137257	-23999.591761946678	-79708.60459053516	-70416.17165201902	-24295.48095214367
-84025.39048486948	-5457.496334075928	-23839.901489913464	-23728.527782082558	-73339.83672213554	-10960.395880997181	-22697.876165926456	-24410.307027339935	-24365.551238417625	-15198.900115966797	-72300.11009544134	-75002.88970702887	-21041.503469109535	-22017.21337813139	-40330.393039643764	-15354.731033325195	-25868.990524828434	-66419.7672650218	-24940.323031008244	-24863.208692610264	-79994.14614325762	-70601.60028982162	-23589.29681813717
-83618.00119823217	-5321.245990753174	-23828.91047859192	-23634.26882493496	-73543.75246626139	-10601.092456817627	-22557.2935628891	-23132.262936890125	-23084.533459603786	-14965.718795776367	-71823.19449031353	-74758.73964226246	-20809.808086633682	-21903.110995471478	-40151.77561092377	-14735.696449279785	-25776.88520336151	-66176.01702219248	-24024.726410388947	-23920.797273993492	-79356.16949748993	-70285.55090022087	-23499.232341468334
-83542.86795938015	-11478.698333740234	-23706.797867536545	-23636.964943408966	-72625.30964392424	-11987.708278656006	-22548.52431601286	-22938.056551873684	-22920.941256582737	-14914.784591674805	-71559.89583003521	-74496.16731631756	-20623.92615878582	-21879.582036674023	-39936.768473148346	-14732.56957244873	-25729.16859704256	-65892.52623301744	-24010.467018783092	-23901.56676274538	-79366.07110893726	-70105.56151968241	-23444.7431422472
-83934.38163655996	-7810.261814117432	-23751.736823618412	-23530.308927059174	-72975.3437243104	-10443.667093873024	-23847.786152005196	-22925.78166860342	-22891.984826266766	-14908.753921508789	-72087.21478617191	-74752.06513059139	-20663.447477400303	-22433.185002565384	-39916.40804773569	-14752.789192199707	-26215.75602185726	-66136.62344992161	-23938.284079909325	-23833.957546532154	-79634.92470902205	-70310.42738807201	-24160.514542877674
-83273.27026253939	-4449.900226593018	-23741.422315955162	-23602.07932960987	-73409.03472828865	-6845.885925233364	-22554.741537213326	-23082.443226456642	-23035.989792346954	-15067.446472167969	-71728.00414705276	-74487.38057923317	-21037.943839132786	-21885.472826242447	-39917.35237568617	-15181.43002319336	-25782.002340972424	-65923.27396768332	-23952.129027068615	-23851.349303662777	-78748.68484318256	-69832.652751863	-23469.530352532864
-82679.98475402594	-11776.536525726318	-23596.91940563917	-23509.2418282032	-72977.39770007133	-5650.85185956955	-22324.36858332157	-22928.407665789127	-22889.759825527668	-14784.005508422852	-71209.36530542374	-73938.37895077467	-20741.149154245853	-21768.287936389446	-39798.73164898157	-14564.532875061035	-25493.669334948063	-65546.64374029636	-23772.9539398551	-23674.21640199423	-78224.29831629992	-69451.57897871733	-23334.720677256584
-82661.66974467039	-7329.816780090332	-23550.76433354616	-23441.766855359077	-72875.54037755728	-5804.926200389862	-22368.422903954983	-22905.306650877	-22857.602672100067	-14792.696884155273	-71224.17271322012	-73872.63845008612	-20689.096325337887	-21706.38908737898	-39714.72982501984	-14539.330680847168	-25571.975013017654	-65448.50907087326	-23802.560660660267	-23701.98571795225	-78154.46335440874	-69318.86983799934	-23313.934925675392
-82749.45039141178	-5460.219463348389	-23505.170390069485	-23370.354072213173	-72160.52583163977	-9698.304226875305	-22362.06886214018	-24052.37495815754	-24015.457083284855	-14802.932556152344	-71196.59666073322	-73866.84825569391	-20499.776755690575	-21686.058605968952	-39739.57710027695	-14606.574195861816	-25471.728799700737	-65410.28983408213	-24545.237428307533	-24468.46176880598	-78740.6123392582	-69546.0472111702	-23229.48752593994
-82631.07506334782	-9951.373710632324	-23505.057294011116	-23436.50055897236	-72832.10993486643	-9903.850090026855	-22229.728308200836	-22850.422722280025	-22812.887037694454	-14680.056747436523	-71020.42881685495	-73777.88343590498	-20536.876568436623	-21655.567561149597	-39398.59032046795	-14488.083351135254	-25478.30859655142	-65327.778111219406	-23615.977393627167	-23508.582186579704	-78150.6184347868	-69345.83471477032	-23199.75426799059
-81990.56970638037	-7245.098808288574	-23326.220677673817	-23159.102030277252	-71297.1679893732	-8134.758265972137	-22118.96742105484	-22703.55837637186	-22659.14588958025	-14734.294052124023	-70584.01828962564	-73234.43333119154	-20332.52306753397	-21469.444360494614	-39520.337974607944	-14510.036460876465	-25163.369476377964	-64820.736407101154	-23703.004808664322	-23601.941972136497	-77999.73191213608	-68903.62097966671	-23111.182448148727
-82612.76005399227	-5504.653964996338	-23458.902221918106	-23369.025586128235	-72730.25261235237	-10057.924430847168	-22273.782628834248	-22827.321707367897	-22780.729884266853	-14688.748123168945	-71035.23622465134	-73712.14293521643	-20484.823739528656	-21593.66871213913	-39314.588496506214	-14462.881156921387	-25556.61427462101	-65229.6434417963	-23645.584114432335	-23536.351502537727	-78080.78347289562	-69213.12557405233	-23178.968516409397
-81997.33016908169	-4452.6233558654785	-23406.691216111183	-23243.905619740486	-72229.72383779287	-5583.794271111488	-22218.934233427048	-22724.511157274246	-22685.895637214184	-14671.478912353516	-70624.49071234465	-73351.33912789822	-20496.217125713825	-21554.31805408001	-39326.53643631935	-14433.27318572998	-25384.740615844727	-64913.79653674364	-23557.043424367905	-23456.602379858494	-77495.15103918314	-68777.09967321157	-23109.721060335636
-81650.28234320879	-10218.439247131348	-23321.152404010296	-23142.605437636375	-72446.80487680435	-8557.781252503395	-23260.105041503906	-22504.463529348373	-22467.74995660782	-14595.780548095703	-70345.68889302015	-73032.78545457125	-20498.327408730984	-22098.8116106987	-39160.827935397625	-14422.705116271973	-25699.70260077715	-64824.66336607933	-23263.67532968521	-23169.381201565266	-77184.16852730513	-68573.53554666042	-23647.561438322067
-81583.12135267258	-4561.315578460693	-23291.634626686573	-23152.32251882553	-72148.9838899374	-6939.2077070474625	-22192.066066145897	-23784.141565442085	-23745.263482689857	-14609.234649658203	-70354.88362044096	-73020.60620844364	-20437.070284307003	-21535.98354291916	-39175.64142847061	-14403.535194396973	-25360.01505702734	-64675.81025803089	-24171.592170238495	-24102.99223780632	-77179.9553309083	-68453.23839384317	-22991.954111158848
-81631.96733385324	-5771.719501495361	-23274.997331917286	-23075.13046479225	-72344.9475542903	-8711.855593323708	-23304.159362137318	-22481.362514436245	-22435.592803180218	-14604.471923828125	-70360.49630081654	-72967.0449538827	-20446.274579823017	-22036.912761688232	-39076.82611143589	-14397.502922058105	-25778.00827884674	-64726.52869665623	-23293.28205049038	-23197.15051752329	-77114.33356541395	-68440.82640594244	-23626.775686740875
-81941.66001570225	-5419.93599319458	-23234.35856604576	-23086.36076104641	-71151.8802241683	-12387.756496429443	-22024.327145934105	-22625.57343286276	-22582.273101747036	-14630.345291137695	-70395.08180105686	-73073.93781632185	-20128.25048172474	-21356.723985254765	-39120.19664609432	-14433.586936950684	-25148.00873798132	-64601.8707780242	-23546.02826243639	-23436.307756721973	-77926.05203062296	-68797.8767157197	-22976.216038882732
-81452.54434353113	-6588.064128875732	-23155.673798263073	-23046.67557489872	-71622.02224224806	-11123.950103759766	-22019.99097543955	-23732.615634202957	-23693.977394878864	-14609.845138549805	-70080.85091096163	-72776.0792862773	-20240.564818024635	-21405.200971663	-39087.081416487694	-14406.56241607666	-25204.383540272713	-64465.46564275026	-24120.1942050457	-24048.520771324635	-77380.16139894724	-68444.30186146498	-22887.14010632038
-80912.02131438255	-4476.597606658936	-23067.090970814228	-22869.657693743706	-70570.61150175333	-9269.039772629738	-21942.610583245754	-23582.393290936947	-23546.80670017004	-14550.831817626953	-69714.72919684649	-72382.40108954906	-20080.497026503086	-21299.038816034794	-38981.24957805872	-14374.24097442627	-24951.40952038765	-64048.037594258785	-24072.03631824255	-24002.948491990566	-77025.22388863564	-68037.98953551054	-22789.201633632183
-81350.37565213442	-11596.063095092773	-23071.36433660984	-23031.80229616165	-70501.82755845785	-12205.654788315296	-21931.62235814333	-22310.21423280239	-22290.761130809784	-14722.109970092773	-69645.1425613761	-72472.64593207836	-20295.072325587273	-21264.9664183259	-38839.091015160084	-14889.45327758789	-25005.609569311142	-64083.05640745163	-23412.34861946106	-23305.109595417976	-77345.37930989265	-68232.06310135126	-22812.79666006565
-80960.86729556322	-5687.0015296936035	-23050.45367604494	-22792.465639710426	-70766.57516610622	-11041.687658905983	-23054.703879237175	-22279.614239931107	-22237.1360206604	-14546.069091796875	-69720.34187722206	-72328.83983498812	-20089.7013220191	-21799.968034803867	-38882.434261024	-14368.208702087402	-25369.40274220705	-64098.75603288412	-23193.726198494434	-23097.106771707535	-76959.60212314129	-68025.5775476098	-23424.02320921421
-80700.42412120104	-5580.468021392822	-23057.19462430477	-22920.227122426033	-71691.22024840117	-7009.440147995949	-21876.856346726418	-22404.751833319664	-22364.415948808193	-14478.391494750977	-69508.74496257305	-72260.5701584816	-20237.005188047886	-21273.460419774055	-38674.0407525301	-14233.261405944824	-25117.395356416702	-63968.97234541178	-23132.00020110607	-23036.661382377148	-76134.70009887218	-67675.35432350636	-22767.373640716076
-80328.6607606411	-7912.831398010254	-23028.31780230999	-22981.322096705437	-72201.71376484632	-8172.038589477539	-21686.10151833296	-22406.00356811285	-22356.495014607906	-14375.77474975586	-69293.71033149958	-71992.86325919628	-20319.703670859337	-21259.295320272446	-38559.00838416815	-14132.797080993652	-25040.560853540897	-63917.683357954025	-22970.97536420822	-22871.77515757084	-75630.0272911787	-67476.23373264074	-22666.01541185379
-79657.56072235107	-7828.113426208496	-22803.774146437645	-22698.65727162361	-70623.34137666225	-10501.870655059814	-21436.646035432816	-22204.25529360771	-22158.03823208809	-14317.37191772461	-68653.5559079051	-71354.6581403017	-19963.13041305542	-21022.35059338808	-38364.616533756256	-14103.50286102295	-24631.955316901207	-63289.91069418192	-22871.419512212276	-22771.731411755085	-75475.29584890604	-67060.98487430811	-22463.262934327126
-80074.43555867672	-11598.786224365234	-22736.63323676586	-22673.628586292267	-69322.51666796207	-10943.56313419342	-21595.815054357052	-21952.282163619995	-21940.666975677013	-14326.14241027832	-68541.62912666798	-71336.60448074341	-19753.345612168312	-20933.811646163464	-38248.275075793266	-14141.296440124512	-24608.347844183445	-63073.578976511955	-23017.26301676035	-22910.362671613693	-76091.84550589323	-67176.51002269983	-22452.987367868423
-79639.24571299553	-3381.3936805725098	-22757.619074344635	-22631.182298779488	-70521.4840541482	-10655.944995880127	-21480.700356066227	-22181.154278695583	-22125.881078660488	-14326.063293457031	-68668.36331570148	-71288.91763961315	-19911.077584147453	-20960.451744377613	-38280.61470979452	-14078.300666809082	-24710.2609949708	-63191.776024758816	-22901.026233017445	-22799.500727713108	-75405.46088701487	-66928.27573359013	-22442.477182745934
-79804.83786183596	-4569.988117218018	-22771.25768518448	-22638.74297249317	-70106.24175232649	-5801.740780770779	-21602.032275557518	-22096.668838202953	-22055.71551144123	-14478.804290771484	-68709.73744368553	-71327.81774365902	-20167.363292515278	-20939.702435731888	-38228.85897833109	-14590.15689086914	-24661.181588113308	-63104.326711177826	-22958.92502504587	-22860.14521253109	-75474.45924013853	-66903.60125488043	-22477.774578154087
-79735.35998111963	-5550.026103973389	-22743.689258396626	-22579.349366903305	-70160.21954244375	-10912.360748291016	-21577.71613395214	-23206.118956804276	-23163.627024173737	-14314.83235168457	-68535.32069504261	-71268.44388723373	-19880.080698609352	-20939.006093800068	-38312.38720571995	-14114.685325622559	-24631.33889168501	-63119.08348697424	-23646.071154236794	-23575.98304080963	-75766.74818617105	-67032.6381238699	-22389.70961791277
-79660.22674226761	-11707.47844696045	-22621.57664734125	-22582.04548537731	-69241.7767201066	-12298.976570129395	-21568.9468870759	-23011.912571787834	-23000.034821152687	-14263.898147583008	-68272.02203476429	-71005.87156128883	-19694.19877076149	-20915.477135002613	-38097.38006794453	-14111.558448791504	-24583.62228536606	-62835.592697799206	-23631.81176263094	-23556.75252956152	-75776.64979761839	-66852.64874333143	-22335.220418691635
-79457.79003596306	-10335.804008483887	-22685.71887308359	-22537.44279038906	-70323.32279133797	-8775.727762162685	-22643.203083634377	-21876.62121027708	-21837.569830834866	-14403.105926513672	-68430.93562436104	-71009.26407033205	-20169.473575532436	-21484.19599235058	-38063.15047740936	-14579.588821411133	-24976.14357304573	-63015.193540513515	-22665.55693036318	-22572.92403423786	-75163.47672826052	-66700.03712832928	-23015.61495614052
-79193.23734396696	-7449.904670715332	-22580.59970277548	-22478.43049824238	-69572.74740159512	-4760.781055927277	-21415.713642299175	-21919.53226262331	-21877.328391194344	-14204.054702758789	-68205.90600985289	-70713.07561451197	-19818.51577872038	-20760.61869686842	-38026.23642766476	-13948.05754852295	-24451.15426015854	-62629.56181436777	-22809.356658637524	-22710.781626820564	-74880.23775136471	-66389.81834101677	-22322.179151296616
-78983.23975878954	-4542.4299964904785	-22645.210084438324	-22452.90091443062	-70229.41754859686	-6797.850792527199	-21434.58150523901	-21878.255155920982	-21834.065578103065	-14183.378707885742	-67963.21474665403	-70752.93475943804	-19876.521068632603	-20807.265541911125	-37899.34654176235	-13941.384315490723	-24544.350707829	-62622.59018963575	-22657.877150297165	-22564.123651862144	-74521.286886096	-66263.69058591127	-22269.943152308464
-78777.52951079607	-12726.630889892578	-22387.13664495945	-22349.950088977814	-68784.01307857037	-12369.20901107788	-21253.73716765642	-21632.522839665413	-21619.187287271023	-14133.054992675781	-67425.88337689638	-70245.83551132679	-19494.133674502373	-20652.95401185751	-37595.77939200401	-13941.284660339355	-24341.00258475542	-62128.75478518009	-22592.219793498516	-22490.421674132347	-74731.39456558228	-66074.76467299461	-22110.639948248863
-78107.92848926783	-7473.878921508789	-22240.999457478523	-22104.182572245598	-67913.63506555557	-8446.026557445526	-21139.38999211788	-22777.41439628601	-22738.2394541502	-14083.407608032227	-67296.14449435472	-69744.13757616282	-19402.79567950964	-20505.339458823204	-37680.949569404125	-13889.025337219238	-24017.82316470146	-61763.802871882915	-23324.34955251217	-23257.127738952637	-74410.3106008172	-65650.70820331573	-22001.659724593163
-78237.00648164749	-10615.164367675781	-22298.553817510605	-22172.9322078228	-67732.60233807564	-10514.298679947853	-21176.356775462627	-21482.300496399403	-21472.0165925622	-14074.04167175293	-67059.76166278124	-69852.15731459856	-19334.065882980824	-20546.791856229305	-37489.94755357504	-13908.963218688965	-24088.028564870358	-61711.326736688614	-22544.061906695366	-22444.84939479828	-74376.45705527067	-65668.45234704018	-22012.701475560665
-78181.84994250536	-10338.527137756348	-22350.987773239613	-22179.269080519676	-69144.01190084219	-7513.63610804081	-22307.3957798481	-21518.689141094685	-21487.475675702095	-14007.138366699219	-67327.42218965292	-69873.2226189971	-19627.746862113476	-21153.04122018814	-37472.334538042545	-13831.431983947754	-24578.881847918034	-62005.71610957384	-22270.471327662468	-22178.17711043358	-73909.9429242611	-65644.48404967785	-22655.80566394329
-78114.68895196915	-4681.403469085693	-22321.46999591589	-22188.98616170883	-68846.19091397524	-5895.062562584877	-21239.35680449009	-22798.367177188396	-22764.989201784134	-14020.592468261719	-67336.61691707373	-69861.04337286949	-19566.489737689495	-20590.2131524086	-37487.14803111553	-13812.262062072754	-24239.194304168224	-61856.8630015254	-23178.38816821575	-23111.788146674633	-73905.72972786427	-65524.1868968606	-22000.19833678007
-77767.64112609625	-10447.219360351562	-22235.931183815002	-22087.68597960472	-69063.27195298672	-8869.049543976784	-22280.527612566948	-22578.319549262524	-22546.84352117777	-13944.894104003906	-67057.81509774923	-69542.48969954252	-19568.600020706654	-21134.70670902729	-37321.439530193806	-13801.693992614746	-24554.156289100647	-61767.72983086109	-22885.020073533058	-22824.566968381405	-73594.74721598625	-65320.62277030945	-22538.038714766502
-78059.0187985897	-5648.716106414795	-22149.137345850468	-22031.441303014755	-67768.34730035067	-12699.024787902832	-21044.749716997147	-22699.42945277691	-22661.366666316986	-13979.458847045898	-67107.20800578594	-69583.64206129313	-19198.52309370041	-20392.619083583355	-37280.8082408905	-13812.575813293457	-24002.462426304817	-61544.93724280596	-23167.373006284237	-23091.493523538113	-74336.63071930408	-65544.96393936872	-21866.693315327168
-77355.80826693773	-6466.282814025879	-22142.52028352022	-21977.73411977291	-67982.83307170868	-4331.516601681709	-20996.25536340475	-21449.550595402718	-21408.67800807953	-13951.953964233398	-66724.03854596615	-69228.62844836712	-19399.23604953289	-20373.59890693426	-37267.90890544653	-13715.724327087402	-23930.83498084545	-61267.30957454443	-22336.15554857254	-22245.26835000515	-73164.84930074215	-64881.76066535711	-21881.893258988857
-77542.8676738739	-5667.390865325928	-22108.25572746992	-21974.18671965599	-68036.73745697737	-11130.307257950306	-20960.81417608261	-22578.276637732983	-22533.446898400784	-14122.157730102539	-66620.5674263835	-69244.92250299454	-19551.226865410805	-20324.390475451946	-37214.709747731686	-14271.569030761719	-23907.77986395359	-61309.613661408424	-23047.95275491476	-22979.525873482227	-73746.05638712645	-65159.13970553875	-21757.76313573122
-77231.99172049761	-5700.555912017822	-22087.029993534088	-21956.890765309334	-68388.427272439	-5965.295003533363	-20924.14708507061	-21418.977445065975	-21384.14166790247	-13889.749313354492	-66490.47825920582	-69101.00732290745	-19366.424641430378	-20327.690029263496	-36985.54735517502	-13641.988273620605	-23996.574603557587	-61150.02508890629	-22138.79619908333	-22045.45729124546	-72860.47449582815	-64746.30282652378	-21775.6178663373
-77078.22607845068	-5915.781642913818	-21965.232455849648	-21737.546181678772	-67383.04224228859	-11352.955950379372	-22075.126450300217	-22353.470259845257	-22316.22958523035	-13895.182647705078	-66432.46808195114	-68838.54407995939	-19159.97393399477	-20835.863133132458	-37043.04585582018	-13747.197578430176	-24223.856430530548	-61041.82249766588	-22815.07094234228	-22752.292538523674	-73370.18081182241	-64772.66477125883	-22314.500485658646
-77306.89857625961	-4641.119998931885	-22050.658171892166	-21904.99285054207	-67837.54530650377	-8584.514832139015	-20901.615088284016	-21371.565651893616	-21331.805220246315	-13848.00520324707	-66535.10205739737	-69068.13293349743	-19194.96346372366	-20260.878531694412	-36867.76757693291	-13639.274803161621	-23915.474242448807	-61048.44394546747	-22179.17900234461	-22079.634134590626	-73091.16941922903	-64776.0164014101	-21746.926849722862
-76884.94389462471	-11466.371803283691	-22001.4911814332	-21855.590583205223	-68605.50831145048	-8939.28198492527	-21965.31789314747	-21198.929817140102	-21165.995987296104	-13814.05094909668	-66211.67643988132	-68782.45364958048	-19368.534924447536	-20872.183585882187	-36819.83885425329	-13631.420204162598	-24311.53658849001	-61060.89191824198	-21845.428104400635	-21758.236112952232	-72549.49198395014	-64542.73869997263	-22313.45824432373
-77060.34514838457	-11688.592864990234	-21975.152105093002	-21882.6238809824	-67322.21037876606	-12157.61965560913	-20811.462326169014	-21106.02616226673	-21088.836916565895	-13838.042205810547	-65880.35316097736	-68738.20011228323	-19133.64955508709	-20186.75913399458	-36821.08518123627	-13649.407569885254	-23767.957936167717	-60782.37262940407	-22118.09674268961	-22017.883943617344	-73117.98135280609	-64663.10093539953	-21613.20945984125
-76344.42086547613	-9354.905281066895	-21912.908353984356	-21678.57270205021	-67554.09757095575	-7084.371653795242	-21887.937500953674	-21048.707473874092	-21018.82529258728	-13755.037628173828	-65845.55472576618	-68388.77545285225	-19208.467132925987	-20766.021430253983	-36714.00701582432	-13599.098762512207	-24058.562568604946	-60643.4638697505	-21797.270217597485	-21712.663833618164	-72194.55447363853	-64136.42637401819	-22215.519771635532
-76326.10585612059	-4908.185535430908	-21866.753281891346	-21611.097729206085	-67452.2402484417	-7238.445994615555	-21931.991821587086	-21025.606458961964	-20986.66813915968	-13763.72900390625	-65860.36213356256	-68323.0349521637	-19156.41430401802	-20704.122581243515	-36630.00519186258	-13573.89656829834	-24136.868246674538	-60545.3292003274	-21826.876938402653	-21740.433149576187	-72124.71951174736	-64003.71723330021	-22194.73402005434
-76585.03720355034	-12843.995651245117	-21751.703114032745	-21744.7874417305	-66660.53099310398	-12587.155520737171	-20636.835209786892	-21004.68052059412	-20989.00716149807	-13940.38037109375	-65511.13010823727	-68222.3141270876	-19165.279841303825	-20038.338393509388	-36498.10193401575	-14098.168365478516	-23617.443557024002	-60319.28495961428	-21994.101394176483	-21893.964506804943	-72710.70276653767	-64201.26625466347	-21478.693466067314
-76266.9275804162	-5670.113994598389	-21773.524627625942	-21616.013009786606	-66857.42656648159	-9868.21560382843	-20625.006872296333	-22220.344568550587	-22183.352743268013	-13726.190170288086	-65517.05399167538	-68108.88105165958	-19009.500151991844	-19993.23570328951	-36623.89380836487	-13523.41219329834	-23510.518138825893	-60300.13623046875	-22652.86715221405	-22584.778949677944	-72492.52258312702	-64103.58662688732	-21397.953843533993
-75774.91950523853	-8056.893539428711	-21718.55292624235	-21643.737813591957	-67239.80845284462	-10813.138946533203	-20457.068606495857	-22278.111313521862	-22237.13179665804	-13666.485473632812	-65365.68211263418	-67864.36238527298	-19033.40302503109	-20058.24569171667	-36525.22812855244	-13482.491737365723	-23486.409005224705	-60232.97715896368	-22492.764256060123	-22426.917178571224	-71885.87453758717	-63808.072097957134	-21353.74021077156
-75756.60449588299	-3610.1737937927246	-21672.39785414934	-21576.262840747833	-67137.95113033056	-10967.213287353516	-20501.12292712927	-22255.010298609734	-22204.97464323044	-13675.176849365234	-65380.489520430565	-67798.62188458443	-18981.350196123123	-19996.346842706203	-36441.2263045907	-13457.289543151855	-23564.714683294296	-60134.84248954058	-22522.37097686529	-22454.686494529247	-71816.03957569599	-63675.36295723915	-21332.95445919037
-75432.91365653276	-13612.445682525635	-21472.4623041749	-21407.45708632469	-65075.62590187788	-9691.285464763641	-20373.136184334755	-20677.321601748466	-20663.44934654236	-13606.617462158203	-64641.17696028948	-67213.89380121231	-18656.364535987377	-19753.092499017715	-36189.647544920444	-13423.747581481934	-23154.44220918417	-59427.092014312744	-21796.375140964985	-21699.02864176035	-71761.54376745224	-63281.17101484537	-21225.159566521645
-75514.80735808611	-4662.5178871154785	-21675.04545366764	-21489.56455731392	-66926.6245726347	-5753.705648064613	-20481.872243583202	-20892.480767667294	-20853.791297197342	-13594.736526489258	-64944.9480432868	-67593.37192386389	-19005.940522015095	-19861.495151400566	-36210.85314440727	-13350.111183166504	-23423.529954969883	-59803.642933130264	-21664.67314827442	-21572.919560730457	-71247.06128305197	-63334.6390889287	-21278.187377929688
-75022.79928290844	-7049.297431945801	-21620.07375228405	-21517.28936111927	-67309.00645899773	-6698.628990769386	-20313.933977782726	-20950.24751263857	-20907.570350587368	-13535.031829833984	-64793.576164245605	-67348.85325747728	-19029.84339505434	-19926.50513982773	-36112.18746459484	-13309.190727233887	-23399.420821368694	-59736.483861625195	-21504.570252120495	-21415.057789623737	-70640.41323751211	-63039.12455999851	-21233.973745167255
-75167.75953221321	-10428.333778381348	-21589.506641566753	-21388.26437520981	-67143.70561164618	-8727.69262945652	-21523.04305166006	-20672.43313974142	-20635.645616590977	-13519.038162231445	-64666.14622396231	-67274.81825053692	-19008.050805032253	-20405.988708019257	-36045.144643485546	-13339.543113708496	-23738.491939902306	-59714.509762465954	-21371.30505359173	-21285.69838243723	-70936.07877117395	-63131.07496237755	-21816.02775591612
-75309.09711009264	-12846.718780517578	-21416.972014188766	-21386.613731861115	-65481.220102608204	-11325.063866615295	-20301.027906000614	-20646.748451411724	-20638.9130063653	-13544.412811279297	-64407.61667352915	-67086.27267575264	-18623.553127884865	-19707.18362134695	-35907.28599464893	-13350.011528015137	-23220.181831896305	-59309.8075286746	-21599.015791475773	-21499.21758300066	-71457.16896253824	-63145.71317601204	-21118.884173870087
-74970.02153253555	-6797.958660125732	-21424.02803581953	-21292.334512472153	-66318.92297708988	-11293.86148071289	-20282.928985595703	-21900.585244596004	-21861.873054862022	-13533.102752685547	-64401.30824190378	-67018.11208224297	-18750.288214325905	-19712.378068983555	-35971.398124575615	-13323.400413513184	-23243.17287939787	-59355.31203913689	-22227.823928952217	-22164.837952196598	-71132.07164281607	-63001.8412771821	-21055.606423914433
-75384.00396585464	-11787.28286743164	-21380.600192546844	-21334.71581709385	-64930.33813667297	-13944.283695220947	-20278.49590921402	-20599.336658239365	-20586.576558709145	-13502.668701171875	-64452.240471720695	-67053.39828634262	-18452.091950178146	-19640.372123777866	-35789.50621640682	-13347.298057556152	-23139.081470787525	-59208.22638523579	-21639.398594737053	-21533.394426345825	-71687.86388593912	-63175.42675089836	-21090.19315725565
-74894.88829368353	-12955.411003112793	-21301.915424764156	-21295.03063094616	-65400.48015475273	-12680.47730255127	-20274.159738719463	-21706.378859579563	-21698.280851840973	-13482.168548583984	-64138.00958162546	-66755.53975629807	-18564.406286478043	-19688.8491101861	-35756.390986800194	-13320.273536682129	-23195.45627307892	-59071.82124996185	-22213.564537346363	-22145.607440948486	-71141.9732542634	-62821.85189664364	-21001.1172246933
-74333.38423526287	-2517.8597145080566	-21349.375024318695	-21167.14956319332	-65628.7767482996	-9182.535397171974	-20108.532815515995	-20725.398223221302	-20676.95641463995	-13485.320373535156	-64168.22914844751	-66644.90763789415	-18621.217308342457	-19627.661563932896	-35833.793790221214	-13254.694313049316	-23069.120962798595	-59010.576528429985	-21434.621120929718	-21342.783359766006	-70415.84683334827	-62491.166560947895	-21010.4355160594
-74429.49850338697	-4686.492137908936	-21335.445208370686	-21115.31663131714	-65267.512236595154	-9438.951149582863	-20205.54859340191	-21750.362901329994	-21714.7023601532	-13474.089431762695	-64035.18652778864	-66624.43388551474	-18590.220422804356	-19606.21591335535	-35865.56628614664	-13291.078971862793	-22990.198859512806	-58937.88399064541	-22179.666042149067	-22119.26567286253	-70777.13413250446	-62595.528951227665	-20957.667951226234
-74403.21124571562	-12054.348403930664	-21196.695302546024	-21040.820695757866	-64545.0330786109	-12598.214857697487	-21308.87264251709	-20253.377465307713	-20241.43947762251	-13418.392501831055	-63777.500547885895	-66308.30030500889	-18413.542790472507	-20083.61617332697	-35551.7438313365	-13281.919822692871	-23360.475475013256	-58705.11164009571	-21287.096530795097	-21194.193441331387	-70721.41397845745	-62403.12758278847	-21538.000327587128
-73887.3758662343	-6586.370704650879	-21172.35565274954	-21014.397762656212	-64680.04009574652	-3287.371457219124	-20043.546101748943	-20463.77620714903	-20428.403727173805	-13363.311782836914	-63705.771842598915	-66069.06561279297	-18528.655502915382	-19427.828516423702	-35579.41550809145	-13124.451194763184	-22810.014227986336	-58448.36231803894	-21342.951546549797	-21254.064258873463	-69890.62369769812	-61952.70916837454	-20890.13748461008
-73540.3280403614	-12352.186595916748	-21086.81684064865	-20913.0975805521	-64897.121134757996	-6261.358438611031	-21084.716909825802	-20243.728579223156	-20210.25804656744	-13287.613418579102	-63426.97002327442	-65750.511939466	-18530.76578593254	-19972.322073042393	-35413.70700716972	-13113.883125305176	-23124.97621291876	-58359.22914737463	-21049.583451867104	-20966.843080580235	-69579.6411858201	-61749.14504182339	-21427.977862596512
-73471.66803306341	-11863.096923828125	-20978.89259493351	-20885.917353391647	-63891.30577272177	-10895.799412369728	-19881.56962710619	-20176.76678419113	-20170.262623250484	-13292.312072753906	-62925.74920964241	-65601.82550960779	-18204.273398697376	-19320.163831412792	-35148.958472430706	-13117.67830657959	-22699.862552583218	-57947.55528885126	-21125.81468141079	-21033.704306185246	-69741.78051191568	-61637.65550035238	-20678.59828156233
-73838.46617555618	-4761.207889556885	-21080.493541121483	-20941.65649342537	-64534.75233054161	-7540.36968767643	-19948.905826628208	-20385.791263639927	-20351.53093934059	-13259.363021850586	-63516.83535403013	-65908.57009792328	-18324.38291710615	-19315.108141183853	-35179.27417957783	-13048.001670837402	-22794.65348958969	-58229.49668896198	-21185.975000321865	-21088.43004345894	-69816.943816185	-61846.96490442753	-20755.171075344086
-73099.90467250347	-14195.460300445557	-20950.01577293873	-20947.01232767105	-64401.79928916693	-12058.397853851318	-19690.81479871273	-20178.018518984318	-20162.341689050198	-13189.695327758789	-62710.714578568935	-65334.118610322475	-18286.971881508827	-19305.998731911182	-35033.926104068756	-13017.213981628418	-22623.028049707413	-57896.26630139351	-20964.78984451294	-20868.818081378937	-69237.1077042222	-61438.53490948677	-20577.240052700043
-73491.41834968328	-10527.023780822754	-20994.954729020596	-20840.35631132126	-64751.83336955309	-10514.356669068336	-20990.076634705067	-20165.743635714054	-20133.385258734226	-13183.664657592773	-63238.03353470564	-65590.01642459631	-18326.49320012331	-19859.601697802544	-35013.5656786561	-13037.433601379395	-23109.615474522114	-58140.36351829767	-20892.60690563917	-20801.20886516571	-69505.96130430698	-61643.40077787638	-21293.011453330517
-73081.58966314793	-9748.74055480957	-20903.86070084572	-20879.537354826927	-64299.94196665287	-12212.47219467163	-19734.86911934614	-20154.91750407219	-20130.184535622597	-13198.386703491211	-62725.52198636532	-65268.37810963392	-18234.91905260086	-19244.099882900715	-34949.92428010702	-12992.01178741455	-22701.333727777004	-57798.131631970406	-20994.396565318108	-20896.58739733696	-69167.27274233103	-61305.82576876879	-20556.45430111885
-72857.67345541716	-5028.273426055908	-20896.588651120663	-20647.761372089386	-64149.447272479534	-6194.300850152969	-20979.28255993128	-20039.832070708275	-20006.393858253956	-13175.086822509766	-62842.09543019533	-65163.472116589546	-18285.833757400513	-19758.352190732956	-34941.5117945075	-12982.623435974121	-23016.047493815422	-57726.38194382191	-20833.67293637991	-20749.2290584445	-68850.49390870333	-61074.665736317635	-21202.978245675564
-72410.4896248579	-9664.022583007812	-20679.317044973373	-20596.872529745102	-62721.5695784688	-14542.304260253906	-19485.413636446	-19953.16922956705	-19931.72775310278	-13139.983871459961	-62085.36756277084	-64630.172990739346	-17878.345794796944	-19007.15515601635	-34755.53242969513	-12962.717567443848	-22292.728191137314	-57170.3589681983	-20894.840713322163	-20796.543651521206	-69012.54130005836	-60890.57691043615	-20353.701823592186
-72295.00669980049	-12936.525421142578	-20655.490882515907	-20595.609026551247	-63480.91381341219	-12539.120388031006	-19516.675177812576	-19800.49245005846	-19787.08294725418	-13056.312606811523	-61746.340707838535	-64487.86830729246	-18003.857070803642	-18960.131109178066	-34480.096100091934	-12858.122657775879	-22379.791923880577	-57018.601181566715	-20699.849517405033	-20606.73885500431	-68483.3048094511	-60632.30408871174	-20279.106265842915
-71694.88355898857	-6703.735466003418	-20536.922121822834	-20409.235115408897	-62556.55801028013	-3505.317966878414	-19426.644143879414	-19835.933888077736	-19798.223601400852	-13170.637161254883	-61791.0185739398	-64045.54422855377	-18199.801669716835	-18813.21289807558	-34481.73805010319	-13281.334899902344	-22086.455200254917	-56638.892492473125	-20744.833147227764	-20657.60709154606	-67869.9318986535	-60079.21075004339	-20258.19100242853
-71554.36688220501	-7169.385322570801	-20649.909121513367	-20553.95300400257	-64006.213483035564	-5654.483846306801	-19361.22471612692	-19964.47312438488	-19927.296069681644	-12946.3896484375	-61775.30946087837	-64189.29042190313	-18159.262848436832	-18980.73474931717	-34423.69406723976	-12717.917594909668	-22278.60006850958	-56917.536605119705	-20511.36625009775	-20423.85369849205	-67366.18763446808	-60110.07306301594	-20242.21797078848
-71625.40567827225	-7683.773452758789	-20509.35369503498	-20349.84150981903	-62610.535800397396	-8615.937934398651	-19402.328002274036	-20945.384006679058	-20906.135114133358	-13006.665222167969	-61616.60182529688	-63986.17037212849	-17912.51907581091	-18812.51655614376	-34565.266277492046	-12805.863334655762	-22056.61250382662	-56653.64926826954	-21431.979276418686	-21373.4449198246	-68162.22084468603	-60208.24761903286	-20170.126042187214
-71189.00404697657	-8488.481468200684	-20518.21523731947	-20385.177849054337	-64121.437199532986	-8782.54516851902	-20446.44984483719	-19721.32448154688	-19676.99323564768	-12879.38265991211	-61511.31504935026	-63804.99624788761	-18109.320302546024	-19463.329456925392	-34173.9837423563	-12682.147331237793	-22671.867731511593	-56730.26876503229	-20247.604876220226	-20164.401836156845	-66985.37016069889	-59773.7997957468	-20759.272597193718
-70864.95183455944	-2637.9476051330566	-20379.21039354801	-20203.813206076622	-62325.98377233744	-8138.390252709389	-19155.823553860188	-19739.623834967613	-19696.682133734226	-12896.678192138672	-61149.96244508028	-63485.34480232	-17750.63676172495	-18681.891173422337	-34145.300392866135	-12663.421180725098	-21948.30020993948	-56191.629271924496	-20441.417118906975	-20351.57926863432	-67141.62123030424	-59562.11506396532	-20018.679741680622
-71576.49598759413	-5858.610637664795	-20417.491583406925	-20277.100240588188	-62465.24803519249	-12868.936164855957	-19307.6877271533	-20867.399063169956	-20829.262326300144	-12902.71646118164	-61427.665336728096	-63825.6748572588	-17708.24649000168	-18699.79618090391	-34165.124948978424	-12729.41381072998	-22041.251765429974	-56434.78363919258	-21275.002730190754	-21207.810704410076	-68088.54096317291	-60102.50335508585	-20035.15963292122
-71298.92604243755	-10644.388542175293	-20359.52119809389	-20235.193664073944	-62628.351284086704	-10732.303178727627	-20373.174676835537	-19537.90131664276	-19503.205132961273	-12990.990036010742	-61323.280266046524	-63566.49504035711	-17997.639366924763	-19244.986079454422	-33915.88822066784	-13194.317306518555	-22386.056446790695	-56330.89369273186	-20294.48850631714	-20204.751697838306	-67485.26950526237	-59769.90235954523	-20661.064971148968
-70517.90400868654	-8403.763496398926	-20293.671581447124	-20102.51302397251	-62543.064811348915	-11112.377234101295	-20196.994361937046	-19519.57620704174	-19478.53645312786	-12820.97982788086	-60871.16062575579	-63166.791128993034	-17752.747044742107	-19226.384730041027	-33979.59189194441	-12652.85311126709	-22263.262194871902	-56102.496101260185	-20148.04902422428	-20064.35809034109	-66830.63871842623	-59358.55093741417	-20556.520119667053
-70450.74301815033	-2746.6398277282715	-20264.1538041234	-20112.230105161667	-62245.243824481964	-9493.803688645363	-19128.955386579037	-20799.254243135452	-20756.0499792099	-12834.43392944336	-60880.355353176594	-63154.61188286543	-17691.489920318127	-18663.556662261486	-33994.405385017395	-12633.68318939209	-21923.574651122093	-55953.642993211746	-21055.965864777565	-20997.969126582146	-66826.4255220294	-59238.25378459692	-19900.912792503834
-70667.57520794868	-14860.378238677979	-20152.801081597805	-20120.44223189354	-61234.32933652401	-10072.786197185516	-19078.349035978317	-19371.787889540195	-19361.695377230644	-12824.88786315918	-60507.16450715065	-62963.56199622154	-17526.57205170393	-18526.464474201202	-33848.65846377611	-12632.462669372559	-21766.27619689703	-55663.32056647539	-20378.12791568041	-20287.883553147316	-67126.86722409725	-59250.37416815758	-19891.056372523308
-70595.7032674551	-6125.676174163818	-20233.586693406105	-19983.205119252205	-62079.94297713041	-11522.867327332497	-20338.06446045637	-20521.439870238304	-20484.12524521351	-12818.44026184082	-60752.925412893295	-63080.576875925064	-17669.69733029604	-19143.040230453014	-33927.3625639081	-12664.0355758667	-22262.645769655704	-55931.668894052505	-20922.7006662488	-20868.609719395638	-67122.09105569124	-59330.204186975956	-20482.966803252697
-70004.73464912176	-6815.150817871094	-20087.134432554245	-19959.478304624557	-61296.50717192888	-3598.6397486925125	-19063.968672811985	-20537.63222706318	-20507.497291743755	-12712.425338745117	-60417.898047327995	-62578.769857764244	-17598.928114891052	-18463.723614752293	-33740.02710288763	-12503.440071105957	-21664.467916309834	-55391.4287828207	-20964.296290397644	-20909.250025689602	-66301.20238637924	-58699.79639202356	-19780.614761054516
-70618.66551727057	-13035.215423583984	-20060.93896996975	-20047.700962662697	-61089.0415713191	-14325.784427642822	-18983.708760857582	-19293.802946031094	-19284.82258939743	-12720.939102172852	-60318.22801858187	-62803.06648135185	-17322.2994658947	-18413.744098961353	-33448.51713526249	-12556.013145446777	-21750.915458500385	-55444.454937398434	-20221.151369452477	-20122.249337732792	-67053.18734258413	-59144.62990421057	-19756.089963257313
-70022.98594897985	-10647.111671447754	-20024.790098249912	-19877.01995420456	-61449.04039359093	-9470.211524605751	-20037.36737304926	-19179.969247460365	-19153.110977828503	-12595.022476196289	-60219.766831338406	-62430.45358902216	-17455.912653505802	-18913.831307291985	-33325.07228130102	-12446.160469055176	-21988.794721663	-55321.41626179218	-19899.40290361643	-19810.004774034023	-66231.73570126295	-58714.3492808938	-20301.25567895174
-69292.39669424295	-8266.788070678711	-19986.90716379881	-19889.39675116539	-61936.70918768644	-10983.050323486328	-18720.006616652012	-20446.08092391491	-20405.027456641197	-12589.743087768555	-59686.139443576336	-62106.39518123865	-17543.12642133236	-18365.422789037228	-33409.54483664036	-12399.329734802246	-21525.19834434986	-55122.823555350304	-20600.39397996664	-20543.234359443188	-65637.784781456	-58365.61151367426	-19522.206528365612
-69637.87279713154	-13302.280960083008	-19877.03407996893	-19753.805841326714	-60703.73651325703	-12979.715590119362	-20014.085494160652	-18947.84375309944	-18939.685508310795	-12636.662902832031	-59643.48809474707	-62057.96850001812	-17283.75030618906	-18856.988148510456	-33210.754750192165	-12490.634910583496	-21972.309462726116	-54941.34019225836	-19868.84930551052	-19783.048352718353	-66086.73743510246	-58372.330736100674	-20203.89713358879
-69274.08168488741	-3820.0683250427246	-19940.7520917058	-19821.921778321266	-61834.851865172386	-11137.12466430664	-18764.060937285423	-20422.97990900278	-20372.870303213596	-12598.434463500977	-59700.94685137272	-62040.6546805501	-17491.073592424393	-18303.52394002676	-33325.54301267862	-12374.127540588379	-21603.504022419453	-55024.6888859272	-20630.00070077181	-20571.00367540121	-65567.94981956482	-58232.902372956276	-19501.42077678442
-69122.03741765022	-7834.303260803223	-19852.694430172443	-19727.38290822506	-60838.74353039265	-3668.872189640999	-18748.758953392506	-19158.242494940758	-19126.64975786209	-12581.58218383789	-59571.75938946009	-61818.7338078022	-17398.863018631935	-18201.20049160719	-33238.42642694712	-12333.166282653809	-21421.848215699196	-54684.59087020159	-19924.70432126522	-19842.91917026043	-65255.94715434313	-57921.912321686745	-19556.034290611744
-69608.77713257074	-10755.803894042969	-19909.733508825302	-19785.436853289604	-61368.300445735455	-10825.624960541725	-20010.49920576811	-20239.599655628204	-20212.478823304176	-12532.778213500977	-59950.15973943472	-62099.720669567585	-17396.76581209898	-18895.496796131134	-33174.17727345228	-12416.422477722168	-21964.06916284561	-55083.42998307943	-20513.95164948702	-20456.39463198185	-65916.53999298811	-58390.4880015254	-20183.488729774952
-68527.84840774536	-9892.802696228027	-19594.09582477808	-19541.953071713448	-59338.036654651165	-14853.572551727295	-18505.83620750904	-20027.0252494812	-20010.82131767273	-12489.097427368164	-58797.493767499924	-61139.87723571062	-16948.618406772614	-18043.05025434494	-32916.14402449131	-12341.706443786621	-21147.18187946081	-54113.42543298006	-20516.18545717001	-20451.729418337345	-65423.11998873949	-57637.66413408518	-19244.17910003662
-68334.56622391939	-15443.3928565979	-19630.354550361633	-19659.9974732399	-60560.50272381306	-12439.898586273193	-18396.027650356293	-18872.484806776047	-18860.587719738483	-12407.965728759766	-58576.70212543011	-61083.78680533171	-17157.17939722538	-18079.37070709467	-32692.937022924423	-12225.929069519043	-21234.862037420273	-54132.494853556156	-19546.542619228363	-19457.672992765903	-64602.431160867214	-57407.73806279898	-19243.136858701706
-68726.0799010992	-11774.956336975098	-19675.2935064435	-19553.341456890106	-60910.53680419922	-10895.857401490211	-19695.28948634863	-18860.209923505783	-18831.631289422512	-12401.93505859375	-59104.02108156681	-61339.68461960554	-17196.700715839863	-18632.97367298603	-32672.57659751177	-12246.14868927002	-21721.449462234974	-54376.59207046032	-19474.359680354595	-19390.063776552677	-64871.284760951996	-57612.60393118858	-19958.90825933218
-68316.25121456385	-10996.673110961914	-19584.199478268623	-19592.522500395775	-60458.645401299	-12593.972927093506	-18440.081970989704	-18849.38379186392	-18828.430566310883	-12416.657104492188	-58591.50953322649	-61018.046304643154	-17105.126568317413	-18017.4718580842	-32608.93519896269	-12200.726875305176	-21313.167715489864	-54034.36018413305	-19576.14934003353	-19485.442308723927	-64532.59619897604	-57275.028922080994	-19222.351107120514
-68412.36548268795	-13165.305534362793	-19570.269662320614	-19540.689568519592	-60097.380889594555	-12850.388679504395	-18537.097748875618	-19874.34846997261	-19866.17651182413	-12405.426162719727	-58458.466912567616	-60997.57255226374	-17074.129682779312	-17996.026207506657	-32640.707694888115	-12237.111534118652	-21234.245612204075	-53961.66764634848	-20321.19426125288	-20261.92462182045	-64893.88349813223	-57379.39131236076	-19169.58354228735
-68185.55687195063	-9663.4898147583	-19586.710678994656	-19376.323575735092	-59859.12606370449	-9040.947070360184	-19617.909094154835	-18709.987580239773	-18684.460594713688	-12342.921737670898	-58737.89936745167	-60946.00642287731	-17036.632924318314	-18526.811517357826	-32566.744759082794	-12213.827247619629	-21468.47544234991	-53959.16402196884	-19426.201793551445	-19344.49149721861	-64516.34725064039	-57206.291605234146	-19860.969786643982
-67775.72818541527	-8885.206588745117	-19495.61665081978	-19415.50461924076	-59407.23466080427	-10739.062595963478	-18362.70157879591	-18699.161448597908	-18681.25987160206	-12357.643783569336	-58225.38781911135	-60624.368107914925	-16945.058776795864	-17911.309702455997	-32503.103360533714	-12168.405433654785	-21060.1936956048	-53616.932135641575	-19527.99145323038	-19439.87002938986	-64177.658688664436	-56868.71659612656	-19124.412634432316
-67645.15117627382	-10911.955139160156	-19359.65582239628	-19309.85767531395	-58880.27301311493	-14923.804992675781	-18190.62648808956	-18647.63551735878	-18629.973783791065	-12358.254272460938	-57951.355109632015	-60379.84118574858	-16748.553310513496	-17780.527131199837	-32414.543348550797	-12171.432655334473	-20904.562178850174	-53406.58752036095	-19476.593488037586	-19385.398562908173	-64377.86475670338	-56859.78006374836	-19019.59862959385
-67404.85305523872	-6796.265235900879	-19440.709890305996	-19260.056700229645	-59376.94083058834	-3457.282834172249	-18306.484111905098	-18631.745817542076	-18596.299387156963	-12286.569396972656	-58026.22917354107	-60311.09840875864	-17038.378899216652	-17735.00561374426	-32463.73221617937	-12041.289192199707	-20848.803567111492	-53338.208714425564	-19450.581270456314	-19370.381439745426	-63642.533941566944	-56510.24858409166	-19058.603802204132
-66982.3106174469	-2866.7277183532715	-19293.98917335272	-19148.893748044968	-58942.4508485198	-8449.658544182777	-18176.24612492323	-19813.479854881763	-19775.775698304176	-12245.791748046875	-57862.08864980936	-59995.04904729128	-16820.90937370062	-17717.786271750927	-32305.911987662315	-12042.410057067871	-20802.753898262978	-53134.69573670626	-20062.76186275482	-20006.76503545046	-63552.19991898537	-56309.202287614346	-18909.157018125057
-66635.262791574	-8632.54360961914	-19208.45036125183	-19047.593565940857	-59159.53188753128	-11423.645525574684	-19217.416933000088	-19593.43222695589	-19557.63001769781	-12170.093383789062	-57583.28683048487	-59676.49537396431	-16823.019656717777	-18262.279828369617	-32140.20348674059	-12031.841987609863	-21117.7158831954	-53045.56256604195	-19769.39376807213	-19719.54385715723	-63241.21740710735	-56105.638161063194	-19446.99739611149
-67008.8955386877	-10736.918312072754	-19263.308966577053	-19086.01524889469	-59448.73410439491	-10684.268046021461	-19253.01464486122	-18333.7132461071	-18301.280918717384	-12106.922271728516	-57558.49086564779	-59832.04922056198	-16836.21659642458	-18166.7787951231	-31897.882386744022	-11954.271598815918	-21148.40481364727	-53030.209914684296	-19000.23662954569	-18917.526046037674	-63257.87154817581	-56200.9401935935	-19461.477770924568
-65883.14256924391	-7624.9475021362305	-19109.97118729353	-18921.14511346817	-59228.72989368439	-7309.135569810867	-19074.282304286957	-18265.568426072598	-18228.06857162714	-12038.639739990234	-57011.18088209629	-59160.98624616861	-16819.460026741028	-18130.539276480675	-31727.162822782993	-11858.540977478027	-21030.72769933939	-52549.06926870346	-18781.1997641325	-18707.684468209743	-61995.7561070323	-55336.69062310457	-19327.230930507183
-65728.5118727088	-6894.955238342285	-18846.157977759838	-18712.148636341095	-56985.068588495255	-5243.946873784065	-17773.517694950104	-18125.05631351471	-18094.039029300213	-11951.195892333984	-56598.1164842844	-58626.29658281803	-16356.821294307709	-17188.618603527546	-31432.153251349926	-11739.179679870605	-20219.9271017313	-51764.06247025728	-18971.883122503757	-18885.891922473907	-62212.416474699974	-55022.57439959049	-18535.58749961853
-65381.4640468359	-12660.771129608154	-18760.61916565895	-18610.848454236984	-57202.14962750673	-8217.933855175972	-18814.688503026962	-17905.008685588837	-17875.893348693848	-11875.497528076172	-56319.31466495991	-58307.74290949106	-16358.931577324867	-17733.112160146236	-31266.4447504282	-11728.611610412598	-20534.889086663723	-51674.92929959297	-18678.515027821064	-18598.67074418068	-61901.43396282196	-54819.01027303934	-19073.42787760496
-64747.71915256977	-7162.020774841309	-18662.253087759018	-18418.25351500511	-56599.76353043318	-3897.878036260605	-18803.894428253174	-17779.097120583057	-17748.901948213577	-11866.919692993164	-55923.3765604496	-57881.1986014843	-16318.27213460207	-17631.86265307665	-31194.390866279602	-11673.801445007324	-20441.32110595703	-51260.94772511721	-18619.581058561802	-18546.69093745947	-61245.966567218304	-54250.2752314806	-18983.39466995001
-64307.29578471184	-9005.294479370117	-18525.452020049095	-18452.16826212406	-56104.44168484211	-9694.917451500893	-17409.992317140102	-17713.38706034422	-17700.985590696335	-11769.001602172852	-55207.121115744114	-57464.805272340775	-16074.478230178356	-16965.53931194544	-30814.609963178635	-11577.132301330566	-19939.372942745686	-50797.984879136086	-18534.787451207638	-18448.66593825817	-60903.4330856204	-53939.66509914398	-18132.65686005354
-63968.22020715475	-2956.5343589782715	-18532.50804167986	-18357.8890427351	-56942.14455932379	-9663.715065598488	-17391.89339673519	-18967.2238535285	-18923.945639193058	-11757.691543579102	-55200.81268411875	-57396.6446788311	-16201.213316619396	-16970.733759582043	-30878.722093105316	-11550.521186828613	-19962.36399024725	-50843.48938959837	-19163.595588684082	-19114.28630745411	-60578.33576589823	-53795.793200314045	-18069.379110097885
-63960.24795883894	-14771.110370635986	-18439.913207948208	-18350.86808001995	-56321.52272385359	-12668.9044328928	-18451.16312521696	-17493.339432418346	-17482.83991008997	-11693.303237915039	-54928.31929641962	-57146.251599013805	-16076.588513195515	-17510.03286856413	-30648.90146225691	-11566.564231872559	-20254.33492767811	-50708.851708471775	-18241.419356524944	-18161.444759964943	-60592.45057374239	-53736.10097259283	-18670.49723803997
-63444.412579357624	-9303.132671356201	-18415.573558151722	-18324.445146918297	-56456.52974098921	-3358.0610324144363	-17185.836584448814	-17703.738174259663	-17669.804159641266	-11638.222518920898	-54856.59059113264	-56907.016906797886	-16191.70122563839	-16854.245211660862	-30676.57313901186	-11409.095603942871	-19703.873680651188	-50452.102386415005	-18297.274372279644	-18221.31557750702	-59761.660292983055	-53285.6825581789	-18022.634395062923
-63762.50995916128	-11140.735252380371	-18274.434602200985	-18254.938217282295	-55496.740089297295	-15235.07328414917	-17211.049059152603	-18721.49153727293	-18709.067348361015	-11707.36782836914	-54663.481314361095	-56889.54543071985	-15818.825922489166	-16816.422229528427	-30575.154943346977	-11550.421531677246	-19759.01586717367	-50349.65398514271	-19097.938231885433	-19040.584329724312	-60788.4434453845	-53606.867287397385	-17910.075906038284
-62754.997531712055	-4771.694953918457	-18144.874830186367	-17974.305348992348	-54776.30003029108	-5841.967438817024	-16980.435422182083	-17478.888884842396	-17439.190223693848	-11588.51106262207	-54231.24357533455	-56203.071287214756	-15783.075138926506	-16555.40163576603	-30398.179464638233	-11354.5991897583	-19373.57382208109	-49726.195053219795	-18227.325241088867	-18149.041147649288	-59537.09388881922	-52737.724559128284	-17799.096165955067
-63010.38973683119	-10133.139144897461	-18175.955428242683	-18128.48976480961	-55565.9380954504	-11120.563328385353	-17067.914430439472	-17393.627736389637	-17379.505902290344	-11575.914184570312	-54091.37536597252	-56374.036302924156	-15815.266292512417	-16684.681677639484	-30162.11427938938	-11377.12052154541	-19672.02768331766	-49853.16068780422	-18109.744227945805	-18028.724940776825	-59542.98214530945	-52837.91974943876	-17790.30944043398
-63030.14005345106	-8797.06600189209	-18192.01756232977	-18082.92872273922	-56426.46569228172	-10739.120585083961	-18176.42143803835	-17382.60458791256	-17342.628537774086	-11467.26676940918	-54403.65969103575	-56362.227217912674	-15937.48609393835	-17224.119544029236	-30026.721485614777	-11296.875816345215	-20081.780605256557	-50045.96891725063	-17876.536452174187	-17796.22949975729	-59307.16293770075	-52843.66502696276	-18404.722612202168
-62414.71016854048	-7745.0353927612305	-18139.806556522846	-17957.80875635147	-55925.936917722225	-6264.990425348282	-18121.57304263115	-17279.79403781891	-17247.794290721416	-11449.99755859375	-53992.91417872906	-56001.42341059446	-15948.87948012352	-17184.768885970116	-30038.669425427914	-11267.267845153809	-19909.906946480274	-49730.12201219797	-17787.995762109756	-17716.480377078056	-58721.530503988266	-52407.639126122	-18335.475156128407
-62359.04001516104	-8712.348030090332	-17967.473906457424	-17800.263897657394	-54848.09330409765	-13068.952650666237	-17926.965955138206	-17180.85631340742	-17144.17175525427	-11408.86393737793	-53763.50526744127	-55724.0220990181	-15580.912836134434	-16987.17481714487	-29832.329635202885	-11267.581596374512	-19673.175068616867	-49418.19625347853	-17776.98060017824	-17696.185753941536	-59152.431495428085	-52428.41616863012	-18201.970134675503
-62045.32559674978	-10102.697227478027	-17862.450062334538	-17787.61200928688	-54034.93738949299	-15023.48392868042	-16768.774217665195	-18194.99485987425	-18178.716977655888	-11412.355041503906	-53117.95109844208	-55381.91003167629	-15458.341803073883	-16350.227351665497	-29800.46073257923	-11258.544441223145	-19185.971218585968	-49003.271829366684	-18623.815181076527	-18568.04659920931	-59175.03023260832	-52195.2035498023	-17412.645417630672
-61162.628365278244	-11121.849670410156	-17628.010059952736	-17555.516612887383	-53577.17374795675	-15093.716369628906	-16453.564498245716	-16815.605127751827	-16797.869443774223	-11281.51188659668	-52271.81244057417	-54621.87398171425	-15258.276706814766	-16087.704228520393	-29298.860056638718	-11088.270652770996	-18943.35151797533	-48296.43391674757	-17584.223211944103	-17501.715743780136	-58129.775000572205	-51417.319479465485	-17188.0649471879
-60499.78780645132	-3076.6222496032715	-17562.343410909176	-17394.5526856184	-53639.351583361626	-8619.569921135902	-16439.184135079384	-17981.44946527481	-17943.671358287334	-11169.049362182617	-52182.545980751514	-54237.08184325695	-15330.632770001888	-16024.963369071484	-29190.228695750237	-10959.248054504395	-18841.543237388134	-48024.54213309288	-18170.39158666134	-18123.082216322422	-57304.110162854195	-50866.74170333147	-17077.62333571911
-60152.73998057842	-8842.43814086914	-17476.80459880829	-17293.25250351429	-53856.432622373104	-11593.55690252781	-17480.354943156242	-17761.401837348938	-17725.52567768097	-11093.350997924805	-51903.74416142702	-53918.52816992998	-15332.743053019047	-16569.456925690174	-29024.52019482851	-10948.679985046387	-19156.505222320557	-47935.40896242857	-17877.023491978645	-17835.861038029194	-56993.12765097618	-50663.17757678032	-17615.46371370554
-59541.95733612776	-10253.227035522461	-17205.790797472	-17165.15340769291	-52263.14511948824	-10076.418183922768	-16115.205168783665	-16407.85334813595	-16399.23162138462	-10987.272003173828	-51073.108662605286	-53214.473467350006	-14944.685745894909	-15738.911287128925	-28473.6208820343	-10785.847389221191	-18551.206930458546	-47034.21343129873	-17116.54022592306	-17037.520849645138	-56268.756542265415	-49908.86825245619	-16798.553666055202
-58872.356314599514	-5000.475067138672	-17059.653609991074	-16919.385890960693	-51392.767106473446	-6153.235730290413	-16000.857993245125	-17552.744904756546	-17518.283788263798	-10937.624618530273	-50943.36978006363	-52712.77553218603	-14853.347750902176	-15591.29673409462	-28558.791059434414	-10733.588066101074	-18228.027510404587	-46669.26151800156	-17848.669984936714	-17804.226914465427	-55947.67257750034	-49484.81178277731	-16689.5734423995
-59194.90951025486	-16019.04292678833	-17120.251985371113	-17063.8532255888	-52480.22615849972	-13050.405165314674	-17156.375976860523	-16187.805720210075	-16181.085940778255	-10911.573638916016	-50794.30684328079	-52895.91979402304	-14946.796028912067	-16283.404843747616	-28307.912381112576	-10775.279319763184	-18866.16891539097	-46945.08026063442	-16823.172131240368	-16750.29967135191	-55957.7740303874	-49705.30412590504	-17336.394044041634
-58476.398798048496	-8941.128143310547	-16882.25268626213	-16745.34443962574	-51464.56038028002	-13380.220942139626	-16947.388526201248	-17254.71233332157	-17223.26531982422	-10757.977493286133	-50475.63147217035	-52233.72634398937	-14651.185448110104	-16023.069915473461	-27992.941229999065	-10646.570472717285	-18527.628756940365	-46361.26271826029	-17398.32534402609	-17351.371520757675	-55563.01018410921	-49175.50339227915	-17092.447411119938
-57724.2785757184	-7933.532035827637	-16783.77351230383	-16618.895987153053	-51533.758386433125	-9265.710986375809	-16804.253897488117	-15926.848532438278	-15893.703873753548	-10626.523849487305	-49903.52552378178	-51718.217216193676	-14647.625818133354	-15891.329363584518	-27579.90056604147	-10473.26946258545	-18440.640573084354	-45864.7694209218	-16410.13134008646	-16339.512131810188	-54317.54888403416	-48406.555854320526	-16972.680945515633
-57279.9871481657	-11350.629783630371	-16542.788839757442	-16500.597154855728	-50193.64082413912	-15404.984661102295	-15473.987069308758	-16889.461147665977	-16876.963008344173	-10630.625442504883	-48983.93864530325	-51131.578226685524	-14328.549318790436	-15123.599326848984	-27459.4716514349	-10467.25952911377	-17797.805206298828	-45239.50038152933	-17205.56795579195	-17156.901510596275	-54540.35368925333	-48164.40670311451	-16078.542223632336
-56197.34148186445	-11139.041828155518	-16291.11645668745	-16222.660405039787	-48554.75794279575	-7398.494637608528	-15234.604185461998	-15452.652110219002	-15443.493680655956	-10460.83447265625	-48288.40224599838	-50182.53175723553	-14106.916607379913	-14839.049774289131	-27067.489034950733	-10268.31031036377	-17364.646554887295	-44332.550660431385	-16320.69557338953	-16246.12781727314	-53298.90574413538	-47115.274594306946	-15913.073284327984
-55801.383965313435	-15079.694904327393	-16113.715532958508	-16048.618953704834	-48626.551216602325	-14625.47984945774	-16181.134718418121	-15154.619538784027	-15148.475212216377	-10281.18734741211	-47820.663938105106	-49703.48256903887	-13904.754304587841	-15270.822955667973	-26501.639205515385	-10181.29271697998	-17664.247801423073	-44024.55186069012	-15870.350932478905	-15793.272423565388	-52914.24335074425	-46805.966203808784	-16315.94725304842
-55087.49484091997	-11467.99454498291	-15907.355308830738	-15895.434507608414	-48070.15873867273	-15622.931170761585	-14857.085111439228	-16261.618828594685	-16246.78288257122	-10437.950820922852	-47069.185376644135	-49108.05684244633	-13999.695485591888	-14508.983708500862	-26361.794193446636	-10624.14323425293	-17074.24617856741	-43430.030555963516	-16607.449556469917	-16560.44434326887	-52519.66189020872	-46290.90828478336	-15446.595741450787
-54304.75586569309	-9878.78274154663	-15905.470993161201	-15728.300899267197	-48376.25317567587	-3968.5676114559174	-15946.184910953045	-15019.059087693691	-14990.302380681038	-10141.830429077148	-47074.195308983326	-48719.149895489216	-13981.317857325077	-15058.279348313808	-26291.548497200012	-9958.445854187012	-17335.180558621883	-43264.68779349327	-15573.903884291649	-15513.942256093025	-51117.00316250324	-45583.24862128496	-16115.891580402851
-54255.84617501497	-8053.619926452637	-15813.608881533146	-15655.559630036354	-48230.96541047096	-8221.565841913223	-15851.54463583231	-14941.07414418459	-14913.429592847824	-10037.88166809082	-46885.25882041454	-48558.654380619526	-13777.045271515846	-14945.55897307396	-25891.40716868639	-9881.99633026123	-17319.81982022524	-43045.82216441631	-15416.927338063717	-15348.308040678501	-51043.323280990124	-45477.50435733795	-15980.925171136856
-53811.55474746227	-11470.717674255371	-15572.62420898676	-15537.260797739029	-46890.847848176956	-14360.83951663971	-14521.27780765295	-15903.686759412289	-15896.68872743845	-10041.983261108398	-45965.671941936016	-47972.015391111374	-13457.968772172928	-14177.828936338425	-25770.97825407982	-9875.98639678955	-16676.984453439713	-42420.55312502384	-16212.363953769207	-16165.697419464588	-51266.1280862093	-45235.355206131935	-15086.78644925356
-52389.833503603935	-5210.369598388672	-15328.007847547531	-15165.044828534126	-46089.66784131527	-6323.147107243538	-14263.79600340128	-15720.714515149593	-15686.179448246956	-9860.882232666016	-45263.82711100578	-46954.8083281517	-13363.071147203445	-13898.473831415176	-25443.107767522335	-9650.426063537598	-16266.816849529743	-41559.10791438818	-15956.299708843231	-15920.54409533739	-49699.58282136917	-44042.351198494434	-14858.039759993553
-51974.125670433044	-10487.095817565918	-15134.544789731503	-15036.564419269562	-45300.93351829052	-13931.575062394142	-14101.819528758526	-15433.705092191696	-15428.038344323635	-9789.882522583008	-44483.80447804928	-46487.568224966526	-13038.68904298544	-13790.809146404266	-25012.65073186159	-9643.653175354004	-16156.665174126625	-41058.3008852005	-15739.162843704224	-15700.184142649174	-49550.73963558674	-43727.29753047228	-14646.5005569458
-51993.87598705292	-9151.022674560547	-15150.606923818588	-14991.003377199173	-46161.46111512184	-13550.13231909275	-15210.326536357403	-15422.681943714619	-15391.160979807377	-9681.235107421875	-44796.08880311251	-46475.759139955044	-13160.908844411373	-14330.247012794018	-24877.257938086987	-9563.408470153809	-16566.41809606552	-41251.10911464691	-15505.955067932606	-15467.688701629639	-49314.92042797804	-43733.04280799627	-15260.91372871399
-51432.00303328037	-12386.974384307861	-14971.455234110355	-14935.645550608635	-44713.46137744188	-7779.995370030403	-13939.81703710556	-14147.11839801073	-14141.739711344242	-9679.104873657227	-44154.389792859554	-45932.19995224476	-12977.124123096466	-13612.421749472618	-24726.4999538064	-9477.025398254395	-15976.480542600155	-40568.77921259403	-14902.448348104954	-14834.982728660107	-48664.22920078039	-43084.47774761915	-14578.970090329647
-51036.045516729355	-16327.627460479736	-14794.054310381413	-14761.604099273682	-44785.254651248455	-15006.980581879616	-14886.347570061684	-13849.085826575756	-13846.721242904663	-9499.457748413086	-43686.65148496628	-45453.1507640481	-12774.961820304394	-14044.19493085146	-24160.65012437105	-9390.007804870605	-16276.081789135933	-40260.780412852764	-14452.103707194328	-14382.127334952354	-48279.56680738926	-42775.16935712099	-14981.844059050083
-49170.03284531832	-13484.377132415771	-14308.453276395798	-14271.089297771454	-42643.95708209276	-13108.56184720993	-13298.598937630653	-14628.72619754076	-14619.471098303795	-9322.458312988281	-42065.21977555752	-43849.30471158028	-12360.987695991993	-12997.109789192677	-23712.350723206997	-9158.437538146973	-15223.078818440437	-38774.06616282463	-14991.476077973843	-14954.363389611244	-46935.82634776831	-41340.01619827747	-13858.95864790678
-49121.1231546402	-11659.214317321777	-14216.591164767742	-14198.348028540611	-42498.669316887856	-17361.560077667236	-13203.958662509918	-14550.741254031658	-14542.598310470581	-9218.509552001953	-41876.283286988735	-43688.80919671059	-12156.715110182762	-12884.389413952827	-23312.209394693375	-9081.988014221191	-15207.718080043793	-38555.20053374767	-14834.49953174591	-14788.72917419672	-46862.14646625519	-41234.27193433046	-13723.992238640785
-48140.33043450117	-11926.2798538208	-14032.686274766922	-13904.452907204628	-42113.36425882578	-16015.491240143776	-14234.335395812988	-14204.782061100006	-14197.461229383945	-9134.233352661133	-41201.543363153934	-42943.711215376854	-12118.165950477123	-13327.63346350193	-23074.44700962305	-9016.60977935791	-15429.112084269524	-38052.0857886076	-14482.197467803955	-14449.528189182281	-45895.69655877352	-40461.97276622057	-14171.799408972263
-46837.023861289024	-14067.391750335693	-13786.006745159626	-13810.644539117813	-41970.13046938181	-15475.674236297607	-12616.277552008629	-14129.423114776611	-14118.363440811634	-8905.536178588867	-40134.757393836975	-41969.52952069044	-11991.595041513443	-12550.016022086143	-22556.62928235531	-8751.903938293457	-14691.66465896368	-37243.240449905396	-14159.890781521797	-14124.152829229832	-44411.39028453827	-39497.38009291887	-13211.039134085178
-47228.53753846884	-10398.95523071289	-13830.945701241493	-13703.98852276802	-42320.16454976797	-13931.633051514626	-13915.539388000965	-14117.148231506348	-14089.407010495663	-8899.505508422852	-40662.07634997368	-42225.427334964275	-12031.116360127926	-13103.618987977505	-22536.268856942654	-8772.123558044434	-15178.252083778381	-37487.33766680956	-14087.70784264803	-14056.543613016605	-44680.24388462305	-39702.24596130848	-13926.810534715652
-46818.70885193348	-9620.672004699707	-13739.851673066616	-13743.16956627369	-41868.27314686775	-15629.74857711792	-12660.33187264204	-14106.322099864483	-14086.206287384033	-8914.227554321289	-40149.56480163336	-41903.78902000189	-11939.542212605476	-12488.117173075676	-22472.627458393574	-8726.70174407959	-14769.970337033272	-37145.10578048229	-14189.497502326965	-14151.922145187855	-44341.555322647095	-39364.67095220089	-13190.253382503986
-46145.89187216759	-10187.367275238037	-13579.273318171501	-13426.05177295208	-40681.281668424606	-5925.143028020859	-13676.156504154205	-12680.339194059372	-12655.937682807446	-8729.714538574219	-39966.53995066881	-41276.38086551428	-11809.483648717403	-12819.069435417652	-22144.28624045849	-8573.174339294434	-14745.093432366848	-36580.38794571161	-13202.83546024561	-13145.76991969347	-43438.7959395051	-38653.113852500916	-13761.3415954113
-44553.522705733776	-16537.521991729736	-13062.40854793787	-13007.263036847115	-39482.15538609028	-15176.89195883274	-13149.285580217838	-12017.055436968803	-12014.616902887821	-8422.715362548828	-38007.10881590843	-39695.18356001377	-11284.685216605663	-12351.372028172016	-21044.966832458973	-8306.845802307129	-14314.87112826109	-35150.62680923939	-12559.733431100845	-12498.444515824318	-42031.47705125809	-37332.708772838116	-13150.310376644135
-43953.399564921856	-10304.732036590576	-12943.839787244797	-12820.889125704765	-38557.79958295822	-6143.089537680149	-13059.254546284676	-12052.496874988079	-12025.757557034492	-8537.039916992188	-38051.7866820097	-39252.85948127508	-11480.629815518856	-12204.45381706953	-21046.608782470226	-8730.058044433594	-14021.53440463543	-34770.9181201458	-12604.717060923576	-12549.312752366066	-41418.10414046049	-36779.61543416977	-13129.395113229752
-41512.84737420082	-8757.138038635254	-12331.607623040676	-12279.136830687523	-36975.56584101915	-14156.338978409767	-11288.164332091808	-12650.566044390202	-12637.281623363495	-8073.484634399414	-35649.43063437939	-37259.77901828289	-10649.68193680048	-11155.326992630959	-20025.806538820267	-7903.095390319824	-13128.830304861069	-32963.90628415346	-12723.092390239239	-12695.204777240753	-39351.9412689805	-34927.56177955866	-11758.211715817451
-40670.881488621235	-16766.30210494995	-11977.187327742577	-11952.34357881546	-36098.622462272644	-15488.16025030613	-12169.70815128088	-12090.911456882954	-12093.710467457771	-7771.828918457031	-34719.23502063751	-36204.88780498505	-10354.957828581333	-11387.267126500607	-19205.578427255154	-7685.834678649902	-13169.324816584587	-32093.69327402115	-12181.078174948692	-12153.630282640457	-38442.05573993921	-34079.79599648714	-12040.78765308857
-39981.466440975666	-12234.864387512207	-11706.488599777222	-11602.203780889511	-34418.392751574516	-17972.066656708717	-11964.306989014149	-11866.062167465687	-11863.096531510353	-7722.117462158203	-34093.88800483942	-35500.94218540192	-9946.33174186945	-11088.423550605774	-18927.184752881527	-7631.338264465332	-12839.024958014488	-31367.78594082594	-12111.129043757915	-12081.355852782726	-38217.489335775375	-33531.83799743652	-11817.249423980713
-38678.15986776352	-14375.9762840271	-11459.809070169926	-11508.395412802696	-34275.15896213055	-17432.24965286255	-10346.24914520979	-11790.703221142292	-11783.998742938042	-7493.4202880859375	-33027.10203552246	-34526.760490715504	-9819.76083290577	-10310.806109189987	-18409.367025613785	-7366.632423400879	-12101.577532708645	-30558.940602123737	-11788.822357475758	-11755.980492830276	-36733.18306154013	-32567.245324134827	-10856.489149093628
-38044.41497349739	-8877.225929260254	-11361.442992269993	-11315.800473570824	-33672.77286505699	-13112.193833947182	-10335.455070436	-11664.791656136513	-11657.007342457771	-7484.84245300293	-32631.163931012154	-34100.21618270874	-9779.101390182972	-10209.5566021204	-18337.313141465187	-7311.8222579956055	-12008.009552001953	-30144.959027647972	-11729.888388216496	-11704.000686109066	-36077.71566593647	-31998.510282576084	-10766.455941438675
-37697.36714762449	-14643.041820526123	-11275.904180169106	-11214.500291466713	-33889.85390406847	-16086.180815339088	-11376.62587851286	-11444.74402821064	-11438.861661851406	-7409.144088745117	-32352.36211168766	-33781.66250938177	-9781.21167320013	-10754.05015873909	-18171.60464054346	-7301.254188537598	-12322.971536934376	-30055.82585698366	-11436.520293533802	-11416.779507815838	-35766.73315405846	-31794.946156024933	-11304.296319425106
-36021.025965094566	-14741.73182296753	-10681.352267622948	-10666.592227578163	-31497.981661975384	-17872.844854950905	-10843.659461557865	-10938.054524183273	-10936.601303994656	-7073.770584106445	-30924.249422430992	-32096.860683441162	-9099.654068291187	-10207.663148522377	-17140.025675714016	-6999.144676208496	-11694.095071554184	-28481.67961281538	-10957.822145581245	-10932.28999054432	-34336.615687191486	-30307.27197152376	-10781.280016839504
-34303.84160268307	-13703.693798065186	-10269.3677277565	-10199.266019582748	-30036.178962171078	-17661.255499482155	-10401.384620070457	-10411.557846784592	-10406.250933289528	-6778.757797241211	-29378.719206511974	-30589.225284397602	-8739.169948875904	-9741.468270659447	-16365.33146494627	-6707.2675857543945	-11121.05042296648	-27135.297457039356	-10483.699094772339	-10459.752260029316	-32723.202474415302	-28895.60823392868	-10283.849528431892
-33421.14437121153	-14722.846240997314	-10034.927725374699	-9967.17062318325	-29578.415320634842	-17731.48794043064	-10086.174900650978	-9032.16811466217	-9025.403399407864	-6647.914642333984	-28532.580548644066	-29829.18923443556	-8539.104852616787	-9478.945147514343	-15863.730789005756	-6536.993797302246	-10878.430722355843	-26428.459544420242	-9444.107125639915	-9393.421404600143	-31677.94724237919	-28117.72416359186	-10059.26905798912
-29934.460670650005	-11010.973278045654	-9127.107428908348	-9086.29261648655	-26123.089123010635	-10815.771020054817	-8160.066938757896	-9404.056706011295	-9399.515432417393	-6176.675323486328	-25712.445061266422	-26817.942667603493	-7811.539767384529	-8083.067064464092	-14590.192213237286	-6003.000267028809	-9433.283164143562	-23679.52480894327	-9515.796510398388	-9501.462565124035	-28473.188324451447	-25174.119777739048	-8546.87236571312
-29538.503154098988	-14951.62635421753	-8949.706505179405	-8912.251165151596	-26194.882396817207	-18042.75623190403	-9106.59747171402	-9106.02413457632	-9104.496963977814	-5997.0281982421875	-25244.706753373146	-26338.893479406834	-7609.377464592457	-8514.840245842934	-14024.342383801937	-5915.9826736450195	-9732.88441067934	-23371.526009202003	-9065.451869487762	-9048.607171416283	-28088.525931060314	-24864.811387240887	-8949.746334433556
-27741.968363404274	-11128.338039398193	-8491.673897981644	-8481.129969239235	-23999.60703754425	-11033.717529714108	-7543.164980888367	-8776.214386940002	-8769.33530664444	-5984.000701904297	-23797.691792607307	-24794.421283364296	-7482.685934185982	-7468.451446115971	-13492.514755249023	-6159.883972167969	-8709.724136412144	-21870.054983377457	-8917.678111076355	-8905.00539779663	-26452.496525406837	-23300.6213594079	-7914.92588353157
-27346.010846853256	-15068.991115570068	-8314.2729742527	-8307.088517904282	-24071.400311350822	-18260.70274156332	-8489.69551384449	-8478.181815505028	-8474.31683820486	-5804.353576660156	-23329.95348471403	-24315.372095167637	-7280.523631393909	-7900.224627494812	-12926.664925813675	-6072.86637878418	-9009.325382947922	-21562.05618363619	-8467.33347016573	-8452.150004088879	-26067.834132015705	-22991.31296890974	-8317.799852252007
-26070.070753395557	-15071.71424484253	-7979.541874408722	-7948.914808034897	-22892.089420855045	-16998.611087441444	-8153.888210058212	-8120.249746322632	-8124.22268307209	-5408.386016845703	-22226.440050005913	-23179.330643832684	-6738.796917974949	-7569.069855332375	-12335.848986446857	-5324.709541320801	-8612.063657820225	-20552.578752696514	-8072.247867465019	-8057.4030802845955	-24814.30032801628	-21935.759890258312	-7957.990560054779
-24648.34950953722	-8811.36616897583	-7734.925512969494	-7576.698838829994	-22090.90941399336	-8960.918678045273	-7896.406405806541	-7937.2775020599365	-7913.713403880596	-5227.28498840332	-21524.59521907568	-22162.123580873013	-6643.8992930054665	-7289.714750409126	-12007.978499889374	-5099.149208068848	-8201.896053910255	-19691.133542060852	-7816.183622539043	-7812.249756157398	-23247.755063176155	-20742.75588262081	-7729.243870794773
-24232.64167636633	-14088.092388153076	-7541.462455153465	-7448.21842956543	-21302.17509096861	-16569.346633195877	-7734.429931163788	-7650.268079102039	-7655.572299957275	-5156.2852783203125	-20744.572586119175	-21694.883477687836	-6319.51718878746	-7182.050065398216	-11577.52146422863	-5092.376319885254	-8091.744378507137	-19190.326512873173	-7599.046757400036	-7591.889803469181	-23098.911877393723	-20427.702214598656	-7517.704667747021
-23690.519039213657	-15987.97095489502	-7378.372899532318	-7347.299560904503	-20714.702950119972	-10417.766940832138	-7572.427439510822	-6363.681384921074	-6369.273666977882	-5045.507629394531	-20415.15790092945	-21139.51520496607	-6257.952268898487	-7003.662668466568	-11291.370686173439	-4925.7485427856445	-7911.559746980667	-18700.804840266705	-6762.332261800766	-6726.688389480114	-22212.401442587376	-19784.88243174553	-7450.174201130867
-22455.85720229149	-8928.73093032837	-7099.4919820427895	-6971.53619158268	-19967.427328526974	-9178.865187704563	-7279.504447937012	-7309.435182988644	-7283.533278107643	-5034.610366821289	-19609.841950416565	-20138.602196633816	-6315.045459806919	-6675.099132061005	-10910.301041901112	-5256.032913208008	-7478.337026178837	-17881.663716495037	-7218.0652232170105	-7215.792588829994	-21227.063264131546	-18869.257464289665	-7097.297388613224
-21775.5966771245	-11319.55781173706	-6800.909753918648	-6784.0434901714325	-18428.117615759373	-12772.346436619759	-5890.038531959057	-7065.336812376976	-7065.1507345438	-4764.559432983398	-18604.789702951908	-19375.173637628555	-5639.7055587768555	-5843.857151567936	-10442.929956495762	-4617.7287521362305	-6843.196037888527	-16995.224961161613	-7144.728086352348	-7133.29022872448	-20794.981101453304	-18243.985008955002	-6192.322380721569
-21498.026731967926	-16105.335716247559	-6742.939368605614	-6742.136913657188	-18591.220864653587	-10635.713450491428	-6955.525481641293	-5735.839065849781	-5739.093541204929	-4852.8330078125	-18500.404632270336	-19115.99382072687	-5929.09843569994	-6389.047050118446	-10193.693228185177	-5082.632247924805	-7188.0007192492485	-16891.33501470089	-6164.213862478733	-6130.23122215271	-20191.709643542767	-17911.384013414383	-6818.227718949318
-21428.548851251602	-17085.37370300293	-6715.3709418177605	-6682.743308067322	-18645.19865477085	-15746.333418011665	-6931.209340035915	-6845.289184451103	-6847.005053937435	-4688.861068725586	-18325.987883627415	-19056.619964301586	-5641.815841794014	-6388.350708186626	-10277.221455574036	-4607.160682678223	-7158.15802282095	-16906.091790497303	-6851.359991669655	-6846.0690504312515	-20483.99858957529	-18040.42088240385	-6730.162758708
-19883.01106095314	-10059.298725128174	-6415.264290392399	-6289.683984398842	-18249.61284863949	-9342.419410467148	-6601.619257450104	-6631.7437898516655	-6611.959434568882	-4445.555389404297	-17390.58276593685	-17911.791775882244	-5514.106808722019	-6063.086725592613	-9666.98941874504	-4307.864295959473	-6813.7300416231155	-15927.3620942235	-6397.936397254467	-6401.104667544365	-18613.078519821167	-16711.959035933018	-6395.140676796436
-19583.10436987877	-11436.9225730896	-6165.476222991943	-6178.880842924118	-16304.635530292988	-12990.292946279049	-5273.136574089527	-6437.494493305683	-6434.970608770847	-4571.884811401367	-16690.036434292793	-17351.65225338936	-5310.851725578308	-5229.241533219814	-9345.2524985075	-4774.612457275391	-6119.637010157108	-15185.755135595798	-6546.609687030315	-6536.833061397076	-18774.289302408695	-16370.486590623856	-5560.37589854002
-19236.05654400587	-17202.73846435547	-6079.937410891056	-6077.580660820007	-16521.716569304466	-15964.279927670956	-6314.307382166386	-6217.44686537981	-6216.824928164482	-4496.186447143555	-16411.2346149683	-17033.09858006239	-5312.962008595467	-5773.735089838505	-9179.543997585773	-4764.044387817383	-6434.598995089531	-15096.621964931488	-6253.241592347622	-6249.6118831038475	-18463.30679053068	-16166.922464072704	-6098.216276526451
-19077.224857866764	-13221.668575286865	-6146.769338488579	-6154.823576569557	-17869.51471954584	-18267.520147919655	-6292.942275047302	-6322.885086774826	-6313.7402430176735	-4280.630310058594	-16410.332909703255	-17111.104272723198	-5220.370358407497	-5879.358092069626	-9037.498190760612	-4175.42488861084	-6705.049541413784	-15277.131408154964	-6049.381416022778	-6043.627806007862	-17889.72756445408	-16065.075636327267	-6061.457493305206
-17960.116450548172	-17205.46159362793	-5745.206311047077	-5719.406950950623	-15342.40567880869	-14702.18827354908	-5978.500078380108	-5859.514796197414	-5866.730773031712	-4100.218887329102	-15307.721180260181	-15897.057128727436	-4771.235295176506	-5442.580317676067	-8588.728058218956	-4015.887550354004	-6037.337269961834	-14087.144533991814	-5858.155989646912	-5854.864959299564	-17209.772986531258	-15111.369385421276	-5738.406984329224
-17690.51875370741	-10176.663486480713	-5779.830759465694	-5684.521337151527	-16126.130763173103	-9560.365920126438	-5984.717299580574	-6003.901470780373	-5981.779308795929	-4252.880767822266	-15475.829497277737	-15888.270391643047	-5185.252975523472	-5448.471107244492	-8569.311960756779	-4464.748001098633	-6090.171013891697	-14117.892268657684	-5799.817997932434	-5804.647500216961	-16592.386720776558	-14838.460617601871	-5763.194194614887
-17207.99622821808	-16197.86548614502	-5646.727137088776	-5592.958498477936	-15411.603684961796	-10587.678317785263	-5835.365449666977	-4531.650995314121	-4537.1693269610405	-3968.7652435302734	-14735.615231871605	-15381.54800093174	-4767.675665199757	-5310.839765787125	-8175.68739426136	-3842.586540222168	-5950.3490861058235	-13590.651236653328	-4869.961985707283	-4843.0055703520775	-15964.311686456203	-14342.421847462654	-5618.640518724918
-15767.62414330244	-17322.82635498047	-5109.772780120373	-5114.244303703308	-13218.923593342304	-14920.13478320837	-5361.598120510578	-5231.6724771261215	-5236.5506472587585	-3907.5442657470703	-13392.967911601067	-13873.53574448824	-4442.381461977959	-4827.964699327946	-7491.050600230694	-4172.771255493164	-5313.778242230415	-12277.674708425999	-5260.037590324879	-5258.40779197216	-15189.081187486649	-13237.87096709013	-5106.460502147675
-15015.503920972347	-16315.230247497559	-5011.293606162071	-4987.795851230621	-13288.121599495411	-10805.624827444553	-5218.463491797447	-3903.8086762428284	-3906.9892011880875	-3776.090621948242	-12820.86196321249	-13358.026616692543	-4438.821832001209	-4696.224147439003	-7078.009936273098	-3999.470245361328	-5226.790058374405	-11781.181411087513	-4271.84358638525	-4246.5484030246735	-13943.619887411594	-12468.923429131508	-4986.694036543369
-13771.363380134106	-12358.134609222412	-4738.525288462639	-4690.790840983391	-12976.807413697243	-16794.110549211502	-4920.77473449707	-4867.129031300545	-4864.815578997135	-3439.8873901367188	-11910.198742449284	-12467.0942710042	-3930.510082602501	-4546.567911624908	-6590.677271187305	-3351.818534851074	-5063.909509241581	-11095.931911826134	-4582.976303935051	-4586.9104380607605	-12900.113510787487	-11627.966463685036	-4629.415826618671
-13325.355011105537	-16426.645599365234	-4561.505916893482	-4538.039040446281	-12028.070761144161	-10898.946609258652	-4855.788020730019	-4605.5070152282715	-4616.262891530991	-3317.8787994384766	-11447.741436600685	-11891.252245903015	-3837.9482771754265	-4346.734864115715	-6336.298989057541	-3221.5754165649414	-4804.802774429321	-10533.71770143509	-4491.30672955513	-4498.191337168217	-12374.89037513733	-11089.509071111679	-4509.1177951693535
-12654.254972815514	-16341.927627563477	-4336.962261021137	-4255.374215364456	-10449.69837296009	-13228.778674840927	-4606.332537829876	-4403.758740723133	-4417.806109011173	-3259.4759674072266	-10807.58701300621	-11253.047127008438	-3481.3750193715096	-4109.79013723135	-6141.907138645649	-3192.2811965942383	-4396.197237789631	-9905.945037662983	-4391.750877559185	-4398.147591352463	-12220.158932864666	-10674.260212779045	-4306.365317642689
-12635.939963459969	-11895.20788192749	-4290.807188928127	-4187.899242520332	-10347.841050446033	-13382.85301566124	-4650.386858463287	-4380.657725811005	-4385.648955583572	-3268.1673431396484	-10822.394420802593	-11187.306626319885	-3429.322190463543	-4047.8912882208824	-6057.905314683914	-3167.079002380371	-4474.502915859222	-9807.81036823988	-4421.357598364353	-4425.916907310486	-12150.323970973492	-10541.551072061062	-4285.579566061497
-11332.633390247822	-14036.319778442383	-4044.1276593208313	-4094.0908744335175	-10204.607261002064	-12843.036011815071	-3032.329014658928	-4305.29877948761	-4306.551167011261	-3039.470169067383	-9755.608451485634	-10213.124931633472	-3302.7512814998627	-3270.2738468050957	-5540.087587416172	-2902.373161315918	-3737.055490553379	-8998.965029537678	-4099.050912082195	-4100.541547358036	-10666.017696738243	-9576.958398759365	-3324.819291174412
-11132.862703859806	-16544.010360717773	-3926.072385966778	-3932.876393198967	-9904.588675677776	-11116.893118917942	-4238.886062860489	-3977.6646961569786	-3986.0827657580376	-3125.2041778564453	-9532.98816794157	-9867.730861663818	-3509.094443976879	-3732.1192457675934	-5238.621531069279	-3378.4591217041016	-4081.2437466979027	-8724.247875869274	-3893.188330233097	-3901.7341698408127	-10354.19857609272	-9216.010652780533	-3877.1713129878044
-10351.840670108795	-14303.385314941406	-3860.222769320011	-3800.195753097534	-9819.302202939987	-11496.96717429161	-4062.705747961998	-3959.339586555958	-3961.4140859246254	-2955.1939697265625	-9080.868527650833	-9468.02695029974	-3264.202121794224	-3713.5178963541985	-5302.325202345848	-2836.9949264526367	-3958.44949477911	-8495.850284397602	-3746.7488481402397	-3761.3405623435974	-9699.567789256573	-8804.659230649471	-3772.62646150589
-10461.762665569782	-16459.292388916016	-3701.528730094433	-3650.2115681171417	-8326.216287493706	-13446.725184500217	-3989.430579960346	-3775.91642165184	-3787.62598323822	-3066.8013458251953	-8892.833744347095	-9229.525742769241	-3152.521186172962	-3495.1745188832283	-5044.229680657387	-3349.1649017333984	-3672.6382100582123	-8096.475212097168	-3793.632478237152	-3801.6904240250587	-10199.467133820057	-8800.761794447899	-3674.4188354611397
-10443.447656214237	-12012.57264328003	-3655.373658001423	-3582.736595273018	-8224.358964979649	-13600.79952532053	-4033.4849005937576	-3752.8154067397118	-3755.4688298106194	-3075.492721557617	-8907.641152143478	-9163.785242080688	-3100.4683572649956	-3433.275669872761	-4960.227856695652	-3323.9627075195312	-3750.943888127804	-7998.340542674065	-3823.2391990423203	-3829.459739983082	-10129.632171928883	-8668.052653729916	-3653.6330838799477
-10302.930979430676	-12478.222499847412	-3768.3606576919556	-3727.4544838666916	-9674.01443773508	-15749.965404748917	-3968.065472841263	-3881.354643046856	-3884.5412980914116	-2851.2452087402344	-8891.93203908205	-9307.53143543005	-3059.929535984993	-3600.7975211143494	-4902.183873832226	-2760.5454025268555	-3943.0887563824654	-8276.984655320644	-3589.7723019123077	-3595.7063469290733	-9625.887907743454	-8698.914966702461	-3637.660052239895
-9140.14108300209	-14153.684539794922	-3408.694128394127	-3488.928227186203	-8081.125175535679	-13060.982521474361	-2415.427056789398	-3677.456460416317	-3676.371041238308	-2846.7955474853516	-7840.855182826519	-8189.603547394276	-2973.8974483013153	-2655.658228456974	-4442.41012942791	-3059.256866455078	-3013.4964628219604	-7189.495203971863	-3500.9325127601624	-3504.084380030632	-8645.325897693634	-7703.459980428219	-2692.8728089928627
-8675.499487578869	-14402.075317382812	-3265.6708567738533	-3252.2876892089844	-7427.429960846901	-13283.631213903427	-3529.739331007004	-3452.650082528591	-3459.153728067875	-2619.8204650878906	-7652.755838394165	-7783.225124359131	-2582.6445168852806	-3167.1308861374855	-4270.746237516403	-2534.885414123535	-3329.573029398918	-6921.7040402293205	-3268.050700187683	-3276.8510450720787	-8269.450322389603	-7316.9850461483	-3249.610158920288
-8159.348362863064	-14420.750076293945	-3224.7892383933067	-3195.0331058502197	-7695.820117473602	-11714.913683950901	-3445.8037900924683	-3331.497267484665	-3331.2339601516724	-2762.5193481445312	-7166.115258991718	-7444.505566060543	-2935.3482885956764	-3098.902278006077	-4204.647744357586	-2993.878631591797	-3234.8904670476913	-6686.380458831787	-3148.630448818207	-3164.8833950161934	-7678.875990211964	-6931.160812318325	-3140.679979324341
-8110.438672184944	-12595.587261199951	-3132.927126765251	-3122.291836619377	-7550.532352268696	-15967.911914408207	-3351.163514971733	-3253.512323975563	-3254.3611723184586	-2658.570587158203	-6977.1787704229355	-7284.010051190853	-2731.0757027864456	-2986.1819027662277	-3804.5064158439636	-2917.4291076660156	-3219.5297286510468	-6467.514829754829	-2991.653902590275	-2999.2491796016693	-7605.196108698845	-6825.416548371315	-3005.713570058346
-7498.8381543159485	-15475.503814697266	-2942.2691443562508	-2961.9793623685837	-7017.038001537323	-14926.952189564705	-3164.8448817133904	-3076.37574839592	-3075.9740520715714	-2383.820999145508	-6473.34733659029	-6669.2679220438	-2382.2281889915466	-2807.0981639027596	-3601.8838651776314	-2275.329765319824	-3009.5024006962776	-5992.749932944775	-2842.0855361819267	-2849.885593891144	-7010.974619925022	-6311.633634507656	-2850.1181432008743
-6958.31512516737	-13364.037292480469	-2853.686316907406	-2784.9614812135696	-5965.627261042595	-13072.041858434677	-3087.464489519596	-2926.1534051299095	-2928.803357362747	-2324.8076782226562	-6107.225622475147	-6275.589725315571	-2222.1603974699974	-2700.936008274555	-3496.052026748657	-2243.0083236694336	-2756.5283808112144	-5575.321884453297	-2793.9276493787766	-2804.3133145570755	-6656.037109613419	-5905.321308553219	-2752.1796705126762
-6483.0071803331375	-14519.440078735352	-2630.237325847149	-2647.12504196167	-5303.947875380516	-13501.577723562717	-2912.837373137474	-2824.8077634572983	-2828.973602294922	-2427.1458435058594	-5738.00256973505	-5759.703740119934	-2253.7906836867332	-2552.515267789364	-3173.068779528141	-2691.7691192626953	-2606.0140016674995	-5112.234214663506	-2669.93230086565	-2680.3938777446747	-6248.758523344994	-5443.486627817154	-2617.663676738739
-6075.617893695831	-14383.189735412598	-2619.2463145256042	-2552.8660848140717	-5507.863619506359	-13142.274299383163	-2772.2547701001167	-1546.7636730074883	-1547.955823481083	-2193.9645233154297	-5261.086964607239	-5515.553675353527	-2022.0953012108803	-2438.4128851294518	-2994.4513508081436	-2072.734535217285	-2513.908680200577	-4868.483971834183	-1754.3356802463531	-1737.982459127903	-5610.781877577305	-5127.4372382164	-2527.5992000699043
-5661.40907728672	-14491.881958007812	-2504.189725100994	-2461.2829838991165	-5427.1236716508865	-14497.687735319138	-2745.386602818966	-2606.3940811753273	-2607.3236689567566	-2131.720260620117	-4991.479872703552	-5184.8207558989525	-1962.948459804058	-2420.078373968601	-2843.556342959404	-2042.9965438842773	-2489.18312138319	-4630.497693121433	-2368.8844261169434	-2384.3723170757294	-5295.5861693024635	-4803.575958848	-2409.832250893116
-5306.345847070217	-15592.868576049805	-2306.8356134295464	-2356.816715121269	-4893.555916070938	-15144.898699223995	-2547.9429238438606	-2448.533429324627	-2445.7939262986183	-2191.1463775634766	-4558.594067931175	-4645.746537804604	-2053.3743557929993	-2192.482545554638	-2504.206407189369	-2432.2134704589844	-2285.943372964859	-4183.28010737896	-2243.967136859894	-2253.42842656374	-4990.282820880413	-4438.13521617651	-2218.1716610193253
-4765.8228179216385	-13481.402053833008	-2218.2527859807014	-2179.798833966255	-3842.14517557621	-13289.988368093967	-2470.5625316500664	-2298.3110860586166	-2298.623231589794	-2132.133056640625	-4192.472353816032	-4252.068341076374	-1893.30656427145	-2086.3203899264336	-2398.374568760395	-2399.8920288085938	-2032.9693530797958	-3765.8520588874817	-2195.8092500567436	-2207.8561472296715	-4635.3453105688095	-4031.8228902220726	-2120.233188331127
-3883.1255864501	-14500.554496765137	-1983.8127835988998	-1947.7034375667572	-3384.381534039974	-13360.220809042454	-2155.352812230587	-918.9213539361954	-917.7756977081299	-2001.2899017333984	-3346.333695948124	-3492.0322911143303	-1693.241468012333	-1823.79726678133	-1896.7738928198814	-2229.6182403564453	-1790.3496524691582	-3059.0141462683678	-1156.2172809243202	-1141.525291800499	-3590.0900785326958	-3253.938819885254	-1895.6527178883553
-3468.916770040989	-14609.246719360352	-1868.7561941742897	-1856.120336651802	-3303.6415861845016	-14715.634244978428	-2128.484644949436	-1978.5517621040344	-1977.1435431838036	-1939.045639038086	-3076.7266040444374	-3161.2993716597557	-1634.0946266055107	-1805.4627556204796	-1745.8788849711418	-2199.8802490234375	-1765.6240936517715	-2821.0278675556183	-1770.7660267949104	-1787.9151497483253	-3274.8943702578545	-2930.0775405168533	-1777.885768711567
-2192.97667658329	-14611.969848632812	-1534.0250943303108	-1497.9466267824173	-2124.3306956887245	-13453.542590856552	-1792.6773411631584	-1620.6196929216385	-1627.049388051033	-1543.0780792236328	-1973.213169336319	-2025.2579203248024	-1092.3679131865501	-1474.3079834580421	-1155.0629456043243	-1451.7234115600586	-1368.3623685240746	-1811.550436615944	-1375.6804240942001	-1393.1682259440422	-2021.3605662584305	-1874.524461865425	-1418.0764765143394
-0.48436933755874634	-14729.334609985352	-898.5915634036064	-892.7839795351028	-0.8486102223396301	-13671.489100515842	-1175.7753832936287	-992.7773738503456	-996.86926227808	-1350.4034576416016	-58.45990067720413	-1.7365360856056213	-763.5140799880028	-859.6923651099205	-57.385487616062164	-1608.6071166992188	-644.803340792656	-2.0806110501289368	-777.5620247721672	-796.7110586166382	-0.6687672138214111	-1.0260435342788696	-786.1299943327904
